time (sec),ref_Roll (deg),ref_Pitch (deg),ref_Yaw (deg)
1.99980000000000000E+02,0.00000000000000000E+00,0.00000000000000000E+00,0.00000000000000000E+00
1.99990000000000000E+02,0.00000000000000000E+00,0.00000000000000000E+00,0.00000000000000000E+00
2.00000000000000000E+02,0.00000000000000000E+00,0.00000000000000000E+00,0.00000000000000000E+00
2.00010000000000000E+02,0.00000000000000000E+00,2.86478897565411000E-03,0.00000000000000000E+00
2.00020000000000000E+02,0.00000000000000000E+00,8.59436692696234000E-03,0.00000000000000000E+00
2.00030000000000000E+02,0.00000000000000000E+00,1.71887338539246000E-02,0.00000000000000000E+00
2.00040000000000000E+02,0.00000000000000000E+00,2.86478897565411000E-02,0.00000000000000000E+00
2.00050000000000000E+02,0.00000000000000000E+00,4.29718346348117000E-02,0.00000000000000000E+00
2.00060000000000000E+02,0.00000000000000000E+00,6.01605684887364000E-02,0.00000000000000000E+00
2.00070000000000000E+02,0.00000000000000000E+00,8.02140913183152000E-02,0.00000000000000000E+00
2.00080000000000000E+02,0.00000000000000000E+00,1.03132403123548000E-01,0.00000000000000000E+00
2.00090000000000000E+02,0.00000000000000000E+00,1.28915503904435000E-01,0.00000000000000000E+00
2.00100000000000000E+02,0.00000000000000000E+00,1.57563393660976000E-01,0.00000000000000000E+00
2.00110000000000000E+02,0.00000000000000000E+00,1.89076072393171000E-01,0.00000000000000000E+00
2.00120000000000000E+02,0.00000000000000000E+00,2.23453540101021000E-01,0.00000000000000000E+00
2.00130000000000000E+02,0.00000000000000000E+00,2.60695796784524000E-01,0.00000000000000000E+00
2.00140000000000000E+02,0.00000000000000000E+00,3.00802842443682000E-01,0.00000000000000000E+00
2.00150000000000000E+02,0.00000000000000000E+00,3.43774677078493000E-01,0.00000000000000000E+00
2.00160000000000000E+02,0.00000000000000000E+00,3.89611300688959000E-01,0.00000000000000000E+00
2.00170000000000000E+02,0.00000000000000000E+00,4.38312713275079000E-01,0.00000000000000000E+00
2.00180000000000000E+02,0.00000000000000000E+00,4.89878914836853000E-01,0.00000000000000000E+00
2.00190000000000000E+02,0.00000000000000000E+00,5.44309905374282000E-01,0.00000000000000000E+00
2.00200000000000000E+02,0.00000000000000000E+00,6.01605684887364000E-01,0.00000000000000000E+00
2.00210000000000000E+02,0.00000000000000000E+00,6.61766253376100000E-01,0.00000000000000000E+00
2.00220000000000000E+02,0.00000000000000000E+00,7.24791610840491000E-01,0.00000000000000000E+00
2.00230000000000000E+02,0.00000000000000000E+00,7.90681757280536000E-01,0.00000000000000000E+00
2.00240000000000000E+02,0.00000000000000000E+00,8.59436692696234000E-01,0.00000000000000000E+00
2.00250000000000000E+02,0.00000000000000000E+00,9.31056417087587000E-01,0.00000000000000000E+00
2.00260000000000000E+02,0.00000000000000000E+00,1.00554093045459000E+00,0.00000000000000000E+00
2.00270000000000000E+02,0.00000000000000000E+00,1.08289023279725000E+00,0.00000000000000000E+00
2.00280000000000000E+02,0.00000000000000000E+00,1.16310432411557000E+00,0.00000000000000000E+00
2.00290000000000000E+02,0.00000000000000000E+00,1.24618320440954000E+00,0.00000000000000000E+00
2.00300000000000000E+02,0.00000000000000000E+00,1.33212687367916000E+00,0.00000000000000000E+00
2.00310000000000000E+02,0.00000000000000000E+00,1.42093533192444000E+00,0.00000000000000000E+00
2.00320000000000000E+02,0.00000000000000000E+00,1.51260857914537000E+00,0.00000000000000000E+00
2.00330000000000000E+02,0.00000000000000000E+00,1.60714661534195000E+00,0.00000000000000000E+00
2.00340000000000000E+02,0.00000000000000000E+00,1.70454944051419000E+00,0.00000000000000000E+00
2.00350000000000000E+02,0.00000000000000000E+00,1.80481705466209000E+00,0.00000000000000000E+00
2.00360000000000000E+02,0.00000000000000000E+00,1.90794945778564000E+00,0.00000000000000000E+00
2.00370000000000000E+02,0.00000000000000000E+00,2.01394664988484000E+00,0.00000000000000000E+00
2.00380000000000000E+02,0.00000000000000000E+00,2.12280863095970000E+00,0.00000000000000000E+00
2.00390000000000000E+02,0.00000000000000000E+00,2.23453540101021000E+00,0.00000000000000000E+00
2.00400000000000000E+02,0.00000000000000000E+00,2.34912696003637000E+00,0.00000000000000000E+00
2.00410000000000000E+02,0.00000000000000000E+00,2.46658330803819000E+00,0.00000000000000000E+00
2.00420000000000000E+02,0.00000000000000000E+00,2.58690444501566000E+00,0.00000000000000000E+00
2.00430000000000000E+02,0.00000000000000000E+00,2.71009037096879000E+00,0.00000000000000000E+00
2.00440000000000000E+02,0.00000000000000000E+00,2.83614108589757000E+00,0.00000000000000000E+00
2.00450000000000000E+02,0.00000000000000000E+00,2.96505658980201000E+00,0.00000000000000000E+00
2.00460000000000000E+02,0.00000000000000000E+00,3.09683688268210000E+00,0.00000000000000000E+00
2.00470000000000000E+02,0.00000000000000000E+00,3.23148196453784000E+00,0.00000000000000000E+00
2.00480000000000000E+02,0.00000000000000000E+00,3.36899183536924000E+00,0.00000000000000000E+00
2.00490000000000000E+02,0.00000000000000000E+00,3.50936649517629000E+00,0.00000000000000000E+00
2.00500000000000000E+02,0.00000000000000000E+00,3.65260594395899000E+00,0.00000000000000000E+00
2.00510000000000000E+02,0.00000000000000000E+00,3.79871018171735000E+00,0.00000000000000000E+00
2.00520000000000000E+02,0.00000000000000000E+00,3.94767920845137000E+00,0.00000000000000000E+00
2.00530000000000000E+02,0.00000000000000000E+00,4.09951302416104000E+00,0.00000000000000000E+00
2.00540000000000000E+02,0.00000000000000000E+00,4.25421162884636000E+00,0.00000000000000000E+00
2.00550000000000000E+02,0.00000000000000000E+00,4.41177502250734000E+00,0.00000000000000000E+00
2.00560000000000000E+02,0.00000000000000000E+00,4.57220320514397000E+00,0.00000000000000000E+00
2.00570000000000000E+02,0.00000000000000000E+00,4.73549617675625000E+00,0.00000000000000000E+00
2.00580000000000000E+02,0.00000000000000000E+00,4.90165393734419000E+00,0.00000000000000000E+00
2.00590000000000000E+02,0.00000000000000000E+00,5.07067648690778000E+00,0.00000000000000000E+00
2.00600000000000000E+02,0.00000000000000000E+00,5.24256382544703000E+00,0.00000000000000000E+00
2.00610000000000000E+02,0.00000000000000000E+00,5.41714114821963000E+00,0.00000000000000000E+00
2.00620000000000000E+02,0.00000000000000000E+00,5.59405216814086000E+00,0.00000000000000000E+00
2.00630000000000000E+02,0.00000000000000000E+00,5.77297505998589000E+00,0.00000000000000000E+00
2.00640000000000000E+02,0.00000000000000000E+00,5.95361917511643000E+00,0.00000000000000000E+00
2.00650000000000000E+02,0.00000000000000000E+00,6.13572206914636000E+00,0.00000000000000000E+00
2.00660000000000000E+02,0.00000000000000000E+00,6.31904681273872000E+00,0.00000000000000000E+00
2.00670000000000000E+02,0.00000000000000000E+00,6.50337955856548000E+00,0.00000000000000000E+00
2.00680000000000000E+02,0.00000000000000000E+00,6.68852734003028000E+00,0.00000000000000000E+00
2.00690000000000000E+02,0.00000000000000000E+00,6.87431607967858000E+00,0.00000000000000000E+00
2.00700000000000000E+02,0.00000000000000000E+00,7.06058878732221000E+00,0.00000000000000000E+00
2.00710000000000000E+02,0.00000000000000000E+00,7.24720392980782000E+00,0.00000000000000000E+00
2.00720000000000000E+02,0.00000000000000000E+00,7.43403395607996000E+00,0.00000000000000000E+00
2.00730000000000000E+02,0.00000000000000000E+00,7.62096396274685000E+00,0.00000000000000000E+00
2.00740000000000000E+02,0.00000000000000000E+00,7.80789048676568000E+00,0.00000000000000000E+00
2.00750000000000000E+02,0.00000000000000000E+00,7.99472041313924000E+00,0.00000000000000000E+00
2.00760000000000000E+02,0.00000000000000000E+00,8.18136998666888000E+00,0.00000000000000000E+00
2.00770000000000000E+02,0.00000000000000000E+00,8.36776391785222000E+00,0.00000000000000000E+00
2.00780000000000000E+02,0.00000000000000000E+00,8.55383457395829000E+00,0.00000000000000000E+00
2.00790000000000000E+02,0.00000000000000000E+00,8.73952124716678000E+00,0.00000000000000000E+00
2.00800000000000000E+02,0.00000000000000000E+00,8.92476949243084000E+00,0.00000000000000000E+00
2.00810000000000000E+02,0.00000000000000000E+00,9.10953052842228000E+00,0.00000000000000000E+00
2.00820000000000000E+02,0.00000000000000000E+00,9.29376069555036000E+00,0.00000000000000000E+00
2.00830000000000000E+02,0.00000000000000000E+00,9.47742096561786000E+00,0.00000000000000000E+00
2.00840000000000000E+02,0.00000000000000000E+00,9.66047649819580000E+00,0.00000000000000000E+00
2.00850000000000000E+02,0.00000000000000000E+00,9.84289623926685000E+00,0.00000000000000000E+00
2.00860000000000000E+02,0.00000000000000000E+00,1.00246525581111000E+01,0.00000000000000000E+00
2.00870000000000000E+02,0.00000000000000000E+00,1.02057209187919000E+01,0.00000000000000000E+00
2.00880000000000000E+02,0.00000000000000000E+00,1.03860795829453000E+01,0.00000000000000000E+00
2.00890000000000000E+02,0.00000000000000000E+00,1.05657093408918000E+01,0.00000000000000000E+00
2.00900000000000000E+02,0.00000000000000000E+00,1.07445932683733000E+01,0.00000000000000000E+00
2.00910000000000000E+02,0.00000000000000000E+00,1.09227165064724000E+01,0.00000000000000000E+00
2.00920000000000000E+02,0.00000000000000000E+00,1.11000660625083000E+01,0.00000000000000000E+00
2.00930000000000000E+02,0.00000000000000000E+00,1.12766306299094000E+01,0.00000000000000000E+00
2.00940000000000000E+02,0.00000000000000000E+00,1.14524004252555000E+01,0.00000000000000000E+00
2.00950000000000000E+02,0.00000000000000000E+00,1.16273670408543000E+01,0.00000000000000000E+00
2.00960000000000000E+02,0.00000000000000000E+00,1.18015233113728000E+01,0.00000000000000000E+00
2.00970000000000000E+02,0.00000000000000000E+00,1.19748631931838000E+01,0.00000000000000000E+00
2.00980000000000000E+02,0.00000000000000000E+00,1.21473816552170000E+01,0.00000000000000000E+00
2.00990000000000000E+02,0.00000000000000000E+00,1.23190745802194000E+01,0.00000000000000000E+00
2.01000000000000000E+02,0.00000000000000000E+00,1.24899386754314000E+01,0.00000000000000000E+00
2.01010000000000000E+02,0.00000000000000000E+00,1.26599713917845000E+01,0.00000000000000000E+00
2.01020000000000000E+02,0.00000000000000000E+00,1.28291708508064000E+01,0.00000000000000000E+00
2.01030000000000000E+02,0.00000000000000000E+00,1.29975357785006000E+01,0.00000000000000000E+00
2.01040000000000000E+02,0.00000000000000000E+00,1.31650654455363000E+01,0.00000000000000000E+00
2.01050000000000000E+02,0.00000000000000000E+00,1.33317596131455000E+01,0.00000000000000000E+00
2.01060000000000000E+02,0.00000000000000000E+00,1.34976184841873000E+01,0.00000000000000000E+00
2.01070000000000000E+02,0.00000000000000000E+00,1.36626426588828000E+01,0.00000000000000000E+00
2.01080000000000000E+02,0.00000000000000000E+00,1.38268330947793000E+01,0.00000000000000000E+00
2.01090000000000000E+02,0.00000000000000000E+00,1.39901910705388000E+01,0.00000000000000000E+00
2.01100000000000000E+02,0.00000000000000000E+00,1.41527181531871000E+01,0.00000000000000000E+00
2.01110000000000000E+02,0.00000000000000000E+00,1.43144161684939000E+01,0.00000000000000000E+00
2.01120000000000000E+02,0.00000000000000000E+00,1.44752871741858000E+01,0.00000000000000000E+00
2.01130000000000000E+02,0.00000000000000000E+00,1.46353334357214000E+01,0.00000000000000000E+00
2.01140000000000000E+02,0.00000000000000000E+00,1.47945574043856000E+01,0.00000000000000000E+00
2.01150000000000000E+02,0.00000000000000000E+00,1.49529616974812000E+01,0.00000000000000000E+00
2.01160000000000000E+02,0.00000000000000000E+00,1.51105490804185000E+01,0.00000000000000000E+00
2.01170000000000000E+02,0.00000000000000000E+00,1.52673224505219000E+01,0.00000000000000000E+00
2.01180000000000000E+02,0.00000000000000000E+00,1.54232848223896000E+01,0.00000000000000000E+00
2.01190000000000000E+02,0.00000000000000000E+00,1.55784393146594000E+01,0.00000000000000000E+00
2.01200000000000000E+02,0.00000000000000000E+00,1.57327891380449000E+01,0.00000000000000000E+00
2.01210000000000000E+02,0.00000000000000000E+00,1.58863375845228000E+01,0.00000000000000000E+00
2.01220000000000000E+02,0.00000000000000000E+00,1.60390880175607000E+01,0.00000000000000000E+00
2.01230000000000000E+02,0.00000000000000000E+00,1.61910438632859000E+01,0.00000000000000000E+00
2.01240000000000000E+02,0.00000000000000000E+00,1.63422086025071000E+01,0.00000000000000000E+00
2.01250000000000000E+02,0.00000000000000000E+00,1.64925857635048000E+01,0.00000000000000000E+00
2.01260000000000000E+02,0.00000000000000000E+00,1.66421789155210000E+01,0.00000000000000000E+00
2.01270000000000000E+02,0.00000000000000000E+00,1.67909916628779000E+01,0.00000000000000000E+00
2.01280000000000000E+02,0.00000000000000000E+00,1.69390276396676000E+01,0.00000000000000000E+00
2.01290000000000000E+02,0.00000000000000000E+00,1.70862905049585000E+01,0.00000000000000000E+00
2.01300000000000000E+02,0.00000000000000000E+00,1.72327839384678000E+01,0.00000000000000000E+00
2.01310000000000000E+02,0.00000000000000000E+00,1.73785116366570000E+01,0.00000000000000000E+00
2.01320000000000000E+02,0.00000000000000000E+00,1.75234773092089000E+01,0.00000000000000000E+00
2.01330000000000000E+02,0.00000000000000000E+00,1.76676846758511000E+01,0.00000000000000000E+00
2.01340000000000000E+02,0.00000000000000000E+00,1.78111374634911000E+01,0.00000000000000000E+00
2.01350000000000000E+02,0.00000000000000000E+00,1.79538394036353000E+01,0.00000000000000000E+00
2.01360000000000000E+02,0.00000000000000000E+00,1.80957942300633000E+01,0.00000000000000000E+00
2.01370000000000000E+02,0.00000000000000000E+00,1.82370056767335000E+01,0.00000000000000000E+00
2.01380000000000000E+02,0.00000000000000000E+00,1.83774774758983000E+01,0.00000000000000000E+00
2.01390000000000000E+02,0.00000000000000000E+00,1.85172133564086000E+01,0.00000000000000000E+00
2.01400000000000000E+02,0.00000000000000000E+00,1.86562170421898000E+01,0.00000000000000000E+00
2.01410000000000000E+02,0.00000000000000000E+00,1.87944922508717000E+01,0.00000000000000000E+00
2.01420000000000000E+02,0.00000000000000000E+00,1.89320426925600000E+01,0.00000000000000000E+00
2.01430000000000000E+02,0.00000000000000000E+00,1.90688720687331000E+01,0.00000000000000000E+00
2.01440000000000000E+02,0.00000000000000000E+00,1.92049840712546000E+01,0.00000000000000000E+00
2.01450000000000000E+02,0.00000000000000000E+00,1.93403823814884000E+01,0.00000000000000000E+00
2.01460000000000000E+02,0.00000000000000000E+00,1.94750706695079000E+01,0.00000000000000000E+00
2.01470000000000000E+02,0.00000000000000000E+00,1.96090525933908000E+01,0.00000000000000000E+00
2.01480000000000000E+02,0.00000000000000000E+00,1.97423317985887000E+01,0.00000000000000000E+00
2.01490000000000000E+02,0.00000000000000000E+00,1.98749119173676000E+01,0.00000000000000000E+00
2.01500000000000000E+02,0.00000000000000000E+00,2.00067965683098000E+01,0.00000000000000000E+00
2.01510000000000000E+02,0.00000000000000000E+00,2.01379893558737000E+01,0.00000000000000000E+00
2.01520000000000000E+02,0.00000000000000000E+00,2.02684938700032000E+01,0.00000000000000000E+00
2.01530000000000000E+02,0.00000000000000000E+00,2.03983136857848000E+01,0.00000000000000000E+00
2.01540000000000000E+02,0.00000000000000000E+00,2.05274523631454000E+01,0.00000000000000000E+00
2.01550000000000000E+02,0.00000000000000000E+00,2.06559134465883000E+01,0.00000000000000000E+00
2.01560000000000000E+02,0.00000000000000000E+00,2.07837004649636000E+01,0.00000000000000000E+00
2.01570000000000000E+02,0.00000000000000000E+00,2.09108169312689000E+01,0.00000000000000000E+00
2.01580000000000000E+02,0.00000000000000000E+00,2.10372663424781000E+01,0.00000000000000000E+00
2.01590000000000000E+02,0.00000000000000000E+00,2.11630521793951000E+01,0.00000000000000000E+00
2.01600000000000000E+02,0.00000000000000000E+00,2.12881779065307000E+01,0.00000000000000000E+00
2.01610000000000000E+02,0.00000000000000000E+00,2.14126469719994000E+01,0.00000000000000000E+00
2.01620000000000000E+02,0.00000000000000000E+00,2.15364628074353000E+01,0.00000000000000000E+00
2.01630000000000000E+02,0.00000000000000000E+00,2.16596288279239000E+01,0.00000000000000000E+00
2.01640000000000000E+02,0.00000000000000000E+00,2.17821484319497000E+01,0.00000000000000000E+00
2.01650000000000000E+02,0.00000000000000000E+00,2.19040250013569000E+01,0.00000000000000000E+00
2.01660000000000000E+02,0.00000000000000000E+00,2.20252619013227000E+01,0.00000000000000000E+00
2.01670000000000000E+02,0.00000000000000000E+00,2.21458624803413000E+01,0.00000000000000000E+00
2.01680000000000000E+02,0.00000000000000000E+00,2.22658300702178000E+01,0.00000000000000000E+00
2.01690000000000000E+02,0.00000000000000000E+00,2.23851679860716000E+01,0.00000000000000000E+00
2.01700000000000000E+02,0.00000000000000000E+00,2.25038795263470000E+01,0.00000000000000000E+00
2.01710000000000000E+02,0.00000000000000000E+00,2.26219679728316000E+01,0.00000000000000000E+00
2.01720000000000000E+02,0.00000000000000000E+00,2.27394365906814000E+01,0.00000000000000000E+00
2.01730000000000000E+02,0.00000000000000000E+00,2.28562886284509000E+01,0.00000000000000000E+00
2.01740000000000000E+02,0.00000000000000000E+00,2.29725273181291000E+01,0.00000000000000000E+00
2.01750000000000000E+02,0.00000000000000000E+00,2.30881558751805000E+01,0.00000000000000000E+00
2.01760000000000000E+02,0.00000000000000000E+00,2.32031774985892000E+01,0.00000000000000000E+00
2.01770000000000000E+02,0.00000000000000000E+00,2.33175953709077000E+01,0.00000000000000000E+00
2.01780000000000000E+02,0.00000000000000000E+00,2.34314126583089000E+01,0.00000000000000000E+00
2.01790000000000000E+02,0.00000000000000000E+00,2.35446325106408000E+01,0.00000000000000000E+00
2.01800000000000000E+02,0.00000000000000000E+00,2.36572580614842000E+01,0.00000000000000000E+00
2.01810000000000000E+02,0.00000000000000000E+00,2.37692924282126000E+01,0.00000000000000000E+00
2.01820000000000000E+02,0.00000000000000000E+00,2.38807387120540000E+01,0.00000000000000000E+00
2.01830000000000000E+02,0.00000000000000000E+00,2.39915999981552000E+01,0.00000000000000000E+00
2.01840000000000000E+02,0.00000000000000000E+00,2.41018793556472000E+01,0.00000000000000000E+00
2.01850000000000000E+02,0.00000000000000000E+00,2.42115798377122000E+01,0.00000000000000000E+00
2.01860000000000000E+02,0.00000000000000000E+00,2.43207044816518000E+01,0.00000000000000000E+00
2.01870000000000000E+02,0.00000000000000000E+00,2.44292563089567000E+01,0.00000000000000000E+00
2.01880000000000000E+02,0.00000000000000000E+00,2.45372383253766000E+01,0.00000000000000000E+00
2.01890000000000000E+02,0.00000000000000000E+00,2.46446535209918000E+01,0.00000000000000000E+00
2.01900000000000000E+02,0.00000000000000000E+00,2.47515048702850000E+01,0.00000000000000000E+00
2.01910000000000000E+02,0.00000000000000000E+00,2.48577953322137000E+01,0.00000000000000000E+00
2.01920000000000000E+02,0.00000000000000000E+00,2.49635278502835000E+01,0.00000000000000000E+00
2.01930000000000000E+02,0.00000000000000000E+00,2.50687053526211000E+01,0.00000000000000000E+00
2.01940000000000000E+02,0.00000000000000000E+00,2.51733307520487000E+01,0.00000000000000000E+00
2.01950000000000000E+02,0.00000000000000000E+00,2.52774069461574000E+01,0.00000000000000000E+00
2.01960000000000000E+02,0.00000000000000000E+00,2.53809368173823000E+01,0.00000000000000000E+00
2.01970000000000000E+02,0.00000000000000000E+00,2.54839232330759000E+01,0.00000000000000000E+00
2.01980000000000000E+02,0.00000000000000000E+00,2.55863690455837000E+01,0.00000000000000000E+00
2.01990000000000000E+02,0.00000000000000000E+00,2.56882770923178000E+01,0.00000000000000000E+00
2.02000000000000000E+02,0.00000000000000000E+00,2.57896501958324000E+01,0.00000000000000000E+00
2.02010000000000000E+02,0.00000000000000000E+00,2.58904911638977000E+01,0.00000000000000000E+00
2.02020000000000000E+02,0.00000000000000000E+00,2.59908027895744000E+01,0.00000000000000000E+00
2.02030000000000000E+02,0.00000000000000000E+00,2.60905878512887000E+01,0.00000000000000000E+00
2.02040000000000000E+02,0.00000000000000000E+00,2.61898491129059000E+01,0.00000000000000000E+00
2.02050000000000000E+02,0.00000000000000000E+00,2.62885893238050000E+01,0.00000000000000000E+00
2.02060000000000000E+02,0.00000000000000000E+00,2.63868112189522000E+01,0.00000000000000000E+00
2.02070000000000000E+02,0.00000000000000000E+00,2.64845175189753000E+01,0.00000000000000000E+00
2.02080000000000000E+02,0.00000000000000000E+00,2.65817109302365000E+01,0.00000000000000000E+00
2.02090000000000000E+02,0.00000000000000000E+00,2.66783941449065000E+01,0.00000000000000000E+00
2.02100000000000000E+02,0.00000000000000000E+00,2.67745698410371000E+01,0.00000000000000000E+00
2.02110000000000000E+02,0.00000000000000000E+00,2.68702406826340000E+01,0.00000000000000000E+00
2.02120000000000000E+02,0.00000000000000000E+00,2.69654093197300000E+01,0.00000000000000000E+00
2.02130000000000000E+02,0.00000000000000000E+00,2.70600783884565000E+01,0.00000000000000000E+00
2.02140000000000000E+02,0.00000000000000000E+00,2.71542505111161000E+01,0.00000000000000000E+00
2.02150000000000000E+02,0.00000000000000000E+00,2.72479282962542000E+01,0.00000000000000000E+00
2.02160000000000000E+02,0.00000000000000000E+00,2.73411143387304000E+01,0.00000000000000000E+00
2.02170000000000000E+02,0.00000000000000000E+00,2.74338112197896000E+01,0.00000000000000000E+00
2.02180000000000000E+02,0.00000000000000000E+00,2.75260215071329000E+01,0.00000000000000000E+00
2.02190000000000000E+02,0.00000000000000000E+00,2.76177477549884000E+01,0.00000000000000000E+00
2.02200000000000000E+02,0.00000000000000000E+00,2.77089925041808000E+01,0.00000000000000000E+00
2.02210000000000000E+02,0.00000000000000000E+00,2.77997582822019000E+01,0.00000000000000000E+00
2.02220000000000000E+02,0.00000000000000000E+00,2.78900476032798000E+01,0.00000000000000000E+00
2.02230000000000000E+02,0.00000000000000000E+00,2.79798629684482000E+01,0.00000000000000000E+00
2.02240000000000000E+02,0.00000000000000000E+00,2.80692068656156000E+01,0.00000000000000000E+00
2.02250000000000000E+02,0.00000000000000000E+00,2.81580817696335000E+01,0.00000000000000000E+00
2.02260000000000000E+02,0.00000000000000000E+00,2.82464901423647000E+01,0.00000000000000000E+00
2.02270000000000000E+02,0.00000000000000000E+00,2.83344344327516000E+01,0.00000000000000000E+00
2.02280000000000000E+02,0.00000000000000000E+00,2.84219170768835000E+01,0.00000000000000000E+00
2.02290000000000000E+02,0.00000000000000000E+00,2.85089404980637000E+01,0.00000000000000000E+00
2.02300000000000000E+02,0.00000000000000000E+00,2.85955071068769000E+01,0.00000000000000000E+00
2.02310000000000000E+02,0.00000000000000000E+00,2.86816193012553000E+01,0.00000000000000000E+00
2.02320000000000000E+02,0.00000000000000000E+00,2.87672794665453000E+01,0.00000000000000000E+00
2.02330000000000000E+02,0.00000000000000000E+00,2.88524899755730000E+01,0.00000000000000000E+00
2.02340000000000000E+02,0.00000000000000000E+00,2.89372531887101000E+01,0.00000000000000000E+00
2.02350000000000000E+02,0.00000000000000000E+00,2.90215714539392000E+01,0.00000000000000000E+00
2.02360000000000000E+02,0.00000000000000000E+00,2.91054471069183000E+01,0.00000000000000000E+00
2.02370000000000000E+02,0.00000000000000000E+00,2.91888824710462000E+01,0.00000000000000000E+00
2.02380000000000000E+02,0.00000000000000000E+00,2.92718798575257000E+01,0.00000000000000000E+00
2.02390000000000000E+02,0.00000000000000000E+00,2.93544415654285000E+01,0.00000000000000000E+00
2.02400000000000000E+02,0.00000000000000000E+00,2.94365698817583000E+01,0.00000000000000000E+00
2.02410000000000000E+02,0.00000000000000000E+00,2.95182670815142000E+01,0.00000000000000000E+00
2.02420000000000000E+02,0.00000000000000000E+00,2.95995354277538000E+01,0.00000000000000000E+00
2.02430000000000000E+02,0.00000000000000000E+00,2.96803771716555000E+01,0.00000000000000000E+00
2.02440000000000000E+02,0.00000000000000000E+00,2.97607945525813000E+01,0.00000000000000000E+00
2.02450000000000000E+02,0.00000000000000000E+00,2.98407897981382000E+01,0.00000000000000000E+00
2.02460000000000000E+02,0.00000000000000000E+00,2.99203651242403000E+01,0.00000000000000000E+00
2.02470000000000000E+02,0.00000000000000000E+00,2.99995227351701000E+01,0.00000000000000000E+00
2.02480000000000000E+02,0.00000000000000000E+00,3.00782648236393000E+01,0.00000000000000000E+00
2.02490000000000000E+02,0.00000000000000000E+00,3.01565935708498000E+01,0.00000000000000000E+00
2.02500000000000000E+02,0.00000000000000000E+00,3.02345111465538000E+01,0.00000000000000000E+00
2.02510000000000000E+02,0.00000000000000000E+00,3.03120197091141000E+01,0.00000000000000000E+00
2.02520000000000000E+02,0.00000000000000000E+00,3.03891214055639000E+01,0.00000000000000000E+00
2.02530000000000000E+02,0.00000000000000000E+00,3.04658183716659000E+01,0.00000000000000000E+00
2.02540000000000000E+02,0.00000000000000000E+00,3.05421127319718000E+01,0.00000000000000000E+00
2.02550000000000000E+02,0.00000000000000000E+00,3.06180065998812000E+01,0.00000000000000000E+00
2.02560000000000000E+02,0.00000000000000000E+00,3.06935020776997000E+01,0.00000000000000000E+00
2.02570000000000000E+02,0.00000000000000000E+00,3.07686012566975000E+01,0.00000000000000000E+00
2.02580000000000000E+02,0.00000000000000000E+00,3.08433062171672000E+01,0.00000000000000000E+00
2.02590000000000000E+02,0.00000000000000000E+00,3.09176190284813000E+01,0.00000000000000000E+00
2.02600000000000000E+02,0.00000000000000000E+00,3.09915417491497000E+01,0.00000000000000000E+00
2.02610000000000000E+02,0.00000000000000000E+00,3.10650764268768000E+01,0.00000000000000000E+00
2.02620000000000000E+02,0.00000000000000000E+00,3.11382250986177000E+01,0.00000000000000000E+00
2.02630000000000000E+02,0.00000000000000000E+00,3.12109897906352000E+01,0.00000000000000000E+00
2.02640000000000000E+02,0.00000000000000000E+00,3.12833725185556000E+01,0.00000000000000000E+00
2.02650000000000000E+02,0.00000000000000000E+00,3.13553752874247000E+01,0.00000000000000000E+00
2.02660000000000000E+02,0.00000000000000000E+00,3.14270000917632000E+01,0.00000000000000000E+00
2.02670000000000000E+02,0.00000000000000000E+00,3.14982489156220000E+01,0.00000000000000000E+00
2.02680000000000000E+02,0.00000000000000000E+00,3.15691237326371000E+01,0.00000000000000000E+00
2.02690000000000000E+02,0.00000000000000000E+00,3.16396265060843000E+01,0.00000000000000000E+00
2.02700000000000000E+02,0.00000000000000000E+00,3.17097591889338000E+01,0.00000000000000000E+00
2.02710000000000000E+02,0.00000000000000000E+00,3.17795237239039000E+01,0.00000000000000000E+00
2.02720000000000000E+02,0.00000000000000000E+00,3.18489220435150000E+01,0.00000000000000000E+00
2.02730000000000000E+02,0.00000000000000000E+00,3.19179560701432000E+01,0.00000000000000000E+00
2.02740000000000000E+02,0.00000000000000000E+00,3.19866277160735000E+01,0.00000000000000000E+00
2.02750000000000000E+02,0.00000000000000000E+00,3.20549388835528000E+01,0.00000000000000000E+00
2.02760000000000000E+02,0.00000000000000000E+00,3.21228914648424000E+01,0.00000000000000000E+00
2.02770000000000000E+02,0.00000000000000000E+00,3.21904873422706000E+01,0.00000000000000000E+00
2.02780000000000000E+02,0.00000000000000000E+00,3.22577283882848000E+01,0.00000000000000000E+00
2.02790000000000000E+02,0.00000000000000000E+00,3.23246164655035000E+01,0.00000000000000000E+00
2.02800000000000000E+02,0.00000000000000000E+00,3.23911534267675000E+01,0.00000000000000000E+00
2.02810000000000000E+02,0.00000000000000000E+00,3.24573411151918000E+01,0.00000000000000000E+00
2.02820000000000000E+02,0.00000000000000000E+00,3.25231813642160000E+01,0.00000000000000000E+00
2.02830000000000000E+02,0.00000000000000000E+00,3.25886759976557000E+01,0.00000000000000000E+00
2.02840000000000000E+02,0.00000000000000000E+00,3.26538268297526000E+01,0.00000000000000000E+00
2.02850000000000000E+02,0.00000000000000000E+00,3.27186356652250000E+01,0.00000000000000000E+00
2.02860000000000000E+02,0.00000000000000000E+00,3.27831042993175000E+01,0.00000000000000000E+00
2.02870000000000000E+02,0.00000000000000000E+00,3.28472345178511000E+01,0.00000000000000000E+00
2.02880000000000000E+02,0.00000000000000000E+00,3.29110280972724000E+01,0.00000000000000000E+00
2.02890000000000000E+02,0.00000000000000000E+00,3.29744868047029000E+01,0.00000000000000000E+00
2.02900000000000000E+02,0.00000000000000000E+00,3.30376123979880000E+01,0.00000000000000000E+00
2.02910000000000000E+02,0.00000000000000000E+00,3.31004066257457000E+01,0.00000000000000000E+00
2.02920000000000000E+02,0.00000000000000000E+00,3.31628712274147000E+01,0.00000000000000000E+00
2.02930000000000000E+02,0.00000000000000000E+00,3.32250079333030000E+01,0.00000000000000000E+00
2.02940000000000000E+02,0.00000000000000000E+00,3.32868184646359000E+01,0.00000000000000000E+00
2.02950000000000000E+02,0.00000000000000000E+00,3.33483045336032000E+01,0.00000000000000000E+00
2.02960000000000000E+02,0.00000000000000000E+00,3.34094678434070000E+01,0.00000000000000000E+00
2.02970000000000000E+02,0.00000000000000000E+00,3.34703100883087000E+01,0.00000000000000000E+00
2.02980000000000000E+02,0.00000000000000000E+00,3.35308329536760000E+01,0.00000000000000000E+00
2.02990000000000000E+02,0.00000000000000000E+00,3.35910381160298000E+01,0.00000000000000000E+00
2.03000000000000000E+02,0.00000000000000000E+00,3.36509272430902000E+01,0.00000000000000000E+00
2.03010000000000000E+02,0.00000000000000000E+00,3.37105019938230000E+01,0.00000000000000000E+00
2.03020000000000000E+02,0.00000000000000000E+00,3.37697640184856000E+01,0.00000000000000000E+00
2.03030000000000000E+02,0.00000000000000000E+00,3.38287149586727000E+01,0.00000000000000000E+00
2.03040000000000000E+02,0.00000000000000000E+00,3.38873564473618000E+01,0.00000000000000000E+00
2.03050000000000000E+02,0.00000000000000000E+00,3.39456901089582000E+01,0.00000000000000000E+00
2.03060000000000000E+02,0.00000000000000000E+00,3.40037175593406000E+01,0.00000000000000000E+00
2.03070000000000000E+02,0.00000000000000000E+00,3.40614404059050000E+01,0.00000000000000000E+00
2.03080000000000000E+02,0.00000000000000000E+00,3.41188602476101000E+01,0.00000000000000000E+00
2.03090000000000000E+02,0.00000000000000000E+00,3.41759786750208000E+01,0.00000000000000000E+00
2.03100000000000000E+02,0.00000000000000000E+00,3.42327972703530000E+01,0.00000000000000000E+00
2.03110000000000000E+02,0.00000000000000000E+00,3.42893176075167000E+01,0.00000000000000000E+00
2.03120000000000000E+02,0.00000000000000000E+00,3.43455412521603000E+01,0.00000000000000000E+00
2.03130000000000000E+02,0.00000000000000000E+00,3.44014697617135000E+01,0.00000000000000000E+00
2.03140000000000000E+02,0.00000000000000000E+00,3.44571046854305000E+01,0.00000000000000000E+00
2.03150000000000000E+02,0.00000000000000000E+00,3.45124475644331000E+01,0.00000000000000000E+00
2.03160000000000000E+02,0.00000000000000000E+00,3.45674999317532000E+01,0.00000000000000000E+00
2.03170000000000000E+02,0.00000000000000000E+00,3.46222633123755000E+01,0.00000000000000000E+00
2.03180000000000000E+02,0.00000000000000000E+00,3.46767392232793000E+01,0.00000000000000000E+00
2.03190000000000000E+02,0.00000000000000000E+00,3.47309291734811000E+01,0.00000000000000000E+00
2.03200000000000000E+02,0.00000000000000000E+00,3.47848346640760000E+01,0.00000000000000000E+00
2.03210000000000000E+02,0.00000000000000000E+00,3.48384571882793000E+01,0.00000000000000000E+00
2.03220000000000000E+02,0.00000000000000000E+00,3.48917982314682000E+01,0.00000000000000000E+00
2.03230000000000000E+02,0.00000000000000000E+00,3.49448592712224000E+01,0.00000000000000000E+00
2.03240000000000000E+02,0.00000000000000000E+00,3.49976417773657000E+01,0.00000000000000000E+00
2.03250000000000000E+02,0.00000000000000000E+00,3.50501472120059000E+01,0.00000000000000000E+00
2.03260000000000000E+02,0.00000000000000000E+00,3.51023770295761000E+01,0.00000000000000000E+00
2.03270000000000000E+02,0.00000000000000000E+00,3.51543326768744000E+01,0.00000000000000000E+00
2.03280000000000000E+02,0.00000000000000000E+00,3.52060155931045000E+01,0.00000000000000000E+00
2.03290000000000000E+02,0.00000000000000000E+00,3.52574272099151000E+01,0.00000000000000000E+00
2.03300000000000000E+02,0.00000000000000000E+00,3.53085689514396000E+01,0.00000000000000000E+00
2.03310000000000000E+02,0.00000000000000000E+00,3.53594422343360000E+01,0.00000000000000000E+00
2.03320000000000000E+02,0.00000000000000000E+00,3.54100484678255000E+01,0.00000000000000000E+00
2.03330000000000000E+02,0.00000000000000000E+00,3.54603890537322000E+01,0.00000000000000000E+00
2.03340000000000000E+02,0.00000000000000000E+00,3.55104653865214000E+01,0.00000000000000000E+00
2.03350000000000000E+02,0.00000000000000000E+00,3.55602788533383000E+01,0.00000000000000000E+00
2.03360000000000000E+02,0.00000000000000000E+00,3.56098308340469000E+01,0.00000000000000000E+00
2.03370000000000000E+02,0.00000000000000000E+00,3.56591227012677000E+01,0.00000000000000000E+00
2.03380000000000000E+02,0.00000000000000000E+00,3.57081558204157000E+01,0.00000000000000000E+00
2.03390000000000000E+02,0.00000000000000000E+00,3.57569315497387000E+01,0.00000000000000000E+00
2.03400000000000000E+02,0.00000000000000000E+00,3.58054512403545000E+01,0.00000000000000000E+00
2.03410000000000000E+02,0.00000000000000000E+00,3.58537162362886000E+01,0.00000000000000000E+00
2.03420000000000000E+02,0.00000000000000000E+00,3.59017278745111000E+01,0.00000000000000000E+00
2.03430000000000000E+02,0.00000000000000000E+00,3.59494874849742000E+01,0.00000000000000000E+00
2.03440000000000000E+02,0.00000000000000000E+00,3.59969963906484000E+01,0.00000000000000000E+00
2.03450000000000000E+02,0.00000000000000000E+00,3.60442559075599000E+01,0.00000000000000000E+00
2.03460000000000000E+02,0.00000000000000000E+00,3.60912673448264000E+01,0.00000000000000000E+00
2.03470000000000000E+02,0.00000000000000000E+00,3.61380320046939000E+01,0.00000000000000000E+00
2.03480000000000000E+02,0.00000000000000000E+00,3.61845511825723000E+01,0.00000000000000000E+00
2.03490000000000000E+02,0.00000000000000000E+00,3.62308261670716000E+01,0.00000000000000000E+00
2.03500000000000000E+02,0.00000000000000000E+00,3.62768582400374000E+01,0.00000000000000000E+00
2.03510000000000000E+02,0.00000000000000000E+00,3.63226486765866000E+01,0.00000000000000000E+00
2.03520000000000000E+02,0.00000000000000000E+00,3.63681987451426000E+01,0.00000000000000000E+00
2.03530000000000000E+02,0.00000000000000000E+00,3.64135097074704000E+01,0.00000000000000000E+00
2.03540000000000000E+02,0.00000000000000000E+00,3.64585828187117000E+01,0.00000000000000000E+00
2.03550000000000000E+02,0.00000000000000000E+00,3.65034193274195000E+01,0.00000000000000000E+00
2.03560000000000000E+02,0.00000000000000000E+00,3.65480204755928000E+01,0.00000000000000000E+00
2.03570000000000000E+02,0.00000000000000000E+00,3.65923874987110000E+01,0.00000000000000000E+00
2.03580000000000000E+02,0.00000000000000000E+00,3.66365216257680000E+01,0.00000000000000000E+00
2.03590000000000000E+02,0.00000000000000000E+00,3.66804240793065000E+01,0.00000000000000000E+00
2.03600000000000000E+02,0.00000000000000000E+00,3.67240960754514000E+01,0.00000000000000000E+00
2.03610000000000000E+02,0.00000000000000000E+00,3.67675388239441000E+01,0.00000000000000000E+00
2.03620000000000000E+02,0.00000000000000000E+00,3.68107535281756000E+01,0.00000000000000000E+00
2.03630000000000000E+02,0.00000000000000000E+00,3.68537413852198000E+01,0.00000000000000000E+00
2.03640000000000000E+02,0.00000000000000000E+00,3.68965035858670000E+01,0.00000000000000000E+00
2.03650000000000000E+02,0.00000000000000000E+00,3.69390413146566000E+01,0.00000000000000000E+00
2.03660000000000000E+02,0.00000000000000000E+00,3.69813557499099000E+01,0.00000000000000000E+00
2.03670000000000000E+02,0.00000000000000000E+00,3.70234480637628000E+01,0.00000000000000000E+00
2.03680000000000000E+02,0.00000000000000000E+00,3.70653194221986000E+01,0.00000000000000000E+00
2.03690000000000000E+02,0.00000000000000000E+00,3.71069709850798000E+01,0.00000000000000000E+00
2.03700000000000000E+02,0.00000000000000000E+00,3.71484039061802000E+01,0.00000000000000000E+00
2.03710000000000000E+02,0.00000000000000000E+00,3.71896193332176000E+01,0.00000000000000000E+00
2.03720000000000000E+02,0.00000000000000000E+00,3.72306184078846000E+01,0.00000000000000000E+00
2.03730000000000000E+02,0.00000000000000000E+00,3.72714022658809000E+01,0.00000000000000000E+00
2.03740000000000000E+02,0.00000000000000000E+00,3.73119720369447000E+01,0.00000000000000000E+00
2.03750000000000000E+02,0.00000000000000000E+00,3.73523288448836000E+01,0.00000000000000000E+00
2.03760000000000000E+02,0.00000000000000000E+00,3.73924738076062000E+01,0.00000000000000000E+00
2.03770000000000000E+02,0.00000000000000000E+00,3.74324080371528000E+01,0.00000000000000000E+00
2.03780000000000000E+02,0.00000000000000000E+00,3.74721326397260000E+01,0.00000000000000000E+00
2.03790000000000000E+02,0.00000000000000000E+00,3.75116487157222000E+01,0.00000000000000000E+00
2.03800000000000000E+02,0.00000000000000000E+00,3.75509573597608000E+01,0.00000000000000000E+00
2.03810000000000000E+02,0.00000000000000000E+00,3.75900596607157000E+01,0.00000000000000000E+00
2.03820000000000000E+02,0.00000000000000000E+00,3.76289567017447000E+01,0.00000000000000000E+00
2.03830000000000000E+02,0.00000000000000000E+00,3.76676495603200000E+01,0.00000000000000000E+00
2.03840000000000000E+02,0.00000000000000000E+00,3.77061393082576000E+01,0.00000000000000000E+00
2.03850000000000000E+02,0.00000000000000000E+00,3.77444270117473000E+01,0.00000000000000000E+00
2.03860000000000000E+02,0.00000000000000000E+00,3.77825137313821000E+01,0.00000000000000000E+00
2.03870000000000000E+02,0.00000000000000000E+00,3.78204005221878000E+01,0.00000000000000000E+00
2.03880000000000000E+02,0.00000000000000000E+00,3.78580884336518000E+01,0.00000000000000000E+00
2.03890000000000000E+02,0.00000000000000000E+00,3.78955785097526000E+01,0.00000000000000000E+00
2.03900000000000000E+02,0.00000000000000000E+00,3.79328717889884000E+01,0.00000000000000000E+00
2.03910000000000000E+02,0.00000000000000000E+00,3.79699693044062000E+01,0.00000000000000000E+00
2.03920000000000000E+02,0.00000000000000000E+00,3.80068720836300000E+01,0.00000000000000000E+00
2.03930000000000000E+02,0.00000000000000000E+00,3.80435811488896000E+01,0.00000000000000000E+00
2.03940000000000000E+02,0.00000000000000000E+00,3.80800975170487000E+01,0.00000000000000000E+00
2.03950000000000000E+02,0.00000000000000000E+00,3.81164221996335000E+01,0.00000000000000000E+00
2.03960000000000000E+02,0.00000000000000000E+00,3.81525562028599000E+01,0.00000000000000000E+00
2.03970000000000000E+02,0.00000000000000000E+00,3.81885005276623000E+01,0.00000000000000000E+00
2.03980000000000000E+02,0.00000000000000000E+00,3.82242561697206000E+01,0.00000000000000000E+00
2.03990000000000000E+02,0.00000000000000000E+00,3.82598241194882000E+01,0.00000000000000000E+00
2.04000000000000000E+02,0.00000000000000000E+00,3.82952053622193000E+01,0.00000000000000000E+00
2.04010000000000000E+02,0.00000000000000000E+00,3.83304008779962000E+01,0.00000000000000000E+00
2.04020000000000000E+02,0.00000000000000000E+00,3.83654116417564000E+01,0.00000000000000000E+00
2.04030000000000000E+02,0.00000000000000000E+00,3.84002386233197000E+01,0.00000000000000000E+00
2.04040000000000000E+02,0.00000000000000000E+00,3.84348827874150000E+01,0.00000000000000000E+00
2.04050000000000000E+02,0.00000000000000000E+00,3.84693450937071000E+01,0.00000000000000000E+00
2.04060000000000000E+02,0.00000000000000000E+00,3.85036264968231000E+01,0.00000000000000000E+00
2.04070000000000000E+02,0.00000000000000000E+00,3.85377279463791000E+01,0.00000000000000000E+00
2.04080000000000000E+02,0.00000000000000000E+00,3.85716503870063000E+01,0.00000000000000000E+00
2.04090000000000000E+02,0.00000000000000000E+00,3.86053947583773000E+01,0.00000000000000000E+00
2.04100000000000000E+02,0.00000000000000000E+00,3.86389619952320000E+01,0.00000000000000000E+00
2.04110000000000000E+02,0.00000000000000000E+00,3.86723530274036000E+01,0.00000000000000000E+00
2.04120000000000000E+02,0.00000000000000000E+00,3.87055687798444000E+01,0.00000000000000000E+00
2.04130000000000000E+02,0.00000000000000000E+00,3.87386101726511000E+01,0.00000000000000000E+00
2.04140000000000000E+02,0.00000000000000000E+00,3.87714781210909000E+01,0.00000000000000000E+00
2.04150000000000000E+02,0.00000000000000000E+00,3.88041735356261000E+01,0.00000000000000000E+00
2.04160000000000000E+02,0.00000000000000000E+00,3.88366973219400000E+01,0.00000000000000000E+00
2.04170000000000000E+02,0.00000000000000000E+00,3.88690503809615000E+01,0.00000000000000000E+00
2.04180000000000000E+02,0.00000000000000000E+00,3.89012336088904000E+01,0.00000000000000000E+00
2.04190000000000000E+02,0.00000000000000000E+00,3.89332478972220000E+01,0.00000000000000000E+00
2.04200000000000000E+02,0.00000000000000000E+00,3.89650941327718000E+01,0.00000000000000000E+00
2.04210000000000000E+02,0.00000000000000000E+00,3.89967731977002000E+01,0.00000000000000000E+00
2.04220000000000000E+02,0.00000000000000000E+00,3.90282859695370000E+01,0.00000000000000000E+00
2.04230000000000000E+02,0.00000000000000000E+00,3.90596333212053000E+01,0.00000000000000000E+00
2.04240000000000000E+02,0.00000000000000000E+00,3.90908161210461000E+01,0.00000000000000000E+00
2.04250000000000000E+02,0.00000000000000000E+00,3.91218352328424000E+01,0.00000000000000000E+00
2.04260000000000000E+02,0.00000000000000000E+00,3.91526915158426000E+01,0.00000000000000000E+00
2.04270000000000000E+02,0.00000000000000000E+00,3.91833858247849000E+01,0.00000000000000000E+00
2.04280000000000000E+02,0.00000000000000000E+00,3.92139190099205000E+01,0.00000000000000000E+00
2.04290000000000000E+02,0.00000000000000000E+00,3.92442919170376000E+01,0.00000000000000000E+00
2.04300000000000000E+02,0.00000000000000000E+00,3.92745053874845000E+01,0.00000000000000000E+00
2.04310000000000000E+02,0.00000000000000000E+00,3.93045602581930000E+01,0.00000000000000000E+00
2.04320000000000000E+02,0.00000000000000000E+00,3.93344573617015000E+01,0.00000000000000000E+00
2.04330000000000000E+02,0.00000000000000000E+00,3.93641975261783000E+01,0.00000000000000000E+00
2.04340000000000000E+02,0.00000000000000000E+00,3.93937815754444000E+01,0.00000000000000000E+00
2.04350000000000000E+02,0.00000000000000000E+00,3.94232103289961000E+01,0.00000000000000000E+00
2.04360000000000000E+02,0.00000000000000000E+00,3.94524846020281000E+01,0.00000000000000000E+00
2.04370000000000000E+02,0.00000000000000000E+00,3.94816052054559000E+01,0.00000000000000000E+00
2.04380000000000000E+02,0.00000000000000000E+00,3.95105729459383000E+01,0.00000000000000000E+00
2.04390000000000000E+02,0.00000000000000000E+00,3.95393886258994000E+01,0.00000000000000000E+00
2.04400000000000000E+02,0.00000000000000000E+00,3.95680530435514000E+01,0.00000000000000000E+00
2.04410000000000000E+02,0.00000000000000000E+00,3.95965669929165000E+01,0.00000000000000000E+00
2.04420000000000000E+02,0.00000000000000000E+00,3.96249312638486000E+01,0.00000000000000000E+00
2.04430000000000000E+02,0.00000000000000000E+00,3.96531466420556000E+01,0.00000000000000000E+00
2.04440000000000000E+02,0.00000000000000000E+00,3.96812139091208000E+01,0.00000000000000000E+00
2.04450000000000000E+02,0.00000000000000000E+00,3.97091338425250000E+01,0.00000000000000000E+00
2.04460000000000000E+02,0.00000000000000000E+00,3.97369072156675000E+01,0.00000000000000000E+00
2.04470000000000000E+02,0.00000000000000000E+00,3.97645347978879000E+01,0.00000000000000000E+00
2.04480000000000000E+02,0.00000000000000000E+00,3.97920173544873000E+01,0.00000000000000000E+00
2.04490000000000000E+02,0.00000000000000000E+00,3.98193556467495000E+01,0.00000000000000000E+00
2.04500000000000000E+02,0.00000000000000000E+00,3.98465504319622000E+01,0.00000000000000000E+00
2.04510000000000000E+02,0.00000000000000000E+00,3.98736024634376000E+01,0.00000000000000000E+00
2.04520000000000000E+02,0.00000000000000000E+00,3.99005124905337000E+01,0.00000000000000000E+00
2.04530000000000000E+02,0.00000000000000000E+00,3.99272812586749000E+01,0.00000000000000000E+00
2.04540000000000000E+02,0.00000000000000000E+00,3.99539095093727000E+01,0.00000000000000000E+00
2.04550000000000000E+02,0.00000000000000000E+00,3.99803979802461000E+01,0.00000000000000000E+00
2.04560000000000000E+02,0.00000000000000000E+00,4.00067474050419000E+01,0.00000000000000000E+00
2.04570000000000000E+02,0.00000000000000000E+00,4.00329585136557000E+01,0.00000000000000000E+00
2.04580000000000000E+02,0.00000000000000000E+00,4.00590320321512000E+01,0.00000000000000000E+00
2.04590000000000000E+02,0.00000000000000000E+00,4.00849686827812000E+01,0.00000000000000000E+00
2.04600000000000000E+02,0.00000000000000000E+00,4.01107691840067000E+01,0.00000000000000000E+00
2.04610000000000000E+02,0.00000000000000000E+00,4.01364342505177000E+01,0.00000000000000000E+00
2.04620000000000000E+02,0.00000000000000000E+00,4.01619645932523000E+01,0.00000000000000000E+00
2.04630000000000000E+02,0.00000000000000000E+00,4.01873609194169000E+01,0.00000000000000000E+00
2.04640000000000000E+02,0.00000000000000000E+00,4.02126239325052000E+01,0.00000000000000000E+00
2.04650000000000000E+02,0.00000000000000000E+00,4.02377543323185000E+01,0.00000000000000000E+00
2.04660000000000000E+02,0.00000000000000000E+00,4.02627528149843000E+01,0.00000000000000000E+00
2.04670000000000000E+02,0.00000000000000000E+00,4.02876200729760000E+01,0.00000000000000000E+00
2.04680000000000000E+02,0.00000000000000000E+00,4.03123567951321000E+01,0.00000000000000000E+00
2.04690000000000000E+02,0.00000000000000000E+00,4.03369636666750000E+01,0.00000000000000000E+00
2.04700000000000000E+02,0.00000000000000000E+00,4.03614413692303000E+01,0.00000000000000000E+00
2.04710000000000000E+02,0.00000000000000000E+00,4.03857905808454000E+01,0.00000000000000000E+00
2.04720000000000000E+02,0.00000000000000000E+00,4.04100119760086000E+01,0.00000000000000000E+00
2.04730000000000000E+02,0.00000000000000000E+00,4.04341062256674000E+01,0.00000000000000000E+00
2.04740000000000000E+02,0.00000000000000000E+00,4.04580739972476000E+01,0.00000000000000000E+00
2.04750000000000000E+02,0.00000000000000000E+00,4.04819159546711000E+01,0.00000000000000000E+00
2.04760000000000000E+02,0.00000000000000000E+00,4.05056327583749000E+01,0.00000000000000000E+00
2.04770000000000000E+02,0.00000000000000000E+00,4.05292250653292000E+01,0.00000000000000000E+00
2.04780000000000000E+02,0.00000000000000000E+00,4.05526935290553000E+01,0.00000000000000000E+00
2.04790000000000000E+02,0.00000000000000000E+00,4.05760387996443000E+01,0.00000000000000000E+00
2.04800000000000000E+02,0.00000000000000000E+00,4.05992615237746000E+01,0.00000000000000000E+00
2.04810000000000000E+02,0.00000000000000000E+00,4.06223623447300000E+01,0.00000000000000000E+00
2.04820000000000000E+02,0.00000000000000000E+00,4.06453419024175000E+01,0.00000000000000000E+00
2.04830000000000000E+02,0.00000000000000000E+00,4.06682008333850000E+01,0.00000000000000000E+00
2.04840000000000000E+02,0.00000000000000000E+00,4.06909397708391000E+01,0.00000000000000000E+00
2.04850000000000000E+02,0.00000000000000000E+00,4.07135593446623000E+01,0.00000000000000000E+00
2.04860000000000000E+02,0.00000000000000000E+00,4.07360601814309000E+01,0.00000000000000000E+00
2.04870000000000000E+02,0.00000000000000000E+00,4.07584429044319000E+01,0.00000000000000000E+00
2.04880000000000000E+02,0.00000000000000000E+00,4.07807081336806000E+01,0.00000000000000000E+00
2.04890000000000000E+02,0.00000000000000000E+00,4.08028564859376000E+01,0.00000000000000000E+00
2.04900000000000000E+02,0.00000000000000000E+00,4.08248885747259000E+01,0.00000000000000000E+00
2.04910000000000000E+02,0.00000000000000000E+00,4.08468050103481000E+01,0.00000000000000000E+00
2.04920000000000000E+02,0.00000000000000000E+00,4.08686063999028000E+01,0.00000000000000000E+00
2.04930000000000000E+02,0.00000000000000000E+00,4.08902933473021000E+01,0.00000000000000000E+00
2.04940000000000000E+02,0.00000000000000000E+00,4.09118664532878000E+01,0.00000000000000000E+00
2.04950000000000000E+02,0.00000000000000000E+00,4.09333263154484000E+01,0.00000000000000000E+00
2.04960000000000000E+02,0.00000000000000000E+00,4.09546735282351000E+01,0.00000000000000000E+00
2.04970000000000000E+02,0.00000000000000000E+00,4.09759086829790000E+01,0.00000000000000000E+00
2.04980000000000000E+02,0.00000000000000000E+00,4.09970323679071000E+01,0.00000000000000000E+00
2.04990000000000000E+02,0.00000000000000000E+00,4.10180451681584000E+01,0.00000000000000000E+00
2.05000000000000000E+02,0.00000000000000000E+00,4.10389476658005000E+01,0.00000000000000000E+00
2.05010000000000000E+02,0.00000000000000000E+00,4.10597404398455000E+01,0.00000000000000000E+00
2.05020000000000000E+02,0.00000000000000000E+00,4.10804240662661000E+01,0.00000000000000000E+00
2.05030000000000000E+02,0.00000000000000000E+00,4.11009991180114000E+01,0.00000000000000000E+00
2.05040000000000000E+02,0.00000000000000000E+00,4.11214661650233000E+01,0.00000000000000000E+00
2.05050000000000000E+02,0.00000000000000000E+00,4.11418257742514000E+01,0.00000000000000000E+00
2.05060000000000000E+02,0.00000000000000000E+00,4.11620785096696000E+01,0.00000000000000000E+00
2.05070000000000000E+02,0.00000000000000000E+00,4.11822249322911000E+01,0.00000000000000000E+00
2.05080000000000000E+02,0.00000000000000000E+00,4.12022656001844000E+01,0.00000000000000000E+00
2.05090000000000000E+02,0.00000000000000000E+00,4.12222010684882000E+01,0.00000000000000000E+00
2.05100000000000000E+02,0.00000000000000000E+00,4.12420318894274000E+01,0.00000000000000000E+00
2.05110000000000000E+02,0.00000000000000000E+00,4.12617586123280000E+01,0.00000000000000000E+00
2.05120000000000000E+02,0.00000000000000000E+00,4.12813817836323000E+01,0.00000000000000000E+00
2.05130000000000000E+02,0.00000000000000000E+00,4.13009019469144000E+01,0.00000000000000000E+00
2.05140000000000000E+02,0.00000000000000000E+00,4.13203196428948000E+01,0.00000000000000000E+00
2.05150000000000000E+02,0.00000000000000000E+00,4.13396354094558000E+01,0.00000000000000000E+00
2.05160000000000000E+02,0.00000000000000000E+00,4.13588497816559000E+01,0.00000000000000000E+00
2.05170000000000000E+02,0.00000000000000000E+00,4.13779632917452000E+01,0.00000000000000000E+00
2.05180000000000000E+02,0.00000000000000000E+00,4.13969764691796000E+01,0.00000000000000000E+00
2.05190000000000000E+02,0.00000000000000000E+00,4.14158898406361000E+01,0.00000000000000000E+00
2.05200000000000000E+02,0.00000000000000000E+00,4.14347039300266000E+01,0.00000000000000000E+00
2.05210000000000000E+02,0.00000000000000000E+00,4.14534192585130000E+01,0.00000000000000000E+00
2.05220000000000000E+02,0.00000000000000000E+00,4.14720363445215000E+01,0.00000000000000000E+00
2.05230000000000000E+02,0.00000000000000000E+00,4.14905557037569000E+01,0.00000000000000000E+00
2.05240000000000000E+02,0.00000000000000000E+00,4.15089778492169000E+01,0.00000000000000000E+00
2.05250000000000000E+02,0.00000000000000000E+00,4.15273032912063000E+01,0.00000000000000000E+00
2.05260000000000000E+02,0.00000000000000000E+00,4.15455325373511000E+01,0.00000000000000000E+00
2.05270000000000000E+02,0.00000000000000000E+00,4.15636660926128000E+01,0.00000000000000000E+00
2.05280000000000000E+02,0.00000000000000000E+00,4.15817044593020000E+01,0.00000000000000000E+00
2.05290000000000000E+02,0.00000000000000000E+00,4.15996481370926000E+01,0.00000000000000000E+00
2.05300000000000000E+02,0.00000000000000000E+00,4.16174976230356000E+01,0.00000000000000000E+00
2.05310000000000000E+02,0.00000000000000000E+00,4.16352534115728000E+01,0.00000000000000000E+00
2.05320000000000000E+02,0.00000000000000000E+00,4.16529159945505000E+01,0.00000000000000000E+00
2.05330000000000000E+02,0.00000000000000000E+00,4.16704858612332000E+01,0.00000000000000000E+00
2.05340000000000000E+02,0.00000000000000000E+00,4.16879634983169000E+01,0.00000000000000000E+00
2.05350000000000000E+02,0.00000000000000000E+00,4.17053493899432000E+01,0.00000000000000000E+00
2.05360000000000000E+02,0.00000000000000000E+00,4.17226440177118000E+01,0.00000000000000000E+00
2.05370000000000000E+02,0.00000000000000000E+00,4.17398478606947000E+01,0.00000000000000000E+00
2.05380000000000000E+02,0.00000000000000000E+00,4.17569613954490000E+01,0.00000000000000000E+00
2.05390000000000000E+02,0.00000000000000000E+00,4.17739850960301000E+01,0.00000000000000000E+00
2.05400000000000000E+02,0.00000000000000000E+00,4.17909194340051000E+01,0.00000000000000000E+00
2.05410000000000000E+02,0.00000000000000000E+00,4.18077648784656000E+01,0.00000000000000000E+00
2.05420000000000000E+02,0.00000000000000000E+00,4.18245218960409000E+01,0.00000000000000000E+00
2.05430000000000000E+02,0.00000000000000000E+00,4.18411909509105000E+01,0.00000000000000000E+00
2.05440000000000000E+02,0.00000000000000000E+00,4.18577725048178000E+01,0.00000000000000000E+00
2.05450000000000000E+02,0.00000000000000000E+00,4.18742670170819000E+01,0.00000000000000000E+00
2.05460000000000000E+02,0.00000000000000000E+00,4.18906749446111000E+01,0.00000000000000000E+00
2.05470000000000000E+02,0.00000000000000000E+00,4.19069967419150000E+01,0.00000000000000000E+00
2.05480000000000000E+02,0.00000000000000000E+00,4.19232328611176000E+01,0.00000000000000000E+00
2.05490000000000000E+02,0.00000000000000000E+00,4.19393837519694000E+01,0.00000000000000000E+00
2.05500000000000000E+02,0.00000000000000000E+00,4.19554498618600000E+01,0.00000000000000000E+00
2.05510000000000000E+02,0.00000000000000000E+00,4.19714316358306000E+01,0.00000000000000000E+00
2.05520000000000000E+02,0.00000000000000000E+00,4.19873295165862000E+01,0.00000000000000000E+00
2.05530000000000000E+02,0.00000000000000000E+00,4.20031439445080000E+01,0.00000000000000000E+00
2.05540000000000000E+02,0.00000000000000000E+00,4.20188753576654000E+01,0.00000000000000000E+00
2.05550000000000000E+02,0.00000000000000000E+00,4.20345241918282000E+01,0.00000000000000000E+00
2.05560000000000000E+02,0.00000000000000000E+00,4.20500908804788000E+01,0.00000000000000000E+00
2.05570000000000000E+02,0.00000000000000000E+00,4.20655758548241000E+01,0.00000000000000000E+00
2.05580000000000000E+02,0.00000000000000000E+00,4.20809795438074000E+01,0.00000000000000000E+00
2.05590000000000000E+02,0.00000000000000000E+00,4.20963023741205000E+01,0.00000000000000000E+00
2.05600000000000000E+02,0.00000000000000000E+00,4.21115447702153000E+01,0.00000000000000000E+00
2.05610000000000000E+02,0.00000000000000000E+00,4.21267071543154000E+01,0.00000000000000000E+00
2.05620000000000000E+02,0.00000000000000000E+00,4.21417899464284000E+01,0.00000000000000000E+00
2.05630000000000000E+02,0.00000000000000000E+00,4.21567935643569000E+01,0.00000000000000000E+00
2.05640000000000000E+02,0.00000000000000000E+00,4.21717184237103000E+01,0.00000000000000000E+00
2.05650000000000000E+02,0.00000000000000000E+00,4.21865649379166000E+01,0.00000000000000000E+00
2.05660000000000000E+02,0.00000000000000000E+00,4.22013335182332000E+01,0.00000000000000000E+00
2.05670000000000000E+02,0.00000000000000000E+00,4.22160245737591000E+01,0.00000000000000000E+00
2.05680000000000000E+02,0.00000000000000000E+00,4.22306385114455000E+01,0.00000000000000000E+00
2.05690000000000000E+02,0.00000000000000000E+00,4.22451757361076000E+01,0.00000000000000000E+00
2.05700000000000000E+02,0.00000000000000000E+00,4.22596366504354000E+01,0.00000000000000000E+00
2.05710000000000000E+02,0.00000000000000000E+00,4.22740216550052000E+01,0.00000000000000000E+00
2.05720000000000000E+02,0.00000000000000000E+00,4.22883311482905000E+01,0.00000000000000000E+00
2.05730000000000000E+02,0.00000000000000000E+00,4.23025655266731000E+01,0.00000000000000000E+00
2.05740000000000000E+02,0.00000000000000000E+00,4.23167251844542000E+01,0.00000000000000000E+00
2.05750000000000000E+02,0.00000000000000000E+00,4.23308105138649000E+01,0.00000000000000000E+00
2.05760000000000000E+02,0.00000000000000000E+00,4.23448219050776000E+01,0.00000000000000000E+00
2.05770000000000000E+02,0.00000000000000000E+00,4.23587597462165000E+01,0.00000000000000000E+00
2.05780000000000000E+02,0.00000000000000000E+00,4.23726244233683000E+01,0.00000000000000000E+00
2.05790000000000000E+02,0.00000000000000000E+00,4.23864163205934000E+01,0.00000000000000000E+00
2.05800000000000000E+02,0.00000000000000000E+00,4.24001358199356000E+01,0.00000000000000000E+00
2.05810000000000000E+02,0.00000000000000000E+00,4.24137833014336000E+01,0.00000000000000000E+00
2.05820000000000000E+02,0.00000000000000000E+00,4.24273591431311000E+01,0.00000000000000000E+00
2.05830000000000000E+02,0.00000000000000000E+00,4.24408637210873000E+01,0.00000000000000000E+00
2.05840000000000000E+02,0.00000000000000000E+00,4.24542974093874000E+01,0.00000000000000000E+00
2.05850000000000000E+02,0.00000000000000000E+00,4.24676605801527000E+01,0.00000000000000000E+00
2.05860000000000000E+02,0.00000000000000000E+00,4.24809536035514000E+01,0.00000000000000000E+00
2.05870000000000000E+02,0.00000000000000000E+00,4.24941768478085000E+01,0.00000000000000000E+00
2.05880000000000000E+02,0.00000000000000000E+00,4.25073306792160000E+01,0.00000000000000000E+00
2.05890000000000000E+02,0.00000000000000000E+00,4.25204154621431000E+01,0.00000000000000000E+00
2.05900000000000000E+02,0.00000000000000000E+00,4.25334315590464000E+01,0.00000000000000000E+00
2.05910000000000000E+02,0.00000000000000000E+00,4.25463793304799000E+01,0.00000000000000000E+00
2.05920000000000000E+02,0.00000000000000000E+00,4.25592591351048000E+01,0.00000000000000000E+00
2.05930000000000000E+02,0.00000000000000000E+00,4.25720713296996000E+01,0.00000000000000000E+00
2.05940000000000000E+02,0.00000000000000000E+00,4.25848162691701000E+01,0.00000000000000000E+00
2.05950000000000000E+02,0.00000000000000000E+00,4.25974943065590000E+01,0.00000000000000000E+00
2.05960000000000000E+02,0.00000000000000000E+00,4.26101057930557000E+01,0.00000000000000000E+00
2.05970000000000000E+02,0.00000000000000000E+00,4.26226510780062000E+01,0.00000000000000000E+00
2.05980000000000000E+02,0.00000000000000000E+00,4.26351305089227000E+01,0.00000000000000000E+00
2.05990000000000000E+02,0.00000000000000000E+00,4.26475444314930000E+01,0.00000000000000000E+00
2.06000000000000000E+02,0.00000000000000000E+00,4.26598931895906000E+01,0.00000000000000000E+00
2.06010000000000000E+02,0.00000000000000000E+00,4.26721771252836000E+01,0.00000000000000000E+00
2.06020000000000000E+02,0.00000000000000000E+00,4.26843965788447000E+01,0.00000000000000000E+00
2.06030000000000000E+02,0.00000000000000000E+00,4.26965518887602000E+01,0.00000000000000000E+00
2.06040000000000000E+02,0.00000000000000000E+00,4.27086433917398000E+01,0.00000000000000000E+00
2.06050000000000000E+02,0.00000000000000000E+00,4.27206714227256000E+01,0.00000000000000000E+00
2.06060000000000000E+02,0.00000000000000000E+00,4.27326363149014000E+01,0.00000000000000000E+00
2.06070000000000000E+02,0.00000000000000000E+00,4.27445383997022000E+01,0.00000000000000000E+00
2.06080000000000000E+02,0.00000000000000000E+00,4.27563780068231000E+01,0.00000000000000000E+00
2.06090000000000000E+02,0.00000000000000000E+00,4.27681554642285000E+01,0.00000000000000000E+00
2.06100000000000000E+02,0.00000000000000000E+00,4.27798710981612000E+01,0.00000000000000000E+00
2.06110000000000000E+02,0.00000000000000000E+00,4.27915252331516000E+01,0.00000000000000000E+00
2.06120000000000000E+02,0.00000000000000000E+00,4.28031181920263000E+01,0.00000000000000000E+00
2.06130000000000000E+02,0.00000000000000000E+00,4.28146502959176000E+01,0.00000000000000000E+00
2.06140000000000000E+02,0.00000000000000000E+00,4.28261218642718000E+01,0.00000000000000000E+00
2.06150000000000000E+02,0.00000000000000000E+00,4.28375332148584000E+01,0.00000000000000000E+00
2.06160000000000000E+02,0.00000000000000000E+00,4.28488846637789000E+01,0.00000000000000000E+00
2.06170000000000000E+02,0.00000000000000000E+00,4.28601765254755000E+01,0.00000000000000000E+00
2.06180000000000000E+02,0.00000000000000000E+00,4.28714091127397000E+01,0.00000000000000000E+00
2.06190000000000000E+02,0.00000000000000000E+00,4.28825827367211000E+01,0.00000000000000000E+00
2.06200000000000000E+02,0.00000000000000000E+00,4.28936977069360000E+01,0.00000000000000000E+00
2.06210000000000000E+02,0.00000000000000000E+00,4.29047543312760000E+01,0.00000000000000000E+00
2.06220000000000000E+02,0.00000000000000000E+00,4.29157529160163000E+01,0.00000000000000000E+00
2.06230000000000000E+02,0.00000000000000000E+00,4.29266937658246000E+01,0.00000000000000000E+00
2.06240000000000000E+02,0.00000000000000000E+00,4.29375771837691000E+01,0.00000000000000000E+00
2.06250000000000000E+02,0.00000000000000000E+00,4.29484034713273000E+01,0.00000000000000000E+00
2.06260000000000000E+02,0.00000000000000000E+00,4.29591729283940000E+01,0.00000000000000000E+00
2.06270000000000000E+02,0.00000000000000000E+00,4.29698858532898000E+01,0.00000000000000000E+00
2.06280000000000000E+02,0.00000000000000000E+00,4.29805425427695000E+01,0.00000000000000000E+00
2.06290000000000000E+02,0.00000000000000000E+00,4.29911432920297000E+01,0.00000000000000000E+00
2.06300000000000000E+02,0.00000000000000000E+00,4.30016883947179000E+01,0.00000000000000000E+00
2.06310000000000000E+02,0.00000000000000000E+00,4.30121781429400000E+01,0.00000000000000000E+00
2.06320000000000000E+02,0.00000000000000000E+00,4.30226128272684000E+01,0.00000000000000000E+00
2.06330000000000000E+02,0.00000000000000000E+00,4.30329927367503000E+01,0.00000000000000000E+00
2.06340000000000000E+02,0.00000000000000000E+00,4.30433181589156000E+01,0.00000000000000000E+00
2.06350000000000000E+02,0.00000000000000000E+00,4.30535893797849000E+01,0.00000000000000000E+00
2.06360000000000000E+02,0.00000000000000000E+00,4.30638066838775000E+01,0.00000000000000000E+00
2.06370000000000000E+02,0.00000000000000000E+00,4.30739703542188000E+01,0.00000000000000000E+00
2.06380000000000000E+02,0.00000000000000000E+00,4.30840806723489000E+01,0.00000000000000000E+00
2.06390000000000000E+02,0.00000000000000000E+00,4.30941379183298000E+01,0.00000000000000000E+00
2.06400000000000000E+02,0.00000000000000000E+00,4.31041423707534000E+01,0.00000000000000000E+00
2.06410000000000000E+02,0.00000000000000000E+00,4.31140943067493000E+01,0.00000000000000000E+00
2.06420000000000000E+02,0.00000000000000000E+00,4.31239940019923000E+01,0.00000000000000000E+00
2.06430000000000000E+02,0.00000000000000000E+00,4.31338417307099000E+01,0.00000000000000000E+00
2.06440000000000000E+02,0.00000000000000000E+00,4.31436377656904000E+01,0.00000000000000000E+00
2.06450000000000000E+02,0.00000000000000000E+00,4.31533823782901000E+01,0.00000000000000000E+00
2.06460000000000000E+02,0.00000000000000000E+00,4.31630758384406000E+01,0.00000000000000000E+00
2.06470000000000000E+02,0.00000000000000000E+00,4.31727184146568000E+01,0.00000000000000000E+00
2.06480000000000000E+02,0.00000000000000000E+00,4.31823103740441000E+01,0.00000000000000000E+00
2.06490000000000000E+02,0.00000000000000000E+00,4.31918519823057000E+01,0.00000000000000000E+00
2.06500000000000000E+02,0.00000000000000000E+00,4.32013435037499000E+01,0.00000000000000000E+00
2.06510000000000000E+02,0.00000000000000000E+00,4.32107852012979000E+01,0.00000000000000000E+00
2.06520000000000000E+02,0.00000000000000000E+00,4.32201773364904000E+01,0.00000000000000000E+00
2.06530000000000000E+02,0.00000000000000000E+00,4.32295201694954000E+01,0.00000000000000000E+00
2.06540000000000000E+02,0.00000000000000000E+00,4.32388139591151000E+01,0.00000000000000000E+00
2.06550000000000000E+02,0.00000000000000000E+00,4.32480589627933000E+01,0.00000000000000000E+00
2.06560000000000000E+02,0.00000000000000000E+00,4.32572554366223000E+01,0.00000000000000000E+00
2.06570000000000000E+02,0.00000000000000000E+00,4.32664036353501000E+01,0.00000000000000000E+00
2.06580000000000000E+02,0.00000000000000000E+00,4.32755038123875000E+01,0.00000000000000000E+00
2.06590000000000000E+02,0.00000000000000000E+00,4.32845562198149000E+01,0.00000000000000000E+00
2.06600000000000000E+02,0.00000000000000000E+00,4.32935611083896000E+01,0.00000000000000000E+00
2.06610000000000000E+02,0.00000000000000000E+00,4.33025187275527000E+01,0.00000000000000000E+00
2.06620000000000000E+02,0.00000000000000000E+00,4.33114293254357000E+01,0.00000000000000000E+00
2.06630000000000000E+02,0.00000000000000000E+00,4.33202931488677000E+01,0.00000000000000000E+00
2.06640000000000000E+02,0.00000000000000000E+00,4.33291104433821000E+01,0.00000000000000000E+00
2.06650000000000000E+02,0.00000000000000000E+00,4.33378814532233000E+01,0.00000000000000000E+00
2.06660000000000000E+02,0.00000000000000000E+00,4.33466064213538000E+01,0.00000000000000000E+00
2.06670000000000000E+02,0.00000000000000000E+00,4.33552855894606000E+01,0.00000000000000000E+00
2.06680000000000000E+02,0.00000000000000000E+00,4.33639191979619000E+01,0.00000000000000000E+00
2.06690000000000000E+02,0.00000000000000000E+00,4.33725074860142000E+01,0.00000000000000000E+00
2.06700000000000000E+02,0.00000000000000000E+00,4.33810506915182000E+01,0.00000000000000000E+00
2.06710000000000000E+02,0.00000000000000000E+00,4.33895490511260000E+01,0.00000000000000000E+00
2.06720000000000000E+02,0.00000000000000000E+00,4.33980028002475000E+01,0.00000000000000000E+00
2.06730000000000000E+02,0.00000000000000000E+00,4.34064121730568000E+01,0.00000000000000000E+00
2.06740000000000000E+02,0.00000000000000000E+00,4.34147774024985000E+01,0.00000000000000000E+00
2.06750000000000000E+02,0.00000000000000000E+00,4.34230987202949000E+01,0.00000000000000000E+00
2.06760000000000000E+02,0.00000000000000000E+00,4.34313763569514000E+01,0.00000000000000000E+00
2.06770000000000000E+02,0.00000000000000000E+00,4.34396105417639000E+01,0.00000000000000000E+00
2.06780000000000000E+02,0.00000000000000000E+00,4.34478015028242000E+01,0.00000000000000000E+00
2.06790000000000000E+02,0.00000000000000000E+00,4.34559494670271000E+01,0.00000000000000000E+00
2.06800000000000000E+02,0.00000000000000000E+00,4.34640546600761000E+01,0.00000000000000000E+00
2.06810000000000000E+02,0.00000000000000000E+00,4.34721173064902000E+01,0.00000000000000000E+00
2.06820000000000000E+02,0.00000000000000000E+00,4.34801376296097000E+01,0.00000000000000000E+00
2.06830000000000000E+02,0.00000000000000000E+00,4.34881158516024000E+01,0.00000000000000000E+00
2.06840000000000000E+02,0.00000000000000000E+00,4.34960521934701000E+01,0.00000000000000000E+00
2.06850000000000000E+02,0.00000000000000000E+00,4.35039468750542000E+01,0.00000000000000000E+00
2.06860000000000000E+02,0.00000000000000000E+00,4.35118001150424000E+01,0.00000000000000000E+00
2.06870000000000000E+02,0.00000000000000000E+00,4.35196121309743000E+01,0.00000000000000000E+00
2.06880000000000000E+02,0.00000000000000000E+00,4.35273831392474000E+01,0.00000000000000000E+00
2.06890000000000000E+02,0.00000000000000000E+00,4.35351133551237000E+01,0.00000000000000000E+00
2.06900000000000000E+02,0.00000000000000000E+00,4.35428029927347000E+01,0.00000000000000000E+00
2.06910000000000000E+02,0.00000000000000000E+00,4.35504522650883000E+01,0.00000000000000000E+00
2.06920000000000000E+02,0.00000000000000000E+00,4.35580613840740000E+01,0.00000000000000000E+00
2.06930000000000000E+02,0.00000000000000000E+00,4.35656305604691000E+01,0.00000000000000000E+00
2.06940000000000000E+02,0.00000000000000000E+00,4.35731600039444000E+01,0.00000000000000000E+00
2.06950000000000000E+02,0.00000000000000000E+00,4.35806499230703000E+01,0.00000000000000000E+00
2.06960000000000000E+02,0.00000000000000000E+00,4.35881005253220000E+01,0.00000000000000000E+00
2.06970000000000000E+02,0.00000000000000000E+00,4.35955120170858000E+01,0.00000000000000000E+00
2.06980000000000000E+02,0.00000000000000000E+00,4.36028846036648000E+01,0.00000000000000000E+00
2.06990000000000000E+02,0.00000000000000000E+00,4.36102184892840000E+01,0.00000000000000000E+00
2.07000000000000000E+02,0.00000000000000000E+00,4.36175138770967000E+01,0.00000000000000000E+00
2.07010000000000000E+02,0.00000000000000000E+00,4.36247709691895000E+01,0.00000000000000000E+00
2.07020000000000000E+02,0.00000000000000000E+00,4.36319899665885000E+01,0.00000000000000000E+00
2.07030000000000000E+02,0.00000000000000000E+00,4.36391710692642000E+01,0.00000000000000000E+00
2.07040000000000000E+02,0.00000000000000000E+00,4.36463144761378000E+01,0.00000000000000000E+00
2.07050000000000000E+02,0.00000000000000000E+00,4.36534203850859000E+01,0.00000000000000000E+00
2.07060000000000000E+02,0.00000000000000000E+00,4.36604889929467000E+01,0.00000000000000000E+00
2.07070000000000000E+02,0.00000000000000000E+00,4.36675204955250000E+01,0.00000000000000000E+00
2.07080000000000000E+02,0.00000000000000000E+00,4.36745150875976000E+01,0.00000000000000000E+00
2.07090000000000000E+02,0.00000000000000000E+00,4.36814729629192000E+01,0.00000000000000000E+00
2.07100000000000000E+02,0.00000000000000000E+00,4.36883943142271000E+01,0.00000000000000000E+00
2.07110000000000000E+02,0.00000000000000000E+00,4.36952793332472000E+01,0.00000000000000000E+00
2.07120000000000000E+02,0.00000000000000000E+00,4.37021282106986000E+01,0.00000000000000000E+00
2.07130000000000000E+02,0.00000000000000000E+00,4.37089411362996000E+01,0.00000000000000000E+00
2.07140000000000000E+02,0.00000000000000000E+00,4.37157182987723000E+01,0.00000000000000000E+00
2.07150000000000000E+02,0.00000000000000000E+00,4.37224598858483000E+01,0.00000000000000000E+00
2.07160000000000000E+02,0.00000000000000000E+00,4.37291660842738000E+01,0.00000000000000000E+00
2.07170000000000000E+02,0.00000000000000000E+00,4.37358370798146000E+01,0.00000000000000000E+00
2.07180000000000000E+02,0.00000000000000000E+00,4.37424730572614000E+01,0.00000000000000000E+00
2.07190000000000000E+02,0.00000000000000000E+00,4.37490742004350000E+01,0.00000000000000000E+00
2.07200000000000000E+02,0.00000000000000000E+00,4.37556406921909000E+01,0.00000000000000000E+00
2.07210000000000000E+02,0.00000000000000000E+00,4.37621727144252000E+01,0.00000000000000000E+00
2.07220000000000000E+02,0.00000000000000000E+00,4.37686704480788000E+01,0.00000000000000000E+00
2.07230000000000000E+02,0.00000000000000000E+00,4.37751340731430000E+01,0.00000000000000000E+00
2.07240000000000000E+02,0.00000000000000000E+00,4.37815637686642000E+01,0.00000000000000000E+00
2.07250000000000000E+02,0.00000000000000000E+00,4.37879597127490000E+01,0.00000000000000000E+00
2.07260000000000000E+02,0.00000000000000000E+00,4.37943220825689000E+01,0.00000000000000000E+00
2.07270000000000000E+02,0.00000000000000000E+00,4.38006510543656000E+01,0.00000000000000000E+00
2.07280000000000000E+02,0.00000000000000000E+00,4.38069468034554000E+01,0.00000000000000000E+00
2.07290000000000000E+02,0.00000000000000000E+00,4.38132095042344000E+01,0.00000000000000000E+00
2.07300000000000000E+02,0.00000000000000000E+00,4.38194393301835000E+01,0.00000000000000000E+00
2.07310000000000000E+02,0.00000000000000000E+00,4.38256364538726000E+01,0.00000000000000000E+00
2.07320000000000000E+02,0.00000000000000000E+00,4.38318010469658000E+01,0.00000000000000000E+00
2.07330000000000000E+02,0.00000000000000000E+00,4.38379332802262000E+01,0.00000000000000000E+00
2.07340000000000000E+02,0.00000000000000000E+00,4.38440333235205000E+01,0.00000000000000000E+00
2.07350000000000000E+02,0.00000000000000000E+00,4.38501013458235000E+01,0.00000000000000000E+00
2.07360000000000000E+02,0.00000000000000000E+00,4.38561375152234000E+01,0.00000000000000000E+00
2.07370000000000000E+02,0.00000000000000000E+00,4.38621419989256000E+01,0.00000000000000000E+00
2.07380000000000000E+02,0.00000000000000000E+00,4.38681149632582000E+01,0.00000000000000000E+00
2.07390000000000000E+02,0.00000000000000000E+00,4.38740565736759000E+01,0.00000000000000000E+00
2.07400000000000000E+02,0.00000000000000000E+00,4.38799669947650000E+01,0.00000000000000000E+00
2.07410000000000000E+02,0.00000000000000000E+00,4.38858463902478000E+01,0.00000000000000000E+00
2.07420000000000000E+02,0.00000000000000000E+00,4.38916949229871000E+01,0.00000000000000000E+00
2.07430000000000000E+02,0.00000000000000000E+00,4.38975127549911000E+01,0.00000000000000000E+00
2.07440000000000000E+02,0.00000000000000000E+00,4.39033000474172000E+01,0.00000000000000000E+00
2.07450000000000000E+02,0.00000000000000000E+00,4.39090569605769000E+01,0.00000000000000000E+00
2.07460000000000000E+02,0.00000000000000000E+00,4.39147836539404000E+01,0.00000000000000000E+00
2.07470000000000000E+02,0.00000000000000000E+00,4.39204802861406000E+01,0.00000000000000000E+00
2.07480000000000000E+02,0.00000000000000000E+00,4.39261470149776000E+01,0.00000000000000000E+00
2.07490000000000000E+02,0.00000000000000000E+00,4.39317839974235000E+01,0.00000000000000000E+00
2.07500000000000000E+02,0.00000000000000000E+00,4.39373913896261000E+01,0.00000000000000000E+00
2.07510000000000000E+02,0.00000000000000000E+00,4.39429693469136000E+01,0.00000000000000000E+00
2.07520000000000000E+02,0.00000000000000000E+00,4.39485180237989000E+01,0.00000000000000000E+00
2.07530000000000000E+02,0.00000000000000000E+00,4.39540375739838000E+01,0.00000000000000000E+00
2.07540000000000000E+02,0.00000000000000000E+00,4.39595281503632000E+01,0.00000000000000000E+00
2.07550000000000000E+02,0.00000000000000000E+00,4.39649899050295000E+01,0.00000000000000000E+00
2.07560000000000000E+02,0.00000000000000000E+00,4.39704229892766000E+01,0.00000000000000000E+00
2.07570000000000000E+02,0.00000000000000000E+00,4.39758275536044000E+01,0.00000000000000000E+00
2.07580000000000000E+02,0.00000000000000000E+00,4.39812037477226000E+01,0.00000000000000000E+00
2.07590000000000000E+02,0.00000000000000000E+00,4.39865517205551000E+01,0.00000000000000000E+00
2.07600000000000000E+02,0.00000000000000000E+00,4.39918716202441000E+01,0.00000000000000000E+00
2.07610000000000000E+02,0.00000000000000000E+00,4.39971635941540000E+01,0.00000000000000000E+00
2.07620000000000000E+02,0.00000000000000000E+00,4.40024277888759000E+01,0.00000000000000000E+00
2.07630000000000000E+02,0.00000000000000000E+00,4.40076643502312000E+01,0.00000000000000000E+00
2.07640000000000000E+02,0.00000000000000000E+00,4.40128734232758000E+01,0.00000000000000000E+00
2.07650000000000000E+02,0.00000000000000000E+00,4.40180551523043000E+01,0.00000000000000000E+00
2.07660000000000000E+02,0.00000000000000000E+00,4.40232096808539000E+01,0.00000000000000000E+00
2.07670000000000000E+02,0.00000000000000000E+00,4.40283371517080000E+01,0.00000000000000000E+00
2.07680000000000000E+02,0.00000000000000000E+00,4.40334377069009000E+01,0.00000000000000000E+00
2.07690000000000000E+02,0.00000000000000000E+00,4.40385114877210000E+01,0.00000000000000000E+00
2.07700000000000000E+02,0.00000000000000000E+00,4.40435586347153000E+01,0.00000000000000000E+00
2.07710000000000000E+02,0.00000000000000000E+00,4.40485792876927000E+01,0.00000000000000000E+00
2.07720000000000000E+02,0.00000000000000000E+00,4.40535735857286000E+01,0.00000000000000000E+00
2.07730000000000000E+02,0.00000000000000000E+00,4.40585416671681000E+01,0.00000000000000000E+00
2.07740000000000000E+02,0.00000000000000000E+00,4.40634836696300000E+01,0.00000000000000000E+00
2.07750000000000000E+02,0.00000000000000000E+00,4.40683997300109000E+01,0.00000000000000000E+00
2.07760000000000000E+02,0.00000000000000000E+00,4.40732899844887000E+01,0.00000000000000000E+00
2.07770000000000000E+02,0.00000000000000000E+00,4.40781545685264000E+01,0.00000000000000000E+00
2.07780000000000000E+02,0.00000000000000000E+00,4.40829936168762000E+01,0.00000000000000000E+00
2.07790000000000000E+02,0.00000000000000000E+00,4.40878072635825000E+01,0.00000000000000000E+00
2.07800000000000000E+02,0.00000000000000000E+00,4.40925956419864000E+01,0.00000000000000000E+00
2.07810000000000000E+02,0.00000000000000000E+00,4.40973588847289000E+01,0.00000000000000000E+00
2.07820000000000000E+02,0.00000000000000000E+00,4.41020971237548000E+01,0.00000000000000000E+00
2.07830000000000000E+02,0.00000000000000000E+00,4.41068104903162000E+01,0.00000000000000000E+00
2.07840000000000000E+02,0.00000000000000000E+00,4.41114991149764000E+01,0.00000000000000000E+00
2.07850000000000000E+02,0.00000000000000000E+00,4.41161631276130000E+01,0.00000000000000000E+00
2.07860000000000000E+02,0.00000000000000000E+00,4.41208026574222000E+01,0.00000000000000000E+00
2.07870000000000000E+02,0.00000000000000000E+00,4.41254178329217000E+01,0.00000000000000000E+00
2.07880000000000000E+02,0.00000000000000000E+00,4.41300087819548000E+01,0.00000000000000000E+00
2.07890000000000000E+02,0.00000000000000000E+00,4.41345756316936000E+01,0.00000000000000000E+00
2.07900000000000000E+02,0.00000000000000000E+00,4.41391185086428000E+01,0.00000000000000000E+00
2.07910000000000000E+02,0.00000000000000000E+00,4.41436375386426000E+01,0.00000000000000000E+00
2.07920000000000000E+02,0.00000000000000000E+00,4.41481328468732000E+01,0.00000000000000000E+00
2.07930000000000000E+02,0.00000000000000000E+00,4.41526045578573000E+01,0.00000000000000000E+00
2.07940000000000000E+02,0.00000000000000000E+00,4.41570527954640000E+01,0.00000000000000000E+00
2.07950000000000000E+02,0.00000000000000000E+00,4.41614776829123000E+01,0.00000000000000000E+00
2.07960000000000000E+02,0.00000000000000000E+00,4.41658793427744000E+01,0.00000000000000000E+00
2.07970000000000000E+02,0.00000000000000000E+00,4.41702578969788000E+01,0.00000000000000000E+00
2.07980000000000000E+02,0.00000000000000000E+00,4.41746134668143000E+01,0.00000000000000000E+00
2.07990000000000000E+02,0.00000000000000000E+00,4.41789461729329000E+01,0.00000000000000000E+00
2.08000000000000000E+02,0.00000000000000000E+00,4.41832561353531000E+01,0.00000000000000000E+00
2.08010000000000000E+02,0.00000000000000000E+00,4.41875434734636000E+01,0.00000000000000000E+00
2.08020000000000000E+02,0.00000000000000000E+00,4.41918083060264000E+01,0.00000000000000000E+00
2.08030000000000000E+02,0.00000000000000000E+00,4.41960507511798000E+01,0.00000000000000000E+00
2.08040000000000000E+02,0.00000000000000000E+00,4.42002709264424000E+01,0.00000000000000000E+00
2.08050000000000000E+02,0.00000000000000000E+00,4.42044689487154000E+01,0.00000000000000000E+00
2.08060000000000000E+02,0.00000000000000000E+00,4.42086449342868000E+01,0.00000000000000000E+00
2.08070000000000000E+02,0.00000000000000000E+00,4.42127989988339000E+01,0.00000000000000000E+00
2.08080000000000000E+02,0.00000000000000000E+00,4.42169312574269000E+01,0.00000000000000000E+00
2.08090000000000000E+02,0.00000000000000000E+00,4.42210418245319000E+01,0.00000000000000000E+00
2.08100000000000000E+02,0.00000000000000000E+00,4.42251308140141000E+01,0.00000000000000000E+00
2.08110000000000000E+02,0.00000000000000000E+00,4.42291983391410000E+01,0.00000000000000000E+00
2.08120000000000000E+02,0.00000000000000000E+00,4.42332445125857000E+01,0.00000000000000000E+00
2.08130000000000000E+02,0.00000000000000000E+00,4.42372694464297000E+01,0.00000000000000000E+00
2.08140000000000000E+02,0.00000000000000000E+00,4.42412732521660000E+01,0.00000000000000000E+00
2.08150000000000000E+02,0.00000000000000000E+00,4.42452560407026000E+01,0.00000000000000000E+00
2.08160000000000000E+02,0.00000000000000000E+00,4.42492179223653000E+01,0.00000000000000000E+00
2.08170000000000000E+02,0.00000000000000000E+00,4.42531590069004000E+01,0.00000000000000000E+00
2.08180000000000000E+02,0.00000000000000000E+00,4.42570794034786000E+01,0.00000000000000000E+00
2.08190000000000000E+02,0.00000000000000000E+00,4.42609792206972000E+01,0.00000000000000000E+00
2.08200000000000000E+02,0.00000000000000000E+00,4.42648585665837000E+01,0.00000000000000000E+00
2.08210000000000000E+02,0.00000000000000000E+00,4.42687175485982000E+01,0.00000000000000000E+00
2.08220000000000000E+02,0.00000000000000000E+00,4.42725562736369000E+01,0.00000000000000000E+00
2.08230000000000000E+02,0.00000000000000000E+00,4.42763748480349000E+01,0.00000000000000000E+00
2.08240000000000000E+02,0.00000000000000000E+00,4.42801733775692000E+01,0.00000000000000000E+00
2.08250000000000000E+02,0.00000000000000000E+00,4.42839519674612000E+01,0.00000000000000000E+00
2.08260000000000000E+02,0.00000000000000000E+00,4.42877107223803000E+01,0.00000000000000000E+00
2.08270000000000000E+02,0.00000000000000000E+00,4.42914497464463000E+01,0.00000000000000000E+00
2.08280000000000000E+02,0.00000000000000000E+00,4.42951691432324000E+01,0.00000000000000000E+00
2.08290000000000000E+02,0.00000000000000000E+00,4.42988690157684000E+01,0.00000000000000000E+00
2.08300000000000000E+02,0.00000000000000000E+00,4.43025494665428000E+01,0.00000000000000000E+00
2.08310000000000000E+02,0.00000000000000000E+00,4.43062105975066000E+01,0.00000000000000000E+00
2.08320000000000000E+02,0.00000000000000000E+00,4.43098525100752000E+01,0.00000000000000000E+00
2.08330000000000000E+02,0.00000000000000000E+00,4.43134753051319000E+01,0.00000000000000000E+00
2.08340000000000000E+02,0.00000000000000000E+00,4.43170790830304000E+01,0.00000000000000000E+00
2.08350000000000000E+02,0.00000000000000000E+00,4.43206639435975000E+01,0.00000000000000000E+00
2.08360000000000000E+02,0.00000000000000000E+00,4.43242299861361000E+01,0.00000000000000000E+00
2.08370000000000000E+02,0.00000000000000000E+00,4.43277773094278000E+01,0.00000000000000000E+00
2.08380000000000000E+02,0.00000000000000000E+00,4.43313060117355000E+01,0.00000000000000000E+00
2.08390000000000000E+02,0.00000000000000000E+00,4.43348161908067000E+01,0.00000000000000000E+00
2.08400000000000000E+02,0.00000000000000000E+00,4.43383079438753000E+01,0.00000000000000000E+00
2.08410000000000000E+02,0.00000000000000000E+00,4.43417813676651000E+01,0.00000000000000000E+00
2.08420000000000000E+02,0.00000000000000000E+00,4.43452365583922000E+01,0.00000000000000000E+00
2.08430000000000000E+02,0.00000000000000000E+00,4.43486736117673000E+01,0.00000000000000000E+00
2.08440000000000000E+02,0.00000000000000000E+00,4.43520926229990000E+01,0.00000000000000000E+00
2.08450000000000000E+02,0.00000000000000000E+00,4.43554936867960000E+01,0.00000000000000000E+00
2.08460000000000000E+02,0.00000000000000000E+00,4.43588768973700000E+01,0.00000000000000000E+00
2.08470000000000000E+02,0.00000000000000000E+00,4.43622423484379000E+01,0.00000000000000000E+00
2.08480000000000000E+02,0.00000000000000000E+00,4.43655901332247000E+01,0.00000000000000000E+00
2.08490000000000000E+02,0.00000000000000000E+00,4.43689203444663000E+01,0.00000000000000000E+00
2.08500000000000000E+02,0.00000000000000000E+00,4.43722330744114000E+01,0.00000000000000000E+00
2.08510000000000000E+02,0.00000000000000000E+00,4.43755284148249000E+01,0.00000000000000000E+00
2.08520000000000000E+02,0.00000000000000000E+00,4.43788064569896000E+01,0.00000000000000000E+00
2.08530000000000000E+02,0.00000000000000000E+00,4.43820672917093000E+01,0.00000000000000000E+00
2.08540000000000000E+02,0.00000000000000000E+00,4.43853110093112000E+01,0.00000000000000000E+00
2.08550000000000000E+02,0.00000000000000000E+00,4.43885376996483000E+01,0.00000000000000000E+00
2.08560000000000000E+02,0.00000000000000000E+00,4.43917474521018000E+01,0.00000000000000000E+00
2.08570000000000000E+02,0.00000000000000000E+00,4.43949403555839000E+01,0.00000000000000000E+00
2.08580000000000000E+02,0.00000000000000000E+00,4.43981164985400000E+01,0.00000000000000000E+00
2.08590000000000000E+02,0.00000000000000000E+00,4.44012759689513000E+01,0.00000000000000000E+00
2.08600000000000000E+02,0.00000000000000000E+00,4.44044188543369000E+01,0.00000000000000000E+00
2.08610000000000000E+02,0.00000000000000000E+00,4.44075452417568000E+01,0.00000000000000000E+00
2.08620000000000000E+02,0.00000000000000000E+00,4.44106552178138000E+01,0.00000000000000000E+00
2.08630000000000000E+02,0.00000000000000000E+00,4.44137488686563000E+01,0.00000000000000000E+00
2.08640000000000000E+02,0.00000000000000000E+00,4.44168262799801000E+01,0.00000000000000000E+00
2.08650000000000000E+02,0.00000000000000000E+00,4.44198875370316000E+01,0.00000000000000000E+00
2.08660000000000000E+02,0.00000000000000000E+00,4.44229327246094000E+01,0.00000000000000000E+00
2.08670000000000000E+02,0.00000000000000000E+00,4.44259619270671000E+01,0.00000000000000000E+00
2.08680000000000000E+02,0.00000000000000000E+00,4.44289752283156000E+01,0.00000000000000000E+00
2.08690000000000000E+02,0.00000000000000000E+00,4.44319727118250000E+01,0.00000000000000000E+00
2.08700000000000000E+02,0.00000000000000000E+00,4.44349544606276000E+01,0.00000000000000000E+00
2.08710000000000000E+02,0.00000000000000000E+00,4.44379205573196000E+01,0.00000000000000000E+00
2.08720000000000000E+02,0.00000000000000000E+00,4.44408710840637000E+01,0.00000000000000000E+00
2.08730000000000000E+02,0.00000000000000000E+00,4.44438061225914000E+01,0.00000000000000000E+00
2.08740000000000000E+02,0.00000000000000000E+00,4.44467257542050000E+01,0.00000000000000000E+00
2.08750000000000000E+02,0.00000000000000000E+00,4.44496300597802000E+01,0.00000000000000000E+00
2.08760000000000000E+02,0.00000000000000000E+00,4.44525191197679000E+01,0.00000000000000000E+00
2.08770000000000000E+02,0.00000000000000000E+00,4.44553930141970000E+01,0.00000000000000000E+00
2.08780000000000000E+02,0.00000000000000000E+00,4.44582518226761000E+01,0.00000000000000000E+00
2.08790000000000000E+02,0.00000000000000000E+00,4.44610956243960000E+01,0.00000000000000000E+00
2.08800000000000000E+02,0.00000000000000000E+00,4.44639244981316000E+01,0.00000000000000000E+00
2.08810000000000000E+02,0.00000000000000000E+00,4.44667385222447000E+01,0.00000000000000000E+00
2.08820000000000000E+02,0.00000000000000000E+00,4.44695377746853000E+01,0.00000000000000000E+00
2.08830000000000000E+02,0.00000000000000000E+00,4.44723223329945000E+01,0.00000000000000000E+00
2.08840000000000000E+02,0.00000000000000000E+00,4.44750922743062000E+01,0.00000000000000000E+00
2.08850000000000000E+02,0.00000000000000000E+00,4.44778476753497000E+01,0.00000000000000000E+00
2.08860000000000000E+02,0.00000000000000000E+00,4.44805886124511000E+01,0.00000000000000000E+00
2.08870000000000000E+02,0.00000000000000000E+00,4.44833151615362000E+01,0.00000000000000000E+00
2.08880000000000000E+02,0.00000000000000000E+00,4.44860273981320000E+01,0.00000000000000000E+00
2.08890000000000000E+02,0.00000000000000000E+00,4.44887253973691000E+01,0.00000000000000000E+00
2.08900000000000000E+02,0.00000000000000000E+00,4.44914092339839000E+01,0.00000000000000000E+00
2.08910000000000000E+02,0.00000000000000000E+00,4.44940789823201000E+01,0.00000000000000000E+00
2.08920000000000000E+02,0.00000000000000000E+00,4.44967347163316000E+01,0.00000000000000000E+00
2.08930000000000000E+02,0.00000000000000000E+00,4.44993765095838000E+01,0.00000000000000000E+00
2.08940000000000000E+02,0.00000000000000000E+00,4.45020044352560000E+01,0.00000000000000000E+00
2.08950000000000000E+02,0.00000000000000000E+00,4.45046185661433000E+01,0.00000000000000000E+00
2.08960000000000000E+02,0.00000000000000000E+00,4.45072189746588000E+01,0.00000000000000000E+00
2.08970000000000000E+02,0.00000000000000000E+00,4.45098057328354000E+01,0.00000000000000000E+00
2.08980000000000000E+02,0.00000000000000000E+00,4.45123789123280000E+01,0.00000000000000000E+00
2.08990000000000000E+02,0.00000000000000000E+00,4.45149385844151000E+01,0.00000000000000000E+00
2.09000000000000000E+02,0.00000000000000000E+00,4.45174848200013000E+01,0.00000000000000000E+00
2.09010000000000000E+02,0.00000000000000000E+00,4.45200176896189000E+01,0.00000000000000000E+00
2.09020000000000000E+02,0.00000000000000000E+00,4.45225372634300000E+01,0.00000000000000000E+00
2.09030000000000000E+02,0.00000000000000000E+00,4.45250436112282000E+01,0.00000000000000000E+00
2.09040000000000000E+02,0.00000000000000000E+00,4.45275368024409000E+01,0.00000000000000000E+00
2.09050000000000000E+02,0.00000000000000000E+00,4.45300169061312000E+01,0.00000000000000000E+00
2.09060000000000000E+02,0.00000000000000000E+00,4.45324839909994000E+01,0.00000000000000000E+00
2.09070000000000000E+02,0.00000000000000000E+00,4.45349381253853000E+01,0.00000000000000000E+00
2.09080000000000000E+02,0.00000000000000000E+00,4.45373793772698000E+01,0.00000000000000000E+00
2.09090000000000000E+02,0.00000000000000000E+00,4.45398078142773000E+01,0.00000000000000000E+00
2.09100000000000000E+02,0.00000000000000000E+00,4.45422235036769000E+01,0.00000000000000000E+00
2.09110000000000000E+02,0.00000000000000000E+00,4.45446265123847000E+01,0.00000000000000000E+00
2.09120000000000000E+02,0.00000000000000000E+00,4.45470169069656000E+01,0.00000000000000000E+00
2.09130000000000000E+02,0.00000000000000000E+00,4.45493947536348000E+01,0.00000000000000000E+00
2.09140000000000000E+02,0.00000000000000000E+00,4.45517601182603000E+01,0.00000000000000000E+00
2.09150000000000000E+02,0.00000000000000000E+00,4.45541130663642000E+01,0.00000000000000000E+00
2.09160000000000000E+02,0.00000000000000000E+00,4.45564536631245000E+01,0.00000000000000000E+00
2.09170000000000000E+02,0.00000000000000000E+00,4.45587819733771000E+01,0.00000000000000000E+00
2.09180000000000000E+02,0.00000000000000000E+00,4.45610980616179000E+01,0.00000000000000000E+00
2.09190000000000000E+02,0.00000000000000000E+00,4.45634019920037000E+01,0.00000000000000000E+00
2.09200000000000000E+02,0.00000000000000000E+00,4.45656938283550000E+01,0.00000000000000000E+00
2.09210000000000000E+02,0.00000000000000000E+00,4.45679736341569000E+01,0.00000000000000000E+00
2.09220000000000000E+02,0.00000000000000000E+00,4.45702414725616000E+01,0.00000000000000000E+00
2.09230000000000000E+02,0.00000000000000000E+00,4.45724974063895000E+01,0.00000000000000000E+00
2.09240000000000000E+02,0.00000000000000000E+00,4.45747414981315000E+01,0.00000000000000000E+00
2.09250000000000000E+02,0.00000000000000000E+00,4.45769738099502000E+01,0.00000000000000000E+00
2.09260000000000000E+02,0.00000000000000000E+00,4.45791944036820000E+01,0.00000000000000000E+00
2.09270000000000000E+02,0.00000000000000000E+00,4.45814033408388000E+01,0.00000000000000000E+00
2.09280000000000000E+02,0.00000000000000000E+00,4.45836006826095000E+01,0.00000000000000000E+00
2.09290000000000000E+02,0.00000000000000000E+00,4.45857864898619000E+01,0.00000000000000000E+00
2.09300000000000000E+02,0.00000000000000000E+00,4.45879608231440000E+01,0.00000000000000000E+00
2.09310000000000000E+02,0.00000000000000000E+00,4.45901237426864000E+01,0.00000000000000000E+00
2.09320000000000000E+02,0.00000000000000000E+00,4.45922753084032000E+01,0.00000000000000000E+00
2.09330000000000000E+02,0.00000000000000000E+00,4.45944155798941000E+01,0.00000000000000000E+00
2.09340000000000000E+02,0.00000000000000000E+00,4.45965446164460000E+01,0.00000000000000000E+00
2.09350000000000000E+02,0.00000000000000000E+00,4.45986624770345000E+01,0.00000000000000000E+00
2.09360000000000000E+02,0.00000000000000000E+00,4.46007692203256000E+01,0.00000000000000000E+00
2.09370000000000000E+02,0.00000000000000000E+00,4.46028649046774000E+01,0.00000000000000000E+00
2.09380000000000000E+02,0.00000000000000000E+00,4.46049495881417000E+01,0.00000000000000000E+00
2.09390000000000000E+02,0.00000000000000000E+00,4.46070233284656000E+01,0.00000000000000000E+00
2.09400000000000000E+02,0.00000000000000000E+00,4.46090861830928000E+01,0.00000000000000000E+00
2.09410000000000000E+02,0.00000000000000000E+00,4.46111382091657000E+01,0.00000000000000000E+00
2.09420000000000000E+02,0.00000000000000000E+00,4.46131794635267000E+01,0.00000000000000000E+00
2.09430000000000000E+02,0.00000000000000000E+00,4.46152100027199000E+01,0.00000000000000000E+00
2.09440000000000000E+02,0.00000000000000000E+00,4.46172298829924000E+01,0.00000000000000000E+00
2.09450000000000000E+02,0.00000000000000000E+00,4.46192391602962000E+01,0.00000000000000000E+00
2.09460000000000000E+02,0.00000000000000000E+00,4.46212378902894000E+01,0.00000000000000000E+00
2.09470000000000000E+02,0.00000000000000000E+00,4.46232261283382000E+01,0.00000000000000000E+00
2.09480000000000000E+02,0.00000000000000000E+00,4.46252039295179000E+01,0.00000000000000000E+00
2.09490000000000000E+02,0.00000000000000000E+00,4.46271713486149000E+01,0.00000000000000000E+00
2.09500000000000000E+02,0.00000000000000000E+00,4.46291284401279000E+01,0.00000000000000000E+00
2.09510000000000000E+02,0.00000000000000000E+00,4.46310752582695000E+01,0.00000000000000000E+00
2.09520000000000000E+02,0.00000000000000000E+00,4.46330118569678000E+01,0.00000000000000000E+00
2.09530000000000000E+02,0.00000000000000000E+00,4.46349382898678000E+01,0.00000000000000000E+00
2.09540000000000000E+02,0.00000000000000000E+00,4.46368546103329000E+01,0.00000000000000000E+00
2.09550000000000000E+02,0.00000000000000000E+00,4.46387608714463000E+01,0.00000000000000000E+00
2.09560000000000000E+02,0.00000000000000000E+00,4.46406571260126000E+01,0.00000000000000000E+00
2.09570000000000000E+02,0.00000000000000000E+00,4.46425434265593000E+01,0.00000000000000000E+00
2.09580000000000000E+02,0.00000000000000000E+00,4.46444198253381000E+01,0.00000000000000000E+00
2.09590000000000000E+02,0.00000000000000000E+00,4.46462863743263000E+01,0.00000000000000000E+00
2.09600000000000000E+02,0.00000000000000000E+00,4.46481431252285000E+01,0.00000000000000000E+00
2.09610000000000000E+02,0.00000000000000000E+00,4.46499901294779000E+01,0.00000000000000000E+00
2.09620000000000000E+02,0.00000000000000000E+00,4.46518274382376000E+01,0.00000000000000000E+00
2.09630000000000000E+02,0.00000000000000000E+00,4.46536551024022000E+01,0.00000000000000000E+00
2.09640000000000000E+02,0.00000000000000000E+00,4.46554731725992000E+01,0.00000000000000000E+00
2.09650000000000000E+02,0.00000000000000000E+00,4.46572816991901000E+01,0.00000000000000000E+00
2.09660000000000000E+02,0.00000000000000000E+00,4.46590807322724000E+01,0.00000000000000000E+00
2.09670000000000000E+02,0.00000000000000000E+00,4.46608703216803000E+01,0.00000000000000000E+00
2.09680000000000000E+02,0.00000000000000000E+00,4.46626505169866000E+01,0.00000000000000000E+00
2.09690000000000000E+02,0.00000000000000000E+00,4.46644213675037000E+01,0.00000000000000000E+00
2.09700000000000000E+02,0.00000000000000000E+00,4.46661829222854000E+01,0.00000000000000000E+00
2.09710000000000000E+02,0.00000000000000000E+00,4.46679352301278000E+01,0.00000000000000000E+00
2.09720000000000000E+02,0.00000000000000000E+00,4.46696783395709000E+01,0.00000000000000000E+00
2.09730000000000000E+02,0.00000000000000000E+00,4.46714122988998000E+01,0.00000000000000000E+00
2.09740000000000000E+02,0.00000000000000000E+00,4.46731371561465000E+01,0.00000000000000000E+00
2.09750000000000000E+02,0.00000000000000000E+00,4.46748529590904000E+01,0.00000000000000000E+00
2.09760000000000000E+02,0.00000000000000000E+00,4.46765597552603000E+01,0.00000000000000000E+00
2.09770000000000000E+02,0.00000000000000000E+00,4.46782575919357000E+01,0.00000000000000000E+00
2.09780000000000000E+02,0.00000000000000000E+00,4.46799465161475000E+01,0.00000000000000000E+00
2.09790000000000000E+02,0.00000000000000000E+00,4.46816265746801000E+01,0.00000000000000000E+00
2.09800000000000000E+02,0.00000000000000000E+00,4.46832978140721000E+01,0.00000000000000000E+00
2.09810000000000000E+02,0.00000000000000000E+00,4.46849602806178000E+01,0.00000000000000000E+00
2.09820000000000000E+02,0.00000000000000000E+00,4.46866140203687000E+01,0.00000000000000000E+00
2.09830000000000000E+02,0.00000000000000000E+00,4.46882590791343000E+01,0.00000000000000000E+00
2.09840000000000000E+02,0.00000000000000000E+00,4.46898955024837000E+01,0.00000000000000000E+00
2.09850000000000000E+02,0.00000000000000000E+00,4.46915233357470000E+01,0.00000000000000000E+00
2.09860000000000000E+02,0.00000000000000000E+00,4.46931426240161000E+01,0.00000000000000000E+00
2.09870000000000000E+02,0.00000000000000000E+00,4.46947534121462000E+01,0.00000000000000000E+00
2.09880000000000000E+02,0.00000000000000000E+00,4.46963557447573000E+01,0.00000000000000000E+00
2.09890000000000000E+02,0.00000000000000000E+00,4.46979496662349000E+01,0.00000000000000000E+00
2.09900000000000000E+02,0.00000000000000000E+00,4.46995352207316000E+01,0.00000000000000000E+00
2.09910000000000000E+02,0.00000000000000000E+00,4.47011124521683000E+01,0.00000000000000000E+00
2.09920000000000000E+02,0.00000000000000000E+00,4.47026814042352000E+01,0.00000000000000000E+00
2.09930000000000000E+02,0.00000000000000000E+00,4.47042421203933000E+01,0.00000000000000000E+00
2.09940000000000000E+02,0.00000000000000000E+00,4.47057946438754000E+01,0.00000000000000000E+00
2.09950000000000000E+02,0.00000000000000000E+00,4.47073390176874000E+01,0.00000000000000000E+00
2.09960000000000000E+02,0.00000000000000000E+00,4.47088752846093000E+01,0.00000000000000000E+00
2.09970000000000000E+02,0.00000000000000000E+00,4.47104034871967000E+01,0.00000000000000000E+00
2.09980000000000000E+02,0.00000000000000000E+00,4.47119236677818000E+01,0.00000000000000000E+00
2.09990000000000000E+02,0.00000000000000000E+00,4.47134358684745000E+01,0.00000000000000000E+00
2.10000000000000000E+02,0.00000000000000000E+00,4.47149401311636000E+01,0.00000000000000000E+00
2.10010000000000000E+02,0.00000000000000000E+00,4.47164364975183000E+01,0.00000000000000000E+00
2.10020000000000000E+02,0.00000000000000000E+00,4.47179250089888000E+01,0.00000000000000000E+00
2.10030000000000000E+02,0.00000000000000000E+00,4.47194057068077000E+01,0.00000000000000000E+00
2.10040000000000000E+02,0.00000000000000000E+00,4.47208786319913000E+01,0.00000000000000000E+00
2.10050000000000000E+02,0.00000000000000000E+00,4.47223438253405000E+01,0.00000000000000000E+00
2.10060000000000000E+02,0.00000000000000000E+00,4.47238013274422000E+01,0.00000000000000000E+00
2.10070000000000000E+02,0.00000000000000000E+00,4.47252511786700000E+01,0.00000000000000000E+00
2.10080000000000000E+02,0.00000000000000000E+00,4.47266934191856000E+01,0.00000000000000000E+00
2.10090000000000000E+02,0.00000000000000000E+00,4.47281280889401000E+01,0.00000000000000000E+00
2.10100000000000000E+02,0.00000000000000000E+00,4.47295552276747000E+01,0.00000000000000000E+00
2.10110000000000000E+02,0.00000000000000000E+00,4.47309748749220000E+01,0.00000000000000000E+00
2.10120000000000000E+02,0.00000000000000000E+00,4.47323870700071000E+01,0.00000000000000000E+00
2.10130000000000000E+02,0.00000000000000000E+00,4.47337918520487000E+01,0.00000000000000000E+00
2.10140000000000000E+02,0.00000000000000000E+00,4.47351892599601000E+01,0.00000000000000000E+00
2.10150000000000000E+02,0.00000000000000000E+00,4.47365793324504000E+01,0.00000000000000000E+00
2.10160000000000000E+02,0.00000000000000000E+00,4.47379621080254000E+01,0.00000000000000000E+00
2.10170000000000000E+02,0.00000000000000000E+00,4.47393376249889000E+01,0.00000000000000000E+00
2.10180000000000000E+02,0.00000000000000000E+00,4.47407059214436000E+01,0.00000000000000000E+00
2.10190000000000000E+02,0.00000000000000000E+00,4.47420670352920000E+01,0.00000000000000000E+00
2.10200000000000000E+02,0.00000000000000000E+00,4.47434210042380000E+01,0.00000000000000000E+00
2.10210000000000000E+02,0.00000000000000000E+00,4.47447678657873000E+01,0.00000000000000000E+00
2.10220000000000000E+02,0.00000000000000000E+00,4.47461076572487000E+01,0.00000000000000000E+00
2.10230000000000000E+02,0.00000000000000000E+00,4.47474404157354000E+01,0.00000000000000000E+00
2.10240000000000000E+02,0.00000000000000000E+00,4.47487661781656000E+01,0.00000000000000000E+00
2.10250000000000000E+02,0.00000000000000000E+00,4.47500849812636000E+01,0.00000000000000000E+00
2.10260000000000000E+02,0.00000000000000000E+00,4.47513968615612000E+01,0.00000000000000000E+00
2.10270000000000000E+02,0.00000000000000000E+00,4.47527018553983000E+01,0.00000000000000000E+00
2.10280000000000000E+02,0.00000000000000000E+00,4.47539999989239000E+01,0.00000000000000000E+00
2.10290000000000000E+02,0.00000000000000000E+00,4.47552913280976000E+01,0.00000000000000000E+00
2.10300000000000000E+02,0.00000000000000000E+00,4.47565758786898000E+01,0.00000000000000000E+00
2.10310000000000000E+02,0.00000000000000000E+00,4.47578536862834000E+01,0.00000000000000000E+00
2.10320000000000000E+02,0.00000000000000000E+00,4.47591247862746000E+01,0.00000000000000000E+00
2.10330000000000000E+02,0.00000000000000000E+00,4.47603892138735000E+01,0.00000000000000000E+00
2.10340000000000000E+02,0.00000000000000000E+00,4.47616470041056000E+01,0.00000000000000000E+00
2.10350000000000000E+02,0.00000000000000000E+00,4.47628981918124000E+01,0.00000000000000000E+00
2.10360000000000000E+02,0.00000000000000000E+00,4.47641428116526000E+01,0.00000000000000000E+00
2.10370000000000000E+02,0.00000000000000000E+00,4.47653808981030000E+01,0.00000000000000000E+00
2.10380000000000000E+02,0.00000000000000000E+00,4.47666124854592000E+01,0.00000000000000000E+00
2.10390000000000000E+02,0.00000000000000000E+00,4.47678376078372000E+01,0.00000000000000000E+00
2.10400000000000000E+02,0.00000000000000000E+00,4.47690562991734000E+01,0.00000000000000000E+00
2.10410000000000000E+02,0.00000000000000000E+00,4.47702685932264000E+01,0.00000000000000000E+00
2.10420000000000000E+02,0.00000000000000000E+00,4.47714745235775000E+01,0.00000000000000000E+00
2.10430000000000000E+02,0.00000000000000000E+00,4.47726741236317000E+01,0.00000000000000000E+00
2.10440000000000000E+02,0.00000000000000000E+00,4.47738674266186000E+01,0.00000000000000000E+00
2.10450000000000000E+02,0.00000000000000000E+00,4.47750544655936000E+01,0.00000000000000000E+00
2.10460000000000000E+02,0.00000000000000000E+00,4.47762352734383000E+01,0.00000000000000000E+00
2.10470000000000000E+02,0.00000000000000000E+00,4.47774098828617000E+01,0.00000000000000000E+00
2.10480000000000000E+02,0.00000000000000000E+00,4.47785783264014000E+01,0.00000000000000000E+00
2.10490000000000000E+02,0.00000000000000000E+00,4.47797406364240000E+01,0.00000000000000000E+00
2.10500000000000000E+02,0.00000000000000000E+00,4.47808968451260000E+01,0.00000000000000000E+00
2.10510000000000000E+02,0.00000000000000000E+00,4.47820469845353000E+01,0.00000000000000000E+00
2.10520000000000000E+02,0.00000000000000000E+00,4.47831910865114000E+01,0.00000000000000000E+00
2.10530000000000000E+02,0.00000000000000000E+00,4.47843291827466000E+01,0.00000000000000000E+00
2.10540000000000000E+02,0.00000000000000000E+00,4.47854613047670000E+01,0.00000000000000000E+00
2.10550000000000000E+02,0.00000000000000000E+00,4.47865874839329000E+01,0.00000000000000000E+00
2.10560000000000000E+02,0.00000000000000000E+00,4.47877077514403000E+01,0.00000000000000000E+00
2.10570000000000000E+02,0.00000000000000000E+00,4.47888221383212000E+01,0.00000000000000000E+00
2.10580000000000000E+02,0.00000000000000000E+00,4.47899306754448000E+01,0.00000000000000000E+00
2.10590000000000000E+02,0.00000000000000000E+00,4.47910333935184000E+01,0.00000000000000000E+00
2.10600000000000000E+02,0.00000000000000000E+00,4.47921303230878000E+01,0.00000000000000000E+00
2.10610000000000000E+02,0.00000000000000000E+00,4.47932214945388000E+01,0.00000000000000000E+00
2.10620000000000000E+02,0.00000000000000000E+00,4.47943069380974000E+01,0.00000000000000000E+00
2.10630000000000000E+02,0.00000000000000000E+00,4.47953866838311000E+01,0.00000000000000000E+00
2.10640000000000000E+02,0.00000000000000000E+00,4.47964607616495000E+01,0.00000000000000000E+00
2.10650000000000000E+02,0.00000000000000000E+00,4.47975292013052000E+01,0.00000000000000000E+00
2.10660000000000000E+02,0.00000000000000000E+00,4.47985920323947000E+01,0.00000000000000000E+00
2.10670000000000000E+02,0.00000000000000000E+00,4.47996492843591000E+01,0.00000000000000000E+00
2.10680000000000000E+02,0.00000000000000000E+00,4.48007009864848000E+01,0.00000000000000000E+00
2.10690000000000000E+02,0.00000000000000000E+00,4.48017471679048000E+01,0.00000000000000000E+00
2.10700000000000000E+02,0.00000000000000000E+00,4.48027878575987000E+01,0.00000000000000000E+00
2.10710000000000000E+02,0.00000000000000000E+00,4.48038230843945000E+01,0.00000000000000000E+00
2.10720000000000000E+02,0.00000000000000000E+00,4.48048528769685000E+01,0.00000000000000000E+00
2.10730000000000000E+02,0.00000000000000000E+00,4.48058772638467000E+01,0.00000000000000000E+00
2.10740000000000000E+02,0.00000000000000000E+00,4.48068962734051000E+01,0.00000000000000000E+00
2.10750000000000000E+02,0.00000000000000000E+00,4.48079099338709000E+01,0.00000000000000000E+00
2.10760000000000000E+02,0.00000000000000000E+00,4.48089182733232000E+01,0.00000000000000000E+00
2.10770000000000000E+02,0.00000000000000000E+00,4.48099213196937000E+01,0.00000000000000000E+00
2.10780000000000000E+02,0.00000000000000000E+00,4.48109191007672000E+01,0.00000000000000000E+00
2.10790000000000000E+02,0.00000000000000000E+00,4.48119116441830000E+01,0.00000000000000000E+00
2.10800000000000000E+02,0.00000000000000000E+00,4.48128989774351000E+01,0.00000000000000000E+00
2.10810000000000000E+02,0.00000000000000000E+00,4.48138811278734000E+01,0.00000000000000000E+00
2.10820000000000000E+02,0.00000000000000000E+00,4.48148581227038000E+01,0.00000000000000000E+00
2.10830000000000000E+02,0.00000000000000000E+00,4.48158299889898000E+01,0.00000000000000000E+00
2.10840000000000000E+02,0.00000000000000000E+00,4.48167967536528000E+01,0.00000000000000000E+00
2.10850000000000000E+02,0.00000000000000000E+00,4.48177584434726000E+01,0.00000000000000000E+00
2.10860000000000000E+02,0.00000000000000000E+00,4.48187150850887000E+01,0.00000000000000000E+00
2.10870000000000000E+02,0.00000000000000000E+00,4.48196667050007000E+01,0.00000000000000000E+00
2.10880000000000000E+02,0.00000000000000000E+00,4.48206133295689000E+01,0.00000000000000000E+00
2.10890000000000000E+02,0.00000000000000000E+00,4.48215549850156000E+01,0.00000000000000000E+00
2.10900000000000000E+02,0.00000000000000000E+00,4.48224916974251000E+01,0.00000000000000000E+00
2.10910000000000000E+02,0.00000000000000000E+00,4.48234234927449000E+01,0.00000000000000000E+00
2.10920000000000000E+02,0.00000000000000000E+00,4.48243503967863000E+01,0.00000000000000000E+00
2.10930000000000000E+02,0.00000000000000000E+00,4.48252724352253000E+01,0.00000000000000000E+00
2.10940000000000000E+02,0.00000000000000000E+00,4.48261896336027000E+01,0.00000000000000000E+00
2.10950000000000000E+02,0.00000000000000000E+00,4.48271020173255000E+01,0.00000000000000000E+00
2.10960000000000000E+02,0.00000000000000000E+00,4.48280096116675000E+01,0.00000000000000000E+00
2.10970000000000000E+02,0.00000000000000000E+00,4.48289124417694000E+01,0.00000000000000000E+00
2.10980000000000000E+02,0.00000000000000000E+00,4.48298105326402000E+01,0.00000000000000000E+00
2.10990000000000000E+02,0.00000000000000000E+00,4.48307039091576000E+01,0.00000000000000000E+00
2.11000000000000000E+02,0.00000000000000000E+00,4.48315925960687000E+01,0.00000000000000000E+00
2.11010000000000000E+02,0.00000000000000000E+00,4.48324766179907000E+01,0.00000000000000000E+00
2.11020000000000000E+02,0.00000000000000000E+00,4.48333559994114000E+01,0.00000000000000000E+00
2.11030000000000000E+02,0.00000000000000000E+00,4.48342307646904000E+01,0.00000000000000000E+00
2.11040000000000000E+02,0.00000000000000000E+00,4.48351009380591000E+01,0.00000000000000000E+00
2.11050000000000000E+02,0.00000000000000000E+00,4.48359665436220000E+01,0.00000000000000000E+00
2.11060000000000000E+02,0.00000000000000000E+00,4.48368276053567000E+01,0.00000000000000000E+00
2.11070000000000000E+02,0.00000000000000000E+00,4.48376841471153000E+01,0.00000000000000000E+00
2.11080000000000000E+02,0.00000000000000000E+00,4.48385361926245000E+01,0.00000000000000000E+00
2.11090000000000000E+02,0.00000000000000000E+00,4.48393837654864000E+01,0.00000000000000000E+00
2.11100000000000000E+02,0.00000000000000000E+00,4.48402268891794000E+01,0.00000000000000000E+00
2.11110000000000000E+02,0.00000000000000000E+00,4.48410655870585000E+01,0.00000000000000000E+00
2.11120000000000000E+02,0.00000000000000000E+00,4.48418998823562000E+01,0.00000000000000000E+00
2.11130000000000000E+02,0.00000000000000000E+00,4.48427297981829000E+01,0.00000000000000000E+00
2.11140000000000000E+02,0.00000000000000000E+00,4.48435553575279000E+01,0.00000000000000000E+00
2.11150000000000000E+02,0.00000000000000000E+00,4.48443765832596000E+01,0.00000000000000000E+00
2.11160000000000000E+02,0.00000000000000000E+00,4.48451934981265000E+01,0.00000000000000000E+00
2.11170000000000000E+02,0.00000000000000000E+00,4.48460061247577000E+01,0.00000000000000000E+00
2.11180000000000000E+02,0.00000000000000000E+00,4.48468144856633000E+01,0.00000000000000000E+00
2.11190000000000000E+02,0.00000000000000000E+00,4.48476186032356000E+01,0.00000000000000000E+00
2.11200000000000000E+02,0.00000000000000000E+00,4.48484184997490000E+01,0.00000000000000000E+00
2.11210000000000000E+02,0.00000000000000000E+00,4.48492141973612000E+01,0.00000000000000000E+00
2.11220000000000000E+02,0.00000000000000000E+00,4.48500057181135000E+01,0.00000000000000000E+00
2.11230000000000000E+02,0.00000000000000000E+00,4.48507930839315000E+01,0.00000000000000000E+00
2.11240000000000000E+02,0.00000000000000000E+00,4.48515763166257000E+01,0.00000000000000000E+00
2.11250000000000000E+02,0.00000000000000000E+00,4.48523554378922000E+01,0.00000000000000000E+00
2.11260000000000000E+02,0.00000000000000000E+00,4.48531304693132000E+01,0.00000000000000000E+00
2.11270000000000000E+02,0.00000000000000000E+00,4.48539014323573000E+01,0.00000000000000000E+00
2.11280000000000000E+02,0.00000000000000000E+00,4.48546683483809000E+01,0.00000000000000000E+00
2.11290000000000000E+02,0.00000000000000000E+00,4.48554312386279000E+01,0.00000000000000000E+00
2.11300000000000000E+02,0.00000000000000000E+00,4.48561901242309000E+01,0.00000000000000000E+00
2.11310000000000000E+02,0.00000000000000000E+00,4.48569450262115000E+01,0.00000000000000000E+00
2.11320000000000000E+02,0.00000000000000000E+00,4.48576959654809000E+01,0.00000000000000000E+00
2.11330000000000000E+02,0.00000000000000000E+00,4.48584429628407000E+01,0.00000000000000000E+00
2.11340000000000000E+02,0.00000000000000000E+00,4.48591860389830000E+01,0.00000000000000000E+00
2.11350000000000000E+02,0.00000000000000000E+00,4.48599252144916000E+01,0.00000000000000000E+00
2.11360000000000000E+02,0.00000000000000000E+00,4.48606605098421000E+01,0.00000000000000000E+00
2.11370000000000000E+02,0.00000000000000000E+00,4.48613919454027000E+01,0.00000000000000000E+00
2.11380000000000000E+02,0.00000000000000000E+00,4.48621195414345000E+01,0.00000000000000000E+00
2.11390000000000000E+02,0.00000000000000000E+00,4.48628433180924000E+01,0.00000000000000000E+00
2.11400000000000000E+02,0.00000000000000000E+00,4.48635632954254000E+01,0.00000000000000000E+00
2.11410000000000000E+02,0.00000000000000000E+00,4.48642794933775000E+01,0.00000000000000000E+00
2.11420000000000000E+02,0.00000000000000000E+00,4.48649919317876000E+01,0.00000000000000000E+00
2.11430000000000000E+02,0.00000000000000000E+00,4.48657006303908000E+01,0.00000000000000000E+00
2.11440000000000000E+02,0.00000000000000000E+00,4.48664056088185000E+01,0.00000000000000000E+00
2.11450000000000000E+02,0.00000000000000000E+00,4.48671068865991000E+01,0.00000000000000000E+00
2.11460000000000000E+02,0.00000000000000000E+00,4.48678044831583000E+01,0.00000000000000000E+00
2.11470000000000000E+02,0.00000000000000000E+00,4.48684984178199000E+01,0.00000000000000000E+00
2.11480000000000000E+02,0.00000000000000000E+00,4.48691887098066000E+01,0.00000000000000000E+00
2.11490000000000000E+02,0.00000000000000000E+00,4.48698753782396000E+01,0.00000000000000000E+00
2.11500000000000000E+02,0.00000000000000000E+00,4.48705584421402000E+01,0.00000000000000000E+00
2.11510000000000000E+02,0.00000000000000000E+00,4.48712379204297000E+01,0.00000000000000000E+00
2.11520000000000000E+02,0.00000000000000000E+00,4.48719138319300000E+01,0.00000000000000000E+00
2.11530000000000000E+02,0.00000000000000000E+00,4.48725861953643000E+01,0.00000000000000000E+00
2.11540000000000000E+02,0.00000000000000000E+00,4.48732550293576000E+01,0.00000000000000000E+00
2.11550000000000000E+02,0.00000000000000000E+00,4.48739203524368000E+01,0.00000000000000000E+00
2.11560000000000000E+02,0.00000000000000000E+00,4.48745821830318000E+01,0.00000000000000000E+00
2.11570000000000000E+02,0.00000000000000000E+00,4.48752405394759000E+01,0.00000000000000000E+00
2.11580000000000000E+02,0.00000000000000000E+00,4.48758954400058000E+01,0.00000000000000000E+00
2.11590000000000000E+02,0.00000000000000000E+00,4.48765469027627000E+01,0.00000000000000000E+00
2.11600000000000000E+02,0.00000000000000000E+00,4.48771949457925000E+01,0.00000000000000000E+00
2.11610000000000000E+02,0.00000000000000000E+00,4.48778395870465000E+01,0.00000000000000000E+00
2.11620000000000000E+02,0.00000000000000000E+00,4.48784808443815000E+01,0.00000000000000000E+00
2.11630000000000000E+02,0.00000000000000000E+00,4.48791187355609000E+01,0.00000000000000000E+00
2.11640000000000000E+02,0.00000000000000000E+00,4.48797532782545000E+01,0.00000000000000000E+00
2.11650000000000000E+02,0.00000000000000000E+00,4.48803844900397000E+01,0.00000000000000000E+00
2.11660000000000000E+02,0.00000000000000000E+00,4.48810123884013000E+01,0.00000000000000000E+00
2.11670000000000000E+02,0.00000000000000000E+00,4.48816369907325000E+01,0.00000000000000000E+00
2.11680000000000000E+02,0.00000000000000000E+00,4.48822583143353000E+01,0.00000000000000000E+00
2.11690000000000000E+02,0.00000000000000000E+00,4.48828763764206000E+01,0.00000000000000000E+00
2.11700000000000000E+02,0.00000000000000000E+00,4.48834911941091000E+01,0.00000000000000000E+00
2.11710000000000000E+02,0.00000000000000000E+00,4.48841027844318000E+01,0.00000000000000000E+00
2.11720000000000000E+02,0.00000000000000000E+00,4.48847111643300000E+01,0.00000000000000000E+00
2.11730000000000000E+02,0.00000000000000000E+00,4.48853163506562000E+01,0.00000000000000000E+00
2.11740000000000000E+02,0.00000000000000000E+00,4.48859183601744000E+01,0.00000000000000000E+00
2.11750000000000000E+02,0.00000000000000000E+00,4.48865172095608000E+01,0.00000000000000000E+00
2.11760000000000000E+02,0.00000000000000000E+00,4.48871129154037000E+01,0.00000000000000000E+00
2.11770000000000000E+02,0.00000000000000000E+00,4.48877054942046000E+01,0.00000000000000000E+00
2.11780000000000000E+02,0.00000000000000000E+00,4.48882949623783000E+01,0.00000000000000000E+00
2.11790000000000000E+02,0.00000000000000000E+00,4.48888813362535000E+01,0.00000000000000000E+00
2.11800000000000000E+02,0.00000000000000000E+00,4.48894646320730000E+01,0.00000000000000000E+00
2.11810000000000000E+02,0.00000000000000000E+00,4.48900448659946000E+01,0.00000000000000000E+00
2.11820000000000000E+02,0.00000000000000000E+00,4.48906220540910000E+01,0.00000000000000000E+00
2.11830000000000000E+02,0.00000000000000000E+00,4.48911962123507000E+01,0.00000000000000000E+00
2.11840000000000000E+02,0.00000000000000000E+00,4.48917673566782000E+01,0.00000000000000000E+00
2.11850000000000000E+02,0.00000000000000000E+00,4.48923355028947000E+01,0.00000000000000000E+00
2.11860000000000000E+02,0.00000000000000000E+00,4.48929006667380000E+01,0.00000000000000000E+00
2.11870000000000000E+02,0.00000000000000000E+00,4.48934628638637000E+01,0.00000000000000000E+00
2.11880000000000000E+02,0.00000000000000000E+00,4.48940221098449000E+01,0.00000000000000000E+00
2.11890000000000000E+02,0.00000000000000000E+00,4.48945784201730000E+01,0.00000000000000000E+00
2.11900000000000000E+02,0.00000000000000000E+00,4.48951318102582000E+01,0.00000000000000000E+00
2.11910000000000000E+02,0.00000000000000000E+00,4.48956822954298000E+01,0.00000000000000000E+00
2.11920000000000000E+02,0.00000000000000000E+00,4.48962298909365000E+01,0.00000000000000000E+00
2.11930000000000000E+02,0.00000000000000000E+00,4.48967746119471000E+01,0.00000000000000000E+00
2.11940000000000000E+02,0.00000000000000000E+00,4.48973164735506000E+01,0.00000000000000000E+00
2.11950000000000000E+02,0.00000000000000000E+00,4.48978554907570000E+01,0.00000000000000000E+00
2.11960000000000000E+02,0.00000000000000000E+00,4.48983916784974000E+01,0.00000000000000000E+00
2.11970000000000000E+02,0.00000000000000000E+00,4.48989250516245000E+01,0.00000000000000000E+00
2.11980000000000000E+02,0.00000000000000000E+00,4.48994556249131000E+01,0.00000000000000000E+00
2.11990000000000000E+02,0.00000000000000000E+00,4.48999834130603000E+01,0.00000000000000000E+00
2.12000000000000000E+02,0.00000000000000000E+00,4.49005084306863000E+01,0.00000000000000000E+00
2.12010000000000000E+02,0.00000000000000000E+00,4.49010306923344000E+01,0.00000000000000000E+00
2.12020000000000000E+02,0.00000000000000000E+00,4.49015502124715000E+01,0.00000000000000000E+00
2.12030000000000000E+02,0.00000000000000000E+00,4.49020670054886000E+01,0.00000000000000000E+00
2.12040000000000000E+02,0.00000000000000000E+00,4.49025810857013000E+01,0.00000000000000000E+00
2.12050000000000000E+02,0.00000000000000000E+00,4.49030924673499000E+01,0.00000000000000000E+00
2.12060000000000000E+02,0.00000000000000000E+00,4.49036011645999000E+01,0.00000000000000000E+00
2.12070000000000000E+02,0.00000000000000000E+00,4.49041071915426000E+01,0.00000000000000000E+00
2.12080000000000000E+02,0.00000000000000000E+00,4.49046105621953000E+01,0.00000000000000000E+00
2.12090000000000000E+02,0.00000000000000000E+00,4.49051112905016000E+01,0.00000000000000000E+00
2.12100000000000000E+02,0.00000000000000000E+00,4.49056093903321000E+01,0.00000000000000000E+00
2.12110000000000000E+02,0.00000000000000000E+00,4.49061048754843000E+01,0.00000000000000000E+00
2.12120000000000000E+02,0.00000000000000000E+00,4.49065977596836000E+01,0.00000000000000000E+00
2.12130000000000000E+02,0.00000000000000000E+00,4.49070880565831000E+01,0.00000000000000000E+00
2.12140000000000000E+02,0.00000000000000000E+00,4.49075757797643000E+01,0.00000000000000000E+00
2.12150000000000000E+02,0.00000000000000000E+00,4.49080609427376000E+01,0.00000000000000000E+00
2.12160000000000000E+02,0.00000000000000000E+00,4.49085435589421000E+01,0.00000000000000000E+00
2.12170000000000000E+02,0.00000000000000000E+00,4.49090236417467000E+01,0.00000000000000000E+00
2.12180000000000000E+02,0.00000000000000000E+00,4.49095012044500000E+01,0.00000000000000000E+00
2.12190000000000000E+02,0.00000000000000000E+00,4.49099762602808000E+01,0.00000000000000000E+00
2.12200000000000000E+02,0.00000000000000000E+00,4.49104488223983000E+01,0.00000000000000000E+00
2.12210000000000000E+02,0.00000000000000000E+00,4.49109189038929000E+01,0.00000000000000000E+00
2.12220000000000000E+02,0.00000000000000000E+00,4.49113865177860000E+01,0.00000000000000000E+00
2.12230000000000000E+02,0.00000000000000000E+00,4.49118516770310000E+01,0.00000000000000000E+00
2.12240000000000000E+02,0.00000000000000000E+00,4.49123143945129000E+01,0.00000000000000000E+00
2.12250000000000000E+02,0.00000000000000000E+00,4.49127746830494000E+01,0.00000000000000000E+00
2.12260000000000000E+02,0.00000000000000000E+00,4.49132325553907000E+01,0.00000000000000000E+00
2.12270000000000000E+02,0.00000000000000000E+00,4.49136880242202000E+01,0.00000000000000000E+00
2.12280000000000000E+02,0.00000000000000000E+00,4.49141411021547000E+01,0.00000000000000000E+00
2.12290000000000000E+02,0.00000000000000000E+00,4.49145918017446000E+01,0.00000000000000000E+00
2.12300000000000000E+02,0.00000000000000000E+00,4.49150401354746000E+01,0.00000000000000000E+00
2.12310000000000000E+02,0.00000000000000000E+00,4.49154861157640000E+01,0.00000000000000000E+00
2.12320000000000000E+02,0.00000000000000000E+00,4.49159297549664000E+01,0.00000000000000000E+00
2.12330000000000000E+02,0.00000000000000000E+00,4.49163710653712000E+01,0.00000000000000000E+00
2.12340000000000000E+02,0.00000000000000000E+00,4.49168100592028000E+01,0.00000000000000000E+00
2.12350000000000000E+02,0.00000000000000000E+00,4.49172467486216000E+01,0.00000000000000000E+00
2.12360000000000000E+02,0.00000000000000000E+00,4.49176811457243000E+01,0.00000000000000000E+00
2.12370000000000000E+02,0.00000000000000000E+00,4.49181132625438000E+01,0.00000000000000000E+00
2.12380000000000000E+02,0.00000000000000000E+00,4.49185431110501000E+01,0.00000000000000000E+00
2.12390000000000000E+02,0.00000000000000000E+00,4.49189707031502000E+01,0.00000000000000000E+00
2.12400000000000000E+02,0.00000000000000000E+00,4.49193960506888000E+01,0.00000000000000000E+00
2.12410000000000000E+02,0.00000000000000000E+00,4.49198191654481000E+01,0.00000000000000000E+00
2.12420000000000000E+02,0.00000000000000000E+00,4.49202400591488000E+01,0.00000000000000000E+00
2.12430000000000000E+02,0.00000000000000000E+00,4.49206587434499000E+01,0.00000000000000000E+00
2.12440000000000000E+02,0.00000000000000000E+00,4.49210752299491000E+01,0.00000000000000000E+00
2.12450000000000000E+02,0.00000000000000000E+00,4.49214895301834000E+01,0.00000000000000000E+00
2.12460000000000000E+02,0.00000000000000000E+00,4.49219016556292000E+01,0.00000000000000000E+00
2.12470000000000000E+02,0.00000000000000000E+00,4.49223116177026000E+01,0.00000000000000000E+00
2.12480000000000000E+02,0.00000000000000000E+00,4.49227194277598000E+01,0.00000000000000000E+00
2.12490000000000000E+02,0.00000000000000000E+00,4.49231250970974000E+01,0.00000000000000000E+00
2.12500000000000000E+02,0.00000000000000000E+00,4.49235286369527000E+01,0.00000000000000000E+00
2.12510000000000000E+02,0.00000000000000000E+00,4.49239300585040000E+01,0.00000000000000000E+00
2.12520000000000000E+02,0.00000000000000000E+00,4.49243293728710000E+01,0.00000000000000000E+00
2.12530000000000000E+02,0.00000000000000000E+00,4.49247265911147000E+01,0.00000000000000000E+00
2.12540000000000000E+02,0.00000000000000000E+00,4.49251217242386000E+01,0.00000000000000000E+00
2.12550000000000000E+02,0.00000000000000000E+00,4.49255147831879000E+01,0.00000000000000000E+00
2.12560000000000000E+02,0.00000000000000000E+00,4.49259057788507000E+01,0.00000000000000000E+00
2.12570000000000000E+02,0.00000000000000000E+00,4.49262947220579000E+01,0.00000000000000000E+00
2.12580000000000000E+02,0.00000000000000000E+00,4.49266816235832000E+01,0.00000000000000000E+00
2.12590000000000000E+02,0.00000000000000000E+00,4.49270664941443000E+01,0.00000000000000000E+00
2.12600000000000000E+02,0.00000000000000000E+00,4.49274493444021000E+01,0.00000000000000000E+00
2.12610000000000000E+02,0.00000000000000000E+00,4.49278301849620000E+01,0.00000000000000000E+00
2.12620000000000000E+02,0.00000000000000000E+00,4.49282090263734000E+01,0.00000000000000000E+00
2.12630000000000000E+02,0.00000000000000000E+00,4.49285858791305000E+01,0.00000000000000000E+00
2.12640000000000000E+02,0.00000000000000000E+00,4.49289607536723000E+01,0.00000000000000000E+00
2.12650000000000000E+02,0.00000000000000000E+00,4.49293336603831000E+01,0.00000000000000000E+00
2.12660000000000000E+02,0.00000000000000000E+00,4.49297046095926000E+01,0.00000000000000000E+00
2.12670000000000000E+02,0.00000000000000000E+00,4.49300736115764000E+01,0.00000000000000000E+00
2.12680000000000000E+02,0.00000000000000000E+00,4.49304406765560000E+01,0.00000000000000000E+00
2.12690000000000000E+02,0.00000000000000000E+00,4.49308058146994000E+01,0.00000000000000000E+00
2.12700000000000000E+02,0.00000000000000000E+00,4.49311690361211000E+01,0.00000000000000000E+00
2.12710000000000000E+02,0.00000000000000000E+00,4.49315303508825000E+01,0.00000000000000000E+00
2.12720000000000000E+02,0.00000000000000000E+00,4.49318897689924000E+01,0.00000000000000000E+00
2.12730000000000000E+02,0.00000000000000000E+00,4.49322473004068000E+01,0.00000000000000000E+00
2.12740000000000000E+02,0.00000000000000000E+00,4.49326029550295000E+01,0.00000000000000000E+00
2.12750000000000000E+02,0.00000000000000000E+00,4.49329567427124000E+01,0.00000000000000000E+00
2.12760000000000000E+02,0.00000000000000000E+00,4.49333086732558000E+01,0.00000000000000000E+00
2.12770000000000000E+02,0.00000000000000000E+00,4.49336587564081000E+01,0.00000000000000000E+00
2.12780000000000000E+02,0.00000000000000000E+00,4.49340070018670000E+01,0.00000000000000000E+00
2.12790000000000000E+02,0.00000000000000000E+00,4.49343534192791000E+01,0.00000000000000000E+00
2.12800000000000000E+02,0.00000000000000000E+00,4.49346980182403000E+01,0.00000000000000000E+00
2.12810000000000000E+02,0.00000000000000000E+00,4.49350408082963000E+01,0.00000000000000000E+00
2.12820000000000000E+02,0.00000000000000000E+00,4.49353817989425000E+01,0.00000000000000000E+00
2.12830000000000000E+02,0.00000000000000000E+00,4.49357209996247000E+01,0.00000000000000000E+00
2.12840000000000000E+02,0.00000000000000000E+00,4.49360584197388000E+01,0.00000000000000000E+00
2.12850000000000000E+02,0.00000000000000000E+00,4.49363940686316000E+01,0.00000000000000000E+00
2.12860000000000000E+02,0.00000000000000000E+00,4.49367279556009000E+01,0.00000000000000000E+00
2.12870000000000000E+02,0.00000000000000000E+00,4.49370600898954000E+01,0.00000000000000000E+00
2.12880000000000000E+02,0.00000000000000000E+00,4.49373904807155000E+01,0.00000000000000000E+00
2.12890000000000000E+02,0.00000000000000000E+00,4.49377191372133000E+01,0.00000000000000000E+00
2.12900000000000000E+02,0.00000000000000000E+00,4.49380460684926000E+01,0.00000000000000000E+00
2.12910000000000000E+02,0.00000000000000000E+00,4.49383712836098000E+01,0.00000000000000000E+00
2.12920000000000000E+02,0.00000000000000000E+00,4.49386947915735000E+01,0.00000000000000000E+00
2.12930000000000000E+02,0.00000000000000000E+00,4.49390166013450000E+01,0.00000000000000000E+00
2.12940000000000000E+02,0.00000000000000000E+00,4.49393367218387000E+01,0.00000000000000000E+00
2.12950000000000000E+02,0.00000000000000000E+00,4.49396551619221000E+01,0.00000000000000000E+00
2.12960000000000000E+02,0.00000000000000000E+00,4.49399719304162000E+01,0.00000000000000000E+00
2.12970000000000000E+02,0.00000000000000000E+00,4.49402870360956000E+01,0.00000000000000000E+00
2.12980000000000000E+02,0.00000000000000000E+00,4.49406004876891000E+01,0.00000000000000000E+00
2.12990000000000000E+02,0.00000000000000000E+00,4.49409122938794000E+01,0.00000000000000000E+00
2.13000000000000000E+02,0.00000000000000000E+00,4.49412224633037000E+01,0.00000000000000000E+00
2.13010000000000000E+02,0.00000000000000000E+00,4.49415310045540000E+01,0.00000000000000000E+00
2.13020000000000000E+02,0.00000000000000000E+00,4.49418379261769000E+01,0.00000000000000000E+00
2.13030000000000000E+02,0.00000000000000000E+00,4.49421432366745000E+01,0.00000000000000000E+00
2.13040000000000000E+02,0.00000000000000000E+00,4.49424469445039000E+01,0.00000000000000000E+00
2.13050000000000000E+02,0.00000000000000000E+00,4.49427490580782000E+01,0.00000000000000000E+00
2.13060000000000000E+02,0.00000000000000000E+00,4.49430495857660000E+01,0.00000000000000000E+00
2.13070000000000000E+02,0.00000000000000000E+00,4.49433485358921000E+01,0.00000000000000000E+00
2.13080000000000000E+02,0.00000000000000000E+00,4.49436459167377000E+01,0.00000000000000000E+00
2.13090000000000000E+02,0.00000000000000000E+00,4.49439417365403000E+01,0.00000000000000000E+00
2.13100000000000000E+02,0.00000000000000000E+00,4.49442360034944000E+01,0.00000000000000000E+00
2.13110000000000000E+02,0.00000000000000000E+00,4.49445287257514000E+01,0.00000000000000000E+00
2.13120000000000000E+02,0.00000000000000000E+00,4.49448199114198000E+01,0.00000000000000000E+00
2.13130000000000000E+02,0.00000000000000000E+00,4.49451095685656000E+01,0.00000000000000000E+00
2.13140000000000000E+02,0.00000000000000000E+00,4.49453977052126000E+01,0.00000000000000000E+00
2.13150000000000000E+02,0.00000000000000000E+00,4.49456843293422000E+01,0.00000000000000000E+00
2.13160000000000000E+02,0.00000000000000000E+00,4.49459694488943000E+01,0.00000000000000000E+00
2.13170000000000000E+02,0.00000000000000000E+00,4.49462530717667000E+01,0.00000000000000000E+00
2.13180000000000000E+02,0.00000000000000000E+00,4.49465352058159000E+01,0.00000000000000000E+00
2.13190000000000000E+02,0.00000000000000000E+00,4.49468158588573000E+01,0.00000000000000000E+00
2.13200000000000000E+02,0.00000000000000000E+00,4.49470950386652000E+01,0.00000000000000000E+00
2.13210000000000000E+02,0.00000000000000000E+00,4.49473727529729000E+01,0.00000000000000000E+00
2.13220000000000000E+02,0.00000000000000000E+00,4.49476490094734000E+01,0.00000000000000000E+00
2.13230000000000000E+02,0.00000000000000000E+00,4.49479238158191000E+01,0.00000000000000000E+00
2.13240000000000000E+02,0.00000000000000000E+00,4.49481971796223000E+01,0.00000000000000000E+00
2.13250000000000000E+02,0.00000000000000000E+00,4.49484691084554000E+01,0.00000000000000000E+00
2.13260000000000000E+02,0.00000000000000000E+00,4.49487396098509000E+01,0.00000000000000000E+00
2.13270000000000000E+02,0.00000000000000000E+00,4.49490086913020000E+01,0.00000000000000000E+00
2.13280000000000000E+02,0.00000000000000000E+00,4.49492763602623000E+01,0.00000000000000000E+00
2.13290000000000000E+02,0.00000000000000000E+00,4.49495426241464000E+01,0.00000000000000000E+00
2.13300000000000000E+02,0.00000000000000000E+00,4.49498074903301000E+01,0.00000000000000000E+00
2.13310000000000000E+02,0.00000000000000000E+00,4.49500709661502000E+01,0.00000000000000000E+00
2.13320000000000000E+02,0.00000000000000000E+00,4.49503330589053000E+01,0.00000000000000000E+00
2.13330000000000000E+02,0.00000000000000000E+00,4.49505937758553000E+01,0.00000000000000000E+00
2.13340000000000000E+02,0.00000000000000000E+00,4.49508531242225000E+01,0.00000000000000000E+00
2.13350000000000000E+02,0.00000000000000000E+00,4.49511111111908000E+01,0.00000000000000000E+00
2.13360000000000000E+02,0.00000000000000000E+00,4.49513677439067000E+01,0.00000000000000000E+00
2.13370000000000000E+02,0.00000000000000000E+00,4.49516230294790000E+01,0.00000000000000000E+00
2.13380000000000000E+02,0.00000000000000000E+00,4.49518769749794000E+01,0.00000000000000000E+00
2.13390000000000000E+02,0.00000000000000000E+00,4.49521295874423000E+01,0.00000000000000000E+00
2.13400000000000000E+02,0.00000000000000000E+00,4.49523808738651000E+01,0.00000000000000000E+00
2.13410000000000000E+02,0.00000000000000000E+00,4.49526308412087000E+01,0.00000000000000000E+00
2.13420000000000000E+02,0.00000000000000000E+00,4.49528794963974000E+01,0.00000000000000000E+00
2.13430000000000000E+02,0.00000000000000000E+00,4.49531268463190000E+01,0.00000000000000000E+00
2.13440000000000000E+02,0.00000000000000000E+00,4.49533728978253000E+01,0.00000000000000000E+00
2.13450000000000000E+02,0.00000000000000000E+00,4.49536176577320000E+01,0.00000000000000000E+00
2.13460000000000000E+02,0.00000000000000000E+00,4.49538611328192000E+01,0.00000000000000000E+00
2.13470000000000000E+02,0.00000000000000000E+00,4.49541033298313000E+01,0.00000000000000000E+00
2.13480000000000000E+02,0.00000000000000000E+00,4.49543442554772000E+01,0.00000000000000000E+00
2.13490000000000000E+02,0.00000000000000000E+00,4.49545839164308000E+01,0.00000000000000000E+00
2.13500000000000000E+02,0.00000000000000000E+00,4.49548223193309000E+01,0.00000000000000000E+00
2.13510000000000000E+02,0.00000000000000000E+00,4.49550594707812000E+01,0.00000000000000000E+00
2.13520000000000000E+02,0.00000000000000000E+00,4.49552953773512000E+01,0.00000000000000000E+00
2.13530000000000000E+02,0.00000000000000000E+00,4.49555300455754000E+01,0.00000000000000000E+00
2.13540000000000000E+02,0.00000000000000000E+00,4.49557634819545000E+01,0.00000000000000000E+00
2.13550000000000000E+02,0.00000000000000000E+00,4.49559956929547000E+01,0.00000000000000000E+00
2.13560000000000000E+02,0.00000000000000000E+00,4.49562266850083000E+01,0.00000000000000000E+00
2.13570000000000000E+02,0.00000000000000000E+00,4.49564564645141000E+01,0.00000000000000000E+00
2.13580000000000000E+02,0.00000000000000000E+00,4.49566850378371000E+01,0.00000000000000000E+00
2.13590000000000000E+02,0.00000000000000000E+00,4.49569124113089000E+01,0.00000000000000000E+00
2.13600000000000000E+02,0.00000000000000000E+00,4.49571385912278000E+01,0.00000000000000000E+00
2.13610000000000000E+02,0.00000000000000000E+00,4.49573635838592000E+01,0.00000000000000000E+00
2.13620000000000000E+02,0.00000000000000000E+00,4.49575873954355000E+01,0.00000000000000000E+00
2.13630000000000000E+02,0.00000000000000000E+00,4.49578100321565000E+01,0.00000000000000000E+00
2.13640000000000000E+02,0.00000000000000000E+00,4.49580315001893000E+01,0.00000000000000000E+00
2.13650000000000000E+02,0.00000000000000000E+00,4.49582518056688000E+01,0.00000000000000000E+00
2.13660000000000000E+02,0.00000000000000000E+00,4.49584709546975000E+01,0.00000000000000000E+00
2.13670000000000000E+02,0.00000000000000000E+00,4.49586889533459000E+01,0.00000000000000000E+00
2.13680000000000000E+02,0.00000000000000000E+00,4.49589058076528000E+01,0.00000000000000000E+00
2.13690000000000000E+02,0.00000000000000000E+00,4.49591215236252000E+01,0.00000000000000000E+00
2.13700000000000000E+02,0.00000000000000000E+00,4.49593361072386000E+01,0.00000000000000000E+00
2.13710000000000000E+02,0.00000000000000000E+00,4.49595495644370000E+01,0.00000000000000000E+00
2.13720000000000000E+02,0.00000000000000000E+00,4.49597619011333000E+01,0.00000000000000000E+00
2.13730000000000000E+02,0.00000000000000000E+00,4.49599731232095000E+01,0.00000000000000000E+00
2.13740000000000000E+02,0.00000000000000000E+00,4.49601832365164000E+01,0.00000000000000000E+00
2.13750000000000000E+02,0.00000000000000000E+00,4.49603922468744000E+01,0.00000000000000000E+00
2.13760000000000000E+02,0.00000000000000000E+00,4.49606001600731000E+01,0.00000000000000000E+00
2.13770000000000000E+02,0.00000000000000000E+00,4.49608069818719000E+01,0.00000000000000000E+00
2.13780000000000000E+02,0.00000000000000000E+00,4.49610127179999000E+01,0.00000000000000000E+00
2.13790000000000000E+02,0.00000000000000000E+00,4.49612173741562000E+01,0.00000000000000000E+00
2.13800000000000000E+02,0.00000000000000000E+00,4.49614209560097000E+01,0.00000000000000000E+00
2.13810000000000000E+02,0.00000000000000000E+00,4.49616234691998000E+01,0.00000000000000000E+00
2.13820000000000000E+02,0.00000000000000000E+00,4.49618249193364000E+01,0.00000000000000000E+00
2.13830000000000000E+02,0.00000000000000000E+00,4.49620253119996000E+01,0.00000000000000000E+00
2.13840000000000000E+02,0.00000000000000000E+00,4.49622246527405000E+01,0.00000000000000000E+00
2.13850000000000000E+02,0.00000000000000000E+00,4.49624229470809000E+01,0.00000000000000000E+00
2.13860000000000000E+02,0.00000000000000000E+00,4.49626202005138000E+01,0.00000000000000000E+00
2.13870000000000000E+02,0.00000000000000000E+00,4.49628164185031000E+01,0.00000000000000000E+00
2.13880000000000000E+02,0.00000000000000000E+00,4.49630116064842000E+01,0.00000000000000000E+00
2.13890000000000000E+02,0.00000000000000000E+00,4.49632057698640000E+01,0.00000000000000000E+00
2.13900000000000000E+02,0.00000000000000000E+00,4.49633989140208000E+01,0.00000000000000000E+00
2.13910000000000000E+02,0.00000000000000000E+00,4.49635910443050000E+01,0.00000000000000000E+00
2.13920000000000000E+02,0.00000000000000000E+00,4.49637821660386000E+01,0.00000000000000000E+00
2.13930000000000000E+02,0.00000000000000000E+00,4.49639722845158000E+01,0.00000000000000000E+00
2.13940000000000000E+02,0.00000000000000000E+00,4.49641614050030000E+01,0.00000000000000000E+00
2.13950000000000000E+02,0.00000000000000000E+00,4.49643495327390000E+01,0.00000000000000000E+00
2.13960000000000000E+02,0.00000000000000000E+00,4.49645366729351000E+01,0.00000000000000000E+00
2.13970000000000000E+02,0.00000000000000000E+00,4.49647228307751000E+01,0.00000000000000000E+00
2.13980000000000000E+02,0.00000000000000000E+00,4.49649080114156000E+01,0.00000000000000000E+00
2.13990000000000000E+02,0.00000000000000000E+00,4.49650922199865000E+01,0.00000000000000000E+00
2.14000000000000000E+02,0.00000000000000000E+00,4.49652754615902000E+01,0.00000000000000000E+00
2.14010000000000000E+02,0.00000000000000000E+00,4.49654577413028000E+01,0.00000000000000000E+00
2.14020000000000000E+02,0.00000000000000000E+00,4.49656390641734000E+01,0.00000000000000000E+00
2.14030000000000000E+02,0.00000000000000000E+00,4.49658194352250000E+01,0.00000000000000000E+00
2.14040000000000000E+02,0.00000000000000000E+00,4.49659988594537000E+01,0.00000000000000000E+00
2.14050000000000000E+02,0.00000000000000000E+00,4.49661773418298000E+01,0.00000000000000000E+00
2.14060000000000000E+02,0.00000000000000000E+00,4.49663548872975000E+01,0.00000000000000000E+00
2.14070000000000000E+02,0.00000000000000000E+00,4.49665315007747000E+01,0.00000000000000000E+00
2.14080000000000000E+02,0.00000000000000000E+00,4.49667071871538000E+01,0.00000000000000000E+00
2.14090000000000000E+02,0.00000000000000000E+00,4.49668819513014000E+01,0.00000000000000000E+00
2.14100000000000000E+02,0.00000000000000000E+00,4.49670557980586000E+01,0.00000000000000000E+00
2.14110000000000000E+02,0.00000000000000000E+00,4.49672287322410000E+01,0.00000000000000000E+00
2.14120000000000000E+02,0.00000000000000000E+00,4.49674007586391000E+01,0.00000000000000000E+00
2.14130000000000000E+02,0.00000000000000000E+00,4.49675718820181000E+01,0.00000000000000000E+00
2.14140000000000000E+02,0.00000000000000000E+00,4.49677421071181000E+01,0.00000000000000000E+00
2.14150000000000000E+02,0.00000000000000000E+00,4.49679114386546000E+01,0.00000000000000000E+00
2.14160000000000000E+02,0.00000000000000000E+00,4.49680798813181000E+01,0.00000000000000000E+00
2.14170000000000000E+02,0.00000000000000000E+00,4.49682474397746000E+01,0.00000000000000000E+00
2.14180000000000000E+02,0.00000000000000000E+00,4.49684141186656000E+01,0.00000000000000000E+00
2.14190000000000000E+02,0.00000000000000000E+00,4.49685799226081000E+01,0.00000000000000000E+00
2.14200000000000000E+02,0.00000000000000000E+00,4.49687448561951000E+01,0.00000000000000000E+00
2.14210000000000000E+02,0.00000000000000000E+00,4.49689089239953000E+01,0.00000000000000000E+00
2.14220000000000000E+02,0.00000000000000000E+00,4.49690721305534000E+01,0.00000000000000000E+00
2.14230000000000000E+02,0.00000000000000000E+00,4.49692344803905000E+01,0.00000000000000000E+00
2.14240000000000000E+02,0.00000000000000000E+00,4.49693959780037000E+01,0.00000000000000000E+00
2.14250000000000000E+02,0.00000000000000000E+00,4.49695566278665000E+01,0.00000000000000000E+00
2.14260000000000000E+02,0.00000000000000000E+00,4.49697164344292000E+01,0.00000000000000000E+00
2.14270000000000000E+02,0.00000000000000000E+00,4.49698754021183000E+01,0.00000000000000000E+00
2.14280000000000000E+02,0.00000000000000000E+00,4.49700335353375000E+01,0.00000000000000000E+00
2.14290000000000000E+02,0.00000000000000000E+00,4.49701908384671000E+01,0.00000000000000000E+00
2.14300000000000000E+02,0.00000000000000000E+00,4.49703473158645000E+01,0.00000000000000000E+00
2.14310000000000000E+02,0.00000000000000000E+00,4.49705029718642000E+01,0.00000000000000000E+00
2.14320000000000000E+02,0.00000000000000000E+00,4.49706578107781000E+01,0.00000000000000000E+00
2.14330000000000000E+02,0.00000000000000000E+00,4.49708118368951000E+01,0.00000000000000000E+00
2.14340000000000000E+02,0.00000000000000000E+00,4.49709650544820000E+01,0.00000000000000000E+00
2.14350000000000000E+02,0.00000000000000000E+00,4.49711174677830000E+01,0.00000000000000000E+00
2.14360000000000000E+02,0.00000000000000000E+00,4.49712690810199000E+01,0.00000000000000000E+00
2.14370000000000000E+02,0.00000000000000000E+00,4.49714198983927000E+01,0.00000000000000000E+00
2.14380000000000000E+02,0.00000000000000000E+00,4.49715699240790000E+01,0.00000000000000000E+00
2.14390000000000000E+02,0.00000000000000000E+00,4.49717191622347000E+01,0.00000000000000000E+00
2.14400000000000000E+02,0.00000000000000000E+00,4.49718676169936000E+01,0.00000000000000000E+00
2.14410000000000000E+02,0.00000000000000000E+00,4.49720152924682000E+01,0.00000000000000000E+00
2.14420000000000000E+02,0.00000000000000000E+00,4.49721621927490000E+01,0.00000000000000000E+00
2.14430000000000000E+02,0.00000000000000000E+00,4.49723083219054000E+01,0.00000000000000000E+00
2.14440000000000000E+02,0.00000000000000000E+00,4.49724536839852000E+01,0.00000000000000000E+00
2.14450000000000000E+02,0.00000000000000000E+00,4.49725982830151000E+01,0.00000000000000000E+00
2.14460000000000000E+02,0.00000000000000000E+00,4.49727421230004000E+01,0.00000000000000000E+00
2.14470000000000000E+02,0.00000000000000000E+00,4.49728852079257000E+01,0.00000000000000000E+00
2.14480000000000000E+02,0.00000000000000000E+00,4.49730275417546000E+01,0.00000000000000000E+00
2.14490000000000000E+02,0.00000000000000000E+00,4.49731691284296000E+01,0.00000000000000000E+00
2.14500000000000000E+02,0.00000000000000000E+00,4.49733099718730000E+01,0.00000000000000000E+00
2.14510000000000000E+02,0.00000000000000000E+00,4.49734500759860000E+01,0.00000000000000000E+00
2.14520000000000000E+02,0.00000000000000000E+00,4.49735894446498000E+01,0.00000000000000000E+00
2.14530000000000000E+02,0.00000000000000000E+00,4.49737280817249000E+01,0.00000000000000000E+00
2.14540000000000000E+02,0.00000000000000000E+00,4.49738659910516000E+01,0.00000000000000000E+00
2.14550000000000000E+02,0.00000000000000000E+00,4.49740031764501000E+01,0.00000000000000000E+00
2.14560000000000000E+02,0.00000000000000000E+00,4.49741396417205000E+01,0.00000000000000000E+00
2.14570000000000000E+02,0.00000000000000000E+00,4.49742753906430000E+01,0.00000000000000000E+00
2.14580000000000000E+02,0.00000000000000000E+00,4.49744104269780000E+01,0.00000000000000000E+00
2.14590000000000000E+02,0.00000000000000000E+00,4.49745447544659000E+01,0.00000000000000000E+00
2.14600000000000000E+02,0.00000000000000000E+00,4.49746783768279000E+01,0.00000000000000000E+00
2.14610000000000000E+02,0.00000000000000000E+00,4.49748112977652000E+01,0.00000000000000000E+00
2.14620000000000000E+02,0.00000000000000000E+00,4.49749435209599000E+01,0.00000000000000000E+00
2.14630000000000000E+02,0.00000000000000000E+00,4.49750750500747000E+01,0.00000000000000000E+00
2.14640000000000000E+02,0.00000000000000000E+00,4.49752058887529000E+01,0.00000000000000000E+00
2.14650000000000000E+02,0.00000000000000000E+00,4.49753360406190000E+01,0.00000000000000000E+00
2.14660000000000000E+02,0.00000000000000000E+00,4.49754655092781000E+01,0.00000000000000000E+00
2.14670000000000000E+02,0.00000000000000000E+00,4.49755942983167000E+01,0.00000000000000000E+00
2.14680000000000000E+02,0.00000000000000000E+00,4.49757224113022000E+01,0.00000000000000000E+00
2.14690000000000000E+02,0.00000000000000000E+00,4.49758498517836000E+01,0.00000000000000000E+00
2.14700000000000000E+02,0.00000000000000000E+00,4.49759766232909000E+01,0.00000000000000000E+00
2.14710000000000000E+02,0.00000000000000000E+00,4.49761027293359000E+01,0.00000000000000000E+00
2.14720000000000000E+02,0.00000000000000000E+00,4.49762281734117000E+01,0.00000000000000000E+00
2.14730000000000000E+02,0.00000000000000000E+00,4.49763529589932000E+01,0.00000000000000000E+00
2.14740000000000000E+02,0.00000000000000000E+00,4.49764770895370000E+01,0.00000000000000000E+00
2.14750000000000000E+02,0.00000000000000000E+00,4.49766005684817000E+01,0.00000000000000000E+00
2.14760000000000000E+02,0.00000000000000000E+00,4.49767233992477000E+01,0.00000000000000000E+00
2.14770000000000000E+02,0.00000000000000000E+00,4.49768455852375000E+01,0.00000000000000000E+00
2.14780000000000000E+02,0.00000000000000000E+00,4.49769671298357000E+01,0.00000000000000000E+00
2.14790000000000000E+02,0.00000000000000000E+00,4.49770880364091000E+01,0.00000000000000000E+00
2.14800000000000000E+02,0.00000000000000000E+00,4.49772083083070000E+01,0.00000000000000000E+00
2.14810000000000000E+02,0.00000000000000000E+00,4.49773279488609000E+01,0.00000000000000000E+00
2.14820000000000000E+02,0.00000000000000000E+00,4.49774469613851000E+01,0.00000000000000000E+00
2.14830000000000000E+02,0.00000000000000000E+00,4.49775653491761000E+01,0.00000000000000000E+00
2.14840000000000000E+02,0.00000000000000000E+00,4.49776831155134000E+01,0.00000000000000000E+00
2.14850000000000000E+02,0.00000000000000000E+00,4.49778002636592000E+01,0.00000000000000000E+00
2.14860000000000000E+02,0.00000000000000000E+00,4.49779167968587000E+01,0.00000000000000000E+00
2.14870000000000000E+02,0.00000000000000000E+00,4.49780327183397000E+01,0.00000000000000000E+00
2.14880000000000000E+02,0.00000000000000000E+00,4.49781480313135000E+01,0.00000000000000000E+00
2.14890000000000000E+02,0.00000000000000000E+00,4.49782627389742000E+01,0.00000000000000000E+00
2.14900000000000000E+02,0.00000000000000000E+00,4.49783768444994000E+01,0.00000000000000000E+00
2.14910000000000000E+02,0.00000000000000000E+00,4.49784903510498000E+01,0.00000000000000000E+00
2.14920000000000000E+02,0.00000000000000000E+00,4.49786032617697000E+01,0.00000000000000000E+00
2.14930000000000000E+02,0.00000000000000000E+00,4.49787155797867000E+01,0.00000000000000000E+00
2.14940000000000000E+02,0.00000000000000000E+00,4.49788273082120000E+01,0.00000000000000000E+00
2.14950000000000000E+02,0.00000000000000000E+00,4.49789384501408000E+01,0.00000000000000000E+00
2.14960000000000000E+02,0.00000000000000000E+00,4.49790490086516000E+01,0.00000000000000000E+00
2.14970000000000000E+02,0.00000000000000000E+00,4.49791589868070000E+01,0.00000000000000000E+00
2.14980000000000000E+02,0.00000000000000000E+00,4.49792683876534000E+01,0.00000000000000000E+00
2.14990000000000000E+02,0.00000000000000000E+00,4.49793772142214000E+01,0.00000000000000000E+00
2.15000000000000000E+02,0.00000000000000000E+00,4.49794854695255000E+01,0.00000000000000000E+00
2.15010000000000000E+02,0.00000000000000000E+00,4.49795931565644000E+01,0.00000000000000000E+00
2.15020000000000000E+02,0.00000000000000000E+00,4.49797002783211000E+01,0.00000000000000000E+00
2.15030000000000000E+02,0.00000000000000000E+00,4.49798068377630000E+01,0.00000000000000000E+00
2.15040000000000000E+02,0.00000000000000000E+00,4.49799128378418000E+01,0.00000000000000000E+00
2.15050000000000000E+02,0.00000000000000000E+00,4.49800182814938000E+01,0.00000000000000000E+00
2.15060000000000000E+02,0.00000000000000000E+00,4.49801231716399000E+01,0.00000000000000000E+00
2.15070000000000000E+02,0.00000000000000000E+00,4.49802275111855000E+01,0.00000000000000000E+00
2.15080000000000000E+02,0.00000000000000000E+00,4.49803313030210000E+01,0.00000000000000000E+00
2.15090000000000000E+02,0.00000000000000000E+00,4.49804345500214000E+01,0.00000000000000000E+00
2.15100000000000000E+02,0.00000000000000000E+00,4.49805372550468000E+01,0.00000000000000000E+00
2.15110000000000000E+02,0.00000000000000000E+00,4.49806394209421000E+01,0.00000000000000000E+00
2.15120000000000000E+02,0.00000000000000000E+00,4.49807410505374000E+01,0.00000000000000000E+00
2.15130000000000000E+02,0.00000000000000000E+00,4.49808421466480000E+01,0.00000000000000000E+00
2.15140000000000000E+02,0.00000000000000000E+00,4.49809427120741000E+01,0.00000000000000000E+00
2.15150000000000000E+02,0.00000000000000000E+00,4.49810427496016000E+01,0.00000000000000000E+00
2.15160000000000000E+02,0.00000000000000000E+00,4.49811422620015000E+01,0.00000000000000000E+00
2.15170000000000000E+02,0.00000000000000000E+00,4.49812412520305000E+01,0.00000000000000000E+00
2.15180000000000000E+02,0.00000000000000000E+00,4.49813397224305000E+01,0.00000000000000000E+00
2.15190000000000000E+02,0.00000000000000000E+00,4.49814376759293000E+01,0.00000000000000000E+00
2.15200000000000000E+02,0.00000000000000000E+00,4.49815351152403000E+01,0.00000000000000000E+00
2.15210000000000000E+02,0.00000000000000000E+00,4.49816320430625000E+01,0.00000000000000000E+00
2.15220000000000000E+02,0.00000000000000000E+00,4.49817284620810000E+01,0.00000000000000000E+00
2.15230000000000000E+02,0.00000000000000000E+00,4.49818243749666000E+01,0.00000000000000000E+00
2.15240000000000000E+02,0.00000000000000000E+00,4.49819197843762000E+01,0.00000000000000000E+00
2.15250000000000000E+02,0.00000000000000000E+00,4.49820146929526000E+01,0.00000000000000000E+00
2.15260000000000000E+02,0.00000000000000000E+00,4.49821091033249000E+01,0.00000000000000000E+00
2.15270000000000000E+02,0.00000000000000000E+00,4.49822030181083000E+01,0.00000000000000000E+00
2.15280000000000000E+02,0.00000000000000000E+00,4.49822964399043000E+01,0.00000000000000000E+00
2.15290000000000000E+02,0.00000000000000000E+00,4.49823893713008000E+01,0.00000000000000000E+00
2.15300000000000000E+02,0.00000000000000000E+00,4.49824818148719000E+01,0.00000000000000000E+00
2.15310000000000000E+02,0.00000000000000000E+00,4.49825737731785000E+01,0.00000000000000000E+00
2.15320000000000000E+02,0.00000000000000000E+00,4.49826652487679000E+01,0.00000000000000000E+00
2.15330000000000000E+02,0.00000000000000000E+00,4.49827562441739000E+01,0.00000000000000000E+00
2.15340000000000000E+02,0.00000000000000000E+00,4.49828467619173000E+01,0.00000000000000000E+00
2.15350000000000000E+02,0.00000000000000000E+00,4.49829368045053000E+01,0.00000000000000000E+00
2.15360000000000000E+02,0.00000000000000000E+00,4.49830263744323000E+01,0.00000000000000000E+00
2.15370000000000000E+02,0.00000000000000000E+00,4.49831154741794000E+01,0.00000000000000000E+00
2.15380000000000000E+02,0.00000000000000000E+00,4.49832041062147000E+01,0.00000000000000000E+00
2.15390000000000000E+02,0.00000000000000000E+00,4.49832922729934000E+01,0.00000000000000000E+00
2.15400000000000000E+02,0.00000000000000000E+00,4.49833799769576000E+01,0.00000000000000000E+00
2.15410000000000000E+02,0.00000000000000000E+00,4.49834672205370000E+01,0.00000000000000000E+00
2.15420000000000000E+02,0.00000000000000000E+00,4.49835540061482000E+01,0.00000000000000000E+00
2.15430000000000000E+02,0.00000000000000000E+00,4.49836403361952000E+01,0.00000000000000000E+00
2.15440000000000000E+02,0.00000000000000000E+00,4.49837262130694000E+01,0.00000000000000000E+00
2.15450000000000000E+02,0.00000000000000000E+00,4.49838116391496000E+01,0.00000000000000000E+00
2.15460000000000000E+02,0.00000000000000000E+00,4.49838966168022000E+01,0.00000000000000000E+00
2.15470000000000000E+02,0.00000000000000000E+00,4.49839811483812000E+01,0.00000000000000000E+00
2.15480000000000000E+02,0.00000000000000000E+00,4.49840652362281000E+01,0.00000000000000000E+00
2.15490000000000000E+02,0.00000000000000000E+00,4.49841488826722000E+01,0.00000000000000000E+00
2.15500000000000000E+02,0.00000000000000000E+00,4.49842320900305000E+01,0.00000000000000000E+00
2.15510000000000000E+02,0.00000000000000000E+00,4.49843148606080000E+01,0.00000000000000000E+00
2.15520000000000000E+02,0.00000000000000000E+00,4.49843971966974000E+01,0.00000000000000000E+00
2.15530000000000000E+02,0.00000000000000000E+00,4.49844791005795000E+01,0.00000000000000000E+00
2.15540000000000000E+02,0.00000000000000000E+00,4.49845605745232000E+01,0.00000000000000000E+00
2.15550000000000000E+02,0.00000000000000000E+00,4.49846416207852000E+01,0.00000000000000000E+00
2.15560000000000000E+02,0.00000000000000000E+00,4.49847222416106000E+01,0.00000000000000000E+00
2.15570000000000000E+02,0.00000000000000000E+00,4.49848024392327000E+01,0.00000000000000000E+00
2.15580000000000000E+02,0.00000000000000000E+00,4.49848822158729000E+01,0.00000000000000000E+00
2.15590000000000000E+02,0.00000000000000000E+00,4.49849615737412000E+01,0.00000000000000000E+00
2.15600000000000000E+02,0.00000000000000000E+00,4.49850405150358000E+01,0.00000000000000000E+00
2.15610000000000000E+02,0.00000000000000000E+00,4.49851190419434000E+01,0.00000000000000000E+00
2.15620000000000000E+02,0.00000000000000000E+00,4.49851971566393000E+01,0.00000000000000000E+00
2.15630000000000000E+02,0.00000000000000000E+00,4.49852748612873000E+01,0.00000000000000000E+00
2.15640000000000000E+02,0.00000000000000000E+00,4.49853521580398000E+01,0.00000000000000000E+00
2.15650000000000000E+02,0.00000000000000000E+00,4.49854290490381000E+01,0.00000000000000000E+00
2.15660000000000000E+02,0.00000000000000000E+00,4.49855055364120000E+01,0.00000000000000000E+00
2.15670000000000000E+02,0.00000000000000000E+00,4.49855816222803000E+01,0.00000000000000000E+00
2.15680000000000000E+02,0.00000000000000000E+00,4.49856573087506000E+01,0.00000000000000000E+00
2.15690000000000000E+02,0.00000000000000000E+00,4.49857325979196000E+01,0.00000000000000000E+00
2.15700000000000000E+02,0.00000000000000000E+00,4.49858074918726000E+01,0.00000000000000000E+00
2.15710000000000000E+02,0.00000000000000000E+00,4.49858819926845000E+01,0.00000000000000000E+00
2.15720000000000000E+02,0.00000000000000000E+00,4.49859561024188000E+01,0.00000000000000000E+00
2.15730000000000000E+02,0.00000000000000000E+00,4.49860298231285000E+01,0.00000000000000000E+00
2.15740000000000000E+02,0.00000000000000000E+00,4.49861031568556000E+01,0.00000000000000000E+00
2.15750000000000000E+02,0.00000000000000000E+00,4.49861761056316000E+01,0.00000000000000000E+00
2.15760000000000000E+02,0.00000000000000000E+00,4.49862486714772000E+01,0.00000000000000000E+00
2.15770000000000000E+02,0.00000000000000000E+00,4.49863208564025000E+01,0.00000000000000000E+00
2.15780000000000000E+02,0.00000000000000000E+00,4.49863926624070000E+01,0.00000000000000000E+00
2.15790000000000000E+02,0.00000000000000000E+00,4.49864640914799000E+01,0.00000000000000000E+00
2.15800000000000000E+02,0.00000000000000000E+00,4.49865351455998000E+01,0.00000000000000000E+00
2.15810000000000000E+02,0.00000000000000000E+00,4.49866058267349000E+01,0.00000000000000000E+00
2.15820000000000000E+02,0.00000000000000000E+00,4.49866761368431000E+01,0.00000000000000000E+00
2.15830000000000000E+02,0.00000000000000000E+00,4.49867460778720000E+01,0.00000000000000000E+00
2.15840000000000000E+02,0.00000000000000000E+00,4.49868156517592000E+01,0.00000000000000000E+00
2.15850000000000000E+02,0.00000000000000000E+00,4.49868848604317000E+01,0.00000000000000000E+00
2.15860000000000000E+02,0.00000000000000000E+00,4.49869537058068000E+01,0.00000000000000000E+00
2.15870000000000000E+02,0.00000000000000000E+00,4.49870221897914000E+01,0.00000000000000000E+00
2.15880000000000000E+02,0.00000000000000000E+00,4.49870903142827000E+01,0.00000000000000000E+00
2.15890000000000000E+02,0.00000000000000000E+00,4.49871580811677000E+01,0.00000000000000000E+00
2.15900000000000000E+02,0.00000000000000000E+00,4.49872254923237000E+01,0.00000000000000000E+00
2.15910000000000000E+02,0.00000000000000000E+00,4.49872925496179000E+01,0.00000000000000000E+00
2.15920000000000000E+02,0.00000000000000000E+00,4.49873592549078000E+01,0.00000000000000000E+00
2.15930000000000000E+02,0.00000000000000000E+00,4.49874256100413000E+01,0.00000000000000000E+00
2.15940000000000000E+02,0.00000000000000000E+00,4.49874916168564000E+01,0.00000000000000000E+00
2.15950000000000000E+02,0.00000000000000000E+00,4.49875572771816000E+01,0.00000000000000000E+00
2.15960000000000000E+02,0.00000000000000000E+00,4.49876225928357000E+01,0.00000000000000000E+00
2.15970000000000000E+02,0.00000000000000000E+00,4.49876875656280000E+01,0.00000000000000000E+00
2.15980000000000000E+02,0.00000000000000000E+00,4.49877521973582000E+01,0.00000000000000000E+00
2.15990000000000000E+02,0.00000000000000000E+00,4.49878164898167000E+01,0.00000000000000000E+00
2.16000000000000000E+02,0.00000000000000000E+00,4.49878804447845000E+01,0.00000000000000000E+00
2.16010000000000000E+02,0.00000000000000000E+00,4.49879440640331000E+01,0.00000000000000000E+00
2.16020000000000000E+02,0.00000000000000000E+00,4.49880073493248000E+01,0.00000000000000000E+00
2.16030000000000000E+02,0.00000000000000000E+00,4.49880703024127000E+01,0.00000000000000000E+00
2.16040000000000000E+02,0.00000000000000000E+00,4.49881329250405000E+01,0.00000000000000000E+00
2.16050000000000000E+02,0.00000000000000000E+00,4.49881952189431000E+01,0.00000000000000000E+00
2.16060000000000000E+02,0.00000000000000000E+00,4.49882571858460000E+01,0.00000000000000000E+00
2.16070000000000000E+02,0.00000000000000000E+00,4.49883188274656000E+01,0.00000000000000000E+00
2.16080000000000000E+02,0.00000000000000000E+00,4.49883801455095000E+01,0.00000000000000000E+00
2.16090000000000000E+02,0.00000000000000000E+00,4.49884411416763000E+01,0.00000000000000000E+00
2.16100000000000000E+02,0.00000000000000000E+00,4.49885018176556000E+01,0.00000000000000000E+00
2.16110000000000000E+02,0.00000000000000000E+00,4.49885621751281000E+01,0.00000000000000000E+00
2.16120000000000000E+02,0.00000000000000000E+00,4.49886222157658000E+01,0.00000000000000000E+00
2.16130000000000000E+02,0.00000000000000000E+00,4.49886819412319000E+01,0.00000000000000000E+00
2.16140000000000000E+02,0.00000000000000000E+00,4.49887413531807000E+01,0.00000000000000000E+00
2.16150000000000000E+02,0.00000000000000000E+00,4.49888004532581000E+01,0.00000000000000000E+00
2.16160000000000000E+02,0.00000000000000000E+00,4.49888592431011000E+01,0.00000000000000000E+00
2.16170000000000000E+02,0.00000000000000000E+00,4.49889177243382000E+01,0.00000000000000000E+00
2.16180000000000000E+02,0.00000000000000000E+00,4.49889758985895000E+01,0.00000000000000000E+00
2.16190000000000000E+02,0.00000000000000000E+00,4.49890337674663000E+01,0.00000000000000000E+00
2.16200000000000000E+02,0.00000000000000000E+00,4.49890913325717000E+01,0.00000000000000000E+00
2.16210000000000000E+02,0.00000000000000000E+00,4.49891485955003000E+01,0.00000000000000000E+00
2.16220000000000000E+02,0.00000000000000000E+00,4.49892055578383000E+01,0.00000000000000000E+00
2.16230000000000000E+02,0.00000000000000000E+00,4.49892622211636000E+01,0.00000000000000000E+00
2.16240000000000000E+02,0.00000000000000000E+00,4.49893185870457000E+01,0.00000000000000000E+00
2.16250000000000000E+02,0.00000000000000000E+00,4.49893746570461000E+01,0.00000000000000000E+00
2.16260000000000000E+02,0.00000000000000000E+00,4.49894304327180000E+01,0.00000000000000000E+00
2.16270000000000000E+02,0.00000000000000000E+00,4.49894859156063000E+01,0.00000000000000000E+00
2.16280000000000000E+02,0.00000000000000000E+00,4.49895411072480000E+01,0.00000000000000000E+00
2.16290000000000000E+02,0.00000000000000000E+00,4.49895960091719000E+01,0.00000000000000000E+00
2.16300000000000000E+02,0.00000000000000000E+00,4.49896506228988000E+01,0.00000000000000000E+00
2.16310000000000000E+02,0.00000000000000000E+00,4.49897049499415000E+01,0.00000000000000000E+00
2.16320000000000000E+02,0.00000000000000000E+00,4.49897589918051000E+01,0.00000000000000000E+00
2.16330000000000000E+02,0.00000000000000000E+00,4.49898127499863000E+01,0.00000000000000000E+00
2.16340000000000000E+02,0.00000000000000000E+00,4.49898662259745000E+01,0.00000000000000000E+00
2.16350000000000000E+02,0.00000000000000000E+00,4.49899194212508000E+01,0.00000000000000000E+00
2.16360000000000000E+02,0.00000000000000000E+00,4.49899723372889000E+01,0.00000000000000000E+00
2.16370000000000000E+02,0.00000000000000000E+00,4.49900249755545000E+01,0.00000000000000000E+00
2.16380000000000000E+02,0.00000000000000000E+00,4.49900773375058000E+01,0.00000000000000000E+00
2.16390000000000000E+02,0.00000000000000000E+00,4.49901294245932000E+01,0.00000000000000000E+00
2.16400000000000000E+02,0.00000000000000000E+00,4.49901812382596000E+01,0.00000000000000000E+00
2.16410000000000000E+02,0.00000000000000000E+00,4.49902327799402000E+01,0.00000000000000000E+00
2.16420000000000000E+02,0.00000000000000000E+00,4.49902840510628000E+01,0.00000000000000000E+00
2.16430000000000000E+02,0.00000000000000000E+00,4.49903350530476000E+01,0.00000000000000000E+00
2.16440000000000000E+02,0.00000000000000000E+00,4.49903857873074000E+01,0.00000000000000000E+00
2.16450000000000000E+02,0.00000000000000000E+00,4.49904362552475000E+01,0.00000000000000000E+00
2.16460000000000000E+02,0.00000000000000000E+00,4.49904864582660000E+01,0.00000000000000000E+00
2.16470000000000000E+02,0.00000000000000000E+00,4.49905363977536000E+01,0.00000000000000000E+00
2.16480000000000000E+02,0.00000000000000000E+00,4.49905860750935000E+01,0.00000000000000000E+00
2.16490000000000000E+02,0.00000000000000000E+00,4.49906354916618000E+01,0.00000000000000000E+00
2.16500000000000000E+02,0.00000000000000000E+00,4.49906846488275000E+01,0.00000000000000000E+00
2.16510000000000000E+02,0.00000000000000000E+00,4.49907335479522000E+01,0.00000000000000000E+00
2.16520000000000000E+02,0.00000000000000000E+00,4.49907821903905000E+01,0.00000000000000000E+00
2.16530000000000000E+02,0.00000000000000000E+00,4.49908305774897000E+01,0.00000000000000000E+00
2.16540000000000000E+02,0.00000000000000000E+00,4.49908787105903000E+01,0.00000000000000000E+00
2.16550000000000000E+02,0.00000000000000000E+00,4.49909265910255000E+01,0.00000000000000000E+00
2.16560000000000000E+02,0.00000000000000000E+00,4.49909742201217000E+01,0.00000000000000000E+00
2.16570000000000000E+02,0.00000000000000000E+00,4.49910215991982000E+01,0.00000000000000000E+00
2.16580000000000000E+02,0.00000000000000000E+00,4.49910687295675000E+01,0.00000000000000000E+00
2.16590000000000000E+02,0.00000000000000000E+00,4.49911156125350000E+01,0.00000000000000000E+00
2.16600000000000000E+02,0.00000000000000000E+00,4.49911622493996000E+01,0.00000000000000000E+00
2.16610000000000000E+02,0.00000000000000000E+00,4.49912086414529000E+01,0.00000000000000000E+00
2.16620000000000000E+02,0.00000000000000000E+00,4.49912547899802000E+01,0.00000000000000000E+00
2.16630000000000000E+02,0.00000000000000000E+00,4.49913006962598000E+01,0.00000000000000000E+00
2.16640000000000000E+02,0.00000000000000000E+00,4.49913463615633000E+01,0.00000000000000000E+00
2.16650000000000000E+02,0.00000000000000000E+00,4.49913917871557000E+01,0.00000000000000000E+00
2.16660000000000000E+02,0.00000000000000000E+00,4.49914369742952000E+01,0.00000000000000000E+00
2.16670000000000000E+02,0.00000000000000000E+00,4.49914819242337000E+01,0.00000000000000000E+00
2.16680000000000000E+02,0.00000000000000000E+00,4.49915266382162000E+01,0.00000000000000000E+00
2.16690000000000000E+02,0.00000000000000000E+00,4.49915711174813000E+01,0.00000000000000000E+00
2.16700000000000000E+02,0.00000000000000000E+00,4.49916153632612000E+01,0.00000000000000000E+00
2.16710000000000000E+02,0.00000000000000000E+00,4.49916593767814000E+01,0.00000000000000000E+00
2.16720000000000000E+02,0.00000000000000000E+00,4.49917031592613000E+01,0.00000000000000000E+00
2.16730000000000000E+02,0.00000000000000000E+00,4.49917467119135000E+01,0.00000000000000000E+00
2.16740000000000000E+02,0.00000000000000000E+00,4.49917900359446000E+01,0.00000000000000000E+00
2.16750000000000000E+02,0.00000000000000000E+00,4.49918331325545000E+01,0.00000000000000000E+00
2.16760000000000000E+02,0.00000000000000000E+00,4.49918760029372000E+01,0.00000000000000000E+00
2.16770000000000000E+02,0.00000000000000000E+00,4.49919186482802000E+01,0.00000000000000000E+00
2.16780000000000000E+02,0.00000000000000000E+00,4.49919610697647000E+01,0.00000000000000000E+00
2.16790000000000000E+02,0.00000000000000000E+00,4.49920032685659000E+01,0.00000000000000000E+00
2.16800000000000000E+02,0.00000000000000000E+00,4.49920452458527000E+01,0.00000000000000000E+00
2.16810000000000000E+02,0.00000000000000000E+00,4.49920870027879000E+01,0.00000000000000000E+00
2.16820000000000000E+02,0.00000000000000000E+00,4.49921285405281000E+01,0.00000000000000000E+00
2.16830000000000000E+02,0.00000000000000000E+00,4.49921698602241000E+01,0.00000000000000000E+00
2.16840000000000000E+02,0.00000000000000000E+00,4.49922109630204000E+01,0.00000000000000000E+00
2.16850000000000000E+02,0.00000000000000000E+00,4.49922518500555000E+01,0.00000000000000000E+00
2.16860000000000000E+02,0.00000000000000000E+00,4.49922925224621000E+01,0.00000000000000000E+00
2.16870000000000000E+02,0.00000000000000000E+00,4.49923329813668000E+01,0.00000000000000000E+00
2.16880000000000000E+02,0.00000000000000000E+00,4.49923732278903000E+01,0.00000000000000000E+00
2.16890000000000000E+02,0.00000000000000000E+00,4.49924132631476000E+01,0.00000000000000000E+00
2.16900000000000000E+02,0.00000000000000000E+00,4.49924530882475000E+01,0.00000000000000000E+00
2.16910000000000000E+02,0.00000000000000000E+00,4.49924927042934000E+01,0.00000000000000000E+00
2.16920000000000000E+02,0.00000000000000000E+00,4.49925321123825000E+01,0.00000000000000000E+00
2.16930000000000000E+02,0.00000000000000000E+00,4.49925713136065000E+01,0.00000000000000000E+00
2.16940000000000000E+02,0.00000000000000000E+00,4.49926103090513000E+01,0.00000000000000000E+00
2.16950000000000000E+02,0.00000000000000000E+00,4.49926490997970000E+01,0.00000000000000000E+00
2.16960000000000000E+02,0.00000000000000000E+00,4.49926876869184000E+01,0.00000000000000000E+00
2.16970000000000000E+02,0.00000000000000000E+00,4.49927260714841000E+01,0.00000000000000000E+00
2.16980000000000000E+02,0.00000000000000000E+00,4.49927642545575000E+01,0.00000000000000000E+00
2.16990000000000000E+02,0.00000000000000000E+00,4.49928022371963000E+01,0.00000000000000000E+00
2.17000000000000000E+02,0.00000000000000000E+00,4.49928400204526000E+01,0.00000000000000000E+00
2.17010000000000000E+02,0.00000000000000000E+00,4.49928776053730000E+01,0.00000000000000000E+00
2.17020000000000000E+02,0.00000000000000000E+00,4.49929149929988000E+01,0.00000000000000000E+00
2.17030000000000000E+02,0.00000000000000000E+00,4.49929521843654000E+01,0.00000000000000000E+00
2.17040000000000000E+02,0.00000000000000000E+00,4.49929891805032000E+01,0.00000000000000000E+00
2.17050000000000000E+02,0.00000000000000000E+00,4.49930259824370000E+01,0.00000000000000000E+00
2.17060000000000000E+02,0.00000000000000000E+00,4.49930625911862000E+01,0.00000000000000000E+00
2.17070000000000000E+02,0.00000000000000000E+00,4.49930990077648000E+01,0.00000000000000000E+00
2.17080000000000000E+02,0.00000000000000000E+00,4.49931352331817000E+01,0.00000000000000000E+00
2.17090000000000000E+02,0.00000000000000000E+00,4.49931712684404000E+01,0.00000000000000000E+00
2.17100000000000000E+02,0.00000000000000000E+00,4.49932071145389000E+01,0.00000000000000000E+00
2.17110000000000000E+02,0.00000000000000000E+00,4.49932427724704000E+01,0.00000000000000000E+00
2.17120000000000000E+02,0.00000000000000000E+00,4.49932782432224000E+01,0.00000000000000000E+00
2.17130000000000000E+02,0.00000000000000000E+00,4.49933135277776000E+01,0.00000000000000000E+00
2.17140000000000000E+02,0.00000000000000000E+00,4.49933486271135000E+01,0.00000000000000000E+00
2.17150000000000000E+02,0.00000000000000000E+00,4.49933835422021000E+01,0.00000000000000000E+00
2.17160000000000000E+02,0.00000000000000000E+00,4.49934182740108000E+01,0.00000000000000000E+00
2.17170000000000000E+02,0.00000000000000000E+00,4.49934528235017000E+01,0.00000000000000000E+00
2.17180000000000000E+02,0.00000000000000000E+00,4.49934871916317000E+01,0.00000000000000000E+00
2.17190000000000000E+02,0.00000000000000000E+00,4.49935213793529000E+01,0.00000000000000000E+00
2.17200000000000000E+02,0.00000000000000000E+00,4.49935553876123000E+01,0.00000000000000000E+00
2.17210000000000000E+02,0.00000000000000000E+00,4.49935892173519000E+01,0.00000000000000000E+00
2.17220000000000000E+02,0.00000000000000000E+00,4.49936228695089000E+01,0.00000000000000000E+00
2.17230000000000000E+02,0.00000000000000000E+00,4.49936563450155000E+01,0.00000000000000000E+00
2.17240000000000000E+02,0.00000000000000000E+00,4.49936896447988000E+01,0.00000000000000000E+00
2.17250000000000000E+02,0.00000000000000000E+00,4.49937227697815000E+01,0.00000000000000000E+00
2.17260000000000000E+02,0.00000000000000000E+00,4.49937557208810000E+01,0.00000000000000000E+00
2.17270000000000000E+02,0.00000000000000000E+00,4.49937884990101000E+01,0.00000000000000000E+00
2.17280000000000000E+02,0.00000000000000000E+00,4.49938211050768000E+01,0.00000000000000000E+00
2.17290000000000000E+02,0.00000000000000000E+00,4.49938535399842000E+01,0.00000000000000000E+00
2.17300000000000000E+02,0.00000000000000000E+00,4.49938858046310000E+01,0.00000000000000000E+00
2.17310000000000000E+02,0.00000000000000000E+00,4.49939178999107000E+01,0.00000000000000000E+00
2.17320000000000000E+02,0.00000000000000000E+00,4.49939498267126000E+01,0.00000000000000000E+00
2.17330000000000000E+02,0.00000000000000000E+00,4.49939815859208000E+01,0.00000000000000000E+00
2.17340000000000000E+02,0.00000000000000000E+00,4.49940131784153000E+01,0.00000000000000000E+00
2.17350000000000000E+02,0.00000000000000000E+00,4.49940446050712000E+01,0.00000000000000000E+00
2.17360000000000000E+02,0.00000000000000000E+00,4.49940758667589000E+01,0.00000000000000000E+00
2.17370000000000000E+02,0.00000000000000000E+00,4.49941069643444000E+01,0.00000000000000000E+00
2.17380000000000000E+02,0.00000000000000000E+00,4.49941378986893000E+01,0.00000000000000000E+00
2.17390000000000000E+02,0.00000000000000000E+00,4.49941686706503000E+01,0.00000000000000000E+00
2.17400000000000000E+02,0.00000000000000000E+00,4.49941992810799000E+01,0.00000000000000000E+00
2.17410000000000000E+02,0.00000000000000000E+00,4.49942297308259000E+01,0.00000000000000000E+00
2.17420000000000000E+02,0.00000000000000000E+00,4.49942600207320000E+01,0.00000000000000000E+00
2.17430000000000000E+02,0.00000000000000000E+00,4.49942901516371000E+01,0.00000000000000000E+00
2.17440000000000000E+02,0.00000000000000000E+00,4.49943201243759000E+01,0.00000000000000000E+00
2.17450000000000000E+02,0.00000000000000000E+00,4.49943201243759000E+01,0.00000000000000000E+00
2.17460000000000000E+02,0.00000000000000000E+00,4.49943201243759000E+01,0.00000000000000000E+00
2.17470000000000000E+02,0.00000000000000000E+00,4.49943201243759000E+01,0.00000000000000000E+00
2.17480000000000000E+02,0.00000000000000000E+00,4.49943201243759000E+01,0.00000000000000000E+00
2.17490000000000000E+02,0.00000000000000000E+00,4.49943201243759000E+01,0.00000000000000000E+00
2.17500000000000000E+02,0.00000000000000000E+00,4.49943201243759000E+01,0.00000000000000000E+00
2.17510000000000000E+02,0.00000000000000000E+00,4.49943201243759000E+01,0.00000000000000000E+00
2.17520000000000000E+02,0.00000000000000000E+00,4.49943201243759000E+01,0.00000000000000000E+00
2.17530000000000000E+02,0.00000000000000000E+00,4.49943201243759000E+01,0.00000000000000000E+00
2.17540000000000000E+02,0.00000000000000000E+00,4.49943201243759000E+01,0.00000000000000000E+00
2.17550000000000000E+02,0.00000000000000000E+00,4.49943201243759000E+01,0.00000000000000000E+00
2.17560000000000000E+02,0.00000000000000000E+00,4.49943201243759000E+01,0.00000000000000000E+00
2.17570000000000000E+02,0.00000000000000000E+00,4.49943201243759000E+01,0.00000000000000000E+00
2.17580000000000000E+02,0.00000000000000000E+00,4.49943201243759000E+01,0.00000000000000000E+00
2.17590000000000000E+02,0.00000000000000000E+00,4.49943201243759000E+01,0.00000000000000000E+00
2.17600000000000000E+02,0.00000000000000000E+00,4.49943201243759000E+01,0.00000000000000000E+00
2.17610000000000000E+02,0.00000000000000000E+00,4.49943201243759000E+01,0.00000000000000000E+00
2.17620000000000000E+02,0.00000000000000000E+00,4.49943201243759000E+01,0.00000000000000000E+00
2.17630000000000000E+02,0.00000000000000000E+00,4.49943201243759000E+01,0.00000000000000000E+00
2.17640000000000000E+02,0.00000000000000000E+00,4.49943201243759000E+01,0.00000000000000000E+00
2.17650000000000000E+02,0.00000000000000000E+00,4.49943201243759000E+01,0.00000000000000000E+00
2.17660000000000000E+02,0.00000000000000000E+00,4.49943201243759000E+01,0.00000000000000000E+00
2.17670000000000000E+02,0.00000000000000000E+00,4.49943201243759000E+01,0.00000000000000000E+00
2.17680000000000000E+02,0.00000000000000000E+00,4.49943201243759000E+01,0.00000000000000000E+00
2.17690000000000000E+02,0.00000000000000000E+00,4.49943201243759000E+01,0.00000000000000000E+00
2.17700000000000000E+02,0.00000000000000000E+00,4.49943201243759000E+01,0.00000000000000000E+00
2.17710000000000000E+02,0.00000000000000000E+00,4.49943201243759000E+01,0.00000000000000000E+00
2.17720000000000000E+02,0.00000000000000000E+00,4.49943201243759000E+01,0.00000000000000000E+00
2.17730000000000000E+02,0.00000000000000000E+00,4.49943201243759000E+01,0.00000000000000000E+00
2.17740000000000000E+02,0.00000000000000000E+00,4.49943201243759000E+01,0.00000000000000000E+00
2.17750000000000000E+02,0.00000000000000000E+00,4.49943201243759000E+01,0.00000000000000000E+00
2.17760000000000000E+02,0.00000000000000000E+00,4.49943201243759000E+01,0.00000000000000000E+00
2.17770000000000000E+02,0.00000000000000000E+00,4.49943201243759000E+01,0.00000000000000000E+00
2.17780000000000000E+02,0.00000000000000000E+00,4.49943201243759000E+01,0.00000000000000000E+00
2.17790000000000000E+02,0.00000000000000000E+00,4.49943201243759000E+01,0.00000000000000000E+00
2.17800000000000000E+02,0.00000000000000000E+00,4.49943201243759000E+01,0.00000000000000000E+00
2.17810000000000000E+02,0.00000000000000000E+00,4.49943201243759000E+01,0.00000000000000000E+00
2.17820000000000000E+02,0.00000000000000000E+00,4.49943201243759000E+01,0.00000000000000000E+00
2.17830000000000000E+02,0.00000000000000000E+00,4.49943201243759000E+01,0.00000000000000000E+00
2.17840000000000000E+02,0.00000000000000000E+00,4.49943201243759000E+01,0.00000000000000000E+00
2.17850000000000000E+02,0.00000000000000000E+00,4.49943201243759000E+01,0.00000000000000000E+00
2.17860000000000000E+02,0.00000000000000000E+00,4.49943201243759000E+01,0.00000000000000000E+00
2.17870000000000000E+02,0.00000000000000000E+00,4.49943201243759000E+01,0.00000000000000000E+00
2.17880000000000000E+02,0.00000000000000000E+00,4.49943201243759000E+01,0.00000000000000000E+00
2.17890000000000000E+02,0.00000000000000000E+00,4.49943201243759000E+01,0.00000000000000000E+00
2.17900000000000000E+02,0.00000000000000000E+00,4.49943201243759000E+01,0.00000000000000000E+00
2.17910000000000000E+02,0.00000000000000000E+00,4.49943201243759000E+01,0.00000000000000000E+00
2.17920000000000000E+02,0.00000000000000000E+00,4.49943201243759000E+01,0.00000000000000000E+00
2.17930000000000000E+02,0.00000000000000000E+00,4.49943201243759000E+01,0.00000000000000000E+00
2.17940000000000000E+02,0.00000000000000000E+00,4.49943201243759000E+01,0.00000000000000000E+00
2.17950000000000000E+02,0.00000000000000000E+00,4.49943201243759000E+01,0.00000000000000000E+00
2.17960000000000000E+02,0.00000000000000000E+00,4.49943201243759000E+01,0.00000000000000000E+00
2.17970000000000000E+02,0.00000000000000000E+00,4.49943201243759000E+01,0.00000000000000000E+00
2.17980000000000000E+02,0.00000000000000000E+00,4.49943201243759000E+01,0.00000000000000000E+00
2.17990000000000000E+02,0.00000000000000000E+00,4.49943201243759000E+01,0.00000000000000000E+00
2.18000000000000000E+02,0.00000000000000000E+00,4.49943201243759000E+01,0.00000000000000000E+00
2.18010000000000000E+02,0.00000000000000000E+00,4.49943201243759000E+01,0.00000000000000000E+00
2.18020000000000000E+02,0.00000000000000000E+00,4.49943201243759000E+01,0.00000000000000000E+00
2.18030000000000000E+02,0.00000000000000000E+00,4.49943201243759000E+01,0.00000000000000000E+00
2.18040000000000000E+02,0.00000000000000000E+00,4.49943201243759000E+01,0.00000000000000000E+00
2.18050000000000000E+02,0.00000000000000000E+00,4.49943201243759000E+01,0.00000000000000000E+00
2.18060000000000000E+02,0.00000000000000000E+00,4.49943201243759000E+01,0.00000000000000000E+00
2.18070000000000000E+02,0.00000000000000000E+00,4.49943201243759000E+01,0.00000000000000000E+00
2.18080000000000000E+02,0.00000000000000000E+00,4.49943201243759000E+01,0.00000000000000000E+00
2.18090000000000000E+02,0.00000000000000000E+00,4.49943201243759000E+01,0.00000000000000000E+00
2.18100000000000000E+02,0.00000000000000000E+00,4.49943201243759000E+01,0.00000000000000000E+00
2.18110000000000000E+02,0.00000000000000000E+00,4.49943201243759000E+01,0.00000000000000000E+00
2.18120000000000000E+02,0.00000000000000000E+00,4.49943201243759000E+01,0.00000000000000000E+00
2.18130000000000000E+02,0.00000000000000000E+00,4.49943201243759000E+01,0.00000000000000000E+00
2.18140000000000000E+02,0.00000000000000000E+00,4.49943201243759000E+01,0.00000000000000000E+00
2.18150000000000000E+02,0.00000000000000000E+00,4.49943201243759000E+01,0.00000000000000000E+00
2.18160000000000000E+02,0.00000000000000000E+00,4.49943201243759000E+01,0.00000000000000000E+00
2.18170000000000000E+02,0.00000000000000000E+00,4.49943201243759000E+01,0.00000000000000000E+00
2.18180000000000000E+02,0.00000000000000000E+00,4.49943201243759000E+01,0.00000000000000000E+00
2.18190000000000000E+02,0.00000000000000000E+00,4.49943201243759000E+01,0.00000000000000000E+00
2.18200000000000000E+02,0.00000000000000000E+00,4.49943201243759000E+01,0.00000000000000000E+00
2.18210000000000000E+02,0.00000000000000000E+00,4.49943201243759000E+01,0.00000000000000000E+00
2.18220000000000000E+02,0.00000000000000000E+00,4.49943201243759000E+01,0.00000000000000000E+00
2.18230000000000000E+02,0.00000000000000000E+00,4.49943201243759000E+01,0.00000000000000000E+00
2.18240000000000000E+02,0.00000000000000000E+00,4.49943201243759000E+01,0.00000000000000000E+00
2.18250000000000000E+02,0.00000000000000000E+00,4.49943201243759000E+01,0.00000000000000000E+00
2.18260000000000000E+02,0.00000000000000000E+00,4.49943201243759000E+01,0.00000000000000000E+00
2.18270000000000000E+02,0.00000000000000000E+00,4.49943201243759000E+01,0.00000000000000000E+00
2.18280000000000000E+02,0.00000000000000000E+00,4.49943201243759000E+01,0.00000000000000000E+00
2.18290000000000000E+02,0.00000000000000000E+00,4.49943201243759000E+01,0.00000000000000000E+00
2.18300000000000000E+02,0.00000000000000000E+00,4.49943201243759000E+01,0.00000000000000000E+00
2.18310000000000000E+02,0.00000000000000000E+00,4.49943201243759000E+01,0.00000000000000000E+00
2.18320000000000000E+02,0.00000000000000000E+00,4.49943201243759000E+01,0.00000000000000000E+00
2.18330000000000000E+02,0.00000000000000000E+00,4.49943201243759000E+01,0.00000000000000000E+00
2.18340000000000000E+02,0.00000000000000000E+00,4.49943201243759000E+01,0.00000000000000000E+00
2.18350000000000000E+02,0.00000000000000000E+00,4.49943201243759000E+01,0.00000000000000000E+00
2.18360000000000000E+02,0.00000000000000000E+00,4.49943201243759000E+01,0.00000000000000000E+00
2.18370000000000000E+02,0.00000000000000000E+00,4.49943201243759000E+01,0.00000000000000000E+00
2.18380000000000000E+02,0.00000000000000000E+00,4.49943201243759000E+01,0.00000000000000000E+00
2.18390000000000000E+02,0.00000000000000000E+00,4.49943201243759000E+01,0.00000000000000000E+00
2.18400000000000000E+02,0.00000000000000000E+00,4.49943201243759000E+01,0.00000000000000000E+00
2.18410000000000000E+02,0.00000000000000000E+00,4.49943201243759000E+01,0.00000000000000000E+00
2.18420000000000000E+02,0.00000000000000000E+00,4.49943201243759000E+01,0.00000000000000000E+00
2.18430000000000000E+02,0.00000000000000000E+00,4.49943201243759000E+01,0.00000000000000000E+00
2.18440000000000000E+02,0.00000000000000000E+00,4.49943201243759000E+01,0.00000000000000000E+00
2.18450000000000000E+02,0.00000000000000000E+00,4.49943201243759000E+01,0.00000000000000000E+00
2.18460000000000000E+02,0.00000000000000000E+00,4.49943201243759000E+01,0.00000000000000000E+00
2.18470000000000000E+02,0.00000000000000000E+00,4.49943201243759000E+01,0.00000000000000000E+00
2.18480000000000000E+02,0.00000000000000000E+00,4.49943201243759000E+01,0.00000000000000000E+00
2.18490000000000000E+02,0.00000000000000000E+00,4.49943201243759000E+01,0.00000000000000000E+00
2.18500000000000000E+02,0.00000000000000000E+00,4.49943201243759000E+01,0.00000000000000000E+00
2.18510000000000000E+02,0.00000000000000000E+00,4.49943201243759000E+01,0.00000000000000000E+00
2.18520000000000000E+02,0.00000000000000000E+00,4.49943201243759000E+01,0.00000000000000000E+00
2.18530000000000000E+02,0.00000000000000000E+00,4.49943201243759000E+01,0.00000000000000000E+00
2.18540000000000000E+02,0.00000000000000000E+00,4.49943201243759000E+01,0.00000000000000000E+00
2.18550000000000000E+02,0.00000000000000000E+00,4.49943201243759000E+01,0.00000000000000000E+00
2.18560000000000000E+02,0.00000000000000000E+00,4.49943201243759000E+01,0.00000000000000000E+00
2.18570000000000000E+02,0.00000000000000000E+00,4.49943201243759000E+01,0.00000000000000000E+00
2.18580000000000000E+02,0.00000000000000000E+00,4.49943201243759000E+01,0.00000000000000000E+00
2.18590000000000000E+02,0.00000000000000000E+00,4.49943201243759000E+01,0.00000000000000000E+00
2.18600000000000000E+02,0.00000000000000000E+00,4.49943201243759000E+01,0.00000000000000000E+00
2.18610000000000000E+02,0.00000000000000000E+00,4.49943201243759000E+01,0.00000000000000000E+00
2.18620000000000000E+02,0.00000000000000000E+00,4.49943201243759000E+01,0.00000000000000000E+00
2.18630000000000000E+02,0.00000000000000000E+00,4.49943201243759000E+01,0.00000000000000000E+00
2.18640000000000000E+02,0.00000000000000000E+00,4.49943201243759000E+01,0.00000000000000000E+00
2.18650000000000000E+02,0.00000000000000000E+00,4.49943201243759000E+01,0.00000000000000000E+00
2.18660000000000000E+02,0.00000000000000000E+00,4.49943201243759000E+01,0.00000000000000000E+00
2.18670000000000000E+02,0.00000000000000000E+00,4.49943201243759000E+01,0.00000000000000000E+00
2.18680000000000000E+02,0.00000000000000000E+00,4.49943201243759000E+01,0.00000000000000000E+00
2.18690000000000000E+02,0.00000000000000000E+00,4.49943201243759000E+01,0.00000000000000000E+00
2.18700000000000000E+02,0.00000000000000000E+00,4.49943201243759000E+01,0.00000000000000000E+00
2.18710000000000000E+02,0.00000000000000000E+00,4.49943201243759000E+01,0.00000000000000000E+00
2.18720000000000000E+02,0.00000000000000000E+00,4.49943201243759000E+01,0.00000000000000000E+00
2.18730000000000000E+02,0.00000000000000000E+00,4.49943201243759000E+01,0.00000000000000000E+00
2.18740000000000000E+02,0.00000000000000000E+00,4.49943201243759000E+01,0.00000000000000000E+00
2.18750000000000000E+02,0.00000000000000000E+00,4.49943201243759000E+01,0.00000000000000000E+00
2.18760000000000000E+02,0.00000000000000000E+00,4.49943201243759000E+01,0.00000000000000000E+00
2.18770000000000000E+02,0.00000000000000000E+00,4.49943201243759000E+01,0.00000000000000000E+00
2.18780000000000000E+02,0.00000000000000000E+00,4.49943201243759000E+01,0.00000000000000000E+00
2.18790000000000000E+02,0.00000000000000000E+00,4.49943201243759000E+01,0.00000000000000000E+00
2.18800000000000000E+02,0.00000000000000000E+00,4.49943201243759000E+01,0.00000000000000000E+00
2.18810000000000000E+02,0.00000000000000000E+00,4.49943201243759000E+01,0.00000000000000000E+00
2.18820000000000000E+02,0.00000000000000000E+00,4.49943201243759000E+01,0.00000000000000000E+00
2.18830000000000000E+02,0.00000000000000000E+00,4.49943201243759000E+01,0.00000000000000000E+00
2.18840000000000000E+02,0.00000000000000000E+00,4.49943201243759000E+01,0.00000000000000000E+00
2.18850000000000000E+02,0.00000000000000000E+00,4.49943201243759000E+01,0.00000000000000000E+00
2.18860000000000000E+02,0.00000000000000000E+00,4.49943201243759000E+01,0.00000000000000000E+00
2.18870000000000000E+02,0.00000000000000000E+00,4.49943201243759000E+01,0.00000000000000000E+00
2.18880000000000000E+02,0.00000000000000000E+00,4.49943201243759000E+01,0.00000000000000000E+00
2.18890000000000000E+02,0.00000000000000000E+00,4.49943201243759000E+01,0.00000000000000000E+00
2.18900000000000000E+02,0.00000000000000000E+00,4.49943201243759000E+01,0.00000000000000000E+00
2.18910000000000000E+02,0.00000000000000000E+00,4.49943201243759000E+01,0.00000000000000000E+00
2.18920000000000000E+02,0.00000000000000000E+00,4.49943201243759000E+01,0.00000000000000000E+00
2.18930000000000000E+02,0.00000000000000000E+00,4.49943201243759000E+01,0.00000000000000000E+00
2.18940000000000000E+02,0.00000000000000000E+00,4.49943201243759000E+01,0.00000000000000000E+00
2.18950000000000000E+02,0.00000000000000000E+00,4.49943201243759000E+01,0.00000000000000000E+00
2.18960000000000000E+02,0.00000000000000000E+00,4.49943201243759000E+01,0.00000000000000000E+00
2.18970000000000000E+02,0.00000000000000000E+00,4.49943201243759000E+01,0.00000000000000000E+00
2.18980000000000000E+02,0.00000000000000000E+00,4.49943201243759000E+01,0.00000000000000000E+00
2.18990000000000000E+02,0.00000000000000000E+00,4.49943201243759000E+01,0.00000000000000000E+00
2.19000000000000000E+02,0.00000000000000000E+00,4.49943201243759000E+01,0.00000000000000000E+00
2.19010000000000000E+02,0.00000000000000000E+00,4.49943201243759000E+01,0.00000000000000000E+00
2.19020000000000000E+02,0.00000000000000000E+00,4.49943201243759000E+01,0.00000000000000000E+00
2.19030000000000000E+02,0.00000000000000000E+00,4.49943201243759000E+01,0.00000000000000000E+00
2.19040000000000000E+02,0.00000000000000000E+00,4.49943201243759000E+01,0.00000000000000000E+00
2.19050000000000000E+02,0.00000000000000000E+00,4.49943201243759000E+01,0.00000000000000000E+00
2.19060000000000000E+02,0.00000000000000000E+00,4.49943201243759000E+01,0.00000000000000000E+00
2.19070000000000000E+02,0.00000000000000000E+00,4.49943201243759000E+01,0.00000000000000000E+00
2.19080000000000000E+02,0.00000000000000000E+00,4.49943201243759000E+01,0.00000000000000000E+00
2.19090000000000000E+02,0.00000000000000000E+00,4.49943201243759000E+01,0.00000000000000000E+00
2.19100000000000000E+02,0.00000000000000000E+00,4.49943201243759000E+01,0.00000000000000000E+00
2.19110000000000000E+02,0.00000000000000000E+00,4.49943201243759000E+01,0.00000000000000000E+00
2.19120000000000000E+02,0.00000000000000000E+00,4.49943201243759000E+01,0.00000000000000000E+00
2.19130000000000000E+02,0.00000000000000000E+00,4.49943201243759000E+01,0.00000000000000000E+00
2.19140000000000000E+02,0.00000000000000000E+00,4.49943201243759000E+01,0.00000000000000000E+00
2.19150000000000000E+02,0.00000000000000000E+00,4.49943201243759000E+01,0.00000000000000000E+00
2.19160000000000000E+02,0.00000000000000000E+00,4.49943201243759000E+01,0.00000000000000000E+00
2.19170000000000000E+02,0.00000000000000000E+00,4.49943201243759000E+01,0.00000000000000000E+00
2.19180000000000000E+02,0.00000000000000000E+00,4.49943201243759000E+01,0.00000000000000000E+00
2.19190000000000000E+02,0.00000000000000000E+00,4.49943201243759000E+01,0.00000000000000000E+00
2.19200000000000000E+02,0.00000000000000000E+00,4.49943201243759000E+01,0.00000000000000000E+00
2.19210000000000000E+02,0.00000000000000000E+00,4.49943201243759000E+01,0.00000000000000000E+00
2.19220000000000000E+02,0.00000000000000000E+00,4.49943201243759000E+01,0.00000000000000000E+00
2.19230000000000000E+02,0.00000000000000000E+00,4.49943201243759000E+01,0.00000000000000000E+00
2.19240000000000000E+02,0.00000000000000000E+00,4.49943201243759000E+01,0.00000000000000000E+00
2.19250000000000000E+02,0.00000000000000000E+00,4.49943201243759000E+01,0.00000000000000000E+00
2.19260000000000000E+02,0.00000000000000000E+00,4.49943201243759000E+01,0.00000000000000000E+00
2.19270000000000000E+02,0.00000000000000000E+00,4.49943201243759000E+01,0.00000000000000000E+00
2.19280000000000000E+02,0.00000000000000000E+00,4.49943201243759000E+01,0.00000000000000000E+00
2.19290000000000000E+02,0.00000000000000000E+00,4.49943201243759000E+01,0.00000000000000000E+00
2.19300000000000000E+02,0.00000000000000000E+00,4.49943201243759000E+01,0.00000000000000000E+00
2.19310000000000000E+02,0.00000000000000000E+00,4.49943201243759000E+01,0.00000000000000000E+00
2.19320000000000000E+02,0.00000000000000000E+00,4.49943201243759000E+01,0.00000000000000000E+00
2.19330000000000000E+02,0.00000000000000000E+00,4.49943201243759000E+01,0.00000000000000000E+00
2.19340000000000000E+02,0.00000000000000000E+00,4.49943201243759000E+01,0.00000000000000000E+00
2.19350000000000000E+02,0.00000000000000000E+00,4.49943201243759000E+01,0.00000000000000000E+00
2.19360000000000000E+02,0.00000000000000000E+00,4.49943201243759000E+01,0.00000000000000000E+00
2.19370000000000000E+02,0.00000000000000000E+00,4.49943201243759000E+01,0.00000000000000000E+00
2.19380000000000000E+02,0.00000000000000000E+00,4.49943201243759000E+01,0.00000000000000000E+00
2.19390000000000000E+02,0.00000000000000000E+00,4.49943201243759000E+01,0.00000000000000000E+00
2.19400000000000000E+02,0.00000000000000000E+00,4.49943201243759000E+01,0.00000000000000000E+00
2.19410000000000000E+02,0.00000000000000000E+00,4.49943201243759000E+01,0.00000000000000000E+00
2.19420000000000000E+02,0.00000000000000000E+00,4.49943201243759000E+01,0.00000000000000000E+00
2.19430000000000000E+02,0.00000000000000000E+00,4.49943201243759000E+01,0.00000000000000000E+00
2.19440000000000000E+02,0.00000000000000000E+00,4.49943201243759000E+01,0.00000000000000000E+00
2.19450000000000000E+02,0.00000000000000000E+00,4.49943201243759000E+01,0.00000000000000000E+00
2.19460000000000000E+02,0.00000000000000000E+00,4.49943201243759000E+01,0.00000000000000000E+00
2.19470000000000000E+02,0.00000000000000000E+00,4.49943201243759000E+01,0.00000000000000000E+00
2.19480000000000000E+02,0.00000000000000000E+00,4.49943201243759000E+01,0.00000000000000000E+00
2.19490000000000000E+02,0.00000000000000000E+00,4.49943201243759000E+01,0.00000000000000000E+00
2.19500000000000000E+02,0.00000000000000000E+00,4.49943201243759000E+01,0.00000000000000000E+00
2.19510000000000000E+02,0.00000000000000000E+00,4.49943201243759000E+01,0.00000000000000000E+00
2.19520000000000000E+02,0.00000000000000000E+00,4.49943201243759000E+01,0.00000000000000000E+00
2.19530000000000000E+02,0.00000000000000000E+00,4.49943201243759000E+01,0.00000000000000000E+00
2.19540000000000000E+02,0.00000000000000000E+00,4.49943201243759000E+01,0.00000000000000000E+00
2.19550000000000000E+02,0.00000000000000000E+00,4.49943201243759000E+01,0.00000000000000000E+00
2.19560000000000000E+02,0.00000000000000000E+00,4.49943201243759000E+01,0.00000000000000000E+00
2.19570000000000000E+02,0.00000000000000000E+00,4.49943201243759000E+01,0.00000000000000000E+00
2.19580000000000000E+02,0.00000000000000000E+00,4.49943201243759000E+01,0.00000000000000000E+00
2.19590000000000000E+02,0.00000000000000000E+00,4.49943201243759000E+01,0.00000000000000000E+00
2.19600000000000000E+02,0.00000000000000000E+00,4.49943201243759000E+01,0.00000000000000000E+00
2.19610000000000000E+02,0.00000000000000000E+00,4.49943201243759000E+01,0.00000000000000000E+00
2.19620000000000000E+02,0.00000000000000000E+00,4.49943201243759000E+01,0.00000000000000000E+00
2.19630000000000000E+02,0.00000000000000000E+00,4.49943201243759000E+01,0.00000000000000000E+00
2.19640000000000000E+02,0.00000000000000000E+00,4.49943201243759000E+01,0.00000000000000000E+00
2.19650000000000000E+02,0.00000000000000000E+00,4.49943201243759000E+01,0.00000000000000000E+00
2.19660000000000000E+02,0.00000000000000000E+00,4.49943201243759000E+01,0.00000000000000000E+00
2.19670000000000000E+02,0.00000000000000000E+00,4.49943201243759000E+01,0.00000000000000000E+00
2.19680000000000000E+02,0.00000000000000000E+00,4.49943201243759000E+01,0.00000000000000000E+00
2.19690000000000000E+02,0.00000000000000000E+00,4.49943201243759000E+01,0.00000000000000000E+00
2.19700000000000000E+02,0.00000000000000000E+00,4.49943201243759000E+01,0.00000000000000000E+00
2.19710000000000000E+02,0.00000000000000000E+00,4.49943201243759000E+01,0.00000000000000000E+00
2.19720000000000000E+02,0.00000000000000000E+00,4.49943201243759000E+01,0.00000000000000000E+00
2.19730000000000000E+02,0.00000000000000000E+00,4.49943201243759000E+01,0.00000000000000000E+00
2.19740000000000000E+02,0.00000000000000000E+00,4.49943201243759000E+01,0.00000000000000000E+00
2.19750000000000000E+02,0.00000000000000000E+00,4.49943201243759000E+01,0.00000000000000000E+00
2.19760000000000000E+02,0.00000000000000000E+00,4.49943201243759000E+01,0.00000000000000000E+00
2.19770000000000000E+02,0.00000000000000000E+00,4.49943201243759000E+01,0.00000000000000000E+00
2.19780000000000000E+02,0.00000000000000000E+00,4.49943201243759000E+01,0.00000000000000000E+00
2.19790000000000000E+02,0.00000000000000000E+00,4.49943201243759000E+01,0.00000000000000000E+00
2.19800000000000000E+02,0.00000000000000000E+00,4.49943201243759000E+01,0.00000000000000000E+00
2.19810000000000000E+02,0.00000000000000000E+00,4.49943201243759000E+01,0.00000000000000000E+00
2.19820000000000000E+02,0.00000000000000000E+00,4.49943201243759000E+01,0.00000000000000000E+00
2.19830000000000000E+02,0.00000000000000000E+00,4.49943201243759000E+01,0.00000000000000000E+00
2.19840000000000000E+02,0.00000000000000000E+00,4.49943201243759000E+01,0.00000000000000000E+00
2.19850000000000000E+02,0.00000000000000000E+00,4.49943201243759000E+01,0.00000000000000000E+00
2.19860000000000000E+02,0.00000000000000000E+00,4.49943201243759000E+01,0.00000000000000000E+00
2.19870000000000000E+02,0.00000000000000000E+00,4.49943201243759000E+01,0.00000000000000000E+00
2.19880000000000000E+02,0.00000000000000000E+00,4.49943201243759000E+01,0.00000000000000000E+00
2.19890000000000000E+02,0.00000000000000000E+00,4.49943201243759000E+01,0.00000000000000000E+00
2.19900000000000000E+02,0.00000000000000000E+00,4.49943201243759000E+01,0.00000000000000000E+00
2.19910000000000000E+02,0.00000000000000000E+00,4.49943201243759000E+01,0.00000000000000000E+00
2.19920000000000000E+02,0.00000000000000000E+00,4.49943201243759000E+01,0.00000000000000000E+00
2.19930000000000000E+02,0.00000000000000000E+00,4.49943201243759000E+01,0.00000000000000000E+00
2.19940000000000000E+02,0.00000000000000000E+00,4.49943201243759000E+01,0.00000000000000000E+00
2.19950000000000000E+02,0.00000000000000000E+00,4.49943201243759000E+01,0.00000000000000000E+00
2.19960000000000000E+02,0.00000000000000000E+00,4.49943201243759000E+01,0.00000000000000000E+00
2.19970000000000000E+02,0.00000000000000000E+00,4.49943201243759000E+01,0.00000000000000000E+00
2.19980000000000000E+02,0.00000000000000000E+00,4.49943201243759000E+01,0.00000000000000000E+00
2.19990000000000000E+02,0.00000000000000000E+00,4.49943201243759000E+01,0.00000000000000000E+00
2.20000000000000000E+02,0.00000000000000000E+00,4.49943201243759000E+01,0.00000000000000000E+00
2.20010000000000000E+02,0.00000000000000000E+00,4.49943201243759000E+01,0.00000000000000000E+00
2.20020000000000000E+02,0.00000000000000000E+00,4.49943201243759000E+01,0.00000000000000000E+00
2.20030000000000000E+02,0.00000000000000000E+00,4.49943201243759000E+01,0.00000000000000000E+00
2.20040000000000000E+02,0.00000000000000000E+00,4.49943201243759000E+01,0.00000000000000000E+00
2.20050000000000000E+02,0.00000000000000000E+00,4.49943201243759000E+01,0.00000000000000000E+00
2.20060000000000000E+02,0.00000000000000000E+00,4.49943201243759000E+01,0.00000000000000000E+00
2.20070000000000000E+02,0.00000000000000000E+00,4.49943201243759000E+01,0.00000000000000000E+00
2.20080000000000000E+02,0.00000000000000000E+00,4.49943201243759000E+01,0.00000000000000000E+00
2.20090000000000000E+02,0.00000000000000000E+00,4.49943201243759000E+01,0.00000000000000000E+00
2.20100000000000000E+02,0.00000000000000000E+00,4.49943201243759000E+01,0.00000000000000000E+00
2.20110000000000000E+02,0.00000000000000000E+00,4.49943201243759000E+01,0.00000000000000000E+00
2.20120000000000000E+02,0.00000000000000000E+00,4.49943201243759000E+01,0.00000000000000000E+00
2.20130000000000000E+02,0.00000000000000000E+00,4.49943201243759000E+01,0.00000000000000000E+00
2.20140000000000000E+02,0.00000000000000000E+00,4.49943201243759000E+01,0.00000000000000000E+00
2.20150000000000000E+02,0.00000000000000000E+00,4.49943201243759000E+01,0.00000000000000000E+00
2.20160000000000000E+02,0.00000000000000000E+00,4.49943201243759000E+01,0.00000000000000000E+00
2.20170000000000000E+02,0.00000000000000000E+00,4.49943201243759000E+01,0.00000000000000000E+00
2.20180000000000000E+02,0.00000000000000000E+00,4.49943201243759000E+01,0.00000000000000000E+00
2.20190000000000000E+02,0.00000000000000000E+00,4.49943201243759000E+01,0.00000000000000000E+00
2.20200000000000000E+02,0.00000000000000000E+00,4.49943201243759000E+01,0.00000000000000000E+00
2.20210000000000000E+02,0.00000000000000000E+00,4.49943201243759000E+01,0.00000000000000000E+00
2.20220000000000000E+02,0.00000000000000000E+00,4.49943201243759000E+01,0.00000000000000000E+00
2.20230000000000000E+02,0.00000000000000000E+00,4.49943201243759000E+01,0.00000000000000000E+00
2.20240000000000000E+02,0.00000000000000000E+00,4.49943201243759000E+01,0.00000000000000000E+00
2.20250000000000000E+02,0.00000000000000000E+00,4.49943201243759000E+01,0.00000000000000000E+00
2.20260000000000000E+02,0.00000000000000000E+00,4.49943201243759000E+01,0.00000000000000000E+00
2.20270000000000000E+02,0.00000000000000000E+00,4.49943201243759000E+01,0.00000000000000000E+00
2.20280000000000000E+02,0.00000000000000000E+00,4.49943201243759000E+01,0.00000000000000000E+00
2.20290000000000000E+02,0.00000000000000000E+00,4.49943201243759000E+01,0.00000000000000000E+00
2.20300000000000000E+02,0.00000000000000000E+00,4.49943201243759000E+01,0.00000000000000000E+00
2.20310000000000000E+02,0.00000000000000000E+00,4.49943201243759000E+01,0.00000000000000000E+00
2.20320000000000000E+02,0.00000000000000000E+00,4.49943201243759000E+01,0.00000000000000000E+00
2.20330000000000000E+02,0.00000000000000000E+00,4.49943201243759000E+01,0.00000000000000000E+00
2.20340000000000000E+02,0.00000000000000000E+00,4.49943201243759000E+01,0.00000000000000000E+00
2.20350000000000000E+02,0.00000000000000000E+00,4.49943201243759000E+01,0.00000000000000000E+00
2.20360000000000000E+02,0.00000000000000000E+00,4.49943201243759000E+01,0.00000000000000000E+00
2.20370000000000000E+02,0.00000000000000000E+00,4.49943201243759000E+01,0.00000000000000000E+00
2.20380000000000000E+02,0.00000000000000000E+00,4.49943201243759000E+01,0.00000000000000000E+00
2.20390000000000000E+02,0.00000000000000000E+00,4.49943201243759000E+01,0.00000000000000000E+00
2.20400000000000000E+02,0.00000000000000000E+00,4.49943201243759000E+01,0.00000000000000000E+00
2.20410000000000000E+02,0.00000000000000000E+00,4.49943201243759000E+01,0.00000000000000000E+00
2.20420000000000000E+02,0.00000000000000000E+00,4.49943201243759000E+01,0.00000000000000000E+00
2.20430000000000000E+02,0.00000000000000000E+00,4.49943201243759000E+01,0.00000000000000000E+00
2.20440000000000000E+02,0.00000000000000000E+00,4.49943201243759000E+01,0.00000000000000000E+00
2.20450000000000000E+02,0.00000000000000000E+00,4.49943201243759000E+01,0.00000000000000000E+00
2.20460000000000000E+02,0.00000000000000000E+00,4.49943201243759000E+01,0.00000000000000000E+00
2.20470000000000000E+02,0.00000000000000000E+00,4.49943201243759000E+01,0.00000000000000000E+00
2.20480000000000000E+02,0.00000000000000000E+00,4.49943201243759000E+01,0.00000000000000000E+00
2.20490000000000000E+02,0.00000000000000000E+00,4.49943201243759000E+01,0.00000000000000000E+00
2.20500000000000000E+02,0.00000000000000000E+00,4.49943201243759000E+01,0.00000000000000000E+00
2.20510000000000000E+02,0.00000000000000000E+00,4.49943201243759000E+01,0.00000000000000000E+00
2.20520000000000000E+02,0.00000000000000000E+00,4.49943201243759000E+01,0.00000000000000000E+00
2.20530000000000000E+02,0.00000000000000000E+00,4.49943201243759000E+01,0.00000000000000000E+00
2.20540000000000000E+02,0.00000000000000000E+00,4.49943201243759000E+01,0.00000000000000000E+00
2.20550000000000000E+02,0.00000000000000000E+00,4.49943201243759000E+01,0.00000000000000000E+00
2.20560000000000000E+02,0.00000000000000000E+00,4.49943201243759000E+01,0.00000000000000000E+00
2.20570000000000000E+02,0.00000000000000000E+00,4.49943201243759000E+01,0.00000000000000000E+00
2.20580000000000000E+02,0.00000000000000000E+00,4.49943201243759000E+01,0.00000000000000000E+00
2.20590000000000000E+02,0.00000000000000000E+00,4.49943201243759000E+01,0.00000000000000000E+00
2.20600000000000000E+02,0.00000000000000000E+00,4.49943201243759000E+01,0.00000000000000000E+00
2.20610000000000000E+02,0.00000000000000000E+00,4.49943201243759000E+01,0.00000000000000000E+00
2.20620000000000000E+02,0.00000000000000000E+00,4.49943201243759000E+01,0.00000000000000000E+00
2.20630000000000000E+02,0.00000000000000000E+00,4.49943201243759000E+01,0.00000000000000000E+00
2.20640000000000000E+02,0.00000000000000000E+00,4.49943201243759000E+01,0.00000000000000000E+00
2.20650000000000000E+02,0.00000000000000000E+00,4.49943201243759000E+01,0.00000000000000000E+00
2.20660000000000000E+02,0.00000000000000000E+00,4.49943201243759000E+01,0.00000000000000000E+00
2.20670000000000000E+02,0.00000000000000000E+00,4.49943201243759000E+01,0.00000000000000000E+00
2.20680000000000000E+02,0.00000000000000000E+00,4.49943201243759000E+01,0.00000000000000000E+00
2.20690000000000000E+02,0.00000000000000000E+00,4.49943201243759000E+01,0.00000000000000000E+00
2.20700000000000000E+02,0.00000000000000000E+00,4.49943201243759000E+01,0.00000000000000000E+00
2.20710000000000000E+02,0.00000000000000000E+00,4.49943201243759000E+01,0.00000000000000000E+00
2.20720000000000000E+02,0.00000000000000000E+00,4.49943201243759000E+01,0.00000000000000000E+00
2.20730000000000000E+02,0.00000000000000000E+00,4.49943201243759000E+01,0.00000000000000000E+00
2.20740000000000000E+02,0.00000000000000000E+00,4.49943201243759000E+01,0.00000000000000000E+00
2.20750000000000000E+02,0.00000000000000000E+00,4.49943201243759000E+01,0.00000000000000000E+00
2.20760000000000000E+02,0.00000000000000000E+00,4.49943201243759000E+01,0.00000000000000000E+00
2.20770000000000000E+02,0.00000000000000000E+00,4.49943201243759000E+01,0.00000000000000000E+00
2.20780000000000000E+02,0.00000000000000000E+00,4.49943201243759000E+01,0.00000000000000000E+00
2.20790000000000000E+02,0.00000000000000000E+00,4.49943201243759000E+01,0.00000000000000000E+00
2.20800000000000000E+02,0.00000000000000000E+00,4.49943201243759000E+01,0.00000000000000000E+00
2.20810000000000000E+02,0.00000000000000000E+00,4.49943201243759000E+01,0.00000000000000000E+00
2.20820000000000000E+02,0.00000000000000000E+00,4.49943201243759000E+01,0.00000000000000000E+00
2.20830000000000000E+02,0.00000000000000000E+00,4.49943201243759000E+01,0.00000000000000000E+00
2.20840000000000000E+02,0.00000000000000000E+00,4.49943201243759000E+01,0.00000000000000000E+00
2.20850000000000000E+02,0.00000000000000000E+00,4.49943201243759000E+01,0.00000000000000000E+00
2.20860000000000000E+02,0.00000000000000000E+00,4.49943201243759000E+01,0.00000000000000000E+00
2.20870000000000000E+02,0.00000000000000000E+00,4.49943201243759000E+01,0.00000000000000000E+00
2.20880000000000000E+02,0.00000000000000000E+00,4.49943201243759000E+01,0.00000000000000000E+00
2.20890000000000000E+02,0.00000000000000000E+00,4.49943201243759000E+01,0.00000000000000000E+00
2.20900000000000000E+02,0.00000000000000000E+00,4.49943201243759000E+01,0.00000000000000000E+00
2.20910000000000000E+02,0.00000000000000000E+00,4.49943201243759000E+01,0.00000000000000000E+00
2.20920000000000000E+02,0.00000000000000000E+00,4.49943201243759000E+01,0.00000000000000000E+00
2.20930000000000000E+02,0.00000000000000000E+00,4.49943201243759000E+01,0.00000000000000000E+00
2.20940000000000000E+02,0.00000000000000000E+00,4.49943201243759000E+01,0.00000000000000000E+00
2.20950000000000000E+02,0.00000000000000000E+00,4.49943201243759000E+01,0.00000000000000000E+00
2.20960000000000000E+02,0.00000000000000000E+00,4.49943201243759000E+01,0.00000000000000000E+00
2.20970000000000000E+02,0.00000000000000000E+00,4.49943201243759000E+01,0.00000000000000000E+00
2.20980000000000000E+02,0.00000000000000000E+00,4.49943201243759000E+01,0.00000000000000000E+00
2.20990000000000000E+02,0.00000000000000000E+00,4.49943201243759000E+01,0.00000000000000000E+00
2.21000000000000000E+02,0.00000000000000000E+00,4.49943201243759000E+01,0.00000000000000000E+00
2.21010000000000000E+02,0.00000000000000000E+00,4.49943201243759000E+01,0.00000000000000000E+00
2.21020000000000000E+02,0.00000000000000000E+00,4.49943201243759000E+01,0.00000000000000000E+00
2.21030000000000000E+02,0.00000000000000000E+00,4.49943201243759000E+01,0.00000000000000000E+00
2.21040000000000000E+02,0.00000000000000000E+00,4.49943201243759000E+01,0.00000000000000000E+00
2.21050000000000000E+02,0.00000000000000000E+00,4.49943201243759000E+01,0.00000000000000000E+00
2.21060000000000000E+02,0.00000000000000000E+00,4.49943201243759000E+01,0.00000000000000000E+00
2.21070000000000000E+02,0.00000000000000000E+00,4.49943201243759000E+01,0.00000000000000000E+00
2.21080000000000000E+02,0.00000000000000000E+00,4.49943201243759000E+01,0.00000000000000000E+00
2.21090000000000000E+02,0.00000000000000000E+00,4.49943201243759000E+01,0.00000000000000000E+00
2.21100000000000000E+02,0.00000000000000000E+00,4.49943201243759000E+01,0.00000000000000000E+00
2.21110000000000000E+02,0.00000000000000000E+00,4.49943201243759000E+01,0.00000000000000000E+00
2.21120000000000000E+02,0.00000000000000000E+00,4.49943201243759000E+01,0.00000000000000000E+00
2.21130000000000000E+02,0.00000000000000000E+00,4.49943201243759000E+01,0.00000000000000000E+00
2.21140000000000000E+02,0.00000000000000000E+00,4.49943201243759000E+01,0.00000000000000000E+00
2.21150000000000000E+02,0.00000000000000000E+00,4.49943201243759000E+01,0.00000000000000000E+00
2.21160000000000000E+02,0.00000000000000000E+00,4.49943201243759000E+01,0.00000000000000000E+00
2.21170000000000000E+02,0.00000000000000000E+00,4.49943201243759000E+01,0.00000000000000000E+00
2.21180000000000000E+02,0.00000000000000000E+00,4.49943201243759000E+01,0.00000000000000000E+00
2.21190000000000000E+02,0.00000000000000000E+00,4.49943201243759000E+01,0.00000000000000000E+00
2.21200000000000000E+02,0.00000000000000000E+00,4.49943201243759000E+01,0.00000000000000000E+00
2.21210000000000000E+02,0.00000000000000000E+00,4.49943201243759000E+01,0.00000000000000000E+00
2.21220000000000000E+02,0.00000000000000000E+00,4.49943201243759000E+01,0.00000000000000000E+00
2.21230000000000000E+02,0.00000000000000000E+00,4.49943201243759000E+01,0.00000000000000000E+00
2.21240000000000000E+02,0.00000000000000000E+00,4.49943201243759000E+01,0.00000000000000000E+00
2.21250000000000000E+02,0.00000000000000000E+00,4.49943201243759000E+01,0.00000000000000000E+00
2.21260000000000000E+02,0.00000000000000000E+00,4.49943201243759000E+01,0.00000000000000000E+00
2.21270000000000000E+02,0.00000000000000000E+00,4.49943201243759000E+01,0.00000000000000000E+00
2.21280000000000000E+02,0.00000000000000000E+00,4.49943201243759000E+01,0.00000000000000000E+00
2.21290000000000000E+02,0.00000000000000000E+00,4.49943201243759000E+01,0.00000000000000000E+00
2.21300000000000000E+02,0.00000000000000000E+00,4.49943201243759000E+01,0.00000000000000000E+00
2.21310000000000000E+02,0.00000000000000000E+00,4.49943201243759000E+01,0.00000000000000000E+00
2.21320000000000000E+02,0.00000000000000000E+00,4.49943201243759000E+01,0.00000000000000000E+00
2.21330000000000000E+02,0.00000000000000000E+00,4.49943201243759000E+01,0.00000000000000000E+00
2.21340000000000000E+02,0.00000000000000000E+00,4.49943201243759000E+01,0.00000000000000000E+00
2.21350000000000000E+02,0.00000000000000000E+00,4.49943201243759000E+01,0.00000000000000000E+00
2.21360000000000000E+02,0.00000000000000000E+00,4.49943201243759000E+01,0.00000000000000000E+00
2.21370000000000000E+02,0.00000000000000000E+00,4.49943201243759000E+01,0.00000000000000000E+00
2.21380000000000000E+02,0.00000000000000000E+00,4.49943201243759000E+01,0.00000000000000000E+00
2.21390000000000000E+02,0.00000000000000000E+00,4.49943201243759000E+01,0.00000000000000000E+00
2.21400000000000000E+02,0.00000000000000000E+00,4.49943201243759000E+01,0.00000000000000000E+00
2.21410000000000000E+02,0.00000000000000000E+00,4.49943201243759000E+01,0.00000000000000000E+00
2.21420000000000000E+02,0.00000000000000000E+00,4.49943201243759000E+01,0.00000000000000000E+00
2.21430000000000000E+02,0.00000000000000000E+00,4.49943201243759000E+01,0.00000000000000000E+00
2.21440000000000000E+02,0.00000000000000000E+00,4.49943201243759000E+01,0.00000000000000000E+00
2.21450000000000000E+02,0.00000000000000000E+00,4.49943201243759000E+01,0.00000000000000000E+00
2.21460000000000000E+02,0.00000000000000000E+00,4.49943201243759000E+01,0.00000000000000000E+00
2.21470000000000000E+02,0.00000000000000000E+00,4.49943201243759000E+01,0.00000000000000000E+00
2.21480000000000000E+02,0.00000000000000000E+00,4.49943201243759000E+01,0.00000000000000000E+00
2.21490000000000000E+02,0.00000000000000000E+00,4.49943201243759000E+01,0.00000000000000000E+00
2.21500000000000000E+02,0.00000000000000000E+00,4.49943201243759000E+01,0.00000000000000000E+00
2.21510000000000000E+02,0.00000000000000000E+00,4.49943201243759000E+01,0.00000000000000000E+00
2.21520000000000000E+02,0.00000000000000000E+00,4.49943201243759000E+01,0.00000000000000000E+00
2.21530000000000000E+02,0.00000000000000000E+00,4.49943201243759000E+01,0.00000000000000000E+00
2.21540000000000000E+02,0.00000000000000000E+00,4.49943201243759000E+01,0.00000000000000000E+00
2.21550000000000000E+02,0.00000000000000000E+00,4.49943201243759000E+01,0.00000000000000000E+00
2.21560000000000000E+02,0.00000000000000000E+00,4.49943201243759000E+01,0.00000000000000000E+00
2.21570000000000000E+02,0.00000000000000000E+00,4.49943201243759000E+01,0.00000000000000000E+00
2.21580000000000000E+02,0.00000000000000000E+00,4.49943201243759000E+01,0.00000000000000000E+00
2.21590000000000000E+02,0.00000000000000000E+00,4.49943201243759000E+01,0.00000000000000000E+00
2.21600000000000000E+02,0.00000000000000000E+00,4.49943201243759000E+01,0.00000000000000000E+00
2.21610000000000000E+02,0.00000000000000000E+00,4.49943201243759000E+01,0.00000000000000000E+00
2.21620000000000000E+02,0.00000000000000000E+00,4.49943201243759000E+01,0.00000000000000000E+00
2.21630000000000000E+02,0.00000000000000000E+00,4.49943201243759000E+01,0.00000000000000000E+00
2.21640000000000000E+02,0.00000000000000000E+00,4.49943201243759000E+01,0.00000000000000000E+00
2.21650000000000000E+02,0.00000000000000000E+00,4.49943201243759000E+01,0.00000000000000000E+00
2.21660000000000000E+02,0.00000000000000000E+00,4.49943201243759000E+01,0.00000000000000000E+00
2.21670000000000000E+02,0.00000000000000000E+00,4.49943201243759000E+01,0.00000000000000000E+00
2.21680000000000000E+02,0.00000000000000000E+00,4.49943201243759000E+01,0.00000000000000000E+00
2.21690000000000000E+02,0.00000000000000000E+00,4.49943201243759000E+01,0.00000000000000000E+00
2.21700000000000000E+02,0.00000000000000000E+00,4.49943201243759000E+01,0.00000000000000000E+00
2.21710000000000000E+02,0.00000000000000000E+00,4.49943201243759000E+01,0.00000000000000000E+00
2.21720000000000000E+02,0.00000000000000000E+00,4.49943201243759000E+01,0.00000000000000000E+00
2.21730000000000000E+02,0.00000000000000000E+00,4.49943201243759000E+01,0.00000000000000000E+00
2.21740000000000000E+02,0.00000000000000000E+00,4.49943201243759000E+01,0.00000000000000000E+00
2.21750000000000000E+02,0.00000000000000000E+00,4.49943201243759000E+01,0.00000000000000000E+00
2.21760000000000000E+02,0.00000000000000000E+00,4.49943201243759000E+01,0.00000000000000000E+00
2.21770000000000000E+02,0.00000000000000000E+00,4.49943201243759000E+01,0.00000000000000000E+00
2.21780000000000000E+02,0.00000000000000000E+00,4.49943201243759000E+01,0.00000000000000000E+00
2.21790000000000000E+02,0.00000000000000000E+00,4.49943201243759000E+01,0.00000000000000000E+00
2.21800000000000000E+02,0.00000000000000000E+00,4.49943201243759000E+01,0.00000000000000000E+00
2.21810000000000000E+02,0.00000000000000000E+00,4.49943201243759000E+01,0.00000000000000000E+00
2.21820000000000000E+02,0.00000000000000000E+00,4.49943201243759000E+01,0.00000000000000000E+00
2.21830000000000000E+02,0.00000000000000000E+00,4.49943201243759000E+01,0.00000000000000000E+00
2.21840000000000000E+02,0.00000000000000000E+00,4.49943201243759000E+01,0.00000000000000000E+00
2.21850000000000000E+02,0.00000000000000000E+00,4.49943201243759000E+01,0.00000000000000000E+00
2.21860000000000000E+02,0.00000000000000000E+00,4.49943201243759000E+01,0.00000000000000000E+00
2.21870000000000000E+02,0.00000000000000000E+00,4.49943201243759000E+01,0.00000000000000000E+00
2.21880000000000000E+02,0.00000000000000000E+00,4.49943201243759000E+01,0.00000000000000000E+00
2.21890000000000000E+02,0.00000000000000000E+00,4.49943201243759000E+01,0.00000000000000000E+00
2.21900000000000000E+02,0.00000000000000000E+00,4.49943201243759000E+01,0.00000000000000000E+00
2.21910000000000000E+02,0.00000000000000000E+00,4.49943201243759000E+01,0.00000000000000000E+00
2.21920000000000000E+02,0.00000000000000000E+00,4.49943201243759000E+01,0.00000000000000000E+00
2.21930000000000000E+02,0.00000000000000000E+00,4.49943201243759000E+01,0.00000000000000000E+00
2.21940000000000000E+02,0.00000000000000000E+00,4.49943201243759000E+01,0.00000000000000000E+00
2.21950000000000000E+02,0.00000000000000000E+00,4.49943201243759000E+01,0.00000000000000000E+00
2.21960000000000000E+02,0.00000000000000000E+00,4.49943201243759000E+01,0.00000000000000000E+00
2.21970000000000000E+02,0.00000000000000000E+00,4.49943201243759000E+01,0.00000000000000000E+00
2.21980000000000000E+02,0.00000000000000000E+00,4.49943201243759000E+01,0.00000000000000000E+00
2.21990000000000000E+02,0.00000000000000000E+00,4.49943201243759000E+01,0.00000000000000000E+00
2.22000000000000000E+02,0.00000000000000000E+00,4.49943201243759000E+01,0.00000000000000000E+00
2.22010000000000000E+02,0.00000000000000000E+00,4.49943201243759000E+01,0.00000000000000000E+00
2.22020000000000000E+02,0.00000000000000000E+00,4.49943201243759000E+01,0.00000000000000000E+00
2.22030000000000000E+02,0.00000000000000000E+00,4.49943201243759000E+01,0.00000000000000000E+00
2.22040000000000000E+02,0.00000000000000000E+00,4.49943201243759000E+01,0.00000000000000000E+00
2.22050000000000000E+02,0.00000000000000000E+00,4.49943201243759000E+01,0.00000000000000000E+00
2.22060000000000000E+02,0.00000000000000000E+00,4.49943201243759000E+01,0.00000000000000000E+00
2.22070000000000000E+02,0.00000000000000000E+00,4.49943201243759000E+01,0.00000000000000000E+00
2.22080000000000000E+02,0.00000000000000000E+00,4.49943201243759000E+01,0.00000000000000000E+00
2.22090000000000000E+02,0.00000000000000000E+00,4.49943201243759000E+01,0.00000000000000000E+00
2.22100000000000000E+02,0.00000000000000000E+00,4.49943201243759000E+01,0.00000000000000000E+00
2.22110000000000000E+02,0.00000000000000000E+00,4.49943201243759000E+01,0.00000000000000000E+00
2.22120000000000000E+02,0.00000000000000000E+00,4.49943201243759000E+01,0.00000000000000000E+00
2.22130000000000000E+02,0.00000000000000000E+00,4.49943201243759000E+01,0.00000000000000000E+00
2.22140000000000000E+02,0.00000000000000000E+00,4.49943201243759000E+01,0.00000000000000000E+00
2.22150000000000000E+02,0.00000000000000000E+00,4.49943201243759000E+01,0.00000000000000000E+00
2.22160000000000000E+02,0.00000000000000000E+00,4.49943201243759000E+01,0.00000000000000000E+00
2.22170000000000000E+02,0.00000000000000000E+00,4.49943201243759000E+01,0.00000000000000000E+00
2.22180000000000000E+02,0.00000000000000000E+00,4.49943201243759000E+01,0.00000000000000000E+00
2.22190000000000000E+02,0.00000000000000000E+00,4.49943201243759000E+01,0.00000000000000000E+00
2.22200000000000000E+02,0.00000000000000000E+00,4.49943201243759000E+01,0.00000000000000000E+00
2.22210000000000000E+02,0.00000000000000000E+00,4.49943201243759000E+01,0.00000000000000000E+00
2.22220000000000000E+02,0.00000000000000000E+00,4.49943201243759000E+01,0.00000000000000000E+00
2.22230000000000000E+02,0.00000000000000000E+00,4.49943201243759000E+01,0.00000000000000000E+00
2.22240000000000000E+02,0.00000000000000000E+00,4.49943201243759000E+01,0.00000000000000000E+00
2.22250000000000000E+02,0.00000000000000000E+00,4.49943201243759000E+01,0.00000000000000000E+00
2.22260000000000000E+02,0.00000000000000000E+00,4.49943201243759000E+01,0.00000000000000000E+00
2.22270000000000000E+02,0.00000000000000000E+00,4.49943201243759000E+01,0.00000000000000000E+00
2.22280000000000000E+02,0.00000000000000000E+00,4.49943201243759000E+01,0.00000000000000000E+00
2.22290000000000000E+02,0.00000000000000000E+00,4.49943201243759000E+01,0.00000000000000000E+00
2.22300000000000000E+02,0.00000000000000000E+00,4.49943201243759000E+01,0.00000000000000000E+00
2.22310000000000000E+02,0.00000000000000000E+00,4.49943201243759000E+01,0.00000000000000000E+00
2.22320000000000000E+02,0.00000000000000000E+00,4.49943201243759000E+01,0.00000000000000000E+00
2.22330000000000000E+02,0.00000000000000000E+00,4.49943201243759000E+01,0.00000000000000000E+00
2.22340000000000000E+02,0.00000000000000000E+00,4.49943201243759000E+01,0.00000000000000000E+00
2.22350000000000000E+02,0.00000000000000000E+00,4.49943201243759000E+01,0.00000000000000000E+00
2.22360000000000000E+02,0.00000000000000000E+00,4.49943201243759000E+01,0.00000000000000000E+00
2.22370000000000000E+02,0.00000000000000000E+00,4.49943201243759000E+01,0.00000000000000000E+00
2.22380000000000000E+02,0.00000000000000000E+00,4.49943201243759000E+01,0.00000000000000000E+00
2.22390000000000000E+02,0.00000000000000000E+00,4.49943201243759000E+01,0.00000000000000000E+00
2.22400000000000000E+02,0.00000000000000000E+00,4.49943201243759000E+01,0.00000000000000000E+00
2.22410000000000000E+02,0.00000000000000000E+00,4.49943201243759000E+01,0.00000000000000000E+00
2.22420000000000000E+02,0.00000000000000000E+00,4.49943201243759000E+01,0.00000000000000000E+00
2.22430000000000000E+02,0.00000000000000000E+00,4.49943201243759000E+01,0.00000000000000000E+00
2.22440000000000000E+02,0.00000000000000000E+00,4.49943201243759000E+01,0.00000000000000000E+00
2.22450000000000000E+02,0.00000000000000000E+00,4.49943201243759000E+01,0.00000000000000000E+00
2.22460000000000000E+02,0.00000000000000000E+00,4.49943201243759000E+01,0.00000000000000000E+00
2.22470000000000000E+02,0.00000000000000000E+00,4.49943201243759000E+01,0.00000000000000000E+00
2.22480000000000000E+02,0.00000000000000000E+00,4.49943201243759000E+01,0.00000000000000000E+00
2.22490000000000000E+02,0.00000000000000000E+00,4.49943201243759000E+01,0.00000000000000000E+00
2.22500000000000000E+02,0.00000000000000000E+00,4.49943201243759000E+01,0.00000000000000000E+00
2.22510000000000000E+02,0.00000000000000000E+00,4.49943201243759000E+01,0.00000000000000000E+00
2.22520000000000000E+02,0.00000000000000000E+00,4.49943201243759000E+01,0.00000000000000000E+00
2.22530000000000000E+02,0.00000000000000000E+00,4.49943201243759000E+01,0.00000000000000000E+00
2.22540000000000000E+02,0.00000000000000000E+00,4.49943201243759000E+01,0.00000000000000000E+00
2.22550000000000000E+02,0.00000000000000000E+00,4.49943201243759000E+01,0.00000000000000000E+00
2.22560000000000000E+02,0.00000000000000000E+00,4.49943201243759000E+01,0.00000000000000000E+00
2.22570000000000000E+02,0.00000000000000000E+00,4.49943201243759000E+01,0.00000000000000000E+00
2.22580000000000000E+02,0.00000000000000000E+00,4.49943201243759000E+01,0.00000000000000000E+00
2.22590000000000000E+02,0.00000000000000000E+00,4.49943201243759000E+01,0.00000000000000000E+00
2.22600000000000000E+02,0.00000000000000000E+00,4.49943201243759000E+01,0.00000000000000000E+00
2.22610000000000000E+02,0.00000000000000000E+00,4.49943201243759000E+01,0.00000000000000000E+00
2.22620000000000000E+02,0.00000000000000000E+00,4.49943201243759000E+01,0.00000000000000000E+00
2.22630000000000000E+02,0.00000000000000000E+00,4.49943201243759000E+01,0.00000000000000000E+00
2.22640000000000000E+02,0.00000000000000000E+00,4.49943201243759000E+01,0.00000000000000000E+00
2.22650000000000000E+02,0.00000000000000000E+00,4.49943201243759000E+01,0.00000000000000000E+00
2.22660000000000000E+02,0.00000000000000000E+00,4.49943201243759000E+01,0.00000000000000000E+00
2.22670000000000000E+02,0.00000000000000000E+00,4.49943201243759000E+01,0.00000000000000000E+00
2.22680000000000000E+02,0.00000000000000000E+00,4.49943201243759000E+01,0.00000000000000000E+00
2.22690000000000000E+02,0.00000000000000000E+00,4.49943201243759000E+01,0.00000000000000000E+00
2.22700000000000000E+02,0.00000000000000000E+00,4.49943201243759000E+01,0.00000000000000000E+00
2.22710000000000000E+02,0.00000000000000000E+00,4.49943201243759000E+01,0.00000000000000000E+00
2.22720000000000000E+02,0.00000000000000000E+00,4.49943201243759000E+01,0.00000000000000000E+00
2.22730000000000000E+02,0.00000000000000000E+00,4.49943201243759000E+01,0.00000000000000000E+00
2.22740000000000000E+02,0.00000000000000000E+00,4.49943201243759000E+01,0.00000000000000000E+00
2.22750000000000000E+02,0.00000000000000000E+00,4.49943201243759000E+01,0.00000000000000000E+00
2.22760000000000000E+02,0.00000000000000000E+00,4.49943201243759000E+01,0.00000000000000000E+00
2.22770000000000000E+02,0.00000000000000000E+00,4.49943201243759000E+01,0.00000000000000000E+00
2.22780000000000000E+02,0.00000000000000000E+00,4.49943201243759000E+01,0.00000000000000000E+00
2.22790000000000000E+02,0.00000000000000000E+00,4.49943201243759000E+01,0.00000000000000000E+00
2.22800000000000000E+02,0.00000000000000000E+00,4.49943201243759000E+01,0.00000000000000000E+00
2.22810000000000000E+02,0.00000000000000000E+00,4.49943201243759000E+01,0.00000000000000000E+00
2.22820000000000000E+02,0.00000000000000000E+00,4.49943201243759000E+01,0.00000000000000000E+00
2.22830000000000000E+02,0.00000000000000000E+00,4.49943201243759000E+01,0.00000000000000000E+00
2.22840000000000000E+02,0.00000000000000000E+00,4.49943201243759000E+01,0.00000000000000000E+00
2.22850000000000000E+02,0.00000000000000000E+00,4.49943201243759000E+01,0.00000000000000000E+00
2.22860000000000000E+02,0.00000000000000000E+00,4.49943201243759000E+01,0.00000000000000000E+00
2.22870000000000000E+02,0.00000000000000000E+00,4.49943201243759000E+01,0.00000000000000000E+00
2.22880000000000000E+02,0.00000000000000000E+00,4.49943201243759000E+01,0.00000000000000000E+00
2.22890000000000000E+02,0.00000000000000000E+00,4.49943201243759000E+01,0.00000000000000000E+00
2.22900000000000000E+02,0.00000000000000000E+00,4.49943201243759000E+01,0.00000000000000000E+00
2.22910000000000000E+02,0.00000000000000000E+00,4.49943201243759000E+01,0.00000000000000000E+00
2.22920000000000000E+02,0.00000000000000000E+00,4.49943201243759000E+01,0.00000000000000000E+00
2.22930000000000000E+02,0.00000000000000000E+00,4.49943201243759000E+01,0.00000000000000000E+00
2.22940000000000000E+02,0.00000000000000000E+00,4.49943201243759000E+01,0.00000000000000000E+00
2.22950000000000000E+02,0.00000000000000000E+00,4.49943201243759000E+01,0.00000000000000000E+00
2.22960000000000000E+02,0.00000000000000000E+00,4.49943201243759000E+01,0.00000000000000000E+00
2.22970000000000000E+02,0.00000000000000000E+00,4.49943201243759000E+01,0.00000000000000000E+00
2.22980000000000000E+02,0.00000000000000000E+00,4.49943201243759000E+01,0.00000000000000000E+00
2.22990000000000000E+02,0.00000000000000000E+00,4.49943201243759000E+01,0.00000000000000000E+00
2.23000000000000000E+02,0.00000000000000000E+00,4.49943201243759000E+01,0.00000000000000000E+00
2.23010000000000000E+02,0.00000000000000000E+00,4.49943201243759000E+01,0.00000000000000000E+00
2.23020000000000000E+02,0.00000000000000000E+00,4.49943201243759000E+01,0.00000000000000000E+00
2.23030000000000000E+02,0.00000000000000000E+00,4.49943201243759000E+01,0.00000000000000000E+00
2.23040000000000000E+02,0.00000000000000000E+00,4.49943201243759000E+01,0.00000000000000000E+00
2.23050000000000000E+02,0.00000000000000000E+00,4.49943201243759000E+01,0.00000000000000000E+00
2.23060000000000000E+02,0.00000000000000000E+00,4.49943201243759000E+01,0.00000000000000000E+00
2.23070000000000000E+02,0.00000000000000000E+00,4.49943201243759000E+01,0.00000000000000000E+00
2.23080000000000000E+02,0.00000000000000000E+00,4.49943201243759000E+01,0.00000000000000000E+00
2.23090000000000000E+02,0.00000000000000000E+00,4.49943201243759000E+01,0.00000000000000000E+00
2.23100000000000000E+02,0.00000000000000000E+00,4.49943201243759000E+01,0.00000000000000000E+00
2.23110000000000000E+02,0.00000000000000000E+00,4.49943201243759000E+01,0.00000000000000000E+00
2.23120000000000000E+02,0.00000000000000000E+00,4.49943201243759000E+01,0.00000000000000000E+00
2.23130000000000000E+02,0.00000000000000000E+00,4.49943201243759000E+01,0.00000000000000000E+00
2.23140000000000000E+02,0.00000000000000000E+00,4.49943201243759000E+01,0.00000000000000000E+00
2.23150000000000000E+02,0.00000000000000000E+00,4.49943201243759000E+01,0.00000000000000000E+00
2.23160000000000000E+02,0.00000000000000000E+00,4.49943201243759000E+01,0.00000000000000000E+00
2.23170000000000000E+02,0.00000000000000000E+00,4.49943201243759000E+01,0.00000000000000000E+00
2.23180000000000000E+02,0.00000000000000000E+00,4.49943201243759000E+01,0.00000000000000000E+00
2.23190000000000000E+02,0.00000000000000000E+00,4.49943201243759000E+01,0.00000000000000000E+00
2.23200000000000000E+02,0.00000000000000000E+00,4.49943201243759000E+01,0.00000000000000000E+00
2.23210000000000000E+02,0.00000000000000000E+00,4.49943201243759000E+01,0.00000000000000000E+00
2.23220000000000000E+02,0.00000000000000000E+00,4.49943201243759000E+01,0.00000000000000000E+00
2.23230000000000000E+02,0.00000000000000000E+00,4.49943201243759000E+01,0.00000000000000000E+00
2.23240000000000000E+02,0.00000000000000000E+00,4.49943201243759000E+01,0.00000000000000000E+00
2.23250000000000000E+02,0.00000000000000000E+00,4.49943201243759000E+01,0.00000000000000000E+00
2.23260000000000000E+02,0.00000000000000000E+00,4.49943201243759000E+01,0.00000000000000000E+00
2.23270000000000000E+02,0.00000000000000000E+00,4.49943201243759000E+01,0.00000000000000000E+00
2.23280000000000000E+02,0.00000000000000000E+00,4.49943201243759000E+01,0.00000000000000000E+00
2.23290000000000000E+02,0.00000000000000000E+00,4.49943201243759000E+01,0.00000000000000000E+00
2.23300000000000000E+02,0.00000000000000000E+00,4.49943201243759000E+01,0.00000000000000000E+00
2.23310000000000000E+02,0.00000000000000000E+00,4.49943201243759000E+01,0.00000000000000000E+00
2.23320000000000000E+02,0.00000000000000000E+00,4.49943201243759000E+01,0.00000000000000000E+00
2.23330000000000000E+02,0.00000000000000000E+00,4.49943201243759000E+01,0.00000000000000000E+00
2.23340000000000000E+02,0.00000000000000000E+00,4.49943201243759000E+01,0.00000000000000000E+00
2.23350000000000000E+02,0.00000000000000000E+00,4.49943201243759000E+01,0.00000000000000000E+00
2.23360000000000000E+02,0.00000000000000000E+00,4.49943201243759000E+01,0.00000000000000000E+00
2.23370000000000000E+02,0.00000000000000000E+00,4.49943201243759000E+01,0.00000000000000000E+00
2.23380000000000000E+02,0.00000000000000000E+00,4.49943201243759000E+01,0.00000000000000000E+00
2.23390000000000000E+02,0.00000000000000000E+00,4.49943201243759000E+01,0.00000000000000000E+00
2.23400000000000000E+02,0.00000000000000000E+00,4.49943201243759000E+01,0.00000000000000000E+00
2.23410000000000000E+02,0.00000000000000000E+00,4.49943201243759000E+01,0.00000000000000000E+00
2.23420000000000000E+02,0.00000000000000000E+00,4.49943201243759000E+01,0.00000000000000000E+00
2.23430000000000000E+02,0.00000000000000000E+00,4.49943201243759000E+01,0.00000000000000000E+00
2.23440000000000000E+02,0.00000000000000000E+00,4.49943201243759000E+01,0.00000000000000000E+00
2.23450000000000000E+02,0.00000000000000000E+00,4.49943201243759000E+01,0.00000000000000000E+00
2.23460000000000000E+02,0.00000000000000000E+00,4.49943201243759000E+01,0.00000000000000000E+00
2.23470000000000000E+02,0.00000000000000000E+00,4.49943201243759000E+01,0.00000000000000000E+00
2.23480000000000000E+02,0.00000000000000000E+00,4.49943201243759000E+01,0.00000000000000000E+00
2.23490000000000000E+02,0.00000000000000000E+00,4.49943201243759000E+01,0.00000000000000000E+00
2.23500000000000000E+02,0.00000000000000000E+00,4.49943201243759000E+01,0.00000000000000000E+00
2.23510000000000000E+02,0.00000000000000000E+00,4.49943201243759000E+01,0.00000000000000000E+00
2.23520000000000000E+02,0.00000000000000000E+00,4.49943201243759000E+01,0.00000000000000000E+00
2.23530000000000000E+02,0.00000000000000000E+00,4.49943201243759000E+01,0.00000000000000000E+00
2.23540000000000000E+02,0.00000000000000000E+00,4.49943201243759000E+01,0.00000000000000000E+00
2.23550000000000000E+02,0.00000000000000000E+00,4.49943201243759000E+01,0.00000000000000000E+00
2.23560000000000000E+02,0.00000000000000000E+00,4.49943201243759000E+01,0.00000000000000000E+00
2.23570000000000000E+02,0.00000000000000000E+00,4.49943201243759000E+01,0.00000000000000000E+00
2.23580000000000000E+02,0.00000000000000000E+00,4.49943201243759000E+01,0.00000000000000000E+00
2.23590000000000000E+02,0.00000000000000000E+00,4.49943201243759000E+01,0.00000000000000000E+00
2.23600000000000000E+02,0.00000000000000000E+00,4.49943201243759000E+01,0.00000000000000000E+00
2.23610000000000000E+02,0.00000000000000000E+00,4.49943201243759000E+01,0.00000000000000000E+00
2.23620000000000000E+02,0.00000000000000000E+00,4.49943201243759000E+01,0.00000000000000000E+00
2.23630000000000000E+02,0.00000000000000000E+00,4.49943201243759000E+01,0.00000000000000000E+00
2.23640000000000000E+02,0.00000000000000000E+00,4.49943201243759000E+01,0.00000000000000000E+00
2.23650000000000000E+02,0.00000000000000000E+00,4.49943201243759000E+01,0.00000000000000000E+00
2.23660000000000000E+02,0.00000000000000000E+00,4.49943201243759000E+01,0.00000000000000000E+00
2.23670000000000000E+02,0.00000000000000000E+00,4.49943201243759000E+01,0.00000000000000000E+00
2.23680000000000000E+02,0.00000000000000000E+00,4.49943201243759000E+01,0.00000000000000000E+00
2.23690000000000000E+02,0.00000000000000000E+00,4.49943201243759000E+01,0.00000000000000000E+00
2.23700000000000000E+02,0.00000000000000000E+00,4.49943201243759000E+01,0.00000000000000000E+00
2.23710000000000000E+02,0.00000000000000000E+00,4.49943201243759000E+01,0.00000000000000000E+00
2.23720000000000000E+02,0.00000000000000000E+00,4.49943201243759000E+01,0.00000000000000000E+00
2.23730000000000000E+02,0.00000000000000000E+00,4.49943201243759000E+01,0.00000000000000000E+00
2.23740000000000000E+02,0.00000000000000000E+00,4.49943201243759000E+01,0.00000000000000000E+00
2.23750000000000000E+02,0.00000000000000000E+00,4.49943201243759000E+01,0.00000000000000000E+00
2.23760000000000000E+02,0.00000000000000000E+00,4.49943201243759000E+01,0.00000000000000000E+00
2.23770000000000000E+02,0.00000000000000000E+00,4.49943201243759000E+01,0.00000000000000000E+00
2.23780000000000000E+02,0.00000000000000000E+00,4.49943201243759000E+01,0.00000000000000000E+00
2.23790000000000000E+02,0.00000000000000000E+00,4.49943201243759000E+01,0.00000000000000000E+00
2.23800000000000000E+02,0.00000000000000000E+00,4.49943201243759000E+01,0.00000000000000000E+00
2.23810000000000000E+02,0.00000000000000000E+00,4.49943201243759000E+01,0.00000000000000000E+00
2.23820000000000000E+02,0.00000000000000000E+00,4.49943201243759000E+01,0.00000000000000000E+00
2.23830000000000000E+02,0.00000000000000000E+00,4.49943201243759000E+01,0.00000000000000000E+00
2.23840000000000000E+02,0.00000000000000000E+00,4.49943201243759000E+01,0.00000000000000000E+00
2.23850000000000000E+02,0.00000000000000000E+00,4.49943201243759000E+01,0.00000000000000000E+00
2.23860000000000000E+02,0.00000000000000000E+00,4.49943201243759000E+01,0.00000000000000000E+00
2.23870000000000000E+02,0.00000000000000000E+00,4.49943201243759000E+01,0.00000000000000000E+00
2.23880000000000000E+02,0.00000000000000000E+00,4.49943201243759000E+01,0.00000000000000000E+00
2.23890000000000000E+02,0.00000000000000000E+00,4.49943201243759000E+01,0.00000000000000000E+00
2.23900000000000000E+02,0.00000000000000000E+00,4.49943201243759000E+01,0.00000000000000000E+00
2.23910000000000000E+02,0.00000000000000000E+00,4.49943201243759000E+01,0.00000000000000000E+00
2.23920000000000000E+02,0.00000000000000000E+00,4.49943201243759000E+01,0.00000000000000000E+00
2.23930000000000000E+02,0.00000000000000000E+00,4.49943201243759000E+01,0.00000000000000000E+00
2.23940000000000000E+02,0.00000000000000000E+00,4.49943201243759000E+01,0.00000000000000000E+00
2.23950000000000000E+02,0.00000000000000000E+00,4.49943201243759000E+01,0.00000000000000000E+00
2.23960000000000000E+02,0.00000000000000000E+00,4.49943201243759000E+01,0.00000000000000000E+00
2.23970000000000000E+02,0.00000000000000000E+00,4.49943201243759000E+01,0.00000000000000000E+00
2.23980000000000000E+02,0.00000000000000000E+00,4.49943201243759000E+01,0.00000000000000000E+00
2.23990000000000000E+02,0.00000000000000000E+00,4.49943201243759000E+01,0.00000000000000000E+00
2.24000000000000000E+02,0.00000000000000000E+00,4.49943201243759000E+01,0.00000000000000000E+00
2.24010000000000000E+02,0.00000000000000000E+00,4.49943201243759000E+01,0.00000000000000000E+00
2.24020000000000000E+02,0.00000000000000000E+00,4.49943201243759000E+01,0.00000000000000000E+00
2.24030000000000000E+02,0.00000000000000000E+00,4.49943201243759000E+01,0.00000000000000000E+00
2.24040000000000000E+02,0.00000000000000000E+00,4.49943201243759000E+01,0.00000000000000000E+00
2.24050000000000000E+02,0.00000000000000000E+00,4.49943201243759000E+01,0.00000000000000000E+00
2.24060000000000000E+02,0.00000000000000000E+00,4.49943201243759000E+01,0.00000000000000000E+00
2.24070000000000000E+02,0.00000000000000000E+00,4.49943201243759000E+01,0.00000000000000000E+00
2.24080000000000000E+02,0.00000000000000000E+00,4.49943201243759000E+01,0.00000000000000000E+00
2.24090000000000000E+02,0.00000000000000000E+00,4.49943201243759000E+01,0.00000000000000000E+00
2.24100000000000000E+02,0.00000000000000000E+00,4.49943201243759000E+01,0.00000000000000000E+00
2.24110000000000000E+02,0.00000000000000000E+00,4.49943201243759000E+01,0.00000000000000000E+00
2.24120000000000000E+02,0.00000000000000000E+00,4.49943201243759000E+01,0.00000000000000000E+00
2.24130000000000000E+02,0.00000000000000000E+00,4.49943201243759000E+01,0.00000000000000000E+00
2.24140000000000000E+02,0.00000000000000000E+00,4.49943201243759000E+01,0.00000000000000000E+00
2.24150000000000000E+02,0.00000000000000000E+00,4.49943201243759000E+01,0.00000000000000000E+00
2.24160000000000000E+02,0.00000000000000000E+00,4.49943201243759000E+01,0.00000000000000000E+00
2.24170000000000000E+02,0.00000000000000000E+00,4.49943201243759000E+01,0.00000000000000000E+00
2.24180000000000000E+02,0.00000000000000000E+00,4.49943201243759000E+01,0.00000000000000000E+00
2.24190000000000000E+02,0.00000000000000000E+00,4.49943201243759000E+01,0.00000000000000000E+00
2.24200000000000000E+02,0.00000000000000000E+00,4.49943201243759000E+01,0.00000000000000000E+00
2.24210000000000000E+02,0.00000000000000000E+00,4.49943201243759000E+01,0.00000000000000000E+00
2.24220000000000000E+02,0.00000000000000000E+00,4.49943201243759000E+01,0.00000000000000000E+00
2.24230000000000000E+02,0.00000000000000000E+00,4.49943201243759000E+01,0.00000000000000000E+00
2.24240000000000000E+02,0.00000000000000000E+00,4.49943201243759000E+01,0.00000000000000000E+00
2.24250000000000000E+02,0.00000000000000000E+00,4.49943201243759000E+01,0.00000000000000000E+00
2.24260000000000000E+02,0.00000000000000000E+00,4.49943201243759000E+01,0.00000000000000000E+00
2.24270000000000000E+02,0.00000000000000000E+00,4.49943201243759000E+01,0.00000000000000000E+00
2.24280000000000000E+02,0.00000000000000000E+00,4.49943201243759000E+01,0.00000000000000000E+00
2.24290000000000000E+02,0.00000000000000000E+00,4.49943201243759000E+01,0.00000000000000000E+00
2.24300000000000000E+02,0.00000000000000000E+00,4.49943201243759000E+01,0.00000000000000000E+00
2.24310000000000000E+02,0.00000000000000000E+00,4.49943201243759000E+01,0.00000000000000000E+00
2.24320000000000000E+02,0.00000000000000000E+00,4.49943201243759000E+01,0.00000000000000000E+00
2.24330000000000000E+02,0.00000000000000000E+00,4.49943201243759000E+01,0.00000000000000000E+00
2.24340000000000000E+02,0.00000000000000000E+00,4.49943201243759000E+01,0.00000000000000000E+00
2.24350000000000000E+02,0.00000000000000000E+00,4.49943201243759000E+01,0.00000000000000000E+00
2.24360000000000000E+02,0.00000000000000000E+00,4.49943201243759000E+01,0.00000000000000000E+00
2.24370000000000000E+02,0.00000000000000000E+00,4.49943201243759000E+01,0.00000000000000000E+00
2.24380000000000000E+02,0.00000000000000000E+00,4.49943201243759000E+01,0.00000000000000000E+00
2.24390000000000000E+02,0.00000000000000000E+00,4.49943201243759000E+01,0.00000000000000000E+00
2.24400000000000000E+02,0.00000000000000000E+00,4.49943201243759000E+01,0.00000000000000000E+00
2.24410000000000000E+02,0.00000000000000000E+00,4.49943201243759000E+01,0.00000000000000000E+00
2.24420000000000000E+02,0.00000000000000000E+00,4.49943201243759000E+01,0.00000000000000000E+00
2.24430000000000000E+02,0.00000000000000000E+00,4.49943201243759000E+01,0.00000000000000000E+00
2.24440000000000000E+02,0.00000000000000000E+00,4.49943201243759000E+01,0.00000000000000000E+00
2.24450000000000000E+02,0.00000000000000000E+00,4.49943201243759000E+01,0.00000000000000000E+00
2.24460000000000000E+02,0.00000000000000000E+00,4.49943201243759000E+01,0.00000000000000000E+00
2.24470000000000000E+02,0.00000000000000000E+00,4.49943201243759000E+01,0.00000000000000000E+00
2.24480000000000000E+02,0.00000000000000000E+00,4.49943201243759000E+01,0.00000000000000000E+00
2.24490000000000000E+02,0.00000000000000000E+00,4.49943201243759000E+01,0.00000000000000000E+00
2.24500000000000000E+02,0.00000000000000000E+00,4.49943201243759000E+01,0.00000000000000000E+00
2.24510000000000000E+02,0.00000000000000000E+00,4.49943201243759000E+01,0.00000000000000000E+00
2.24520000000000000E+02,0.00000000000000000E+00,4.49943201243759000E+01,0.00000000000000000E+00
2.24530000000000000E+02,0.00000000000000000E+00,4.49943201243759000E+01,0.00000000000000000E+00
2.24540000000000000E+02,0.00000000000000000E+00,4.49943201243759000E+01,0.00000000000000000E+00
2.24550000000000000E+02,0.00000000000000000E+00,4.49943201243759000E+01,0.00000000000000000E+00
2.24560000000000000E+02,0.00000000000000000E+00,4.49943201243759000E+01,0.00000000000000000E+00
2.24570000000000000E+02,0.00000000000000000E+00,4.49943201243759000E+01,0.00000000000000000E+00
2.24580000000000000E+02,0.00000000000000000E+00,4.49943201243759000E+01,0.00000000000000000E+00
2.24590000000000000E+02,0.00000000000000000E+00,4.49943201243759000E+01,0.00000000000000000E+00
2.24600000000000000E+02,0.00000000000000000E+00,4.49943201243759000E+01,0.00000000000000000E+00
2.24610000000000000E+02,0.00000000000000000E+00,4.49943201243759000E+01,0.00000000000000000E+00
2.24620000000000000E+02,0.00000000000000000E+00,4.49943201243759000E+01,0.00000000000000000E+00
2.24630000000000000E+02,0.00000000000000000E+00,4.49943201243759000E+01,0.00000000000000000E+00
2.24640000000000000E+02,0.00000000000000000E+00,4.49943201243759000E+01,0.00000000000000000E+00
2.24650000000000000E+02,0.00000000000000000E+00,4.49943201243759000E+01,0.00000000000000000E+00
2.24660000000000000E+02,0.00000000000000000E+00,4.49943201243759000E+01,0.00000000000000000E+00
2.24670000000000000E+02,0.00000000000000000E+00,4.49943201243759000E+01,0.00000000000000000E+00
2.24680000000000000E+02,0.00000000000000000E+00,4.49943201243759000E+01,0.00000000000000000E+00
2.24690000000000000E+02,0.00000000000000000E+00,4.49943201243759000E+01,0.00000000000000000E+00
2.24700000000000000E+02,0.00000000000000000E+00,4.49943201243759000E+01,0.00000000000000000E+00
2.24710000000000000E+02,0.00000000000000000E+00,4.49943201243759000E+01,0.00000000000000000E+00
2.24720000000000000E+02,0.00000000000000000E+00,4.49943201243759000E+01,0.00000000000000000E+00
2.24730000000000000E+02,0.00000000000000000E+00,4.49943201243759000E+01,0.00000000000000000E+00
2.24740000000000000E+02,0.00000000000000000E+00,4.49943201243759000E+01,0.00000000000000000E+00
2.24750000000000000E+02,0.00000000000000000E+00,4.49943201243759000E+01,0.00000000000000000E+00
2.24760000000000000E+02,0.00000000000000000E+00,4.49943201243759000E+01,0.00000000000000000E+00
2.24770000000000000E+02,0.00000000000000000E+00,4.49943201243759000E+01,0.00000000000000000E+00
2.24780000000000000E+02,0.00000000000000000E+00,4.49943201243759000E+01,0.00000000000000000E+00
2.24790000000000000E+02,0.00000000000000000E+00,4.49943201243759000E+01,0.00000000000000000E+00
2.24800000000000000E+02,0.00000000000000000E+00,4.49943201243759000E+01,0.00000000000000000E+00
2.24810000000000000E+02,0.00000000000000000E+00,4.49943201243759000E+01,0.00000000000000000E+00
2.24820000000000000E+02,0.00000000000000000E+00,4.49943201243759000E+01,0.00000000000000000E+00
2.24830000000000000E+02,0.00000000000000000E+00,4.49943201243759000E+01,0.00000000000000000E+00
2.24840000000000000E+02,0.00000000000000000E+00,4.49943201243759000E+01,0.00000000000000000E+00
2.24850000000000000E+02,0.00000000000000000E+00,4.49943201243759000E+01,0.00000000000000000E+00
2.24860000000000000E+02,0.00000000000000000E+00,4.49943201243759000E+01,0.00000000000000000E+00
2.24870000000000000E+02,0.00000000000000000E+00,4.49943201243759000E+01,0.00000000000000000E+00
2.24880000000000000E+02,0.00000000000000000E+00,4.49943201243759000E+01,0.00000000000000000E+00
2.24890000000000000E+02,0.00000000000000000E+00,4.49943201243759000E+01,0.00000000000000000E+00
2.24900000000000000E+02,0.00000000000000000E+00,4.49943201243759000E+01,0.00000000000000000E+00
2.24910000000000000E+02,0.00000000000000000E+00,4.49943201243759000E+01,0.00000000000000000E+00
2.24920000000000000E+02,0.00000000000000000E+00,4.49943201243759000E+01,0.00000000000000000E+00
2.24930000000000000E+02,0.00000000000000000E+00,4.49943201243759000E+01,0.00000000000000000E+00
2.24940000000000000E+02,0.00000000000000000E+00,4.49943201243759000E+01,0.00000000000000000E+00
2.24950000000000000E+02,0.00000000000000000E+00,4.49943201243759000E+01,0.00000000000000000E+00
2.24960000000000000E+02,0.00000000000000000E+00,4.49943201243759000E+01,0.00000000000000000E+00
2.24970000000000000E+02,0.00000000000000000E+00,4.49943201243759000E+01,0.00000000000000000E+00
2.24980000000000000E+02,0.00000000000000000E+00,4.49943201243759000E+01,0.00000000000000000E+00
2.24990000000000000E+02,0.00000000000000000E+00,4.49943201243759000E+01,0.00000000000000000E+00
2.25000000000000000E+02,0.00000000000000000E+00,4.49943201243759000E+01,0.00000000000000000E+00
2.25010000000000000E+02,0.00000000000000000E+00,4.49943201243759000E+01,0.00000000000000000E+00
2.25020000000000000E+02,0.00000000000000000E+00,4.49943201243759000E+01,0.00000000000000000E+00
2.25030000000000000E+02,0.00000000000000000E+00,4.49943201243759000E+01,0.00000000000000000E+00
2.25040000000000000E+02,0.00000000000000000E+00,4.49943201243759000E+01,0.00000000000000000E+00
2.25050000000000000E+02,0.00000000000000000E+00,4.49943201243759000E+01,0.00000000000000000E+00
2.25060000000000000E+02,0.00000000000000000E+00,4.49943201243759000E+01,0.00000000000000000E+00
2.25070000000000000E+02,0.00000000000000000E+00,4.49943201243759000E+01,0.00000000000000000E+00
2.25080000000000000E+02,0.00000000000000000E+00,4.49943201243759000E+01,0.00000000000000000E+00
2.25090000000000000E+02,0.00000000000000000E+00,4.49943201243759000E+01,0.00000000000000000E+00
2.25100000000000000E+02,0.00000000000000000E+00,4.49943201243759000E+01,0.00000000000000000E+00
2.25110000000000000E+02,0.00000000000000000E+00,4.49943201243759000E+01,0.00000000000000000E+00
2.25120000000000000E+02,0.00000000000000000E+00,4.49943201243759000E+01,0.00000000000000000E+00
2.25130000000000000E+02,0.00000000000000000E+00,4.49943201243759000E+01,0.00000000000000000E+00
2.25140000000000000E+02,0.00000000000000000E+00,4.49943201243759000E+01,0.00000000000000000E+00
2.25150000000000000E+02,0.00000000000000000E+00,4.49943201243759000E+01,0.00000000000000000E+00
2.25160000000000000E+02,0.00000000000000000E+00,4.49943201243759000E+01,0.00000000000000000E+00
2.25170000000000000E+02,0.00000000000000000E+00,4.49943201243759000E+01,0.00000000000000000E+00
2.25180000000000000E+02,0.00000000000000000E+00,4.49943201243759000E+01,0.00000000000000000E+00
2.25190000000000000E+02,0.00000000000000000E+00,4.49943201243759000E+01,0.00000000000000000E+00
2.25200000000000000E+02,0.00000000000000000E+00,4.49943201243759000E+01,0.00000000000000000E+00
2.25210000000000000E+02,0.00000000000000000E+00,4.49943201243759000E+01,0.00000000000000000E+00
2.25220000000000000E+02,0.00000000000000000E+00,4.49943201243759000E+01,0.00000000000000000E+00
2.25230000000000000E+02,0.00000000000000000E+00,4.49943201243759000E+01,0.00000000000000000E+00
2.25240000000000000E+02,0.00000000000000000E+00,4.49943201243759000E+01,0.00000000000000000E+00
2.25250000000000000E+02,0.00000000000000000E+00,4.49943201243759000E+01,0.00000000000000000E+00
2.25260000000000000E+02,0.00000000000000000E+00,4.49943201243759000E+01,0.00000000000000000E+00
2.25270000000000000E+02,0.00000000000000000E+00,4.49943201243759000E+01,0.00000000000000000E+00
2.25280000000000000E+02,0.00000000000000000E+00,4.49943201243759000E+01,0.00000000000000000E+00
2.25290000000000000E+02,0.00000000000000000E+00,4.49943201243759000E+01,0.00000000000000000E+00
2.25300000000000000E+02,0.00000000000000000E+00,4.49943201243759000E+01,0.00000000000000000E+00
2.25310000000000000E+02,0.00000000000000000E+00,4.49943201243759000E+01,0.00000000000000000E+00
2.25320000000000000E+02,0.00000000000000000E+00,4.49943201243759000E+01,0.00000000000000000E+00
2.25330000000000000E+02,0.00000000000000000E+00,4.49943201243759000E+01,0.00000000000000000E+00
2.25340000000000000E+02,0.00000000000000000E+00,4.49943201243759000E+01,0.00000000000000000E+00
2.25350000000000000E+02,0.00000000000000000E+00,4.49943201243759000E+01,0.00000000000000000E+00
2.25360000000000000E+02,0.00000000000000000E+00,4.49943201243759000E+01,0.00000000000000000E+00
2.25370000000000000E+02,0.00000000000000000E+00,4.49943201243759000E+01,0.00000000000000000E+00
2.25380000000000000E+02,0.00000000000000000E+00,4.49943201243759000E+01,0.00000000000000000E+00
2.25390000000000000E+02,0.00000000000000000E+00,4.49943201243759000E+01,0.00000000000000000E+00
2.25400000000000000E+02,0.00000000000000000E+00,4.49943201243759000E+01,0.00000000000000000E+00
2.25410000000000000E+02,0.00000000000000000E+00,4.49943201243759000E+01,0.00000000000000000E+00
2.25420000000000000E+02,0.00000000000000000E+00,4.49943201243759000E+01,0.00000000000000000E+00
2.25430000000000000E+02,0.00000000000000000E+00,4.49943201243759000E+01,0.00000000000000000E+00
2.25440000000000000E+02,0.00000000000000000E+00,4.49943201243759000E+01,0.00000000000000000E+00
2.25450000000000000E+02,0.00000000000000000E+00,4.49943201243759000E+01,0.00000000000000000E+00
2.25460000000000000E+02,0.00000000000000000E+00,4.49943201243759000E+01,0.00000000000000000E+00
2.25470000000000000E+02,0.00000000000000000E+00,4.49943201243759000E+01,0.00000000000000000E+00
2.25480000000000000E+02,0.00000000000000000E+00,4.49943201243759000E+01,0.00000000000000000E+00
2.25490000000000000E+02,0.00000000000000000E+00,4.49943201243759000E+01,0.00000000000000000E+00
2.25500000000000000E+02,0.00000000000000000E+00,4.49943201243759000E+01,0.00000000000000000E+00
2.25510000000000000E+02,0.00000000000000000E+00,4.49943201243759000E+01,0.00000000000000000E+00
2.25520000000000000E+02,0.00000000000000000E+00,4.49943201243759000E+01,0.00000000000000000E+00
2.25530000000000000E+02,0.00000000000000000E+00,4.49943201243759000E+01,0.00000000000000000E+00
2.25540000000000000E+02,0.00000000000000000E+00,4.49943201243759000E+01,0.00000000000000000E+00
2.25550000000000000E+02,0.00000000000000000E+00,4.49943201243759000E+01,0.00000000000000000E+00
2.25560000000000000E+02,0.00000000000000000E+00,4.49943201243759000E+01,0.00000000000000000E+00
2.25570000000000000E+02,0.00000000000000000E+00,4.49943201243759000E+01,0.00000000000000000E+00
2.25580000000000000E+02,0.00000000000000000E+00,4.49943201243759000E+01,0.00000000000000000E+00
2.25590000000000000E+02,0.00000000000000000E+00,4.49943201243759000E+01,0.00000000000000000E+00
2.25600000000000000E+02,0.00000000000000000E+00,4.49943201243759000E+01,0.00000000000000000E+00
2.25610000000000000E+02,0.00000000000000000E+00,4.49943201243759000E+01,0.00000000000000000E+00
2.25620000000000000E+02,0.00000000000000000E+00,4.49943201243759000E+01,0.00000000000000000E+00
2.25630000000000000E+02,0.00000000000000000E+00,4.49943201243759000E+01,0.00000000000000000E+00
2.25640000000000000E+02,0.00000000000000000E+00,4.49943201243759000E+01,0.00000000000000000E+00
2.25650000000000000E+02,0.00000000000000000E+00,4.49943201243759000E+01,0.00000000000000000E+00
2.25660000000000000E+02,0.00000000000000000E+00,4.49943201243759000E+01,0.00000000000000000E+00
2.25670000000000000E+02,0.00000000000000000E+00,4.49943201243759000E+01,0.00000000000000000E+00
2.25680000000000000E+02,0.00000000000000000E+00,4.49943201243759000E+01,0.00000000000000000E+00
2.25690000000000000E+02,0.00000000000000000E+00,4.49943201243759000E+01,0.00000000000000000E+00
2.25700000000000000E+02,0.00000000000000000E+00,4.49943201243759000E+01,0.00000000000000000E+00
2.25710000000000000E+02,0.00000000000000000E+00,4.49943201243759000E+01,0.00000000000000000E+00
2.25720000000000000E+02,0.00000000000000000E+00,4.49943201243759000E+01,0.00000000000000000E+00
2.25730000000000000E+02,0.00000000000000000E+00,4.49943201243759000E+01,0.00000000000000000E+00
2.25740000000000000E+02,0.00000000000000000E+00,4.49943201243759000E+01,0.00000000000000000E+00
2.25750000000000000E+02,0.00000000000000000E+00,4.49943201243759000E+01,0.00000000000000000E+00
2.25760000000000000E+02,0.00000000000000000E+00,4.49943201243759000E+01,0.00000000000000000E+00
2.25770000000000000E+02,0.00000000000000000E+00,4.49943201243759000E+01,0.00000000000000000E+00
2.25780000000000000E+02,0.00000000000000000E+00,4.49943201243759000E+01,0.00000000000000000E+00
2.25790000000000000E+02,0.00000000000000000E+00,4.49943201243759000E+01,0.00000000000000000E+00
2.25800000000000000E+02,0.00000000000000000E+00,4.49943201243759000E+01,0.00000000000000000E+00
2.25810000000000000E+02,0.00000000000000000E+00,4.49943201243759000E+01,0.00000000000000000E+00
2.25820000000000000E+02,0.00000000000000000E+00,4.49943201243759000E+01,0.00000000000000000E+00
2.25830000000000000E+02,0.00000000000000000E+00,4.49943201243759000E+01,0.00000000000000000E+00
2.25840000000000000E+02,0.00000000000000000E+00,4.49943201243759000E+01,0.00000000000000000E+00
2.25850000000000000E+02,0.00000000000000000E+00,4.49943201243759000E+01,0.00000000000000000E+00
2.25860000000000000E+02,0.00000000000000000E+00,4.49943201243759000E+01,0.00000000000000000E+00
2.25870000000000000E+02,0.00000000000000000E+00,4.49943201243759000E+01,0.00000000000000000E+00
2.25880000000000000E+02,0.00000000000000000E+00,4.49943201243759000E+01,0.00000000000000000E+00
2.25890000000000000E+02,0.00000000000000000E+00,4.49943201243759000E+01,0.00000000000000000E+00
2.25900000000000000E+02,0.00000000000000000E+00,4.49943201243759000E+01,0.00000000000000000E+00
2.25910000000000000E+02,0.00000000000000000E+00,4.49943201243759000E+01,0.00000000000000000E+00
2.25920000000000000E+02,0.00000000000000000E+00,4.49943201243759000E+01,0.00000000000000000E+00
2.25930000000000000E+02,0.00000000000000000E+00,4.49943201243759000E+01,0.00000000000000000E+00
2.25940000000000000E+02,0.00000000000000000E+00,4.49943201243759000E+01,0.00000000000000000E+00
2.25950000000000000E+02,0.00000000000000000E+00,4.49943201243759000E+01,0.00000000000000000E+00
2.25960000000000000E+02,0.00000000000000000E+00,4.49943201243759000E+01,0.00000000000000000E+00
2.25970000000000000E+02,0.00000000000000000E+00,4.49943201243759000E+01,0.00000000000000000E+00
2.25980000000000000E+02,0.00000000000000000E+00,4.49943201243759000E+01,0.00000000000000000E+00
2.25990000000000000E+02,0.00000000000000000E+00,4.49943201243759000E+01,0.00000000000000000E+00
2.26000000000000000E+02,0.00000000000000000E+00,4.49943201243759000E+01,0.00000000000000000E+00
2.26010000000000000E+02,0.00000000000000000E+00,4.49943201243759000E+01,0.00000000000000000E+00
2.26020000000000000E+02,0.00000000000000000E+00,4.49943201243759000E+01,0.00000000000000000E+00
2.26030000000000000E+02,0.00000000000000000E+00,4.49943201243759000E+01,0.00000000000000000E+00
2.26040000000000000E+02,0.00000000000000000E+00,4.49943201243759000E+01,0.00000000000000000E+00
2.26050000000000000E+02,0.00000000000000000E+00,4.49943201243759000E+01,0.00000000000000000E+00
2.26060000000000000E+02,0.00000000000000000E+00,4.49943201243759000E+01,0.00000000000000000E+00
2.26070000000000000E+02,0.00000000000000000E+00,4.49943201243759000E+01,0.00000000000000000E+00
2.26080000000000000E+02,0.00000000000000000E+00,4.49943201243759000E+01,0.00000000000000000E+00
2.26090000000000000E+02,0.00000000000000000E+00,4.49943201243759000E+01,0.00000000000000000E+00
2.26100000000000000E+02,0.00000000000000000E+00,4.49943201243759000E+01,0.00000000000000000E+00
2.26110000000000000E+02,0.00000000000000000E+00,4.49943201243759000E+01,0.00000000000000000E+00
2.26120000000000000E+02,0.00000000000000000E+00,4.49943201243759000E+01,0.00000000000000000E+00
2.26130000000000000E+02,0.00000000000000000E+00,4.49943201243759000E+01,0.00000000000000000E+00
2.26140000000000000E+02,0.00000000000000000E+00,4.49943201243759000E+01,0.00000000000000000E+00
2.26150000000000000E+02,0.00000000000000000E+00,4.49943201243759000E+01,0.00000000000000000E+00
2.26160000000000000E+02,0.00000000000000000E+00,4.49943201243759000E+01,0.00000000000000000E+00
2.26170000000000000E+02,0.00000000000000000E+00,4.49943201243759000E+01,0.00000000000000000E+00
2.26180000000000000E+02,0.00000000000000000E+00,4.49943201243759000E+01,0.00000000000000000E+00
2.26190000000000000E+02,0.00000000000000000E+00,4.49943201243759000E+01,0.00000000000000000E+00
2.26200000000000000E+02,0.00000000000000000E+00,4.49943201243759000E+01,0.00000000000000000E+00
2.26210000000000000E+02,0.00000000000000000E+00,4.49943201243759000E+01,0.00000000000000000E+00
2.26220000000000000E+02,0.00000000000000000E+00,4.49943201243759000E+01,0.00000000000000000E+00
2.26230000000000000E+02,0.00000000000000000E+00,4.49943201243759000E+01,0.00000000000000000E+00
2.26240000000000000E+02,0.00000000000000000E+00,4.49943201243759000E+01,0.00000000000000000E+00
2.26250000000000000E+02,0.00000000000000000E+00,4.49943201243759000E+01,0.00000000000000000E+00
2.26260000000000000E+02,0.00000000000000000E+00,4.49943201243759000E+01,0.00000000000000000E+00
2.26270000000000000E+02,0.00000000000000000E+00,4.49943201243759000E+01,0.00000000000000000E+00
2.26280000000000000E+02,0.00000000000000000E+00,4.49943201243759000E+01,0.00000000000000000E+00
2.26290000000000000E+02,0.00000000000000000E+00,4.49943201243759000E+01,0.00000000000000000E+00
2.26300000000000000E+02,0.00000000000000000E+00,4.49943201243759000E+01,0.00000000000000000E+00
2.26310000000000000E+02,0.00000000000000000E+00,4.49943201243759000E+01,0.00000000000000000E+00
2.26320000000000000E+02,0.00000000000000000E+00,4.49943201243759000E+01,0.00000000000000000E+00
2.26330000000000000E+02,0.00000000000000000E+00,4.49943201243759000E+01,0.00000000000000000E+00
2.26340000000000000E+02,0.00000000000000000E+00,4.49943201243759000E+01,0.00000000000000000E+00
2.26350000000000000E+02,0.00000000000000000E+00,4.49943201243759000E+01,0.00000000000000000E+00
2.26360000000000000E+02,0.00000000000000000E+00,4.49943201243759000E+01,0.00000000000000000E+00
2.26370000000000000E+02,0.00000000000000000E+00,4.49943201243759000E+01,0.00000000000000000E+00
2.26380000000000000E+02,0.00000000000000000E+00,4.49943201243759000E+01,0.00000000000000000E+00
2.26390000000000000E+02,0.00000000000000000E+00,4.49943201243759000E+01,0.00000000000000000E+00
2.26400000000000000E+02,0.00000000000000000E+00,4.49943201243759000E+01,0.00000000000000000E+00
2.26410000000000000E+02,0.00000000000000000E+00,4.49943201243759000E+01,0.00000000000000000E+00
2.26420000000000000E+02,0.00000000000000000E+00,4.49943201243759000E+01,0.00000000000000000E+00
2.26430000000000000E+02,0.00000000000000000E+00,4.49943201243759000E+01,0.00000000000000000E+00
2.26440000000000000E+02,0.00000000000000000E+00,4.49943201243759000E+01,0.00000000000000000E+00
2.26450000000000000E+02,0.00000000000000000E+00,4.49943201243759000E+01,0.00000000000000000E+00
2.26460000000000000E+02,0.00000000000000000E+00,4.49943201243759000E+01,0.00000000000000000E+00
2.26470000000000000E+02,0.00000000000000000E+00,4.49943201243759000E+01,0.00000000000000000E+00
2.26480000000000000E+02,0.00000000000000000E+00,4.49943201243759000E+01,0.00000000000000000E+00
2.26490000000000000E+02,0.00000000000000000E+00,4.49943201243759000E+01,0.00000000000000000E+00
2.26500000000000000E+02,0.00000000000000000E+00,4.49943201243759000E+01,0.00000000000000000E+00
2.26510000000000000E+02,0.00000000000000000E+00,4.49943201243759000E+01,0.00000000000000000E+00
2.26520000000000000E+02,0.00000000000000000E+00,4.49943201243759000E+01,0.00000000000000000E+00
2.26530000000000000E+02,0.00000000000000000E+00,4.49943201243759000E+01,0.00000000000000000E+00
2.26540000000000000E+02,0.00000000000000000E+00,4.49943201243759000E+01,0.00000000000000000E+00
2.26550000000000000E+02,0.00000000000000000E+00,4.49943201243759000E+01,0.00000000000000000E+00
2.26560000000000000E+02,0.00000000000000000E+00,4.49943201243759000E+01,0.00000000000000000E+00
2.26570000000000000E+02,0.00000000000000000E+00,4.49943201243759000E+01,0.00000000000000000E+00
2.26580000000000000E+02,0.00000000000000000E+00,4.49943201243759000E+01,0.00000000000000000E+00
2.26590000000000000E+02,0.00000000000000000E+00,4.49943201243759000E+01,0.00000000000000000E+00
2.26600000000000000E+02,0.00000000000000000E+00,4.49943201243759000E+01,0.00000000000000000E+00
2.26610000000000000E+02,0.00000000000000000E+00,4.49943201243759000E+01,0.00000000000000000E+00
2.26620000000000000E+02,0.00000000000000000E+00,4.49943201243759000E+01,0.00000000000000000E+00
2.26630000000000000E+02,0.00000000000000000E+00,4.49943201243759000E+01,0.00000000000000000E+00
2.26640000000000000E+02,0.00000000000000000E+00,4.49943201243759000E+01,0.00000000000000000E+00
2.26650000000000000E+02,0.00000000000000000E+00,4.49943201243759000E+01,0.00000000000000000E+00
2.26660000000000000E+02,0.00000000000000000E+00,4.49943201243759000E+01,0.00000000000000000E+00
2.26670000000000000E+02,0.00000000000000000E+00,4.49943201243759000E+01,0.00000000000000000E+00
2.26680000000000000E+02,0.00000000000000000E+00,4.49943201243759000E+01,0.00000000000000000E+00
2.26690000000000000E+02,0.00000000000000000E+00,4.49943201243759000E+01,0.00000000000000000E+00
2.26700000000000000E+02,0.00000000000000000E+00,4.49943201243759000E+01,0.00000000000000000E+00
2.26710000000000000E+02,0.00000000000000000E+00,4.49943201243759000E+01,0.00000000000000000E+00
2.26720000000000000E+02,0.00000000000000000E+00,4.49943201243759000E+01,0.00000000000000000E+00
2.26730000000000000E+02,0.00000000000000000E+00,4.49943201243759000E+01,0.00000000000000000E+00
2.26740000000000000E+02,0.00000000000000000E+00,4.49943201243759000E+01,0.00000000000000000E+00
2.26750000000000000E+02,0.00000000000000000E+00,4.49943201243759000E+01,0.00000000000000000E+00
2.26760000000000000E+02,0.00000000000000000E+00,4.49943201243759000E+01,0.00000000000000000E+00
2.26770000000000000E+02,0.00000000000000000E+00,4.49943201243759000E+01,0.00000000000000000E+00
2.26780000000000000E+02,0.00000000000000000E+00,4.49943201243759000E+01,0.00000000000000000E+00
2.26790000000000000E+02,0.00000000000000000E+00,4.49943201243759000E+01,0.00000000000000000E+00
2.26800000000000000E+02,0.00000000000000000E+00,4.49943201243759000E+01,0.00000000000000000E+00
2.26810000000000000E+02,0.00000000000000000E+00,4.49943201243759000E+01,0.00000000000000000E+00
2.26820000000000000E+02,0.00000000000000000E+00,4.49943201243759000E+01,0.00000000000000000E+00
2.26830000000000000E+02,0.00000000000000000E+00,4.49943201243759000E+01,0.00000000000000000E+00
2.26840000000000000E+02,0.00000000000000000E+00,4.49943201243759000E+01,0.00000000000000000E+00
2.26850000000000000E+02,0.00000000000000000E+00,4.49943201243759000E+01,0.00000000000000000E+00
2.26860000000000000E+02,0.00000000000000000E+00,4.49943201243759000E+01,0.00000000000000000E+00
2.26870000000000000E+02,0.00000000000000000E+00,4.49943201243759000E+01,0.00000000000000000E+00
2.26880000000000000E+02,0.00000000000000000E+00,4.49943201243759000E+01,0.00000000000000000E+00
2.26890000000000000E+02,0.00000000000000000E+00,4.49943201243759000E+01,0.00000000000000000E+00
2.26900000000000000E+02,0.00000000000000000E+00,4.49943201243759000E+01,0.00000000000000000E+00
2.26910000000000000E+02,0.00000000000000000E+00,4.49943201243759000E+01,0.00000000000000000E+00
2.26920000000000000E+02,0.00000000000000000E+00,4.49943201243759000E+01,0.00000000000000000E+00
2.26930000000000000E+02,0.00000000000000000E+00,4.49943201243759000E+01,0.00000000000000000E+00
2.26940000000000000E+02,0.00000000000000000E+00,4.49943201243759000E+01,0.00000000000000000E+00
2.26950000000000000E+02,0.00000000000000000E+00,4.49943201243759000E+01,0.00000000000000000E+00
2.26960000000000000E+02,0.00000000000000000E+00,4.49943201243759000E+01,0.00000000000000000E+00
2.26970000000000000E+02,0.00000000000000000E+00,4.49943201243759000E+01,0.00000000000000000E+00
2.26980000000000000E+02,0.00000000000000000E+00,4.49943201243759000E+01,0.00000000000000000E+00
2.26990000000000000E+02,0.00000000000000000E+00,4.49943201243759000E+01,0.00000000000000000E+00
2.27000000000000000E+02,0.00000000000000000E+00,4.49943201243759000E+01,0.00000000000000000E+00
2.27010000000000000E+02,0.00000000000000000E+00,4.49943201243759000E+01,0.00000000000000000E+00
2.27020000000000000E+02,0.00000000000000000E+00,4.49943201243759000E+01,0.00000000000000000E+00
2.27030000000000000E+02,0.00000000000000000E+00,4.49943201243759000E+01,0.00000000000000000E+00
2.27040000000000000E+02,0.00000000000000000E+00,4.49943201243759000E+01,0.00000000000000000E+00
2.27050000000000000E+02,0.00000000000000000E+00,4.49943201243759000E+01,0.00000000000000000E+00
2.27060000000000000E+02,0.00000000000000000E+00,4.49943201243759000E+01,0.00000000000000000E+00
2.27070000000000000E+02,0.00000000000000000E+00,4.49943201243759000E+01,0.00000000000000000E+00
2.27080000000000000E+02,0.00000000000000000E+00,4.49943201243759000E+01,0.00000000000000000E+00
2.27090000000000000E+02,0.00000000000000000E+00,4.49943201243759000E+01,0.00000000000000000E+00
2.27100000000000000E+02,0.00000000000000000E+00,4.49943201243759000E+01,0.00000000000000000E+00
2.27110000000000000E+02,0.00000000000000000E+00,4.49943201243759000E+01,0.00000000000000000E+00
2.27120000000000000E+02,0.00000000000000000E+00,4.49943201243759000E+01,0.00000000000000000E+00
2.27130000000000000E+02,0.00000000000000000E+00,4.49943201243759000E+01,0.00000000000000000E+00
2.27140000000000000E+02,0.00000000000000000E+00,4.49943201243759000E+01,0.00000000000000000E+00
2.27150000000000000E+02,0.00000000000000000E+00,4.49943201243759000E+01,0.00000000000000000E+00
2.27160000000000000E+02,0.00000000000000000E+00,4.49943201243759000E+01,0.00000000000000000E+00
2.27170000000000000E+02,0.00000000000000000E+00,4.49943201243759000E+01,0.00000000000000000E+00
2.27180000000000000E+02,0.00000000000000000E+00,4.49943201243759000E+01,0.00000000000000000E+00
2.27190000000000000E+02,0.00000000000000000E+00,4.49943201243759000E+01,0.00000000000000000E+00
2.27200000000000000E+02,0.00000000000000000E+00,4.49943201243759000E+01,0.00000000000000000E+00
2.27210000000000000E+02,0.00000000000000000E+00,4.49943201243759000E+01,0.00000000000000000E+00
2.27220000000000000E+02,0.00000000000000000E+00,4.49943201243759000E+01,0.00000000000000000E+00
2.27230000000000000E+02,0.00000000000000000E+00,4.49943201243759000E+01,0.00000000000000000E+00
2.27240000000000000E+02,0.00000000000000000E+00,4.49943201243759000E+01,0.00000000000000000E+00
2.27250000000000000E+02,0.00000000000000000E+00,4.49943201243759000E+01,0.00000000000000000E+00
2.27260000000000000E+02,0.00000000000000000E+00,4.49943201243759000E+01,0.00000000000000000E+00
2.27270000000000000E+02,0.00000000000000000E+00,4.49943201243759000E+01,0.00000000000000000E+00
2.27280000000000000E+02,0.00000000000000000E+00,4.49943201243759000E+01,0.00000000000000000E+00
2.27290000000000000E+02,0.00000000000000000E+00,4.49943201243759000E+01,0.00000000000000000E+00
2.27300000000000000E+02,0.00000000000000000E+00,4.49943201243759000E+01,0.00000000000000000E+00
2.27310000000000000E+02,0.00000000000000000E+00,4.49943201243759000E+01,0.00000000000000000E+00
2.27320000000000000E+02,0.00000000000000000E+00,4.49943201243759000E+01,0.00000000000000000E+00
2.27330000000000000E+02,0.00000000000000000E+00,4.49943201243759000E+01,0.00000000000000000E+00
2.27340000000000000E+02,0.00000000000000000E+00,4.49943201243759000E+01,0.00000000000000000E+00
2.27350000000000000E+02,0.00000000000000000E+00,4.49943201243759000E+01,0.00000000000000000E+00
2.27360000000000000E+02,0.00000000000000000E+00,4.49943201243759000E+01,0.00000000000000000E+00
2.27370000000000000E+02,0.00000000000000000E+00,4.49943201243759000E+01,0.00000000000000000E+00
2.27380000000000000E+02,0.00000000000000000E+00,4.49943201243759000E+01,0.00000000000000000E+00
2.27390000000000000E+02,0.00000000000000000E+00,4.49943201243759000E+01,0.00000000000000000E+00
2.27400000000000000E+02,0.00000000000000000E+00,4.49943201243759000E+01,0.00000000000000000E+00
2.27410000000000000E+02,0.00000000000000000E+00,4.49943201243759000E+01,0.00000000000000000E+00
2.27420000000000000E+02,0.00000000000000000E+00,4.49943201243759000E+01,0.00000000000000000E+00
2.27430000000000000E+02,0.00000000000000000E+00,4.49943201243759000E+01,0.00000000000000000E+00
2.27440000000000000E+02,0.00000000000000000E+00,4.49943201243759000E+01,0.00000000000000000E+00
2.27450000000000000E+02,0.00000000000000000E+00,4.49914553354002000E+01,2.86478897565411000E-03
2.27460000000000000E+02,0.00000000000000000E+00,4.49857257574489000E+01,8.59436692696234000E-03
2.27470000000000000E+02,0.00000000000000000E+00,4.49771313905219000E+01,1.71887338539246000E-02
2.27480000000000000E+02,0.00000000000000000E+00,4.49656722346193000E+01,2.86478897565411000E-02
2.27490000000000000E+02,0.00000000000000000E+00,4.49513482897411000E+01,4.29718346348117000E-02
2.27500000000000000E+02,0.00000000000000000E+00,4.49341595558871000E+01,6.01605684887364000E-02
2.27510000000000000E+02,0.00000000000000000E+00,4.49141060330576000E+01,8.02140913183152000E-02
2.27520000000000000E+02,0.00000000000000000E+00,4.48911877212523000E+01,1.03132403123548000E-01
2.27530000000000000E+02,0.00000000000000000E+00,4.48654046204714000E+01,1.28915503904435000E-01
2.27540000000000000E+02,0.00000000000000000E+00,4.48367567307149000E+01,1.57563393660976000E-01
2.27550000000000000E+02,0.00000000000000000E+00,4.48052440519827000E+01,1.89076072393171000E-01
2.27560000000000000E+02,0.00000000000000000E+00,4.47708665842749000E+01,2.23453540101021000E-01
2.27570000000000000E+02,0.00000000000000000E+00,4.47336243275914000E+01,2.60695796784524000E-01
2.27580000000000000E+02,0.00000000000000000E+00,4.46935172819322000E+01,3.00802842443682000E-01
2.27590000000000000E+02,0.00000000000000000E+00,4.46505454472974000E+01,3.43774677078493000E-01
2.27600000000000000E+02,0.00000000000000000E+00,4.46047088236869000E+01,3.89611300688959000E-01
2.27610000000000000E+02,0.00000000000000000E+00,4.45560074111008000E+01,4.38312713275079000E-01
2.27620000000000000E+02,0.00000000000000000E+00,4.45044412095390000E+01,4.89878914836853000E-01
2.27630000000000000E+02,0.00000000000000000E+00,4.44500102190016000E+01,5.44309905374282000E-01
2.27640000000000000E+02,0.00000000000000000E+00,4.43927144394885000E+01,6.01605684887364000E-01
2.27650000000000000E+02,0.00000000000000000E+00,4.43325538709998000E+01,6.61766253376100000E-01
2.27660000000000000E+02,0.00000000000000000E+00,4.42695285135354000E+01,7.24791610840491000E-01
2.27670000000000000E+02,0.00000000000000000E+00,4.42036383670953000E+01,7.90681757280536000E-01
2.27680000000000000E+02,0.00000000000000000E+00,4.41348834316796000E+01,8.59436692696234000E-01
2.27690000000000000E+02,0.00000000000000000E+00,4.40632637072883000E+01,9.31056417087587000E-01
2.27700000000000000E+02,0.00000000000000000E+00,4.39887791939213000E+01,1.00554093045459000E+00
2.27710000000000000E+02,0.00000000000000000E+00,4.39114298915786000E+01,1.08289023279725000E+00
2.27720000000000000E+02,0.00000000000000000E+00,4.38312158002603000E+01,1.16310432411557000E+00
2.27730000000000000E+02,0.00000000000000000E+00,4.37481369199663000E+01,1.24618320440954000E+00
2.27740000000000000E+02,0.00000000000000000E+00,4.36621932506967000E+01,1.33212687367916000E+00
2.27750000000000000E+02,0.00000000000000000E+00,4.35733847924514000E+01,1.42093533192444000E+00
2.27760000000000000E+02,0.00000000000000000E+00,4.34817115452305000E+01,1.51260857914537000E+00
2.27770000000000000E+02,0.00000000000000000E+00,4.33871735090339000E+01,1.60714661534195000E+00
2.27780000000000000E+02,0.00000000000000000E+00,4.32897706838617000E+01,1.70454944051419000E+00
2.27790000000000000E+02,0.00000000000000000E+00,4.31895030697138000E+01,1.80481705466209000E+00
2.27800000000000000E+02,0.00000000000000000E+00,4.30863706665902000E+01,1.90794945778564000E+00
2.27810000000000000E+02,0.00000000000000000E+00,4.29803734744910000E+01,2.01394664988484000E+00
2.27820000000000000E+02,0.00000000000000000E+00,4.28715114934162000E+01,2.12280863095970000E+00
2.27830000000000000E+02,0.00000000000000000E+00,4.27597847233657000E+01,2.23453540101021000E+00
2.27840000000000000E+02,0.00000000000000000E+00,4.26451931643395000E+01,2.34912696003637000E+00
2.27850000000000000E+02,0.00000000000000000E+00,4.25277368163377000E+01,2.46658330803819000E+00
2.27860000000000000E+02,0.00000000000000000E+00,4.24074156793602000E+01,2.58690444501566000E+00
2.27870000000000000E+02,0.00000000000000000E+00,4.22842297534071000E+01,2.71009037096879000E+00
2.27880000000000000E+02,0.00000000000000000E+00,4.21581790384783000E+01,2.83614108589757000E+00
2.27890000000000000E+02,0.00000000000000000E+00,4.20292635345739000E+01,2.96505658980201000E+00
2.27900000000000000E+02,0.00000000000000000E+00,4.18974832416938000E+01,3.09683688268210000E+00
2.27910000000000000E+02,0.00000000000000000E+00,4.17628381598380000E+01,3.23148196453784000E+00
2.27920000000000000E+02,0.00000000000000000E+00,4.16253282890066000E+01,3.36899183536924000E+00
2.27930000000000000E+02,0.00000000000000000E+00,4.14849536291996000E+01,3.50936649517629000E+00
2.27940000000000000E+02,0.00000000000000000E+00,4.13417141804169000E+01,3.65260594395899000E+00
2.27950000000000000E+02,0.00000000000000000E+00,4.11956099426585000E+01,3.79871018171735000E+00
2.27960000000000000E+02,0.00000000000000000E+00,4.10466409159245000E+01,3.94767920845137000E+00
2.27970000000000000E+02,0.00000000000000000E+00,4.08948071002148000E+01,4.09951302416104000E+00
2.27980000000000000E+02,0.00000000000000000E+00,4.07401084955295000E+01,4.25421162884636000E+00
2.27990000000000000E+02,0.00000000000000000E+00,4.05825451018685000E+01,4.41177502250734000E+00
2.28000000000000000E+02,0.00000000000000000E+00,4.04221169192319000E+01,4.57220320514397000E+00
2.28010000000000000E+02,0.00000000000000000E+00,4.02588239476196000E+01,4.73549617675625000E+00
2.28020000000000000E+02,0.00000000000000000E+00,4.00926661870317000E+01,4.90165393734419000E+00
2.28030000000000000E+02,0.00000000000000000E+00,3.99236436374681000E+01,5.07067648690778000E+00
2.28040000000000000E+02,0.00000000000000000E+00,3.97517562989288000E+01,5.24256382544703000E+00
2.28050000000000000E+02,0.00000000000000000E+00,3.95771789761562000E+01,5.41731595296193000E+00
2.28060000000000000E+02,0.00000000000000000E+00,3.94002679562350000E+01,5.59493286945249000E+00
2.28070000000000000E+02,0.00000000000000000E+00,3.92213450643900000E+01,5.77541457491870000E+00
2.28080000000000000E+02,0.00000000000000000E+00,3.90407009492594000E+01,5.95876106936056000E+00
2.28090000000000000E+02,0.00000000000000000E+00,3.88585980552295000E+01,6.14497235277808000E+00
2.28100000000000000E+02,0.00000000000000000E+00,3.86752733116371000E+01,6.33404842517125000E+00
2.28110000000000000E+02,0.00000000000000000E+00,3.84909405658104000E+01,6.52598928654008000E+00
2.28120000000000000E+02,0.00000000000000000E+00,3.83057927843456000E+01,6.72079493688456000E+00
2.28130000000000000E+02,0.00000000000000000E+00,3.81200040446973000E+01,6.91846537620469000E+00
2.28140000000000000E+02,0.00000000000000000E+00,3.79337313370537000E+01,7.11900060450048000E+00
2.28150000000000000E+02,0.00000000000000000E+00,3.77471161945681000E+01,7.32240062177192000E+00
2.28160000000000000E+02,0.00000000000000000E+00,3.75602861682959000E+01,7.52866542801902000E+00
2.28170000000000000E+02,0.00000000000000000E+00,3.73733561616290000E+01,7.73779502324177000E+00
2.28180000000000000E+02,0.00000000000000000E+00,3.71864296376102000E+01,7.94978940744017000E+00
2.28190000000000000E+02,0.00000000000000000E+00,3.69995997112366000E+01,8.16464858061423000E+00
2.28200000000000000E+02,0.00000000000000000E+00,3.68129501377070000E+01,8.38237254276394000E+00
2.28210000000000000E+02,0.00000000000000000E+00,3.66265562065237000E+01,8.60296129388931000E+00
2.28220000000000000E+02,0.00000000000000000E+00,3.64404855504176000E+01,8.82641483399033000E+00
2.28230000000000000E+02,0.00000000000000000E+00,3.62547988772091000E+01,9.05273316306701000E+00
2.28240000000000000E+02,0.00000000000000000E+00,3.60695506319450000E+01,9.28191628111934000E+00
2.28250000000000000E+02,0.00000000000000000E+00,3.58847895959536000E+01,9.51396418814732000E+00
2.28260000000000000E+02,0.00000000000000000E+00,3.57005594288255000E+01,9.74887688415096000E+00
2.28270000000000000E+02,0.00000000000000000E+00,3.55168991587580000E+01,9.98665436913025000E+00
2.28280000000000000E+02,0.00000000000000000E+00,3.53338436261801000E+01,1.02272966430852000E+01
2.28290000000000000E+02,0.00000000000000000E+00,3.51514238851090000E+01,1.04708037060158000E+01
2.28300000000000000E+02,0.00000000000000000E+00,3.49696675662647000E+01,1.07171755579220000E+01
2.28310000000000000E+02,0.00000000000000000E+00,3.47885992055839000E+01,1.09664121988039000E+01
2.28320000000000000E+02,0.00000000000000000E+00,3.46082405414306000E+01,1.12185136286615000E+01
2.28330000000000000E+02,0.00000000000000000E+00,3.44286107834840000E+01,1.14734798474947000E+01
2.28340000000000000E+02,0.00000000000000000E+00,3.42497268560026000E+01,1.17313108553036000E+01
2.28350000000000000E+02,0.00000000000000000E+00,3.40716036179035000E+01,1.19920066520881000E+01
2.28360000000000000E+02,0.00000000000000000E+00,3.38942540618675000E+01,1.22555672378483000E+01
2.28370000000000000E+02,0.00000000000000000E+00,3.37176894944664000E+01,1.25219926125841000E+01
2.28380000000000000E+02,0.00000000000000000E+00,3.35419196991204000E+01,1.27912827762956000E+01
2.28390000000000000E+02,0.00000000000000000E+00,3.33669530835216000E+01,1.30634377289827000E+01
2.28400000000000000E+02,0.00000000000000000E+00,3.31927968130030000E+01,1.33384574706455000E+01
2.28410000000000000E+02,0.00000000000000000E+00,3.30194569311921000E+01,1.36163420012840000E+01
2.28420000000000000E+02,0.00000000000000000E+00,3.28469384691588000E+01,1.38970913208981000E+01
2.28430000000000000E+02,0.00000000000000000E+00,3.26752455441565000E+01,1.41807054294878000E+01
2.28440000000000000E+02,0.00000000000000000E+00,3.25043814489445000E+01,1.44671843270532000E+01
2.28450000000000000E+02,0.00000000000000000E+00,3.23343487325914000E+01,1.47565280135943000E+01
2.28460000000000000E+02,0.00000000000000000E+00,3.21651492735695000E+01,1.50487364891110000E+01
2.28470000000000000E+02,0.00000000000000000E+00,3.19967843458752000E+01,1.53438097536034000E+01
2.28480000000000000E+02,0.00000000000000000E+00,3.18292546788396000E+01,1.56417478070714000E+01
2.28490000000000000E+02,0.00000000000000000E+00,3.16625605112303000E+01,1.59425506495151000E+01
2.28500000000000000E+02,0.00000000000000000E+00,3.14967016401885000E+01,1.62462182809344000E+01
2.28510000000000000E+02,0.00000000000000000E+00,3.13316774654930000E+01,1.65527507013294000E+01
2.28520000000000000E+02,0.00000000000000000E+00,3.11674870295965000E+01,1.68621479107001000E+01
2.28530000000000000E+02,0.00000000000000000E+00,3.10041290538370000E+01,1.71744099090464000E+01
2.28540000000000000E+02,0.00000000000000000E+00,3.08416019711888000E+01,1.74895366963683000E+01
2.28550000000000000E+02,0.00000000000000000E+00,3.06799039558819000E+01,1.78075282726659000E+01
2.28560000000000000E+02,0.00000000000000000E+00,3.05190329501900000E+01,1.81283846379392000E+01
2.28570000000000000E+02,0.00000000000000000E+00,3.03589866886544000E+01,1.84521057921881000E+01
2.28580000000000000E+02,0.00000000000000000E+00,3.01997627199902000E+01,1.87786917354127000E+01
2.28590000000000000E+02,0.00000000000000000E+00,3.00413584268946000E+01,1.91081424676129000E+01
2.28600000000000000E+02,0.00000000000000000E+00,2.98837710439573000E+01,1.94400940553593000E+01
2.28610000000000000E+02,0.00000000000000000E+00,2.97269976738540000E+01,1.97741304373034000E+01
2.28620000000000000E+02,0.00000000000000000E+00,2.95710353019862000E+01,2.01098761158344000E+01
2.28630000000000000E+02,0.00000000000000000E+00,2.94158808097164000E+01,2.04469922884544000E+01
2.28640000000000000E+02,0.00000000000000000E+00,2.92615309863310000E+01,2.07851733476682000E+01
2.28650000000000000E+02,0.00000000000000000E+00,2.91079825398530000E+01,2.11241437142867000E+01
2.28660000000000000E+02,0.00000000000000000E+00,2.89552321068152000E+01,2.14636549723863000E+01
2.28670000000000000E+02,0.00000000000000000E+00,2.88032762610899000E+01,2.18034832771897000E+01
2.28680000000000000E+02,0.00000000000000000E+00,2.86521115218688000E+01,2.21434270098742000E+01
2.28690000000000000E+02,0.00000000000000000E+00,2.85017343608710000E+01,2.24833046557853000E+01
2.28700000000000000E+02,0.00000000000000000E+00,2.83521412088548000E+01,2.28229528847774000E+01
2.28710000000000000E+02,0.00000000000000000E+00,2.82033284614980000E+01,2.31622248144278000E+01
2.28720000000000000E+02,0.00000000000000000E+00,2.80552924847082000E+01,2.35009884387061000E+01
2.28730000000000000E+02,0.00000000000000000E+00,2.79080296194173000E+01,2.38391252063371000E+01
2.28740000000000000E+02,0.00000000000000000E+00,2.77615361859080000E+01,2.41765287346019000E+01
2.28750000000000000E+02,0.00000000000000000E+00,2.76158084877188000E+01,2.45131036456729000E+01
2.28760000000000000E+02,0.00000000000000000E+00,2.74708428151669000E+01,2.48487645138140000E+01
2.28770000000000000E+02,0.00000000000000000E+00,2.73266354485248000E+01,2.51834349128840000E+01
2.28780000000000000E+02,0.00000000000000000E+00,2.71831826608848000E+01,2.55170465545906000E+01
2.28790000000000000E+02,0.00000000000000000E+00,2.70404807207405000E+01,2.58495385088493000E+01
2.28800000000000000E+02,0.00000000000000000E+00,2.68985258943125000E+01,2.61808564984276000E+01
2.28810000000000000E+02,0.00000000000000000E+00,2.67573144476423000E+01,2.65109522607989000E+01
2.28820000000000000E+02,0.00000000000000000E+00,2.66168426484776000E+01,2.68397829708027000E+01
2.28830000000000000E+02,0.00000000000000000E+00,2.64771067679672000E+01,2.71673107183207000E+01
2.28840000000000000E+02,0.00000000000000000E+00,2.63381030821861000E+01,2.74935020357277000E+01
2.28850000000000000E+02,0.00000000000000000E+00,2.61998278735042000E+01,2.78183274703762000E+01
2.28860000000000000E+02,0.00000000000000000E+00,2.60622774318159000E+01,2.81417611978247000E+01
2.28870000000000000E+02,0.00000000000000000E+00,2.59254480556427000E+01,2.84637806719293000E+01
2.28880000000000000E+02,0.00000000000000000E+00,2.57893360531212000E+01,2.87843663082876000E+01
2.28890000000000000E+02,0.00000000000000000E+00,2.56539377428875000E+01,2.91035011978559000E+01
2.28900000000000000E+02,0.00000000000000000E+00,2.55192494548679000E+01,2.94211708478684000E+01
2.28910000000000000E+02,0.00000000000000000E+00,2.53852675309850000E+01,2.97373629474557000E+01
2.28920000000000000E+02,0.00000000000000000E+00,2.52519883257871000E+01,3.00520671556106000E+01
2.28930000000000000E+02,0.00000000000000000E+00,2.51194082070083000E+01,3.03652749093722000E+01
2.28940000000000000E+02,0.00000000000000000E+00,2.49875235560660000E+01,3.06769792503029000E+01
2.28950000000000000E+02,0.00000000000000000E+00,2.48563307685022000E+01,3.09871746675154000E+01
2.28960000000000000E+02,0.00000000000000000E+00,2.47258262543726000E+01,3.12958569556729000E+01
2.28970000000000000E+02,0.00000000000000000E+00,2.45960064385910000E+01,3.16030230865369000E+01
2.28980000000000000E+02,0.00000000000000000E+00,2.44668677612305000E+01,3.19086710927711000E+01
2.28990000000000000E+02,0.00000000000000000E+00,2.43384066777876000E+01,3.22127999628356000E+01
2.29000000000000000E+02,0.00000000000000000E+00,2.42106196594122000E+01,3.25154095459121000E+01
2.29010000000000000E+02,0.00000000000000000E+00,2.40835031931069000E+01,3.28165004659081000E+01
2.29020000000000000E+02,0.00000000000000000E+00,2.39570537818978000E+01,3.31160740436715000E+01
2.29030000000000000E+02,0.00000000000000000E+00,2.38312679449808000E+01,3.34141322266368000E+01
2.29040000000000000E+02,0.00000000000000000E+00,2.37061422178452000E+01,3.37106775251922000E+01
2.29050000000000000E+02,0.00000000000000000E+00,2.35816731523764000E+01,3.40057129551294000E+01
2.29060000000000000E+02,0.00000000000000000E+00,2.34578573169405000E+01,3.42992419855954000E+01
2.29070000000000000E+02,0.00000000000000000E+00,2.33346912964519000E+01,3.45912684920220000E+01
2.29080000000000000E+02,0.00000000000000000E+00,2.32121716924262000E+01,3.48817967135599000E+01
2.29090000000000000E+02,0.00000000000000000E+00,2.30902951230190000E+01,3.51708312145872000E+01
2.29100000000000000E+02,0.00000000000000000E+00,2.29690582230531000E+01,3.54583768499045000E+01
2.29110000000000000E+02,0.00000000000000000E+00,2.28484576440346000E+01,3.57444387332651000E+01
2.29120000000000000E+02,0.00000000000000000E+00,2.27284900541580000E+01,3.60290222089231000E+01
2.29130000000000000E+02,0.00000000000000000E+00,2.26091521383042000E+01,3.63121328259108000E+01
2.29140000000000000E+02,0.00000000000000000E+00,2.24904405980289000E+01,3.65937763147867000E+01
2.29150000000000000E+02,0.00000000000000000E+00,2.23723521515442000E+01,3.68739585666177000E+01
2.29160000000000000E+02,0.00000000000000000E+00,2.22548835336944000E+01,3.71526856139822000E+01
2.29170000000000000E+02,0.00000000000000000E+00,2.21380314959250000E+01,3.74299636138033000E+01
2.29180000000000000E+02,0.00000000000000000E+00,2.20217928062467000E+01,3.77057988318355000E+01
2.29190000000000000E+02,0.00000000000000000E+00,2.19061642491953000E+01,3.79801976286484000E+01
2.29200000000000000E+02,0.00000000000000000E+00,2.17911426257866000E+01,3.82531664469658000E+01
2.29210000000000000E+02,0.00000000000000000E+00,2.16767247534681000E+01,3.85247118002279000E+01
2.29220000000000000E+02,0.00000000000000000E+00,2.15629074660669000E+01,3.87948402622637000E+01
2.29230000000000000E+02,0.00000000000000000E+00,2.14496876137350000E+01,3.90635584579648000E+01
2.29240000000000000E+02,0.00000000000000000E+00,2.13370620628916000E+01,3.93308730548668000E+01
2.29250000000000000E+02,0.00000000000000000E+00,2.12250276961633000E+01,3.95967907555512000E+01
2.29260000000000000E+02,0.00000000000000000E+00,2.11135814123219000E+01,3.98613182907893000E+01
2.29270000000000000E+02,0.00000000000000000E+00,2.10027201262207000E+01,4.01244624133583000E+01
2.29280000000000000E+02,0.00000000000000000E+00,2.08924407687286000E+01,4.03862298924636000E+01
2.29290000000000000E+02,0.00000000000000000E+00,2.07827402866636000E+01,4.06466275087122000E+01
2.29300000000000000E+02,0.00000000000000000E+00,2.06736156427240000E+01,4.09056620495816000E+01
2.29310000000000000E+02,0.00000000000000000E+00,2.05650638154192000E+01,4.11633403053393000E+01
2.29320000000000000E+02,0.00000000000000000E+00,2.04570817989993000E+01,4.14196690653685000E+01
2.29330000000000000E+02,0.00000000000000000E+00,2.03496666033841000E+01,4.16746551148621000E+01
2.29340000000000000E+02,0.00000000000000000E+00,2.02428152540909000E+01,4.19283052318489000E+01
2.29350000000000000E+02,0.00000000000000000E+00,2.01365247921621000E+01,4.21806261845212000E+01
2.29360000000000000E+02,0.00000000000000000E+00,2.00307922740924000E+01,4.24316247288339000E+01
2.29370000000000000E+02,0.00000000000000000E+00,1.99256147717547000E+01,4.26813076063509000E+01
2.29380000000000000E+02,0.00000000000000000E+00,1.98209893723272000E+01,4.29296815423131000E+01
2.29390000000000000E+02,0.00000000000000000E+00,1.97169131782184000E+01,4.31767532439079000E+01
2.29400000000000000E+02,0.00000000000000000E+00,1.96133833069936000E+01,4.34225293987213000E+01
2.29410000000000000E+02,0.00000000000000000E+00,1.95103968912999000E+01,4.36670166733539000E+01
2.29420000000000000E+02,0.00000000000000000E+00,1.94079510787922000E+01,4.39102217121866000E+01
2.29430000000000000E+02,0.00000000000000000E+00,1.93060430320580000E+01,4.41521511362800000E+01
2.29440000000000000E+02,0.00000000000000000E+00,1.92046699285434000E+01,4.43928115423959000E+01
2.29450000000000000E+02,0.00000000000000000E+00,1.91038289604782000E+01,4.46322095021290000E+01
2.29460000000000000E+02,0.00000000000000000E+00,1.90035173348014000E+01,4.48703515611377000E+01
2.29470000000000000E+02,0.00000000000000000E+00,1.89037322730871000E+01,4.51072442384650000E+01
2.29480000000000000E+02,0.00000000000000000E+00,1.88044710114699000E+01,4.53428940259403000E+01
2.29490000000000000E+02,0.00000000000000000E+00,1.87057308005709000E+01,4.55773073876551000E+01
2.29500000000000000E+02,0.00000000000000000E+00,1.86075089054236000E+01,4.58104907595046000E+01
2.29510000000000000E+02,0.00000000000000000E+00,1.85098026054006000E+01,4.60424505487894000E+01
2.29520000000000000E+02,0.00000000000000000E+00,1.84126091941393000E+01,4.62731931338713000E+01
2.29530000000000000E+02,0.00000000000000000E+00,1.83159259794693000E+01,4.65027248638781000E+01
2.29540000000000000E+02,0.00000000000000000E+00,1.82197502833388000E+01,4.67310520584523000E+01
2.29550000000000000E+02,0.00000000000000000E+00,1.81240794417418000E+01,4.69581810075398000E+01
2.29560000000000000E+02,0.00000000000000000E+00,1.80289108046458000E+01,4.71841179712149000E+01
2.29570000000000000E+02,0.00000000000000000E+00,1.79342417359194000E+01,4.74088691795368000E+01
2.29580000000000000E+02,0.00000000000000000E+00,1.78400696132597000E+01,4.76324408324367000E+01
2.29590000000000000E+02,0.00000000000000000E+00,1.77463918281216000E+01,4.78548390996304000E+01
2.29600000000000000E+02,0.00000000000000000E+00,1.76532057856455000E+01,4.80760701205550000E+01
2.29610000000000000E+02,0.00000000000000000E+00,1.75605089045863000E+01,4.82961400043268000E+01
2.29620000000000000E+02,0.00000000000000000E+00,1.74682986172429000E+01,4.85150548297193000E+01
2.29630000000000000E+02,0.00000000000000000E+00,1.73765723693874000E+01,4.87328206451576000E+01
2.29640000000000000E+02,0.00000000000000000E+00,1.72853276201950000E+01,4.89494434687296000E+01
2.29650000000000000E+02,0.00000000000000000E+00,1.71945618421739000E+01,4.91649292882100000E+01
2.29660000000000000E+02,0.00000000000000000E+00,1.71042725210960000E+01,4.93792840610982000E+01
2.29670000000000000E+02,0.00000000000000000E+00,1.70144571559276000E+01,4.95925137146671000E+01
2.29680000000000000E+02,0.00000000000000000E+00,1.69251132587602000E+01,4.98046241460217000E+01
2.29690000000000000E+02,0.00000000000000000E+00,1.68362383547424000E+01,5.00156212221679000E+01
2.29700000000000000E+02,0.00000000000000000E+00,1.67478299820111000E+01,5.02255107800884000E+01
2.29710000000000000E+02,0.00000000000000000E+00,1.66598856916242000E+01,5.04342986268267000E+01
2.29720000000000000E+02,0.00000000000000000E+00,1.65724030474923000E+01,5.06419905395779000E+01
2.29730000000000000E+02,0.00000000000000000E+00,1.64853796263121000E+01,5.08485922657841000E+01
2.29740000000000000E+02,0.00000000000000000E+00,1.63988130174989000E+01,5.10541095232368000E+01
2.29750000000000000E+02,0.00000000000000000E+00,1.63127008231205000E+01,5.12585480001826000E+01
2.29760000000000000E+02,0.00000000000000000E+00,1.62270406578306000E+01,5.14619133554338000E+01
2.29770000000000000E+02,0.00000000000000000E+00,1.61418301488029000E+01,5.16642112184821000E+01
2.29780000000000000E+02,0.00000000000000000E+00,1.60570669356657000E+01,5.18654471896163000E+01
2.29790000000000000E+02,0.00000000000000000E+00,1.59727486704367000E+01,5.20656268400424000E+01
2.29800000000000000E+02,0.00000000000000000E+00,1.58888730174575000E+01,5.22647557120057000E+01
2.29810000000000000E+02,0.00000000000000000E+00,1.58054376533297000E+01,5.24628393189168000E+01
2.29820000000000000E+02,0.00000000000000000E+00,1.57224402668502000E+01,5.26598831454773000E+01
2.29830000000000000E+02,0.00000000000000000E+00,1.56398785589474000E+01,5.28558926478090000E+01
2.29840000000000000E+02,0.00000000000000000E+00,1.55577502426176000E+01,5.30508732535836000E+01
2.29850000000000000E+02,0.00000000000000000E+00,1.54760530428616000E+01,5.32448303621540000E+01
2.29860000000000000E+02,0.00000000000000000E+00,1.53947846966221000E+01,5.34377693446862000E+01
2.29870000000000000E+02,0.00000000000000000E+00,1.53139429527203000E+01,5.36296955442929000E+01
2.29880000000000000E+02,0.00000000000000000E+00,1.52335255717946000E+01,5.38206142761668000E+01
2.29890000000000000E+02,0.00000000000000000E+00,1.51535303262377000E+01,5.40105308277152000E+01
2.29900000000000000E+02,0.00000000000000000E+00,1.50739550001355000E+01,5.41994504586949000E+01
2.29910000000000000E+02,0.00000000000000000E+00,1.49947973892058000E+01,5.43873784013473000E+01
2.29920000000000000E+02,0.00000000000000000E+00,1.49160553007365000E+01,5.45743198605337000E+01
2.29930000000000000E+02,0.00000000000000000E+00,1.48377265535260000E+01,5.47602800138713000E+01
2.29940000000000000E+02,0.00000000000000000E+00,1.47598089778220000E+01,5.49452640118682000E+01
2.29950000000000000E+02,0.00000000000000000E+00,1.46823004152617000E+01,5.51292769780594000E+01
2.29960000000000000E+02,0.00000000000000000E+00,1.46051987188119000E+01,5.53123240091425000E+01
2.29970000000000000E+02,0.00000000000000000E+00,1.45285017527100000E+01,5.54944101751127000E+01
2.29980000000000000E+02,0.00000000000000000E+00,1.44522073924040000E+01,5.56755405193984000E+01
2.29990000000000000E+02,0.00000000000000000E+00,1.43763135244946000E+01,5.58557200589957000E+01
2.30000000000000000E+02,0.00000000000000000E+00,1.43008180466761000E+01,5.60349537846039000E+01
2.30010000000000000E+02,0.00000000000000000E+00,1.42257188676783000E+01,5.62132466607589000E+01
2.30020000000000000E+02,0.00000000000000000E+00,1.41510139072087000E+01,5.63906036259680000E+01
2.30030000000000000E+02,0.00000000000000000E+00,1.40767010958945000E+01,5.65670295928433000E+01
2.30040000000000000E+02,0.00000000000000000E+00,1.40027783752261000E+01,5.67425294482346000E+01
2.30050000000000000E+02,0.00000000000000000E+00,1.39292436974990000E+01,5.69171080533626000E+01
2.30060000000000000E+02,0.00000000000000000E+00,1.38560950257581000E+01,5.70907702439512000E+01
2.30070000000000000E+02,0.00000000000000000E+00,1.37833303337406000E+01,5.72635208303589000E+01
2.30080000000000000E+02,0.00000000000000000E+00,1.37109476058202000E+01,5.74353645977107000E+01
2.30090000000000000E+02,0.00000000000000000E+00,1.36389448369511000E+01,5.76063063060284000E+01
2.30100000000000000E+02,0.00000000000000000E+00,1.35673200326126000E+01,5.77763506903614000E+01
2.30110000000000000E+02,0.00000000000000000E+00,1.34960712087538000E+01,5.79455024609159000E+01
2.30120000000000000E+02,0.00000000000000000E+00,1.34251963917388000E+01,5.81137663031844000E+01
2.30130000000000000E+02,0.00000000000000000E+00,1.33546936182915000E+01,5.82811468780746000E+01
2.30140000000000000E+02,0.00000000000000000E+00,1.32845609354420000E+01,5.84476488220366000E+01
2.30150000000000000E+02,0.00000000000000000E+00,1.32147964004720000E+01,5.86132767471915000E+01
2.30160000000000000E+02,0.00000000000000000E+00,1.31453980808609000E+01,5.87780352414573000E+01
2.30170000000000000E+02,0.00000000000000000E+00,1.30763640542326000E+01,5.89419288686757000E+01
2.30180000000000000E+02,0.00000000000000000E+00,1.30076924083023000E+01,5.91049621687380000E+01
2.30190000000000000E+02,0.00000000000000000E+00,1.29393812408230000E+01,5.92671396577097000E+01
2.30200000000000000E+02,0.00000000000000000E+00,1.28714286595334000E+01,5.94284658279553000E+01
2.30210000000000000E+02,0.00000000000000000E+00,1.28038327821053000E+01,5.95889451482624000E+01
2.30220000000000000E+02,0.00000000000000000E+00,1.27365917360910000E+01,5.97485820639647000E+01
2.30230000000000000E+02,0.00000000000000000E+00,1.26697036588724000E+01,5.99073809970648000E+01
2.30240000000000000E+02,0.00000000000000000E+00,1.26031666976083000E+01,6.00653463463563000E+01
2.30250000000000000E+02,0.00000000000000000E+00,1.25369790091840000E+01,6.02224824875455000E+01
2.30260000000000000E+02,0.00000000000000000E+00,1.24711387601598000E+01,6.03787937733720000E+01
2.30270000000000000E+02,0.00000000000000000E+00,1.24056441267201000E+01,6.05342845337292000E+01
2.30280000000000000E+02,0.00000000000000000E+00,1.23404932946232000E+01,6.06889590757837000E+01
2.30290000000000000E+02,0.00000000000000000E+00,1.22756844591508000E+01,6.08428216840950000E+01
2.30300000000000000E+02,0.00000000000000000E+00,1.22112158250583000E+01,6.09958766207330000E+01
2.30310000000000000E+02,0.00000000000000000E+00,1.21470856065248000E+01,6.11481281253969000E+01
2.30320000000000000E+02,0.00000000000000000E+00,1.20832920271035000E+01,6.12995804155317000E+01
2.30330000000000000E+02,0.00000000000000000E+00,1.20198333196729000E+01,6.14502376864453000E+01
2.30340000000000000E+02,0.00000000000000000E+00,1.19567077263878000E+01,6.16001041114243000E+01
2.30350000000000000E+02,0.00000000000000000E+00,1.18939134986302000E+01,6.17491838418496000E+01
2.30360000000000000E+02,0.00000000000000000E+00,1.18314488969612000E+01,6.18974810073115000E+01
2.30370000000000000E+02,0.00000000000000000E+00,1.17693121910728000E+01,6.20449997157236000E+01
2.30380000000000000E+02,0.00000000000000000E+00,1.17075016597399000E+01,6.21917440534366000E+01
2.30390000000000000E+02,0.00000000000000000E+00,1.16460155907726000E+01,6.23377180853515000E+01
2.30400000000000000E+02,0.00000000000000000E+00,1.15848522809689000E+01,6.24829258550324000E+01
2.30410000000000000E+02,0.00000000000000000E+00,1.15240100360672000E+01,6.26273713848176000E+01
2.30420000000000000E+02,0.00000000000000000E+00,1.14634871706998000E+01,6.27710586759318000E+01
2.30430000000000000E+02,0.00000000000000000E+00,1.14032820083460000E+01,6.29139917085967000E+01
2.30440000000000000E+02,0.00000000000000000E+00,1.13433928812857000E+01,6.30561744421408000E+01
2.30450000000000000E+02,0.00000000000000000E+00,1.12838181305529000E+01,6.31976108151094000E+01
2.30460000000000000E+02,0.00000000000000000E+00,1.12245561058902000E+01,6.33383047453736000E+01
2.30470000000000000E+02,0.00000000000000000E+00,1.11656051657031000E+01,6.34782601302387000E+01
2.30480000000000000E+02,0.00000000000000000E+00,1.11069636770141000E+01,6.36174808465522000E+01
2.30490000000000000E+02,0.00000000000000000E+00,1.10486300154176000E+01,6.37559707508110000E+01
2.30500000000000000E+02,0.00000000000000000E+00,1.09906025650353000E+01,6.38937336792686000E+01
2.30510000000000000E+02,0.00000000000000000E+00,1.09328797184708000E+01,6.40307734480408000E+01
2.30520000000000000E+02,0.00000000000000000E+00,1.08754598767658000E+01,6.41670938532117000E+01
2.30530000000000000E+02,0.00000000000000000E+00,1.08183414493550000E+01,6.43026986709389000E+01
2.30540000000000000E+02,0.00000000000000000E+00,1.07615228540229000E+01,6.44375916575580000E+01
2.30550000000000000E+02,0.00000000000000000E+00,1.07050025168591000E+01,6.45717765496863000E+01
2.30560000000000000E+02,0.00000000000000000E+00,1.06487788722155000E+01,6.47052570643270000E+01
2.30570000000000000E+02,0.00000000000000000E+00,1.05928503626623000E+01,6.48380368989714000E+01
2.30580000000000000E+02,0.00000000000000000E+00,1.05372154389453000E+01,6.49701197317019000E+01
2.30590000000000000E+02,0.00000000000000000E+00,1.04818725599427000E+01,6.51015092212936000E+01
2.30600000000000000E+02,0.00000000000000000E+00,1.04268201926226000E+01,6.52322090073154000E+01
2.30610000000000000E+02,0.00000000000000000E+00,1.03720568120004000E+01,6.53622227102313000E+01
2.30620000000000000E+02,0.00000000000000000E+00,1.03175809010965000E+01,6.54915539315006000E+01
2.30630000000000000E+02,0.00000000000000000E+00,1.02633909508948000E+01,6.56202062536772000E+01
2.30640000000000000E+02,0.00000000000000000E+00,1.02094854602999000E+01,6.57481832405092000E+01
2.30650000000000000E+02,0.00000000000000000E+00,1.01558629360965000E+01,6.58754884370379000E+01
2.30660000000000000E+02,0.00000000000000000E+00,1.01025218929076000E+01,6.60021253696951000E+01
2.30670000000000000E+02,0.00000000000000000E+00,1.00494608531534000E+01,6.61280975464018000E+01
2.30680000000000000E+02,0.00000000000000000E+00,9.99667834701022000E+00,6.62534084566646000E+01
2.30690000000000000E+02,0.00000000000000000E+00,9.94417291237001000E+00,6.63780615716728000E+01
2.30700000000000000E+02,0.00000000000000000E+00,9.89194309479982000E+00,6.65020603443943000E+01
2.30710000000000000E+02,0.00000000000000000E+00,9.83998744750144000E+00,6.66254082096715000E+01
2.30720000000000000E+02,0.00000000000000000E+00,9.78830453127134000E+00,6.67481085843161000E+01
2.30730000000000000E+02,0.00000000000000000E+00,9.73689291446079000E+00,6.68701648672041000E+01
2.30740000000000000E+02,0.00000000000000000E+00,9.68575117293626000E+00,6.69915804393697000E+01
2.30750000000000000E+02,0.00000000000000000E+00,9.63487789003990000E+00,6.71123586640991000E+01
2.30760000000000000E+02,0.00000000000000000E+00,9.58427165655035000E+00,6.72325028870235000E+01
2.30770000000000000E+02,0.00000000000000000E+00,9.53393107064366000E+00,6.73520164362119000E+01
2.30780000000000000E+02,0.00000000000000000E+00,9.48385473785451000E+00,6.74709026222633000E+01
2.30790000000000000E+02,0.00000000000000000E+00,9.43404127103753000E+00,6.75891647383985000E+01
2.30800000000000000E+02,0.00000000000000000E+00,9.38448929032893000E+00,6.77068060605510000E+01
2.30810000000000000E+02,0.00000000000000000E+00,9.33519742310820000E+00,6.78238298474580000E+01
2.30820000000000000E+02,0.00000000000000000E+00,9.28616430396018000E+00,6.79402393407505000E+01
2.30830000000000000E+02,0.00000000000000000E+00,9.23738857463717000E+00,6.80560377650434000E+01
2.30840000000000000E+02,0.00000000000000000E+00,9.18886888402133000E+00,6.81712283280245000E+01
2.30850000000000000E+02,0.00000000000000000E+00,9.14060388808726000E+00,6.82858142205435000E+01
2.30860000000000000E+02,0.00000000000000000E+00,9.09259224986473000E+00,6.83997986167002000E+01
2.30870000000000000E+02,0.00000000000000000E+00,9.04483263940172000E+00,6.85131846739330000E+01
2.30880000000000000E+02,0.00000000000000000E+00,8.99732373372749000E+00,6.86259755331056000E+01
2.30890000000000000E+02,0.00000000000000000E+00,8.95006421681600000E+00,6.87381743185943000E+01
2.30900000000000000E+02,0.00000000000000000E+00,8.90305277954945000E+00,6.88497841383748000E+01
2.30910000000000000E+02,0.00000000000000000E+00,8.85628811968197000E+00,6.89608080841081000E+01
2.30920000000000000E+02,0.00000000000000000E+00,8.80976894180358000E+00,6.90712492312261000E+01
2.30930000000000000E+02,0.00000000000000000E+00,8.76349395730432000E+00,6.91811106390166000E+01
2.30940000000000000E+02,0.00000000000000000E+00,8.71746188433851000E+00,6.92903953507085000E+01
2.30950000000000000E+02,0.00000000000000000E+00,8.67167144778931000E+00,6.93991063935559000E+01
2.30960000000000000E+02,0.00000000000000000E+00,8.62612137923332000E+00,6.95072467789218000E+01
2.30970000000000000E+02,0.00000000000000000E+00,8.58081041690550000E+00,6.96148195023617000E+01
2.30980000000000000E+02,0.00000000000000000E+00,8.53573730566420000E+00,6.97218275437064000E+01
2.30990000000000000E+02,0.00000000000000000E+00,8.49090079695639000E+00,6.98282738671447000E+01
2.31000000000000000E+02,0.00000000000000000E+00,8.44629964878306000E+00,6.99341614213057000E+01
2.31010000000000000E+02,0.00000000000000000E+00,8.40193262566486000E+00,7.00394931393398000E+01
2.31020000000000000E+02,0.00000000000000000E+00,8.35779849860784000E+00,7.01442719390010000E+01
2.31030000000000000E+02,0.00000000000000000E+00,8.31389604506941000E+00,7.02485007227265000E+01
2.31040000000000000E+02,0.00000000000000000E+00,8.27022404892447000E+00,7.03521823777180000E+01
2.31050000000000000E+02,0.00000000000000000E+00,8.22678130043175000E+00,7.04553197760216000E+01
2.31060000000000000E+02,0.00000000000000000E+00,8.18356659620028000E+00,7.05579157746068000E+01
2.31070000000000000E+02,0.00000000000000000E+00,8.14057873915604000E+00,7.06599732154462000E+01
2.31080000000000000E+02,0.00000000000000000E+00,8.09781653850883000E+00,7.07614949255939000E+01
2.31090000000000000E+02,0.00000000000000000E+00,8.05527880971928000E+00,7.08624837172640000E+01
2.31100000000000000E+02,0.00000000000000000E+00,8.01296437446602000E+00,7.09629423879085000E+01
2.31110000000000000E+02,0.00000000000000000E+00,7.97087206061303000E+00,7.10628737202946000E+01
2.31120000000000000E+02,0.00000000000000000E+00,7.92900070217722000E+00,7.11622804825820000E+01
2.31130000000000000E+02,0.00000000000000000E+00,7.88734913929610000E+00,7.12611654283993000E+01
2.31140000000000000E+02,0.00000000000000000E+00,7.84591621819563000E+00,7.13595312969207000E+01
2.31150000000000000E+02,0.00000000000000000E+00,7.80470079115829000E+00,7.14573808129415000E+01
2.31160000000000000E+02,0.00000000000000000E+00,7.76370171649130000E+00,7.15547166869537000E+01
2.31170000000000000E+02,0.00000000000000000E+00,7.72291785849495000E+00,7.16515416152212000E+01
2.31180000000000000E+02,0.00000000000000000E+00,7.68234808743117000E+00,7.17478582798544000E+01
2.31190000000000000E+02,0.00000000000000000E+00,7.64199127949224000E+00,7.18436693488843000E+01
2.31200000000000000E+02,0.00000000000000000E+00,7.60184631676965000E+00,7.19389774763368000E+01
2.31210000000000000E+02,0.00000000000000000E+00,7.56191208722312000E+00,7.20337853023059000E+01
2.31220000000000000E+02,0.00000000000000000E+00,7.52218748464982000E+00,7.21280954530269000E+01
2.31230000000000000E+02,0.00000000000000000E+00,7.48267140865371000E+00,7.22219105409493000E+01
2.31240000000000000E+02,0.00000000000000000E+00,7.44336276461508000E+00,7.23152331648090000E+01
2.31250000000000000E+02,0.00000000000000000E+00,7.40426046366019000E+00,7.24080659097003000E+01
2.31260000000000000E+02,0.00000000000000000E+00,7.36536342263114000E+00,7.25004113471476000E+01
2.31270000000000000E+02,0.00000000000000000E+00,7.32667056405588000E+00,7.25922720351766000E+01
2.31280000000000000E+02,0.00000000000000000E+00,7.28818081611829000E+00,7.26836505183852000E+01
2.31290000000000000E+02,0.00000000000000000E+00,7.24989311262860000E+00,7.27745493280137000E+01
2.31300000000000000E+02,0.00000000000000000E+00,7.21180639299375000E+00,7.28649709820153000E+01
2.31310000000000000E+02,0.00000000000000000E+00,7.17391960218808000E+00,7.29549179851257000E+01
2.31320000000000000E+02,0.00000000000000000E+00,7.13623169072406000E+00,7.30443928289326000E+01
2.31330000000000000E+02,0.00000000000000000E+00,7.09874161462328000E+00,7.31333979919443000E+01
2.31340000000000000E+02,0.00000000000000000E+00,7.06144833538745000E+00,7.32219359396589000E+01
2.31350000000000000E+02,0.00000000000000000E+00,7.02435081996969000E+00,7.33100091246321000E+01
2.31360000000000000E+02,0.00000000000000000E+00,6.98744804074592000E+00,7.33976199865458000E+01
2.31370000000000000E+02,0.00000000000000000E+00,6.95073897548633000E+00,7.34847709522747000E+01
2.31380000000000000E+02,0.00000000000000000E+00,6.91422260732715000E+00,7.35714644359547000E+01
2.31390000000000000E+02,0.00000000000000000E+00,6.87789792474242000E+00,7.36577028390487000E+01
2.31400000000000000E+02,0.00000000000000000E+00,6.84176392151597000E+00,7.37434885504138000E+01
2.31410000000000000E+02,0.00000000000000000E+00,6.80581959671360000E+00,7.38288239463671000E+01
2.31420000000000000E+02,0.00000000000000000E+00,6.77006395465529000E+00,7.39137113907519000E+01
2.31430000000000000E+02,0.00000000000000000E+00,6.73449600488768000E+00,7.39981532350029000E+01
2.31440000000000000E+02,0.00000000000000000E+00,6.69911476215657000E+00,7.40821518182113000E+01
2.31450000000000000E+02,0.00000000000000000E+00,6.66391924637969000E+00,7.41657094671897000E+01
2.31460000000000000E+02,0.00000000000000000E+00,6.62890848261949000E+00,7.42488284965367000E+01
2.31470000000000000E+02,0.00000000000000000E+00,6.59408150105618000E+00,7.43315112087007000E+01
2.31480000000000000E+02,0.00000000000000000E+00,6.55943733696087000E+00,7.44137598940440000E+01
2.31490000000000000E+02,0.00000000000000000E+00,6.52497503066880000E+00,7.44955768309059000E+01
2.31500000000000000E+02,0.00000000000000000E+00,6.49069362755278000E+00,7.45769642856662000E+01
2.31510000000000000E+02,0.00000000000000000E+00,6.45659217799679000E+00,7.46579245128076000E+01
2.31520000000000000E+02,0.00000000000000000E+00,6.42266973736957000E+00,7.47384597549785000E+01
2.31530000000000000E+02,0.00000000000000000E+00,6.38892536599859000E+00,7.48185722430548000E+01
2.31540000000000000E+02,0.00000000000000000E+00,6.35535812914389000E+00,7.48982641962019000E+01
2.31550000000000000E+02,0.00000000000000000E+00,6.32196709697228000E+00,7.49775378219362000E+01
2.31560000000000000E+02,0.00000000000000000E+00,6.28875134453153000E+00,7.50563953161861000E+01
2.31570000000000000E+02,0.00000000000000000E+00,6.25570995172478000E+00,7.51348388633530000E+01
2.31580000000000000E+02,0.00000000000000000E+00,6.22284200328502000E+00,7.52128706363714000E+01
2.31590000000000000E+02,0.00000000000000000E+00,6.19014658874979000E+00,7.52904927967699000E+01
2.31600000000000000E+02,0.00000000000000000E+00,6.15762280243590000E+00,7.53677074947301000E+01
2.31610000000000000E+02,0.00000000000000000E+00,6.12526974341436000E+00,7.54445168691469000E+01
2.31620000000000000E+02,0.00000000000000000E+00,6.09308651548546000E+00,7.55209230476875000E+01
2.31630000000000000E+02,0.00000000000000000E+00,6.06107222715390000E+00,7.55969281468502000E+01
2.31640000000000000E+02,0.00000000000000000E+00,6.02922599160410000E+00,7.56725342720231000E+01
2.31650000000000000E+02,0.00000000000000000E+00,5.99754692667566000E+00,7.57477435175428000E+01
2.31660000000000000E+02,0.00000000000000000E+00,5.96603415483892000E+00,7.58225579667518000E+01
2.31670000000000000E+02,0.00000000000000000E+00,5.93468680317063000E+00,7.58969796920564000E+01
2.31680000000000000E+02,0.00000000000000000E+00,5.90350400332976000E+00,7.59710107549846000E+01
2.31690000000000000E+02,0.00000000000000000E+00,5.87248489153351000E+00,7.60446532062425000E+01
2.31700000000000000E+02,0.00000000000000000E+00,5.84162860853330000E+00,7.61179090857714000E+01
2.31710000000000000E+02,0.00000000000000000E+00,5.81093429959103000E+00,7.61907804228046000E+01
2.31720000000000000E+02,0.00000000000000000E+00,5.78040111445539000E+00,7.62632692359230000E+01
2.31730000000000000E+02,0.00000000000000000E+00,5.75002820733827000E+00,7.63353775331117000E+01
2.31740000000000000E+02,0.00000000000000000E+00,5.71981473689137000E+00,7.64071073118149000E+01
2.31750000000000000E+02,0.00000000000000000E+00,5.68975986618291000E+00,7.64784605589919000E+01
2.31760000000000000E+02,0.00000000000000000E+00,5.65986276267440000E+00,7.65494392511717000E+01
2.31770000000000000E+02,0.00000000000000000E+00,5.63012259819758000E+00,7.66200453545079000E+01
2.31780000000000000E+02,0.00000000000000000E+00,5.60053854893154000E+00,7.66902808248333000E+01
2.31790000000000000E+02,0.00000000000000000E+00,5.57110979537982000E+00,7.67601476077137000E+01
2.31800000000000000E+02,0.00000000000000000E+00,5.54183552234777000E+00,7.68296476385022000E+01
2.31810000000000000E+02,0.00000000000000000E+00,5.51271491891994000E+00,7.68987828423926000E+01
2.31820000000000000E+02,0.00000000000000000E+00,5.48374717843763000E+00,7.69675551344728000E+01
2.31830000000000000E+02,0.00000000000000000E+00,5.45493149847651000E+00,7.70359664197777000E+01
2.31840000000000000E+02,0.00000000000000000E+00,5.42626708082445000E+00,7.71040185933422000E+01
2.31850000000000000E+02,0.00000000000000000E+00,5.39775313145938000E+00,7.71717135402536000E+01
2.31860000000000000E+02,0.00000000000000000E+00,5.36938886052727000E+00,7.72390531357038000E+01
2.31870000000000000E+02,0.00000000000000000E+00,5.34117348232030000E+00,7.73060392450411000E+01
2.31880000000000000E+02,0.00000000000000000E+00,5.31310621525505000E+00,7.73726737238221000E+01
2.31890000000000000E+02,0.00000000000000000E+00,5.28518628185089000E+00,7.74389584178631000E+01
2.31900000000000000E+02,0.00000000000000000E+00,5.25741290870840000E+00,7.75048951632911000E+01
2.31910000000000000E+02,0.00000000000000000E+00,5.22978532648800000E+00,7.75704857865946000E+01
2.31920000000000000E+02,0.00000000000000000E+00,5.20230276988858000E+00,7.76357321046745000E+01
2.31930000000000000E+02,0.00000000000000000E+00,5.17496447762635000E+00,7.77006359248941000E+01
2.31940000000000000E+02,0.00000000000000000E+00,5.14776969241372000E+00,7.77651990451292000E+01
2.31950000000000000E+02,0.00000000000000000E+00,5.12071766093833000E+00,7.78294232538183000E+01
2.31960000000000000E+02,0.00000000000000000E+00,5.09380763384220000E+00,7.78933103300116000E+01
2.31970000000000000E+02,0.00000000000000000E+00,5.06703886570094000E+00,7.79568620434205000E+01
2.31980000000000000E+02,0.00000000000000000E+00,5.04041061500315000E+00,7.80200801544668000E+01
2.31990000000000000E+02,0.00000000000000000E+00,5.01392214412983000E+00,7.80829664143313000E+01
2.32000000000000000E+02,0.00000000000000000E+00,4.98757271933396000E+00,7.81455225650021000E+01
2.32010000000000000E+02,0.00000000000000000E+00,4.96136161072020000E+00,7.82077503393234000E+01
2.32020000000000000E+02,0.00000000000000000E+00,4.93528809222464000E+00,7.82696514610429000E+01
2.32030000000000000E+02,0.00000000000000000E+00,4.90935144159472000E+00,7.83312276448599000E+01
2.32040000000000000E+02,0.00000000000000000E+00,4.88355094036918000E+00,7.83924805964728000E+01
2.32050000000000000E+02,0.00000000000000000E+00,4.85788587385819000E+00,7.84534120126261000E+01
2.32060000000000000E+02,0.00000000000000000E+00,4.83235553112356000E+00,7.85140235811578000E+01
2.32070000000000000E+02,0.00000000000000000E+00,4.80695920495903000E+00,7.85743169810458000E+01
2.32080000000000000E+02,0.00000000000000000E+00,4.78169619187065000E+00,7.86342938824544000E+01
2.32090000000000000E+02,0.00000000000000000E+00,4.75656579205736000E+00,7.86939559467810000E+01
2.32100000000000000E+02,0.00000000000000000E+00,4.73156730939157000E+00,7.87533048267015000E+01
2.32110000000000000E+02,0.00000000000000000E+00,4.70670005139984000E+00,7.88123421662166000E+01
2.32120000000000000E+02,0.00000000000000000E+00,4.68196332924377000E+00,7.88710696006970000E+01
2.32130000000000000E+02,0.00000000000000000E+00,4.65735645770088000E+00,7.89294887569291000E+01
2.32140000000000000E+02,0.00000000000000000E+00,4.63287875514561000E+00,7.89876012531595000E+01
2.32150000000000000E+02,0.00000000000000000E+00,4.60852954353049000E+00,7.90454086991403000E+01
2.32160000000000000E+02,0.00000000000000000E+00,4.58430814836730000E+00,7.91029126961735000E+01
2.32170000000000000E+02,0.00000000000000000E+00,4.56021389870844000E+00,7.91601148371552000E+01
2.32180000000000000E+02,0.00000000000000000E+00,4.53624612712829000E+00,7.92170167066202000E+01
2.32190000000000000E+02,0.00000000000000000E+00,4.51240416970478000E+00,7.92736198807854000E+01
2.32200000000000000E+02,0.00000000000000000E+00,4.48868736600096000E+00,7.93299259275936000E+01
2.32210000000000000E+02,0.00000000000000000E+00,4.46509505904671000E+00,7.93859364067573000E+01
2.32220000000000000E+02,0.00000000000000000E+00,4.44162659532055000E+00,7.94416528698012000E+01
2.32230000000000000E+02,0.00000000000000000E+00,4.41828132473153000E+00,7.94970768601058000E+01
2.32240000000000000E+02,0.00000000000000000E+00,4.39505860060124000E+00,7.95522099129499000E+01
2.32250000000000000E+02,0.00000000000000000E+00,4.37195777964586000E+00,7.96070535555531000E+01
2.32260000000000000E+02,0.00000000000000000E+00,4.34897822195839000E+00,7.96616093071182000E+01
2.32270000000000000E+02,0.00000000000000000E+00,4.32611929099087000E+00,7.97158786788733000E+01
2.32280000000000000E+02,0.00000000000000000E+00,4.30338035353679000E+00,7.97698631741133000E+01
2.32290000000000000E+02,0.00000000000000000E+00,4.28076077971355000E+00,7.98235642882424000E+01
2.32300000000000000E+02,0.00000000000000000E+00,4.25825994294496000E+00,7.98769835088144000E+01
2.32310000000000000E+02,0.00000000000000000E+00,4.23587721994394000E+00,7.99301223155748000E+01
2.32320000000000000E+02,0.00000000000000000E+00,4.21361199069524000E+00,7.99829821805014000E+01
2.32330000000000000E+02,0.00000000000000000E+00,4.19146363843825000E+00,8.00355645678450000E+01
2.32340000000000000E+02,0.00000000000000000E+00,4.16943154964993000E+00,8.00878709341704000E+01
2.32350000000000000E+02,0.00000000000000000E+00,4.14751511402780000E+00,8.01399027283962000E+01
2.32360000000000000E+02,0.00000000000000000E+00,4.12571372447307000E+00,8.01916613918351000E+01
2.32370000000000000E+02,0.00000000000000000E+00,4.10402677707375000E+00,8.02431483582343000E+01
2.32380000000000000E+02,0.00000000000000000E+00,4.08245367108802000E+00,8.02943650538144000E+01
2.32390000000000000E+02,0.00000000000000000E+00,4.06099380892751000E+00,8.03453128973097000E+01
2.32400000000000000E+02,0.00000000000000000E+00,4.03964659614077000E+00,8.03959933000067000E+01
2.32410000000000000E+02,0.00000000000000000E+00,4.01841144139682000E+00,8.04464076657840000E+01
2.32420000000000000E+02,0.00000000000000000E+00,3.99728775646876000E+00,8.04965573911507000E+01
2.32430000000000000E+02,0.00000000000000000E+00,3.97627495621745000E+00,8.05464438652852000E+01
2.32440000000000000E+02,0.00000000000000000E+00,3.95537245857536000E+00,8.05960684700736000E+01
2.32450000000000000E+02,0.00000000000000000E+00,3.93457968453038000E+00,8.06454325801481000E+01
2.32460000000000000E+02,0.00000000000000000E+00,3.91389605810981000E+00,8.06945375629250000E+01
2.32470000000000000E+02,0.00000000000000000E+00,3.89332100636444000E+00,8.07433847786428000E+01
2.32480000000000000E+02,0.00000000000000000E+00,3.87285395935261000E+00,8.07919755803995000E+01
2.32490000000000000E+02,0.00000000000000000E+00,3.85249435012447000E+00,8.08403113141904000E+01
2.32500000000000000E+02,0.00000000000000000E+00,3.83224161470628000E+00,8.08883933189450000E+01
2.32510000000000000E+02,0.00000000000000000E+00,3.81209519208474000E+00,8.09362229265648000E+01
2.32520000000000000E+02,0.00000000000000000E+00,3.79205452419149000E+00,8.09838014619592000E+01
2.32530000000000000E+02,0.00000000000000000E+00,3.77211905588767000E+00,8.10311302430833000E+01
2.32540000000000000E+02,0.00000000000000000E+00,3.75228823494847000E+00,8.10782105809734000E+01
2.32550000000000000E+02,0.00000000000000000E+00,3.73256151204790000E+00,8.11250437797840000E+01
2.32560000000000000E+02,0.00000000000000000E+00,3.71293834074356000E+00,8.11716311368236000E+01
2.32570000000000000E+02,0.00000000000000000E+00,3.69341817746146000E+00,8.12179739425909000E+01
2.32580000000000000E+02,0.00000000000000000E+00,3.67400048148104000E+00,8.12640734808101000E+01
2.32590000000000000E+02,0.00000000000000000E+00,3.65468471492010000E+00,8.13099310284670000E+01
2.32600000000000000E+02,0.00000000000000000E+00,3.63547034271998000E+00,8.13555478558440000E+01
2.32610000000000000E+02,0.00000000000000000E+00,3.61635683263071000E+00,8.14009252265554000E+01
2.32620000000000000E+02,0.00000000000000000E+00,3.59734365519623000E+00,8.14460643975824000E+01
2.32630000000000000E+02,0.00000000000000000E+00,3.57843028373979000E+00,8.14909666193078000E+01
2.32640000000000000E+02,0.00000000000000000E+00,3.55961619434932000E+00,8.15356331355511000E+01
2.32650000000000000E+02,0.00000000000000000E+00,3.54090086586290000E+00,8.15800651836023000E+01
2.32660000000000000E+02,0.00000000000000000E+00,3.52228377985438000E+00,8.16242639942565000E+01
2.32670000000000000E+02,0.00000000000000000E+00,3.50376442061898000E+00,8.16682307918482000E+01
2.32680000000000000E+02,0.00000000000000000E+00,3.48534227515899000E+00,8.17119667942848000E+01
2.32690000000000000E+02,0.00000000000000000E+00,3.46701683316961000E+00,8.17554732130806000E+01
2.32700000000000000E+02,0.00000000000000000E+00,3.44878758702478000E+00,8.17987512533903000E+01
2.32710000000000000E+02,0.00000000000000000E+00,3.43065403176310000E+00,8.18418021140423000E+01
2.32720000000000000E+02,0.00000000000000000E+00,3.41261566507389000E+00,8.18846269875721000E+01
2.32730000000000000E+02,0.00000000000000000E+00,3.39467198728326000E+00,8.19272270602551000E+01
2.32740000000000000E+02,0.00000000000000000E+00,3.37682250134024000E+00,8.19696035121397000E+01
2.32750000000000000E+02,0.00000000000000000E+00,3.35906671280303000E+00,8.20117575170798000E+01
2.32760000000000000E+02,0.00000000000000000E+00,3.34140412982534000E+00,8.20536902427673000E+01
2.32770000000000000E+02,0.00000000000000000E+00,3.32383426314268000E+00,8.20954028507647000E+01
2.32780000000000000E+02,0.00000000000000000E+00,3.30635662605891000E+00,8.21368964965370000E+01
2.32790000000000000E+02,0.00000000000000000E+00,3.28897073443268000E+00,8.21781723294837000E+01
2.32800000000000000E+02,0.00000000000000000E+00,3.27167610666404000E+00,8.22192314929711000E+01
2.32810000000000000E+02,0.00000000000000000E+00,3.25447226368112000E+00,8.22600751243632000E+01
2.32820000000000000E+02,0.00000000000000000E+00,3.23735872892684000E+00,8.23007043550539000E+01
2.32830000000000000E+02,0.00000000000000000E+00,3.22033502834571000E+00,8.23411203104981000E+01
2.32840000000000000E+02,0.00000000000000000E+00,3.20340069037071000E+00,8.23813241102426000E+01
2.32850000000000000E+02,0.00000000000000000E+00,3.18655524591022000E+00,8.24213168679575000E+01
2.32860000000000000E+02,0.00000000000000000E+00,3.16979822833500000E+00,8.24610996914669000E+01
2.32870000000000000E+02,0.00000000000000000E+00,3.15312917346533000E+00,8.25006736827796000E+01
2.32880000000000000E+02,0.00000000000000000E+00,3.13654761955808000E+00,8.25400399381197000E+01
2.32890000000000000E+02,0.00000000000000000E+00,3.12005310729397000E+00,8.25791995479568000E+01
2.32900000000000000E+02,0.00000000000000000E+00,3.10364517976480000E+00,8.26181535970361000E+01
2.32910000000000000E+02,0.00000000000000000E+00,3.08732338246086000E+00,8.26569031644090000E+01
2.32920000000000000E+02,0.00000000000000000E+00,3.07108726325827000E+00,8.26954493234624000E+01
2.32930000000000000E+02,0.00000000000000000E+00,3.05493637240650000E+00,8.27337931419487000E+01
2.32940000000000000E+02,0.00000000000000000E+00,3.03887026251589000E+00,8.27719356820154000E+01
2.32950000000000000E+02,0.00000000000000000E+00,3.02288848854527000E+00,8.28098780002345000E+01
2.32960000000000000E+02,0.00000000000000000E+00,3.00699060778963000E+00,8.28476211476315000E+01
2.32970000000000000E+02,0.00000000000000000E+00,2.99117617986784000E+00,8.28851661697150000E+01
2.32980000000000000E+02,0.00000000000000000E+00,2.97544476671049000E+00,8.29225141065053000E+01
2.32990000000000000E+02,0.00000000000000000E+00,2.95979593254771000E+00,8.29596659925633000E+01
2.33000000000000000E+02,0.00000000000000000E+00,2.94422924389711000E+00,8.29966228570192000E+01
2.33010000000000000E+02,0.00000000000000000E+00,2.92874426955182000E+00,8.30333857236010000E+01
2.33020000000000000E+02,0.00000000000000000E+00,2.91334058056847000E+00,8.30699556106629000E+01
2.33030000000000000E+02,0.00000000000000000E+00,2.89801775025536000E+00,8.31063335312132000E+01
2.33040000000000000E+02,0.00000000000000000E+00,2.88277535416062000E+00,8.31425204929429000E+01
2.33050000000000000E+02,0.00000000000000000E+00,2.86761297006046000E+00,8.31785174982532000E+01
2.33060000000000000E+02,0.00000000000000000E+00,2.85253017794747000E+00,8.32143255442833000E+01
2.33070000000000000E+02,0.00000000000000000E+00,2.83752656001900000E+00,8.32499456229382000E+01
2.33080000000000000E+02,0.00000000000000000E+00,2.82260170066555000E+00,8.32853787209162000E+01
2.33090000000000000E+02,0.00000000000000000E+00,2.80775518645930000E+00,8.33206258197359000E+01
2.33100000000000000E+02,0.00000000000000000E+00,2.79298660614264000E+00,8.33556878957638000E+01
2.33110000000000000E+02,0.00000000000000000E+00,2.77829555061676000E+00,8.33905659202410000E+01
2.33120000000000000E+02,0.00000000000000000E+00,2.76368161293034000E+00,8.34252608593104000E+01
2.33130000000000000E+02,0.00000000000000000E+00,2.74914438826829000E+00,8.34597736740432000E+01
2.33140000000000000E+02,0.00000000000000000E+00,2.73468347394050000E+00,8.34941053204657000E+01
2.33150000000000000E+02,0.00000000000000000E+00,2.72029846937071000E+00,8.35282567495857000E+01
2.33160000000000000E+02,0.00000000000000000E+00,2.70598897608540000E+00,8.35622289074189000E+01
2.33170000000000000E+02,0.00000000000000000E+00,2.69175459770276000E+00,8.35960227350151000E+01
2.33180000000000000E+02,0.00000000000000000E+00,2.67759493992173000E+00,8.36296391684841000E+01
2.33190000000000000E+02,0.00000000000000000E+00,2.66350961051102000E+00,8.36630791390220000E+01
2.33200000000000000E+02,0.00000000000000000E+00,2.64949821929832000E+00,8.36963435729366000E+01
2.33210000000000000E+02,0.00000000000000000E+00,2.63556037815943000E+00,8.37294333916733000E+01
2.33220000000000000E+02,0.00000000000000000E+00,2.62169570100753000E+00,8.37623495118405000E+01
2.33230000000000000E+02,0.00000000000000000E+00,2.60790380378251000E+00,8.37950928452350000E+01
2.33240000000000000E+02,0.00000000000000000E+00,2.59418430444029000E+00,8.38276642988675000E+01
2.33250000000000000E+02,0.00000000000000000E+00,2.58053682294226000E+00,8.38600647749872000E+01
2.33260000000000000E+02,0.00000000000000000E+00,2.56696098124474000E+00,8.38922951711076000E+01
2.33270000000000000E+02,0.00000000000000000E+00,2.55345640328855000E+00,8.39243563800303000E+01
2.33280000000000000E+02,0.00000000000000000E+00,2.54002271498851000E+00,8.39562492898707000E+01
2.33290000000000000E+02,0.00000000000000000E+00,2.52665954422318000E+00,8.39879747840822000E+01
2.33300000000000000E+02,0.00000000000000000E+00,2.51336652082445000E+00,8.40195337414805000E+01
2.33310000000000000E+02,0.00000000000000000E+00,2.50014327656738000E+00,8.40509270362681000E+01
2.33320000000000000E+02,0.00000000000000000E+00,2.48698944515991000E+00,8.40821555380589000E+01
2.33330000000000000E+02,0.00000000000000000E+00,2.47390466223280000E+00,8.41132201119016000E+01
2.33340000000000000E+02,0.00000000000000000E+00,2.46088856532947000E+00,8.41441216183041000E+01
2.33350000000000000E+02,0.00000000000000000E+00,2.44794079389600000E+00,8.41748609132572000E+01
2.33360000000000000E+02,0.00000000000000000E+00,2.43506098927112000E+00,8.42054388482583000E+01
2.33370000000000000E+02,0.00000000000000000E+00,2.42224879467627000E+00,8.42358562703352000E+01
2.33380000000000000E+02,0.00000000000000000E+00,2.40950385520576000E+00,8.42661140220692000E+01
2.33390000000000000E+02,0.00000000000000000E+00,2.39682581781689000E+00,8.42962129416188000E+01
2.33400000000000000E+02,0.00000000000000000E+00,2.38421433132018000E+00,8.43261538627427000E+01
2.33410000000000000E+02,0.00000000000000000E+00,2.37166904636967000E+00,8.43559376148227000E+01
2.33420000000000000E+02,0.00000000000000000E+00,2.35918961545322000E+00,8.43855650228874000E+01
2.33430000000000000E+02,0.00000000000000000E+00,2.34677569288287000E+00,8.44150369076341000E+01
2.33440000000000000E+02,0.00000000000000000E+00,2.33442693478530000E+00,8.44443540854524000E+01
2.33450000000000000E+02,0.00000000000000000E+00,2.32214299909229000E+00,8.44735173684461000E+01
2.33460000000000000E+02,0.00000000000000000E+00,2.30992354553122000E+00,8.45025275644562000E+01
2.33470000000000000E+02,0.00000000000000000E+00,2.29776823561568000E+00,8.45313854770831000E+01
2.33480000000000000E+02,0.00000000000000000E+00,2.28567673263607000E+00,8.45600919057087000E+01
2.33490000000000000E+02,0.00000000000000000E+00,2.27364870165029000E+00,8.45886476455189000E+01
2.33500000000000000E+02,0.00000000000000000E+00,2.26168380947446000E+00,8.46170534875254000E+01
2.33510000000000000E+02,0.00000000000000000E+00,2.24978172467365000E+00,8.46453102185874000E+01
2.33520000000000000E+02,0.00000000000000000E+00,2.23794211755278000E+00,8.46734186214339000E+01
2.33530000000000000E+02,0.00000000000000000E+00,2.22616466014741000E+00,8.47013794746851000E+01
2.33540000000000000E+02,0.00000000000000000E+00,2.21444902621469000E+00,8.47291935528738000E+01
2.33550000000000000E+02,0.00000000000000000E+00,2.20279489122432000E+00,8.47568616264672000E+01
2.33560000000000000E+02,0.00000000000000000E+00,2.19120193234957000E+00,8.47843844618880000E+01
2.33570000000000000E+02,0.00000000000000000E+00,2.17966982845830000E+00,8.48117628215358000E+01
2.33580000000000000E+02,0.00000000000000000E+00,2.16819826010412000E+00,8.48389974638081000E+01
2.33590000000000000E+02,0.00000000000000000E+00,2.15678690951749000E+00,8.48660891431212000E+01
2.33600000000000000E+02,0.00000000000000000E+00,2.14543546059696000E+00,8.48930386099314000E+01
2.33610000000000000E+02,0.00000000000000000E+00,2.13414359890037000E+00,8.49198466107557000E+01
2.33620000000000000E+02,0.00000000000000000E+00,2.12291101163617000E+00,8.49465138881922000E+01
2.33630000000000000E+02,0.00000000000000000E+00,2.11173738765477000E+00,8.49730411809409000E+01
2.33640000000000000E+02,0.00000000000000000E+00,2.10062241743986000E+00,8.49994292238242000E+01
2.33650000000000000E+02,0.00000000000000000E+00,2.08956579309991000E+00,8.50256787478074000E+01
2.33660000000000000E+02,0.00000000000000000E+00,2.07856720835960000E+00,8.50517904800183000E+01
2.33670000000000000E+02,0.00000000000000000E+00,2.06762635855133000E+00,8.50777651437681000E+01
2.33680000000000000E+02,0.00000000000000000E+00,2.05674294060679000E+00,8.51036034585710000E+01
2.33690000000000000E+02,0.00000000000000000E+00,2.04591665304860000E+00,8.51293061401644000E+01
2.33700000000000000E+02,0.00000000000000000E+00,2.03514719598188000E+00,8.51548739005283000E+01
2.33710000000000000E+02,0.00000000000000000E+00,2.02443427108604000E+00,8.51803074479056000E+01
2.33720000000000000E+02,0.00000000000000000E+00,2.01377758160642000E+00,8.52056074868212000E+01
2.33730000000000000E+02,0.00000000000000000E+00,2.00317683234615000E+00,8.52307747181019000E+01
2.33740000000000000E+02,0.00000000000000000E+00,1.99263172965793000E+00,8.52558098388954000E+01
2.33750000000000000E+02,0.00000000000000000E+00,1.98214198143588000E+00,8.52807135426901000E+01
2.33760000000000000E+02,0.00000000000000000E+00,1.97170729710751000E+00,8.53054865193340000E+01
2.33770000000000000E+02,0.00000000000000000E+00,1.96132738762561000E+00,8.53301294550538000E+01
2.33780000000000000E+02,0.00000000000000000E+00,1.95100196546028000E+00,8.53546430324742000E+01
2.33790000000000000E+02,0.00000000000000000E+00,1.94073074459093000E+00,8.53790279306362000E+01
2.33800000000000000E+02,0.00000000000000000E+00,1.93051344049842000E+00,8.54032848250168000E+01
2.33810000000000000E+02,0.00000000000000000E+00,1.92034977015709000E+00,8.54274143875467000E+01
2.33820000000000000E+02,0.00000000000000000E+00,1.91023945202701000E+00,8.54514172866299000E+01
2.33830000000000000E+02,0.00000000000000000E+00,1.90018220604611000E+00,8.54752941871615000E+01
2.33840000000000000E+02,0.00000000000000000E+00,1.89017775362246000E+00,8.54990457505463000E+01
2.33850000000000000E+02,0.00000000000000000E+00,1.88022581762656000E+00,8.55226726347174000E+01
2.33860000000000000E+02,0.00000000000000000E+00,1.87032612238362000E+00,8.55461754941540000E+01
2.33870000000000000E+02,0.00000000000000000E+00,1.86047839366597000E+00,8.55695549798999000E+01
2.33880000000000000E+02,0.00000000000000000E+00,1.85068235868544000E+00,8.55928117395812000E+01
2.33890000000000000E+02,0.00000000000000000E+00,1.84093774608580000E+00,8.56159464174247000E+01
2.33900000000000000E+02,0.00000000000000000E+00,1.83124428593528000E+00,8.56389596542750000E+01
2.33910000000000000E+02,0.00000000000000000E+00,1.82160170971903000E+00,8.56618520876132000E+01
2.33920000000000000E+02,0.00000000000000000E+00,1.81200975033173000E+00,8.56846243515738000E+01
2.33930000000000000E+02,0.00000000000000000E+00,1.80246814207019000E+00,8.57072770769625000E+01
2.33940000000000000E+02,0.00000000000000000E+00,1.79297662062595000E+00,8.57298108912738000E+01
2.33950000000000000E+02,0.00000000000000000E+00,1.78353492307801000E+00,8.57522264187084000E+01
2.33960000000000000E+02,0.00000000000000000E+00,1.77414278788552000E+00,8.57745242801902000E+01
2.33970000000000000E+02,0.00000000000000000E+00,1.76479995488051000E+00,8.57967050933837000E+01
2.33980000000000000E+02,0.00000000000000000E+00,1.75550616526076000E+00,8.58187694727112000E+01
2.33990000000000000E+02,0.00000000000000000E+00,1.74626116158254000E+00,8.58407180293695000E+01
2.34000000000000000E+02,0.00000000000000000E+00,1.73706468775354000E+00,8.58625513713474000E+01
2.34010000000000000E+02,0.00000000000000000E+00,1.72791648902575000E+00,8.58842701034417000E+01
2.34020000000000000E+02,0.00000000000000000E+00,1.71881631198841000E+00,8.59058748272749000E+01
2.34030000000000000E+02,0.00000000000000000E+00,1.70976390456100000E+00,8.59273661413112000E+01
2.34040000000000000E+02,0.00000000000000000E+00,1.70075901598624000E+00,8.59487446408732000E+01
2.34050000000000000E+02,0.00000000000000000E+00,1.69180139682315000E+00,8.59700109181585000E+01
2.34060000000000000E+02,0.00000000000000000E+00,1.68289079894015000E+00,8.59911655622563000E+01
2.34070000000000000E+02,0.00000000000000000E+00,1.67402697550816000E+00,8.60122091591631000E+01
2.34080000000000000E+02,0.00000000000000000E+00,1.66520968099381000E+00,8.60331422917997000E+01
2.34090000000000000E+02,0.00000000000000000E+00,1.65643867115258000E+00,8.60539655400267000E+01
2.34100000000000000E+02,0.00000000000000000E+00,1.64771370302209000E+00,8.60746794806610000E+01
2.34110000000000000E+02,0.00000000000000000E+00,1.63903453491532000E+00,8.60952846874915000E+01
2.34120000000000000E+02,0.00000000000000000E+00,1.63040092641396000E+00,8.61157817312953000E+01
2.34130000000000000E+02,0.00000000000000000E+00,1.62181263836172000E+00,8.61361711798530000E+01
2.34140000000000000E+02,0.00000000000000000E+00,1.61326943285771000E+00,8.61564535979650000E+01
2.34150000000000000E+02,0.00000000000000000E+00,1.60477107324986000E+00,8.61766295474668000E+01
2.34160000000000000E+02,0.00000000000000000E+00,1.59631732412835000E+00,8.61966995872447000E+01
2.34170000000000000E+02,0.00000000000000000E+00,1.58790795131912000E+00,8.62166642732513000E+01
2.34180000000000000E+02,0.00000000000000000E+00,1.57954272187735000E+00,8.62365241585205000E+01
2.34190000000000000E+02,0.00000000000000000E+00,1.57122140408100000E+00,8.62562797931835000E+01
2.34200000000000000E+02,0.00000000000000000E+00,1.56294376742443000E+00,8.62759317244837000E+01
2.34210000000000000E+02,0.00000000000000000E+00,1.55470958261199000E+00,8.62954804967916000E+01
2.34220000000000000E+02,0.00000000000000000E+00,1.54651862155168000E+00,8.63149266516203000E+01
2.34230000000000000E+02,0.00000000000000000E+00,1.53837065734882000E+00,8.63342707276403000E+01
2.34240000000000000E+02,0.00000000000000000E+00,1.53026546429975000E+00,8.63535132606945000E+01
2.34250000000000000E+02,0.00000000000000000E+00,1.52220281788563000E+00,8.63726547838129000E+01
2.34260000000000000E+02,0.00000000000000000E+00,1.51418249476616000E+00,8.63916958272276000E+01
2.34270000000000000E+02,0.00000000000000000E+00,1.50620427277345000E+00,8.64106369183872000E+01
2.34280000000000000E+02,0.00000000000000000E+00,1.49826793090581000E+00,8.64294785819717000E+01
2.34290000000000000E+02,0.00000000000000000E+00,1.49037324932167000E+00,8.64482213399067000E+01
2.34300000000000000E+02,0.00000000000000000E+00,1.48252000933347000E+00,8.64668657113783000E+01
2.34310000000000000E+02,0.00000000000000000E+00,1.47470799340161000E+00,8.64854122128470000E+01
2.34320000000000000E+02,0.00000000000000000E+00,1.46693698512842000E+00,8.65038613580624000E+01
2.34330000000000000E+02,0.00000000000000000E+00,1.45920676925218000E+00,8.65222136580773000E+01
2.34340000000000000E+02,0.00000000000000000E+00,1.45151713164112000E+00,8.65404696212616000E+01
2.34350000000000000E+02,0.00000000000000000E+00,1.44386785928754000E+00,8.65586297533168000E+01
2.34360000000000000E+02,0.00000000000000000E+00,1.43625874030185000E+00,8.65766945572899000E+01
2.34370000000000000E+02,0.00000000000000000E+00,1.42868956390678000E+00,8.65946645335870000E+01
2.34380000000000000E+02,0.00000000000000000E+00,1.42116012043144000E+00,8.66125401799877000E+01
2.34390000000000000E+02,0.00000000000000000E+00,1.41367020130562000E+00,8.66303219916582000E+01
2.34400000000000000E+02,0.00000000000000000E+00,1.40621959905391000E+00,8.66480104611659000E+01
2.34410000000000000E+02,0.00000000000000000E+00,1.39880810729003000E+00,8.66656060784922000E+01
2.34420000000000000E+02,0.00000000000000000E+00,1.39143552071108000E+00,8.66831093310467000E+01
2.34430000000000000E+02,0.00000000000000000E+00,1.38410163509186000E+00,8.67005207036802000E+01
2.34440000000000000E+02,0.00000000000000000E+00,1.37680624727920000E+00,8.67178406786985000E+01
2.34450000000000000E+02,0.00000000000000000E+00,1.36954915518636000E+00,8.67350697358756000E+01
2.34460000000000000E+02,0.00000000000000000E+00,1.36233015778740000E+00,8.67522083524670000E+01
2.34470000000000000E+02,0.00000000000000000E+00,1.35514905511162000E+00,8.67692570032231000E+01
2.34480000000000000E+02,0.00000000000000000E+00,1.34800564823806000E+00,8.67862161604020000E+01
2.34490000000000000E+02,0.00000000000000000E+00,1.34089973928992000E+00,8.68030862937828000E+01
2.34500000000000000E+02,0.00000000000000000E+00,1.33383113142914000E+00,8.68198678706786000E+01
2.34510000000000000E+02,0.00000000000000000E+00,1.32679962885091000E+00,8.68365613559495000E+01
2.34520000000000000E+02,0.00000000000000000E+00,1.31980503677827000E+00,8.68531672120153000E+01
2.34530000000000000E+02,0.00000000000000000E+00,1.31284716145669000E+00,8.68696858988685000E+01
2.34540000000000000E+02,0.00000000000000000E+00,1.30592581014872000E+00,8.68861178740870000E+01
2.34550000000000000E+02,0.00000000000000000E+00,1.29904079112867000E+00,8.69024635928466000E+01
2.34560000000000000E+02,0.00000000000000000E+00,1.29219191367724000E+00,8.69187235079338000E+01
2.34570000000000000E+02,0.00000000000000000E+00,1.28537898807631000E+00,8.69348980697583000E+01
2.34580000000000000E+02,0.00000000000000000E+00,1.27860182560362000E+00,8.69509877263655000E+01
2.34590000000000000E+02,0.00000000000000000E+00,1.27186023852759000E+00,8.69669929234487000E+01
2.34600000000000000E+02,0.00000000000000000E+00,1.26515404010208000E+00,8.69829141043620000E+01
2.34610000000000000E+02,0.00000000000000000E+00,1.25848304456126000E+00,8.69987517101317000E+01
2.34620000000000000E+02,0.00000000000000000E+00,1.25184706711443000E+00,8.70145061794694000E+01
2.34630000000000000E+02,0.00000000000000000E+00,1.24524592394091000E+00,8.70301779487836000E+01
2.34640000000000000E+02,0.00000000000000000E+00,1.23867943218497000E+00,8.70457674521920000E+01
2.34650000000000000E+02,0.00000000000000000E+00,1.23214740995071000E+00,8.70612751215334000E+01
2.34660000000000000E+02,0.00000000000000000E+00,1.22564967629709000E+00,8.70767013863799000E+01
2.34670000000000000E+02,0.00000000000000000E+00,1.21918605123287000E+00,8.70920466740486000E+01
2.34680000000000000E+02,0.00000000000000000E+00,1.21275635571165000E+00,8.71073114096134000E+01
2.34690000000000000E+02,0.00000000000000000E+00,1.20636041162688000E+00,8.71224960159169000E+01
2.34700000000000000E+02,0.00000000000000000E+00,1.19999804180696000E+00,8.71376009135821000E+01
2.34710000000000000E+02,0.00000000000000000E+00,1.19366907001032000E+00,8.71526265210240000E+01
2.34720000000000000E+02,0.00000000000000000E+00,1.18737332092053000E+00,8.71675732544612000E+01
2.34730000000000000E+02,0.00000000000000000E+00,1.18111062014144000E+00,8.71824415279274000E+01
2.34740000000000000E+02,0.00000000000000000E+00,1.17488079419238000E+00,8.71972317532831000E+01
2.34750000000000000E+02,0.00000000000000000E+00,1.16868367050331000E+00,8.72119443402265000E+01
2.34760000000000000E+02,0.00000000000000000E+00,1.16251907741009000E+00,8.72265796963055000E+01
2.34770000000000000E+02,0.00000000000000000E+00,1.15638684414968000E+00,8.72411382269285000E+01
2.34780000000000000E+02,0.00000000000000000E+00,1.15028680085542000E+00,8.72556203353756000E+01
2.34790000000000000E+02,0.00000000000000000E+00,1.14421877855234000E+00,8.72700264228104000E+01
2.34800000000000000E+02,0.00000000000000000E+00,1.13818260915248000E+00,8.72843568882903000E+01
2.34810000000000000E+02,0.00000000000000000E+00,1.13217812545023000E+00,8.72986121287781000E+01
2.34820000000000000E+02,0.00000000000000000E+00,1.12620516111766000E+00,8.73127925391526000E+01
2.34830000000000000E+02,0.00000000000000000E+00,1.12026355069997000E+00,8.73268985122202000E+01
2.34840000000000000E+02,0.00000000000000000E+00,1.11435312961090000E+00,8.73409304387249000E+01
2.34850000000000000E+02,0.00000000000000000E+00,1.10847373412811000E+00,8.73548887073597000E+01
2.34860000000000000E+02,0.00000000000000000E+00,1.10262520138872000E+00,8.73687737047774000E+01
2.34870000000000000E+02,0.00000000000000000E+00,1.09680736938477000E+00,8.73825858156010000E+01
2.34880000000000000E+02,0.00000000000000000E+00,1.09102007695871000E+00,8.73963254224344000E+01
2.34890000000000000E+02,0.00000000000000000E+00,1.08526316379896000E+00,8.74099929058732000E+01
2.34900000000000000E+02,0.00000000000000000E+00,1.07953647043548000E+00,8.74235886445152000E+01
2.34910000000000000E+02,0.00000000000000000E+00,1.07383983823531000E+00,8.74371130149707000E+01
2.34920000000000000E+02,0.00000000000000000E+00,1.06817310939824000E+00,8.74505663918732000E+01
2.34930000000000000E+02,0.00000000000000000E+00,1.06253612695235000E+00,8.74639491478896000E+01
2.34940000000000000E+02,0.00000000000000000E+00,1.05692873474977000E+00,8.74772616537303000E+01
2.34950000000000000E+02,0.00000000000000000E+00,1.05135077746226000E+00,8.74905042781601000E+01
2.34960000000000000E+02,0.00000000000000000E+00,1.04580210057696000E+00,8.75036773880079000E+01
2.34970000000000000E+02,0.00000000000000000E+00,1.04028255039209000E+00,8.75167813481768000E+01
2.34980000000000000E+02,0.00000000000000000E+00,1.03479197401269000E+00,8.75298165216548000E+01
2.34990000000000000E+02,0.00000000000000000E+00,1.02933021934642000E+00,8.75427832695241000E+01
2.35000000000000000E+02,0.00000000000000000E+00,1.02389713509929000E+00,8.75556819509718000E+01
2.35010000000000000E+02,0.00000000000000000E+00,1.01849257077151000E+00,8.75685129232992000E+01
2.35020000000000000E+02,0.00000000000000000E+00,1.01311637665331000E+00,8.75812765419322000E+01
2.35030000000000000E+02,0.00000000000000000E+00,1.00776840382079000E+00,8.75939731604310000E+01
2.35040000000000000E+02,0.00000000000000000E+00,1.00244850413180000E+00,8.76066031304996000E+01
2.35050000000000000E+02,0.00000000000000000E+00,9.97156530221842000E-01,8.76191668019962000E+01
2.35060000000000000E+02,0.00000000000000000E+00,9.91892335499948000E-01,8.76316645229421000E+01
2.35070000000000000E+02,0.00000000000000000E+00,9.86655774144681000E-01,8.76440966395319000E+01
2.35080000000000000E+02,0.00000000000000000E+00,9.81446701100057000E-01,8.76564634961430000E+01
2.35090000000000000E+02,0.00000000000000000E+00,9.76264972071533000E-01,8.76687654353449000E+01
2.35100000000000000E+02,0.00000000000000000E+00,9.71110443522014000E-01,8.76810027979089000E+01
2.35110000000000000E+02,0.00000000000000000E+00,9.65982972667873000E-01,8.76931759228176000E+01
2.35120000000000000E+02,0.00000000000000000E+00,9.60882417475001000E-01,8.77052851472740000E+01
2.35130000000000000E+02,0.00000000000000000E+00,9.55808636654866000E-01,8.77173308067111000E+01
2.35140000000000000E+02,0.00000000000000000E+00,9.50761489660606000E-01,8.77293132348012000E+01
2.35150000000000000E+02,0.00000000000000000E+00,9.45740836683129000E-01,8.77412327634648000E+01
2.35160000000000000E+02,0.00000000000000000E+00,9.40746538647246000E-01,8.77530897228804000E+01
2.35170000000000000E+02,0.00000000000000000E+00,9.35778457207816000E-01,8.77648844414929000E+01
2.35180000000000000E+02,0.00000000000000000E+00,9.30836454745913000E-01,8.77766172460235000E+01
2.35190000000000000E+02,0.00000000000000000E+00,9.25920394365015000E-01,8.77882884614780000E+01
2.35200000000000000E+02,0.00000000000000000E+00,9.21030139887212000E-01,8.77998984111563000E+01
2.35210000000000000E+02,0.00000000000000000E+00,9.16165555849434000E-01,8.78114474166612000E+01
2.35220000000000000E+02,0.00000000000000000E+00,9.11326507499697000E-01,8.78229357979073000E+01
2.35230000000000000E+02,0.00000000000000000E+00,9.06512860793372000E-01,8.78343638731298000E+01
2.35240000000000000E+02,0.00000000000000000E+00,9.01724482389471000E-01,8.78457319588935000E+01
2.35250000000000000E+02,0.00000000000000000E+00,8.96961239646953000E-01,8.78570403701014000E+01
2.35260000000000000E+02,0.00000000000000000E+00,8.92223000621051000E-01,8.78682894200034000E+01
2.35270000000000000E+02,0.00000000000000000E+00,8.87509634059617000E-01,8.78794794202052000E+01
2.35280000000000000E+02,0.00000000000000000E+00,8.82821009399484000E-01,8.78906106806768000E+01
2.35290000000000000E+02,0.00000000000000000E+00,8.78156996762853000E-01,8.79016835097608000E+01
2.35300000000000000E+02,0.00000000000000000E+00,8.73517466953692000E-01,8.79126982141816000E+01
2.35310000000000000E+02,0.00000000000000000E+00,8.68902291454158000E-01,8.79236550990532000E+01
2.35320000000000000E+02,0.00000000000000000E+00,8.64311342421038000E-01,8.79345544678881000E+01
2.35330000000000000E+02,0.00000000000000000E+00,8.59744492682207000E-01,8.79453966226056000E+01
2.35340000000000000E+02,0.00000000000000000E+00,8.55201615733107000E-01,8.79561818635400000E+01
2.35350000000000000E+02,0.00000000000000000E+00,8.50682585733238000E-01,8.79669104894492000E+01
2.35360000000000000E+02,0.00000000000000000E+00,8.46187277502677000E-01,8.79775827975228000E+01
2.35370000000000000E+02,0.00000000000000000E+00,8.41715566518609000E-01,8.79881990833902000E+01
2.35380000000000000E+02,0.00000000000000000E+00,8.37267328911876000E-01,8.79987596411293000E+01
2.35390000000000000E+02,0.00000000000000000E+00,8.32842441463549000E-01,8.80092647632738000E+01
2.35400000000000000E+02,0.00000000000000000E+00,8.28440781601510000E-01,8.80197147408223000E+01
2.35410000000000000E+02,0.00000000000000000E+00,8.24062227397063000E-01,8.80301098632455000E+01
2.35420000000000000E+02,0.00000000000000000E+00,8.19706657561550000E-01,8.80404504184947000E+01
2.35430000000000000E+02,0.00000000000000000E+00,8.15373951442995000E-01,8.80507366930098000E+01
2.35440000000000000E+02,0.00000000000000000E+00,8.11063989022762000E-01,8.80609689717269000E+01
2.35450000000000000E+02,0.00000000000000000E+00,8.06776650912229000E-01,8.80711475380864000E+01
2.35460000000000000E+02,0.00000000000000000E+00,8.02511818349481000E-01,8.80812726740409000E+01
2.35470000000000000E+02,0.00000000000000000E+00,7.98269373196021000E-01,8.80913446600629000E+01
2.35480000000000000E+02,0.00000000000000000E+00,7.94049197933497000E-01,8.81013637751527000E+01
2.35490000000000000E+02,0.00000000000000000E+00,7.89851175660447000E-01,8.81113302968459000E+01
2.35500000000000000E+02,0.00000000000000000E+00,7.85675190089060000E-01,8.81212445012214000E+01
2.35510000000000000E+02,0.00000000000000000E+00,7.81521125541954000E-01,8.81311066629088000E+01
2.35520000000000000E+02,0.00000000000000000E+00,7.77388866948976000E-01,8.81409170550959000E+01
2.35530000000000000E+02,0.00000000000000000E+00,7.73278299844010000E-01,8.81506759495368000E+01
2.35540000000000000E+02,0.00000000000000000E+00,7.69189310361806000E-01,8.81603836165589000E+01
2.35550000000000000E+02,0.00000000000000000E+00,7.65121785234829000E-01,8.81700403250704000E+01
2.35560000000000000E+02,0.00000000000000000E+00,7.61075611790121000E-01,8.81796463425683000E+01
2.35570000000000000E+02,0.00000000000000000E+00,7.57050677946177000E-01,8.81892019351450000E+01
2.35580000000000000E+02,0.00000000000000000E+00,7.53046872209841000E-01,8.81987073674966000E+01
2.35590000000000000E+02,0.00000000000000000E+00,7.49064083673223000E-01,8.82081629029292000E+01
2.35600000000000000E+02,0.00000000000000000E+00,7.45102202010617000E-01,8.82175688033671000E+01
2.35610000000000000E+02,0.00000000000000000E+00,7.41161117475455000E-01,8.82269253293596000E+01
2.35620000000000000E+02,0.00000000000000000E+00,7.37240720897259000E-01,8.82362327400881000E+01
2.35630000000000000E+02,0.00000000000000000E+00,7.33340903678622000E-01,8.82454912933737000E+01
2.35640000000000000E+02,0.00000000000000000E+00,7.29461557792198000E-01,8.82547012456840000E+01
2.35650000000000000E+02,0.00000000000000000E+00,7.25602575777707000E-01,8.82638628521405000E+01
2.35660000000000000E+02,0.00000000000000000E+00,7.21763850738965000E-01,8.82729763665253000E+01
2.35670000000000000E+02,0.00000000000000000E+00,7.17945276340916000E-01,8.82820420412883000E+01
2.35680000000000000E+02,0.00000000000000000E+00,7.14146746806689000E-01,8.82910601275544000E+01
2.35690000000000000E+02,0.00000000000000000E+00,7.10368156914669000E-01,8.83000308751301000E+01
2.35700000000000000E+02,0.00000000000000000E+00,7.06609401995582000E-01,8.83089545325106000E+01
2.35710000000000000E+02,0.00000000000000000E+00,7.02870377929594000E-01,8.83178313468869000E+01
2.35720000000000000E+02,0.00000000000000000E+00,6.99150981143428000E-01,8.83266615641521000E+01
2.35730000000000000E+02,0.00000000000000000E+00,6.95451108607494000E-01,8.83354454289087000E+01
2.35740000000000000E+02,0.00000000000000000E+00,6.91770657833038000E-01,8.83441831844751000E+01
2.35750000000000000E+02,0.00000000000000000E+00,6.88109526869300000E-01,8.83528750728927000E+01
2.35760000000000000E+02,0.00000000000000000E+00,6.84467614300688000E-01,8.83615213349321000E+01
2.35770000000000000E+02,0.00000000000000000E+00,6.80844819243975000E-01,8.83701222101001000E+01
2.35780000000000000E+02,0.00000000000000000E+00,6.77241041345500000E-01,8.83786779366462000E+01
2.35790000000000000E+02,0.00000000000000000E+00,6.73656180778387000E-01,8.83871887515694000E+01
2.35800000000000000E+02,0.00000000000000000E+00,6.70090138239784000E-01,8.83956548906245000E+01
2.35810000000000000E+02,0.00000000000000000E+00,6.66542814948109000E-01,8.84040765883287000E+01
2.35820000000000000E+02,0.00000000000000000E+00,6.63014112640316000E-01,8.84124540779684000E+01
2.35830000000000000E+02,0.00000000000000000E+00,6.59503933569170000E-01,8.84207875916052000E+01
2.35840000000000000E+02,0.00000000000000000E+00,6.56012180500542000E-01,8.84290773600824000E+01
2.35850000000000000E+02,0.00000000000000000E+00,6.52538756710715000E-01,8.84373236130319000E+01
2.35860000000000000E+02,0.00000000000000000E+00,6.49083565983703000E-01,8.84455265788799000E+01
2.35870000000000000E+02,0.00000000000000000E+00,6.45646512608588000E-01,8.84536864848537000E+01
2.35880000000000000E+02,0.00000000000000000E+00,6.42227501376868000E-01,8.84618035569877000E+01
2.35890000000000000E+02,0.00000000000000000E+00,6.38826437579820000E-01,8.84698780201297000E+01
2.35900000000000000E+02,0.00000000000000000E+00,6.35443227005875000E-01,8.84779100979476000E+01
2.35910000000000000E+02,0.00000000000000000E+00,6.32077775938009000E-01,8.84859000129346000E+01
2.35920000000000000E+02,0.00000000000000000E+00,6.28729991151149000E-01,8.84938479864165000E+01
2.35930000000000000E+02,0.00000000000000000E+00,6.25399779909587000E-01,8.85017542385570000E+01
2.35940000000000000E+02,0.00000000000000000E+00,6.22087049964414000E-01,8.85096189883641000E+01
2.35950000000000000E+02,0.00000000000000000E+00,6.18791709550965000E-01,8.85174424536964000E+01
2.35960000000000000E+02,0.00000000000000000E+00,6.15513667386273000E-01,8.85252248512686000E+01
2.35970000000000000E+02,0.00000000000000000E+00,6.12252832666545000E-01,8.85329663966579000E+01
2.35980000000000000E+02,0.00000000000000000E+00,6.09009115064644000E-01,8.85406673043100000E+01
2.35990000000000000E+02,0.00000000000000000E+00,6.05782424727589000E-01,8.85483277875447000E+01
2.36000000000000000E+02,0.00000000000000000E+00,6.02572672274064000E-01,8.85559480585621000E+01
2.36010000000000000E+02,0.00000000000000000E+00,5.99379768791943000E-01,8.85635283284486000E+01
2.36020000000000000E+02,0.00000000000000000E+00,5.96203625835825000E-01,8.85710688071822000E+01
2.36030000000000000E+02,0.00000000000000000E+00,5.93044155424589000E-01,8.85785697036388000E+01
2.36040000000000000E+02,0.00000000000000000E+00,5.89901270038953000E-01,8.85860312255979000E+01
2.36050000000000000E+02,0.00000000000000000E+00,5.86774882619048000E-01,8.85934535797483000E+01
2.36060000000000000E+02,0.00000000000000000E+00,5.83664906562013000E-01,8.86008369716939000E+01
2.36070000000000000E+02,0.00000000000000000E+00,5.80571255719588000E-01,8.86081816059590000E+01
2.36080000000000000E+02,0.00000000000000000E+00,5.77493844395733000E-01,8.86154876859946000E+01
2.36090000000000000E+02,0.00000000000000000E+00,5.74432587344254000E-01,8.86227554141837000E+01
2.36100000000000000E+02,0.00000000000000000E+00,5.71387399766439000E-01,8.86299849918467000E+01
2.36110000000000000E+02,0.00000000000000000E+00,5.68358197308710000E-01,8.86371766192475000E+01
2.36120000000000000E+02,0.00000000000000000E+00,5.65344896060288000E-01,8.86443304955987000E+01
2.36130000000000000E+02,0.00000000000000000E+00,5.62347412550866000E-01,8.86514468190669000E+01
2.36140000000000000E+02,0.00000000000000000E+00,5.59365663748298000E-01,8.86585257867788000E+01
2.36150000000000000E+02,0.00000000000000000E+00,5.56399567056301000E-01,8.86655675948261000E+01
2.36160000000000000E+02,0.00000000000000000E+00,5.53449040312164000E-01,8.86725724382712000E+01
2.36170000000000000E+02,0.00000000000000000E+00,5.50514001784472000E-01,8.86795405111527000E+01
2.36180000000000000E+02,0.00000000000000000E+00,5.47594370170845000E-01,8.86864720064905000E+01
2.36190000000000000E+02,0.00000000000000000E+00,5.44690064595683000E-01,8.86933671162912000E+01
2.36200000000000000E+02,0.00000000000000000E+00,5.41801004607928000E-01,8.87002260315537000E+01
2.36210000000000000E+02,0.00000000000000000E+00,5.38927110178832000E-01,8.87070489422742000E+01
2.36220000000000000E+02,0.00000000000000000E+00,5.36068301699744000E-01,8.87138360374515000E+01
2.36230000000000000E+02,0.00000000000000000E+00,5.33224499979903000E-01,8.87205875050924000E+01
2.36240000000000000E+02,0.00000000000000000E+00,5.30395626244244000E-01,8.87273035322166000E+01
2.36250000000000000E+02,0.00000000000000000E+00,5.27581602131217000E-01,8.87339843048623000E+01
2.36260000000000000E+02,0.00000000000000000E+00,5.24782349690615000E-01,8.87406300080910000E+01
2.36270000000000000E+02,0.00000000000000000E+00,5.21997791381416000E-01,8.87472408259928000E+01
2.36280000000000000E+02,0.00000000000000000E+00,5.19227850069634000E-01,8.87538169416914000E+01
2.36290000000000000E+02,0.00000000000000000E+00,5.16472449026183000E-01,8.87603585373493000E+01
2.36300000000000000E+02,0.00000000000000000E+00,5.13731511924753000E-01,8.87668657941727000E+01
2.36310000000000000E+02,0.00000000000000000E+00,5.11004962839690000E-01,8.87733388924167000E+01
2.36320000000000000E+02,0.00000000000000000E+00,5.08292726243903000E-01,8.87797780113901000E+01
2.36330000000000000E+02,0.00000000000000000E+00,5.05594727006760000E-01,8.87861833294605000E+01
2.36340000000000000E+02,0.00000000000000000E+00,5.02910890392016000E-01,8.87925550240590000E+01
2.36350000000000000E+02,0.00000000000000000E+00,5.00241142055738000E-01,8.87988932716857000E+01
2.36360000000000000E+02,0.00000000000000000E+00,4.97585408044248000E-01,8.88051982479139000E+01
2.36370000000000000E+02,0.00000000000000000E+00,4.94943614792073000E-01,8.88114701273954000E+01
2.36380000000000000E+02,0.00000000000000000E+00,4.92315689119907000E-01,8.88177090838649000E+01
2.36390000000000000E+02,0.00000000000000000E+00,4.89701558232586000E-01,8.88239152901456000E+01
2.36400000000000000E+02,0.00000000000000000E+00,4.87101149717069000E-01,8.88300889181532000E+01
2.36410000000000000E+02,0.00000000000000000E+00,4.84514391540433000E-01,8.88362301389009000E+01
2.36420000000000000E+02,0.00000000000000000E+00,4.81941212047878000E-01,8.88423391225044000E+01
2.36430000000000000E+02,0.00000000000000000E+00,4.79381539960743000E-01,8.88484160381863000E+01
2.36440000000000000E+02,0.00000000000000000E+00,4.76835304374529000E-01,8.88544610542809000E+01
2.36450000000000000E+02,0.00000000000000000E+00,4.74302434756937000E-01,8.88604743382389000E+01
2.36460000000000000E+02,0.00000000000000000E+00,4.71782860945913000E-01,8.88664560566320000E+01
2.36470000000000000E+02,0.00000000000000000E+00,4.69276513147707000E-01,8.88724063751574000E+01
2.36480000000000000E+02,0.00000000000000000E+00,4.66783321934936000E-01,8.88783254586428000E+01
2.36490000000000000E+02,0.00000000000000000E+00,4.64303218244662000E-01,8.88842134710503000E+01
2.36500000000000000E+02,0.00000000000000000E+00,4.61836133376481000E-01,8.88900705754815000E+01
2.36510000000000000E+02,0.00000000000000000E+00,4.59381998990618000E-01,8.88958969341818000E+01
2.36520000000000000E+02,0.00000000000000000E+00,4.56940747106035000E-01,8.89016927085450000E+01
2.36530000000000000E+02,0.00000000000000000E+00,4.54512310098544000E-01,8.89074580591177000E+01
2.36540000000000000E+02,0.00000000000000000E+00,4.52096620698941000E-01,8.89131931456035000E+01
2.36550000000000000E+02,0.00000000000000000E+00,4.49693611991137000E-01,8.89188981268679000E+01
2.36560000000000000E+02,0.00000000000000000E+00,4.47303217410306000E-01,8.89245731609424000E+01
2.36570000000000000E+02,0.00000000000000000E+00,4.44925370741040000E-01,8.89302184050291000E+01
2.36580000000000000E+02,0.00000000000000000E+00,4.42560006115519000E-01,8.89358340155045000E+01
2.36590000000000000E+02,0.00000000000000000E+00,4.40207058011680000E-01,8.89414201479246000E+01
2.36600000000000000E+02,0.00000000000000000E+00,4.37866461251407000E-01,8.89469769570288000E+01
2.36610000000000000E+02,0.00000000000000000E+00,4.35538150998723000E-01,8.89525045967440000E+01
2.36620000000000000E+02,0.00000000000000000E+00,4.33222062757997000E-01,8.89580032201894000E+01
2.36630000000000000E+02,0.00000000000000000E+00,4.30918132372152000E-01,8.89634729796801000E+01
2.36640000000000000E+02,0.00000000000000000E+00,4.28626296020893000E-01,8.89689140267319000E+01
2.36650000000000000E+02,0.00000000000000000E+00,4.26346490218938000E-01,8.89743265120652000E+01
2.36660000000000000E+02,0.00000000000000000E+00,4.24078651814257000E-01,8.89797105856091000E+01
2.36670000000000000E+02,0.00000000000000000E+00,4.21822717986325000E-01,8.89850663965058000E+01
2.36680000000000000E+02,0.00000000000000000E+00,4.19578626244381000E-01,8.89903940931146000E+01
2.36690000000000000E+02,0.00000000000000000E+00,4.17346314425697000E-01,8.89956938230159000E+01
2.36700000000000000E+02,0.00000000000000000E+00,4.15125720693856000E-01,8.90009657330156000E+01
2.36710000000000000E+02,0.00000000000000000E+00,4.12916783537041000E-01,8.90062099691488000E+01
2.36720000000000000E+02,0.00000000000000000E+00,4.10719441766326000E-01,8.90114266766841000E+01
2.36730000000000000E+02,0.00000000000000000E+00,4.08533634513988000E-01,8.90166160001276000E+01
2.36740000000000000E+02,0.00000000000000000E+00,4.06359301231815000E-01,8.90217780832266000E+01
2.36750000000000000E+02,0.00000000000000000E+00,4.04196381689431000E-01,8.90269130689742000E+01
2.36760000000000000E+02,0.00000000000000000E+00,4.02044815972628000E-01,8.90320210996125000E+01
2.36770000000000000E+02,0.00000000000000000E+00,3.99904544481708000E-01,8.90371023166371000E+01
2.36780000000000000E+02,0.00000000000000000E+00,3.97775507929826000E-01,8.90421568608010000E+01
2.36790000000000000E+02,0.00000000000000000E+00,3.95657647341356000E-01,8.90471848721181000E+01
2.36800000000000000E+02,0.00000000000000000E+00,3.93550904050250000E-01,8.90521864898674000E+01
2.36810000000000000E+02,0.00000000000000000E+00,3.91455219698418000E-01,8.90571618525968000E+01
2.36820000000000000E+02,0.00000000000000000E+00,3.89370536234107000E-01,8.90621110981270000E+01
2.36830000000000000E+02,0.00000000000000000E+00,3.87296795910299000E-01,8.90670343635552000E+01
2.36840000000000000E+02,0.00000000000000000E+00,3.85233941283104000E-01,8.90719317852587000E+01
2.36850000000000000E+02,0.00000000000000000E+00,3.83181915210175000E-01,8.90768034988992000E+01
2.36860000000000000E+02,0.00000000000000000E+00,3.81140660849122000E-01,8.90816496394263000E+01
2.36870000000000000E+02,0.00000000000000000E+00,3.79110121655937000E-01,8.90864703410809000E+01
2.36880000000000000E+02,0.00000000000000000E+00,3.77090241383431000E-01,8.90912657373995000E+01
2.36890000000000000E+02,0.00000000000000000E+00,3.75080964079672000E-01,8.90960359612176000E+01
2.36900000000000000E+02,0.00000000000000000E+00,3.73082234086437000E-01,8.91007811446732000E+01
2.36910000000000000E+02,0.00000000000000000E+00,3.71093996037670000E-01,8.91055014192110000E+01
2.36920000000000000E+02,0.00000000000000000E+00,3.69116194857949000E-01,8.91101969155853000E+01
2.36930000000000000E+02,0.00000000000000000E+00,3.67148775760959000E-01,8.91148677638645000E+01
2.36940000000000000E+02,0.00000000000000000E+00,3.65191684247976000E-01,8.91195140934338000E+01
2.36950000000000000E+02,0.00000000000000000E+00,3.63244866106354000E-01,8.91241360329994000E+01
2.36960000000000000E+02,0.00000000000000000E+00,3.61308267408030000E-01,8.91287337105920000E+01
2.36970000000000000E+02,0.00000000000000000E+00,3.59381834508022000E-01,8.91333072535700000E+01
2.36980000000000000E+02,0.00000000000000000E+00,3.57465514042949000E-01,8.91378567886235000E+01
2.36990000000000000E+02,0.00000000000000000E+00,3.55559252929550000E-01,8.91423824417772000E+01
2.37000000000000000E+02,0.00000000000000000E+00,3.53662998363213000E-01,8.91468843383947000E+01
2.37010000000000000E+02,0.00000000000000000E+00,3.51776697816517000E-01,8.91513626031813000E+01
2.37020000000000000E+02,0.00000000000000000E+00,3.49900299037770000E-01,8.91558173601876000E+01
2.37030000000000000E+02,0.00000000000000000E+00,3.48033750049567000E-01,8.91602487328132000E+01
2.37040000000000000E+02,0.00000000000000000E+00,3.46176999147347000E-01,8.91646568438098000E+01
2.37050000000000000E+02,0.00000000000000000E+00,3.44329994897964000E-01,8.91690418152849000E+01
2.37060000000000000E+02,0.00000000000000000E+00,3.42492686138258000E-01,8.91734037687048000E+01
2.37070000000000000E+02,0.00000000000000000E+00,3.40665021973641000E-01,8.91777428248984000E+01
2.37080000000000000E+02,0.00000000000000000E+00,3.38846951776687000E-01,8.91820591040602000E+01
2.37090000000000000E+02,0.00000000000000000E+00,3.37038425185728000E-01,8.91863527257537000E+01
2.37100000000000000E+02,0.00000000000000000E+00,3.35239392103461000E-01,8.91906238089150000E+01
2.37110000000000000E+02,0.00000000000000000E+00,3.33449802695556000E-01,8.91948724718558000E+01
2.37120000000000000E+02,0.00000000000000000E+00,3.31669607389281000E-01,8.91990988322665000E+01
2.37130000000000000E+02,0.00000000000000000E+00,3.29898756872128000E-01,8.92033030072200000E+01
2.37140000000000000E+02,0.00000000000000000E+00,3.28137202090442000E-01,8.92074851131746000E+01
2.37150000000000000E+02,0.00000000000000000E+00,3.26384894248067000E-01,8.92116452659771000E+01
2.37160000000000000E+02,0.00000000000000000E+00,3.24641784804993000E-01,8.92157835808664000E+01
2.37170000000000000E+02,0.00000000000000000E+00,3.22907825476013000E-01,8.92199001724763000E+01
2.37180000000000000E+02,0.00000000000000000E+00,3.21182968229380000E-01,8.92239951548390000E+01
2.37190000000000000E+02,0.00000000000000000E+00,3.19467165285484000E-01,8.92280686413880000E+01
2.37200000000000000E+02,0.00000000000000000E+00,3.17760369115523000E-01,8.92321207449614000E+01
2.37210000000000000E+02,0.00000000000000000E+00,3.16062532440188000E-01,8.92361515778050000E+01
2.37220000000000000E+02,0.00000000000000000E+00,3.14373608228354000E-01,8.92401612515753000E+01
2.37230000000000000E+02,0.00000000000000000E+00,3.12693549695778000E-01,8.92441498773428000E+01
2.37240000000000000E+02,0.00000000000000000E+00,3.11022310303799000E-01,8.92481175655949000E+01
2.37250000000000000E+02,0.00000000000000000E+00,3.09359843758054000E-01,8.92520644262390000E+01
2.37260000000000000E+02,0.00000000000000000E+00,3.07706104007193000E-01,8.92559905686055000E+01
2.37270000000000000E+02,0.00000000000000000E+00,3.06061045241602000E-01,8.92598961014511000E+01
2.37280000000000000E+02,0.00000000000000000E+00,3.04424621892137000E-01,8.92637811329614000E+01
2.37290000000000000E+02,0.00000000000000000E+00,3.02796788628861000E-01,8.92676457707542000E+01
2.37300000000000000E+02,0.00000000000000000E+00,3.01177500359786000E-01,8.92714901218824000E+01
2.37310000000000000E+02,0.00000000000000000E+00,2.99566712229626000E-01,8.92753142928367000E+01
2.37320000000000000E+02,0.00000000000000000E+00,2.97964379618556000E-01,8.92791183895493000E+01
2.37330000000000000E+02,0.00000000000000000E+00,2.96370458140971000E-01,8.92829025173958000E+01
2.37340000000000000E+02,0.00000000000000000E+00,2.94784903644263000E-01,8.92866667811989000E+01
2.37350000000000000E+02,0.00000000000000000E+00,2.93207672207590000E-01,8.92904112852312000E+01
2.37360000000000000E+02,0.00000000000000000E+00,2.91638720140670000E-01,8.92941361332176000E+01
2.37370000000000000E+02,0.00000000000000000E+00,2.90078003982559000E-01,8.92978414283387000E+01
2.37380000000000000E+02,0.00000000000000000E+00,2.88525480500456000E-01,8.93015272732336000E+01
2.37390000000000000E+02,0.00000000000000000E+00,2.86981106688500000E-01,8.93051937700024000E+01
2.37400000000000000E+02,0.00000000000000000E+00,2.85444839766584000E-01,8.93088410202093000E+01
2.37410000000000000E+02,0.00000000000000000E+00,2.83916637179165000E-01,8.93124691248853000E+01
2.37420000000000000E+02,0.00000000000000000E+00,2.82396456594085000E-01,8.93160781845314000E+01
2.37430000000000000E+02,0.00000000000000000E+00,2.80884255901405000E-01,8.93196682991206000E+01
2.37440000000000000E+02,0.00000000000000000E+00,2.79379993212230000E-01,8.93232395681013000E+01
2.37450000000000000E+02,0.00000000000000000E+00,2.77883626857554000E-01,8.93267920903998000E+01
2.37460000000000000E+02,0.00000000000000000E+00,2.76395115387105000E-01,8.93303259644233000E+01
2.37470000000000000E+02,0.00000000000000000E+00,2.74914417568195000E-01,8.93338412880623000E+01
2.37480000000000000E+02,0.00000000000000000E+00,2.73441492384580000E-01,8.93373381586933000E+01
2.37490000000000000E+02,0.00000000000000000E+00,2.71976299035322000E-01,8.93408166731819000E+01
2.37500000000000000E+02,0.00000000000000000E+00,2.70518796933661000E-01,8.93442769278850000E+01
2.37510000000000000E+02,0.00000000000000000E+00,2.69068945705886000E-01,8.93477190186539000E+01
2.37520000000000000E+02,0.00000000000000000E+00,2.67626705190224000E-01,8.93511430408365000E+01
2.37530000000000000E+02,0.00000000000000000E+00,2.66192035435721000E-01,8.93545490892805000E+01
2.37540000000000000E+02,0.00000000000000000E+00,2.64764896701139000E-01,8.93579372583354000E+01
2.37550000000000000E+02,0.00000000000000000E+00,2.63345249453852000E-01,8.93613076418557000E+01
2.37560000000000000E+02,0.00000000000000000E+00,2.61933054368755000E-01,8.93646603332030000E+01
2.37570000000000000E+02,0.00000000000000000E+00,2.60528272327171000E-01,8.93679954252490000E+01
2.37580000000000000E+02,0.00000000000000000E+00,2.59130864415770000E-01,8.93713130103778000E+01
2.37590000000000000E+02,0.00000000000000000E+00,2.57740791925489000E-01,8.93746131804885000E+01
2.37600000000000000E+02,0.00000000000000000E+00,2.56358016350461000E-01,8.93778960269979000E+01
2.37610000000000000E+02,0.00000000000000000E+00,2.54982499386949000E-01,8.93811616408428000E+01
2.37620000000000000E+02,0.00000000000000000E+00,2.53614202932283000E-01,8.93844101124829000E+01
2.37630000000000000E+02,0.00000000000000000E+00,2.52253089083805000E-01,8.93876415319027000E+01
2.37640000000000000E+02,0.00000000000000000E+00,2.50899120137821000E-01,8.93908559886145000E+01
2.37650000000000000E+02,0.00000000000000000E+00,2.49552258588554000E-01,8.93940535716609000E+01
2.37660000000000000E+02,0.00000000000000000E+00,2.48212467127108000E-01,8.93972343696168000E+01
2.37670000000000000E+02,0.00000000000000000E+00,2.46879708640431000E-01,8.94003984705923000E+01
2.37680000000000000E+02,0.00000000000000000E+00,2.45553946210289000E-01,8.94035459622349000E+01
2.37690000000000000E+02,0.00000000000000000E+00,2.44235143112244000E-01,8.94066769317322000E+01
2.37700000000000000E+02,0.00000000000000000E+00,2.42923262814635000E-01,8.94097914658139000E+01
2.37710000000000000E+02,0.00000000000000000E+00,2.41618268977568000E-01,8.94128896507545000E+01
2.37720000000000000E+02,0.00000000000000000E+00,2.40320125451907000E-01,8.94159715723756000E+01
2.37730000000000000E+02,0.00000000000000000E+00,2.39028796278274000E-01,8.94190373160485000E+01
2.37740000000000000E+02,0.00000000000000000E+00,2.37744245686054000E-01,8.94220869666961000E+01
2.37750000000000000E+02,0.00000000000000000E+00,2.36466438092400000E-01,8.94251206087955000E+01
2.37760000000000000E+02,0.00000000000000000E+00,2.35195338101253000E-01,8.94281383263806000E+01
2.37770000000000000E+02,0.00000000000000000E+00,2.33930910502358000E-01,8.94311402030440000E+01
2.37780000000000000E+02,0.00000000000000000E+00,2.32673120270290000E-01,8.94341263219396000E+01
2.37790000000000000E+02,0.00000000000000000E+00,2.31421932563481000E-01,8.94370967657846000E+01
2.37800000000000000E+02,0.00000000000000000E+00,2.30177312723259000E-01,8.94400516168622000E+01
2.37810000000000000E+02,0.00000000000000000E+00,2.28939226272886000E-01,8.94429909570236000E+01
2.37820000000000000E+02,0.00000000000000000E+00,2.27707638916602000E-01,8.94459148676904000E+01
2.37830000000000000E+02,0.00000000000000000E+00,2.26482516538675000E-01,8.94488234298567000E+01
2.37840000000000000E+02,0.00000000000000000E+00,2.25263825202460000E-01,8.94517167240914000E+01
2.37850000000000000E+02,0.00000000000000000E+00,2.24051531149454000E-01,8.94545948305406000E+01
2.37860000000000000E+02,0.00000000000000000E+00,2.22845600798361000E-01,8.94574578289296000E+01
2.37870000000000000E+02,0.00000000000000000E+00,2.21646000744166000E-01,8.94603057985652000E+01
2.37880000000000000E+02,0.00000000000000000E+00,2.20452697757206000E-01,8.94631388183380000E+01
2.37890000000000000E+02,0.00000000000000000E+00,2.19265658782252000E-01,8.94659569667243000E+01
2.37900000000000000E+02,0.00000000000000000E+00,2.18084850937590000E-01,8.94687603217886000E+01
2.37910000000000000E+02,0.00000000000000000E+00,2.16910241514114000E-01,8.94715489611857000E+01
2.37920000000000000E+02,0.00000000000000000E+00,2.15741797974416000E-01,8.94743229621624000E+01
2.37930000000000000E+02,0.00000000000000000E+00,2.14579487951888000E-01,8.94770824015603000E+01
2.37940000000000000E+02,0.00000000000000000E+00,2.13423279249826000E-01,8.94798273558177000E+01
2.37950000000000000E+02,0.00000000000000000E+00,2.12273139840532000E-01,8.94825579009715000E+01
2.37960000000000000E+02,0.00000000000000000E+00,2.11129037864436000E-01,8.94852741126594000E+01
2.37970000000000000E+02,0.00000000000000000E+00,2.09990941629205000E-01,8.94879760661221000E+01
2.37980000000000000E+02,0.00000000000000000E+00,2.08858819608870000E-01,8.94906638362055000E+01
2.37990000000000000E+02,0.00000000000000000E+00,2.07732640442953000E-01,8.94933374973625000E+01
2.38000000000000000E+02,0.00000000000000000E+00,2.06612372935594000E-01,8.94959971236551000E+01
2.38010000000000000E+02,0.00000000000000000E+00,2.05497986054690000E-01,8.94986427887566000E+01
2.38020000000000000E+02,0.00000000000000000E+00,2.04389448931038000E-01,8.95012745659536000E+01
2.38030000000000000E+02,0.00000000000000000E+00,2.03286730857473000E-01,8.95038925281479000E+01
2.38040000000000000E+02,0.00000000000000000E+00,2.02189801288025000E-01,8.95064967478587000E+01
2.38050000000000000E+02,0.00000000000000000E+00,2.01098629837064000E-01,8.95090872972245000E+01
2.38060000000000000E+02,0.00000000000000000E+00,2.00013186278470000E-01,8.95116642480051000E+01
2.38070000000000000E+02,0.00000000000000000E+00,1.98933440544783000E-01,8.95142276715837000E+01
2.38080000000000000E+02,0.00000000000000000E+00,1.97859362726381000E-01,8.95167776389686000E+01
2.38090000000000000E+02,0.00000000000000000E+00,1.96790923070644000E-01,8.95193142207955000E+01
2.38100000000000000E+02,0.00000000000000000E+00,1.95728091981133000E-01,8.95218374873293000E+01
2.38110000000000000E+02,0.00000000000000000E+00,1.94670840016771000E-01,8.95243475084661000E+01
2.38120000000000000E+02,0.00000000000000000E+00,1.93619137891024000E-01,8.95268443537350000E+01
2.38130000000000000E+02,0.00000000000000000E+00,1.92572956471094000E-01,8.95293280923001000E+01
2.38140000000000000E+02,0.00000000000000000E+00,1.91532266777110000E-01,8.95317987929625000E+01
2.38150000000000000E+02,0.00000000000000000E+00,1.90497039981324000E-01,8.95342565241623000E+01
2.38160000000000000E+02,0.00000000000000000E+00,1.89467247407314000E-01,8.95367013539799000E+01
2.38170000000000000E+02,0.00000000000000000E+00,1.88442860529189000E-01,8.95391333501389000E+01
2.38180000000000000E+02,0.00000000000000000E+00,1.87423850970799000E-01,8.95415525800068000E+01
2.38190000000000000E+02,0.00000000000000000E+00,1.86410190504952000E-01,8.95439591105980000E+01
2.38200000000000000E+02,0.00000000000000000E+00,1.85401851052624000E-01,8.95463530085747000E+01
2.38210000000000000E+02,0.00000000000000000E+00,1.84398804682191000E-01,8.95487343402495000E+01
2.38220000000000000E+02,0.00000000000000000E+00,1.83401023608648000E-01,8.95511031715867000E+01
2.38230000000000000E+02,0.00000000000000000E+00,1.82408480192843000E-01,8.95534595682043000E+01
2.38240000000000000E+02,0.00000000000000000E+00,1.81421146940710000E-01,8.95558035953761000E+01
2.38250000000000000E+02,0.00000000000000000E+00,1.80438996502508000E-01,8.95581353180331000E+01
2.38260000000000000E+02,0.00000000000000000E+00,1.79462001672063000E-01,8.95604548007653000E+01
2.38270000000000000E+02,0.00000000000000000E+00,1.78490135386015000E-01,8.95627621078239000E+01
2.38280000000000000E+02,0.00000000000000000E+00,1.77523370723066000E-01,8.95650573031227000E+01
2.38290000000000000E+02,0.00000000000000000E+00,1.76561680903238000E-01,8.95673404502401000E+01
2.38300000000000000E+02,0.00000000000000000E+00,1.75605039287130000E-01,8.95696116124207000E+01
2.38310000000000000E+02,0.00000000000000000E+00,1.74653419375176000E-01,8.95718708525769000E+01
2.38320000000000000E+02,0.00000000000000000E+00,1.73706794806919000E-01,8.95741182332913000E+01
2.38330000000000000E+02,0.00000000000000000E+00,1.72765139360272000E-01,8.95763538168176000E+01
2.38340000000000000E+02,0.00000000000000000E+00,1.71828426950797000E-01,8.95785776650828000E+01
2.38350000000000000E+02,0.00000000000000000E+00,1.70896631630982000E-01,8.95807898396890000E+01
2.38360000000000000E+02,0.00000000000000000E+00,1.69969727589521000E-01,8.95829904019147000E+01
2.38370000000000000E+02,0.00000000000000000E+00,1.69047689150600000E-01,8.95851794127169000E+01
2.38380000000000000E+02,0.00000000000000000E+00,1.68130490773183000E-01,8.95873569327325000E+01
2.38390000000000000E+02,0.00000000000000000E+00,1.67218107050310000E-01,8.95895230222802000E+01
2.38400000000000000E+02,0.00000000000000000E+00,1.66310512708386000E-01,8.95916777413619000E+01
2.38410000000000000E+02,0.00000000000000000E+00,1.65407682606489000E-01,8.95938211496649000E+01
2.38420000000000000E+02,0.00000000000000000E+00,1.64509591735666000E-01,8.95959533065627000E+01
2.38430000000000000E+02,0.00000000000000000E+00,1.63616215218245000E-01,8.95980742711174000E+01
2.38440000000000000E+02,0.00000000000000000E+00,1.62727528307146000E-01,8.96001841020811000E+01
2.38450000000000000E+02,0.00000000000000000E+00,1.61843506385191000E-01,8.96022828578974000E+01
2.38460000000000000E+02,0.00000000000000000E+00,1.60964124964426000E-01,8.96043705967031000E+01
2.38470000000000000E+02,0.00000000000000000E+00,1.60089359685444000E-01,8.96064473763299000E+01
2.38480000000000000E+02,0.00000000000000000E+00,1.59219186316705000E-01,8.96085132543058000E+01
2.38490000000000000E+02,0.00000000000000000E+00,1.58353580753870000E-01,8.96105682878570000E+01
2.38500000000000000E+02,0.00000000000000000E+00,1.57492519019129000E-01,8.96126125339092000E+01
2.38510000000000000E+02,0.00000000000000000E+00,1.56635977260541000E-01,8.96146460490891000E+01
2.38520000000000000E+02,0.00000000000000000E+00,1.55783931751369000E-01,8.96166688897266000E+01
2.38530000000000000E+02,0.00000000000000000E+00,1.54936358889427000E-01,8.96186811118554000E+01
2.38540000000000000E+02,0.00000000000000000E+00,1.54093235196422000E-01,8.96206827712154000E+01
2.38550000000000000E+02,0.00000000000000000E+00,1.53254537317308000E-01,8.96226739232538000E+01
2.38560000000000000E+02,0.00000000000000000E+00,1.52420242019634000E-01,8.96246546231268000E+01
2.38570000000000000E+02,0.00000000000000000E+00,1.51590326192906000E-01,8.96266249257009000E+01
2.38580000000000000E+02,0.00000000000000000E+00,1.50764766847942000E-01,8.96285848855547000E+01
2.38590000000000000E+02,0.00000000000000000E+00,1.49943541116238000E-01,8.96305345569803000E+01
2.38600000000000000E+02,0.00000000000000000E+00,1.49126626249335000E-01,8.96324739939849000E+01
2.38610000000000000E+02,0.00000000000000000E+00,1.48313999618185000E-01,8.96344032502921000E+01
2.38620000000000000E+02,0.00000000000000000E+00,1.47505638712529000E-01,8.96363223793434000E+01
2.38630000000000000E+02,0.00000000000000000E+00,1.46701521140270000E-01,8.96382314342999000E+01
2.38640000000000000E+02,0.00000000000000000E+00,1.45901624626855000E-01,8.96401304680436000E+01
2.38650000000000000E+02,0.00000000000000000E+00,1.45105927014657000E-01,8.96420195331789000E+01
2.38660000000000000E+02,0.00000000000000000E+00,1.44314406262358000E-01,8.96438986820341000E+01
2.38670000000000000E+02,0.00000000000000000E+00,1.43527040444346000E-01,8.96457679666627000E+01
2.38680000000000000E+02,0.00000000000000000E+00,1.42743807750102000E-01,8.96476274388452000E+01
2.38690000000000000E+02,0.00000000000000000E+00,1.41964686483594000E-01,8.96494771500899000E+01
2.38700000000000000E+02,0.00000000000000000E+00,1.41189655062684000E-01,8.96513171516352000E+01
2.38710000000000000E+02,0.00000000000000000E+00,1.40418692018521000E-01,8.96531474944501000E+01
2.38720000000000000E+02,0.00000000000000000E+00,1.39651775994953000E-01,8.96549682292363000E+01
2.38730000000000000E+02,0.00000000000000000E+00,1.38888885747932000E-01,8.96567794064293000E+01
2.38740000000000000E+02,0.00000000000000000E+00,1.38130000144928000E-01,8.96585810761997000E+01
2.38750000000000000E+02,0.00000000000000000E+00,1.37375098164339000E-01,8.96603732884550000E+01
2.38760000000000000E+02,0.00000000000000000E+00,1.36624158894915000E-01,8.96621560928406000E+01
2.38770000000000000E+02,0.00000000000000000E+00,1.35877161535174000E-01,8.96639295387412000E+01
2.38780000000000000E+02,0.00000000000000000E+00,1.35134085392828000E-01,8.96656936752823000E+01
2.38790000000000000E+02,0.00000000000000000E+00,1.34394909884207000E-01,8.96674485513317000E+01
2.38800000000000000E+02,0.00000000000000000E+00,1.33659614533695000E-01,8.96691942155005000E+01
2.38810000000000000E+02,0.00000000000000000E+00,1.32928178973155000E-01,8.96709307161446000E+01
2.38820000000000000E+02,0.00000000000000000E+00,1.32200582941370000E-01,8.96726581013663000E+01
2.38830000000000000E+02,0.00000000000000000E+00,1.31476806283481000E-01,8.96743764190151000E+01
2.38840000000000000E+02,0.00000000000000000E+00,1.30756828950427000E-01,8.96760857166895000E+01
2.38850000000000000E+02,0.00000000000000000E+00,1.30040630998391000E-01,8.96777860417382000E+01
2.38860000000000000E+02,0.00000000000000000E+00,1.29328192588248000E-01,8.96794774412611000E+01
2.38870000000000000E+02,0.00000000000000000E+00,1.28619493985013000E-01,8.96811599621111000E+01
2.38880000000000000E+02,0.00000000000000000E+00,1.27914515557296000E-01,8.96828336508950000E+01
2.38890000000000000E+02,0.00000000000000000E+00,1.27213237776761000E-01,8.96844985539751000E+01
2.38900000000000000E+02,0.00000000000000000E+00,1.26515641217579000E-01,8.96861547174702000E+01
2.38910000000000000E+02,0.00000000000000000E+00,1.25821706555894000E-01,8.96878021872571000E+01
2.38920000000000000E+02,0.00000000000000000E+00,1.25131414569288000E-01,8.96894410089716000E+01
2.38930000000000000E+02,0.00000000000000000E+00,1.24444746136245000E-01,8.96910712280102000E+01
2.38940000000000000E+02,0.00000000000000000E+00,1.23761682235627000E-01,8.96926928895309000E+01
2.38950000000000000E+02,0.00000000000000000E+00,1.23082203946141000E-01,8.96943060384548000E+01
2.38960000000000000E+02,0.00000000000000000E+00,1.22406292445818000E-01,8.96959107194671000E+01
2.38970000000000000E+02,0.00000000000000000E+00,1.21733929011492000E-01,8.96975069770184000E+01
2.38980000000000000E+02,0.00000000000000000E+00,1.21065095018282000E-01,8.96990948553261000E+01
2.38990000000000000E+02,0.00000000000000000E+00,1.20399771939071000E-01,8.97006743983753000E+01
2.39000000000000000E+02,0.00000000000000000E+00,1.19737941344000000E-01,8.97022456499204000E+01
2.39010000000000000E+02,0.00000000000000000E+00,1.19079584899951000E-01,8.97038086534861000E+01
2.39020000000000000E+02,0.00000000000000000E+00,1.18424684370046000E-01,8.97053634523685000E+01
2.39030000000000000E+02,0.00000000000000000E+00,1.17773221613134000E-01,8.97069100896364000E+01
2.39040000000000000E+02,0.00000000000000000E+00,1.17125178583295000E-01,8.97084486081327000E+01
2.39050000000000000E+02,0.00000000000000000E+00,1.16480537329335000E-01,8.97099790504753000E+01
2.39060000000000000E+02,0.00000000000000000E+00,1.15839279994296000E-01,8.97115014590584000E+01
2.39070000000000000E+02,0.00000000000000000E+00,1.15201388814950000E-01,8.97130158760537000E+01
2.39080000000000000E+02,0.00000000000000000E+00,1.14566846121320000E-01,8.97145223434115000E+01
2.39090000000000000E+02,0.00000000000000000E+00,1.13935634336181000E-01,8.97160209028617000E+01
2.39100000000000000E+02,0.00000000000000000E+00,1.13307735974575000E-01,8.97175115959155000E+01
2.39110000000000000E+02,0.00000000000000000E+00,1.12683133643330000E-01,8.97189944638659000E+01
2.39120000000000000E+02,0.00000000000000000E+00,1.12061810040576000E-01,8.97204695477894000E+01
2.39130000000000000E+02,0.00000000000000000E+00,1.11443747955265000E-01,8.97219368885467000E+01
2.39140000000000000E+02,0.00000000000000000E+00,1.10828930266696000E-01,8.97233965267839000E+01
2.39150000000000000E+02,0.00000000000000000E+00,1.10217339944038000E-01,8.97248485029340000E+01
2.39160000000000000E+02,0.00000000000000000E+00,1.09608960045862000E-01,8.97262928572176000E+01
2.39170000000000000E+02,0.00000000000000000E+00,1.09003773719668000E-01,8.97277296296443000E+01
2.39180000000000000E+02,0.00000000000000000E+00,1.08401764201422000E-01,8.97291588600135000E+01
2.39190000000000000E+02,0.00000000000000000E+00,1.07802914815088000E-01,8.97305805879157000E+01
2.39200000000000000E+02,0.00000000000000000E+00,1.07207208972167000E-01,8.97319948527338000E+01
2.39210000000000000E+02,0.00000000000000000E+00,1.06614630171241000E-01,8.97334016936437000E+01
2.39220000000000000E+02,0.00000000000000000E+00,1.06025161997510000E-01,8.97348011496158000E+01
2.39230000000000000E+02,0.00000000000000000E+00,1.05438788122340000E-01,8.97361932594159000E+01
2.39240000000000000E+02,0.00000000000000000E+00,1.04855492302815000E-01,8.97375780616062000E+01
2.39250000000000000E+02,0.00000000000000000E+00,1.04275258381279000E-01,8.97389555945467000E+01
2.39260000000000000E+02,0.00000000000000000E+00,1.03698070284893000E-01,8.97403258963959000E+01
2.39270000000000000E+02,0.00000000000000000E+00,1.03123912025192000E-01,8.97416890051120000E+01
2.39280000000000000E+02,0.00000000000000000E+00,1.02552767697636000E-01,8.97430449584539000E+01
2.39290000000000000E+02,0.00000000000000000E+00,1.01984621481175000E-01,8.97443937939824000E+01
2.39300000000000000E+02,0.00000000000000000E+00,1.01419457637808000E-01,8.97457355490611000E+01
2.39310000000000000E+02,0.00000000000000000E+00,1.00857260512146000E-01,8.97470702608573000E+01
2.39320000000000000E+02,0.00000000000000000E+00,1.00298014530982000E-01,8.97483979663435000E+01
2.39330000000000000E+02,0.00000000000000000E+00,9.97417042028575000E-02,8.97497187022979000E+01
2.39340000000000000E+02,0.00000000000000000E+00,9.91883141176316000E-02,8.97510325053058000E+01
2.39350000000000000E+02,0.00000000000000000E+00,9.86378289460575000E-02,8.97523394117601000E+01
2.39360000000000000E+02,0.00000000000000000E+00,9.80902334393557000E-02,8.97536394578632000E+01
2.39370000000000000E+02,0.00000000000000000E+00,9.75455124287923000E-02,8.97549326796270000E+01
2.39380000000000000E+02,0.00000000000000000E+00,9.70036508252589000E-02,8.97562191128747000E+01
2.39390000000000000E+02,0.00000000000000000E+00,9.64646336188541000E-02,8.97574987932411000E+01
2.39400000000000000E+02,0.00000000000000000E+00,9.59284458784684000E-02,8.97587717561743000E+01
2.39410000000000000E+02,0.00000000000000000E+00,9.53950727513699000E-02,8.97600380369360000E+01
2.39420000000000000E+02,0.00000000000000000E+00,9.48644994627936000E-02,8.97612976706031000E+01
2.39430000000000000E+02,0.00000000000000000E+00,9.43367113155314000E-02,8.97625506920683000E+01
2.39440000000000000E+02,0.00000000000000000E+00,9.38116936895257000E-02,8.97637971360408000E+01
2.39450000000000000E+02,0.00000000000000000E+00,9.32894320414637000E-02,8.97650370370481000E+01
2.39460000000000000E+02,0.00000000000000000E+00,9.27699119043752000E-02,8.97662704294361000E+01
2.39470000000000000E+02,0.00000000000000000E+00,9.22531188872312000E-02,8.97674973473706000E+01
2.39480000000000000E+02,0.00000000000000000E+00,9.17390386745460000E-02,8.97687178248380000E+01
2.39490000000000000E+02,0.00000000000000000E+00,9.12276570259801000E-02,8.97699318956462000E+01
2.39500000000000000E+02,0.00000000000000000E+00,9.07189597759456000E-02,8.97711395934258000E+01
2.39510000000000000E+02,0.00000000000000000E+00,9.02129328332147000E-02,8.97723409516307000E+01
2.39520000000000000E+02,0.00000000000000000E+00,8.97095621805281000E-02,8.97735360035393000E+01
2.39530000000000000E+02,0.00000000000000000E+00,8.92088338742079000E-02,8.97747247822553000E+01
2.39540000000000000E+02,0.00000000000000000E+00,8.87107340437706000E-02,8.97759073207085000E+01
2.39550000000000000E+02,0.00000000000000000E+00,8.82152488915431000E-02,8.97770836516561000E+01
2.39560000000000000E+02,0.00000000000000000E+00,8.77223646922805000E-02,8.97782538076831000E+01
2.39570000000000000E+02,0.00000000000000000E+00,8.72320677927860000E-02,8.97794178212035000E+01
2.39580000000000000E+02,0.00000000000000000E+00,8.67443446115326000E-02,8.97805757244613000E+01
2.39590000000000000E+02,0.00000000000000000E+00,8.62591816382866000E-02,8.97817275495311000E+01
2.39600000000000000E+02,0.00000000000000000E+00,8.57765654337341000E-02,8.97828733283191000E+01
2.39610000000000000E+02,0.00000000000000000E+00,8.52964826291079000E-02,8.97840130925642000E+01
2.39620000000000000E+02,0.00000000000000000E+00,8.48189199258177000E-02,8.97851468738385000E+01
2.39630000000000000E+02,0.00000000000000000E+00,8.43438640950816000E-02,8.97862747035484000E+01
2.39640000000000000E+02,0.00000000000000000E+00,8.38713019775596000E-02,8.97873966129356000E+01
2.39650000000000000E+02,0.00000000000000000E+00,8.34012204829889000E-02,8.97885126330776000E+01
2.39660000000000000E+02,0.00000000000000000E+00,8.29336065898217000E-02,8.97896227948888000E+01
2.39670000000000000E+02,0.00000000000000000E+00,8.24684473448644000E-02,8.97907271291215000E+01
2.39680000000000000E+02,0.00000000000000000E+00,8.20057298629182000E-02,8.97918256663664000E+01
2.39690000000000000E+02,0.00000000000000000E+00,8.15454413264232000E-02,8.97929184370535000E+01
2.39700000000000000E+02,0.00000000000000000E+00,8.10875689851025000E-02,8.97940054714535000E+01
2.39710000000000000E+02,0.00000000000000000E+00,8.06321001556092000E-02,8.97950867996777000E+01
2.39720000000000000E+02,0.00000000000000000E+00,8.01790222211754000E-02,8.97961624516797000E+01
2.39730000000000000E+02,0.00000000000000000E+00,7.97283226312623000E-02,8.97972324572556000E+01
2.39740000000000000E+02,0.00000000000000000E+00,7.92799889012129000E-02,8.97982968460453000E+01
2.39750000000000000E+02,0.00000000000000000E+00,7.88340086119058000E-02,8.97993556475330000E+01
2.39760000000000000E+02,0.00000000000000000E+00,7.83903694094114000E-02,8.98004088910482000E+01
2.39770000000000000E+02,0.00000000000000000E+00,7.79490590046497000E-02,8.98014566057663000E+01
2.39780000000000000E+02,0.00000000000000000E+00,7.75100651730498000E-02,8.98024988207097000E+01
2.39790000000000000E+02,0.00000000000000000E+00,7.70733757542113000E-02,8.98035355647485000E+01
2.39800000000000000E+02,0.00000000000000000E+00,7.66389786515676000E-02,8.98045668666009000E+01
2.39810000000000000E+02,0.00000000000000000E+00,7.62068618320503000E-02,8.98055927548349000E+01
2.39820000000000000E+02,0.00000000000000000E+00,7.57770133257568000E-02,8.98066132578680000E+01
2.39830000000000000E+02,0.00000000000000000E+00,7.53494212256176000E-02,8.98076284039689000E+01
2.39840000000000000E+02,0.00000000000000000E+00,7.49240736870676000E-02,8.98086382212577000E+01
2.39850000000000000E+02,0.00000000000000000E+00,7.45009589277169000E-02,8.98096427377070000E+01
2.39860000000000000E+02,0.00000000000000000E+00,7.40800652270254000E-02,8.98106419811425000E+01
2.39870000000000000E+02,0.00000000000000000E+00,7.36613809259776000E-02,8.98116359792439000E+01
2.39880000000000000E+02,0.00000000000000000E+00,7.32448944267594000E-02,8.98126247595455000E+01
2.39890000000000000E+02,0.00000000000000000E+00,7.28305941924377000E-02,8.98136083494372000E+01
2.39900000000000000E+02,0.00000000000000000E+00,7.24184687466399000E-02,8.98145867761650000E+01
2.39910000000000000E+02,0.00000000000000000E+00,7.20085066732365000E-02,8.98155600668320000E+01
2.39920000000000000E+02,0.00000000000000000E+00,7.16006966160248000E-02,8.98165282483988000E+01
2.39930000000000000E+02,0.00000000000000000E+00,7.11950272784142000E-02,8.98174913476848000E+01
2.39940000000000000E+02,0.00000000000000000E+00,7.07914874231134000E-02,8.98184493913683000E+01
2.39950000000000000E+02,0.00000000000000000E+00,7.03900658718191000E-02,8.98194024059877000E+01
2.39960000000000000E+02,0.00000000000000000E+00,6.99907515049063000E-02,8.98203504179423000E+01
2.39970000000000000E+02,0.00000000000000000E+00,6.95935332611202000E-02,8.98212934534924000E+01
2.39980000000000000E+02,0.00000000000000000E+00,6.91984001372702000E-02,8.98222315387607000E+01
2.39990000000000000E+02,0.00000000000000000E+00,6.88053411879245000E-02,8.98231646997329000E+01
2.40000000000000000E+02,0.00000000000000000E+00,6.84143455251073000E-02,8.98240929622579000E+01
2.40010000000000000E+02,0.00000000000000000E+00,6.80254023179973000E-02,8.98250163520494000E+01
2.40020000000000000E+02,0.00000000000000000E+00,6.76385007926272000E-02,8.98259348946856000E+01
2.40030000000000000E+02,0.00000000000000000E+00,6.72536302315858000E-02,8.98268486156109000E+01
2.40040000000000000E+02,0.00000000000000000E+00,6.68707799737207000E-02,8.98277575401359000E+01
2.40050000000000000E+02,0.00000000000000000E+00,6.64899394138433000E-02,8.98286616934382000E+01
2.40060000000000000E+02,0.00000000000000000E+00,6.61110980024345000E-02,8.98295611005637000E+01
2.40070000000000000E+02,0.00000000000000000E+00,6.57342452453534000E-02,8.98304557864263000E+01
2.40080000000000000E+02,0.00000000000000000E+00,6.53593707035457000E-02,8.98313457758094000E+01
2.40090000000000000E+02,0.00000000000000000E+00,6.49864639927550000E-02,8.98322310933663000E+01
2.40100000000000000E+02,0.00000000000000000E+00,6.46155147832349000E-02,8.98331117636209000E+01
2.40110000000000000E+02,0.00000000000000000E+00,6.42465127994632000E-02,8.98339878109681000E+01
2.40120000000000000E+02,0.00000000000000000E+00,6.38794478198568000E-02,8.98348592596752000E+01
2.40130000000000000E+02,0.00000000000000000E+00,6.35143096764892000E-02,8.98357261338817000E+01
2.40140000000000000E+02,0.00000000000000000E+00,6.31510882548080000E-02,8.98365884576007000E+01
2.40150000000000000E+02,0.00000000000000000E+00,6.27897734933554000E-02,8.98374462547189000E+01
2.40160000000000000E+02,0.00000000000000000E+00,6.24303553834895000E-02,8.98382995489980000E+01
2.40170000000000000E+02,0.00000000000000000E+00,6.20728239691063000E-02,8.98391483640746000E+01
2.40180000000000000E+02,0.00000000000000000E+00,6.17171693463648000E-02,8.98399927234616000E+01
2.40190000000000000E+02,0.00000000000000000E+00,6.13633816634123000E-02,8.98408326505481000E+01
2.40200000000000000E+02,0.00000000000000000E+00,6.10114511201113000E-02,8.98416681686007000E+01
2.40210000000000000E+02,0.00000000000000000E+00,6.06613679677683000E-02,8.98424993007637000E+01
2.40220000000000000E+02,0.00000000000000000E+00,6.03131225088636000E-02,8.98433260700601000E+01
2.40230000000000000E+02,0.00000000000000000E+00,5.99667050967830000E-02,8.98441484993917000E+01
2.40240000000000000E+02,0.00000000000000000E+00,5.96221061355499000E-02,8.98449666115406000E+01
2.40250000000000000E+02,0.00000000000000000E+00,5.92793160795604000E-02,8.98457804291687000E+01
2.40260000000000000E+02,0.00000000000000000E+00,5.89383254333180000E-02,8.98465899748195000E+01
2.40270000000000000E+02,0.00000000000000000E+00,5.85991247511712000E-02,8.98473952709178000E+01
2.40280000000000000E+02,0.00000000000000000E+00,5.82617046370514000E-02,8.98481963397708000E+01
2.40290000000000000E+02,0.00000000000000000E+00,5.79260557442130000E-02,8.98489932035686000E+01
2.40300000000000000E+02,0.00000000000000000E+00,5.75921687749743000E-02,8.98497858843848000E+01
2.40310000000000000E+02,0.00000000000000000E+00,5.72600344804599000E-02,8.98505744041772000E+01
2.40320000000000000E+02,0.00000000000000000E+00,5.69296436603447000E-02,8.98513587847883000E+01
2.40330000000000000E+02,0.00000000000000000E+00,5.66009871625988000E-02,8.98521390479459000E+01
2.40340000000000000E+02,0.00000000000000000E+00,5.62740558832342000E-02,8.98529152152638000E+01
2.40350000000000000E+02,0.00000000000000000E+00,5.59488407660524000E-02,8.98536873082422000E+01
2.40360000000000000E+02,0.00000000000000000E+00,5.56253328023937000E-02,8.98544553482687000E+01
2.40370000000000000E+02,0.00000000000000000E+00,5.53035230308876000E-02,8.98552193566184000E+01
2.40380000000000000E+02,0.00000000000000000E+00,5.49834025372046000E-02,8.98559793544548000E+01
2.40390000000000000E+02,0.00000000000000000E+00,5.46649624538093000E-02,8.98567353628304000E+01
2.40400000000000000E+02,0.00000000000000000E+00,5.43481939597146000E-02,8.98574874026869000E+01
2.40410000000000000E+02,0.00000000000000000E+00,5.40330882802374000E-02,8.98582354948565000E+01
2.40420000000000000E+02,0.00000000000000000E+00,5.37196366867558000E-02,8.98589796600617000E+01
2.40430000000000000E+02,0.00000000000000000E+00,5.34078304964670000E-02,8.98597199189163000E+01
2.40440000000000000E+02,0.00000000000000000E+00,5.30976610721467000E-02,8.98604562919260000E+01
2.40450000000000000E+02,0.00000000000000000E+00,5.27891198219104000E-02,8.98611887994888000E+01
2.40460000000000000E+02,0.00000000000000000E+00,5.24821981989747000E-02,8.98619174618956000E+01
2.40470000000000000E+02,0.00000000000000000E+00,5.21768877014211000E-02,8.98626422993307000E+01
2.40480000000000000E+02,0.00000000000000000E+00,5.18731798719600000E-02,8.98633633318727000E+01
2.40490000000000000E+02,0.00000000000000000E+00,5.15710662976971000E-02,8.98640805794945000E+01
2.40500000000000000E+02,0.00000000000000000E+00,5.12705386098995000E-02,8.98647940620644000E+01
2.40510000000000000E+02,0.00000000000000000E+00,5.09715884837647000E-02,8.98655037993463000E+01
2.40520000000000000E+02,0.00000000000000000E+00,5.06742076381895000E-02,8.98662098110003000E+01
2.40530000000000000E+02,0.00000000000000000E+00,5.03783878355406000E-02,8.98669121165834000E+01
2.40540000000000000E+02,0.00000000000000000E+00,5.00841208814269000E-02,8.98676107355499000E+01
2.40550000000000000E+02,0.00000000000000000E+00,4.97913986244717000E-02,8.98683056872520000E+01
2.40560000000000000E+02,0.00000000000000000E+00,4.95002129560878000E-02,8.98689969909403000E+01
2.40570000000000000E+02,0.00000000000000000E+00,4.92105558102522000E-02,8.98696846657642000E+01
2.40580000000000000E+02,0.00000000000000000E+00,4.89224191632830000E-02,8.98703687307729000E+01
2.40590000000000000E+02,0.00000000000000000E+00,4.86357950336170000E-02,8.98710492049153000E+01
2.40600000000000000E+02,0.00000000000000000E+00,4.83506754815888000E-02,8.98717261070410000E+01
2.40610000000000000E+02,0.00000000000000000E+00,4.80670526092105000E-02,8.98723994559007000E+01
2.40620000000000000E+02,0.00000000000000000E+00,4.77849185599535000E-02,8.98730692701464000E+01
2.40630000000000000E+02,0.00000000000000000E+00,4.75042655185301000E-02,8.98737355683325000E+01
2.40640000000000000E+02,0.00000000000000000E+00,4.72250857106778000E-02,8.98743983689158000E+01
2.40650000000000000E+02,0.00000000000000000E+00,4.69473714029433000E-02,8.98750576902563000E+01
2.40660000000000000E+02,0.00000000000000000E+00,4.66711149024687000E-02,8.98757135506176000E+01
2.40670000000000000E+02,0.00000000000000000E+00,4.63963085567784000E-02,8.98763659681675000E+01
2.40680000000000000E+02,0.00000000000000000E+00,4.61229447535666000E-02,8.98770149609783000E+01
2.40690000000000000E+02,0.00000000000000000E+00,4.58510159204872000E-02,8.98776605470275000E+01
2.40700000000000000E+02,0.00000000000000000E+00,4.55805145249434000E-02,8.98783027441983000E+01
2.40710000000000000E+02,0.00000000000000000E+00,4.53114330738795000E-02,8.98789415702800000E+01
2.40720000000000000E+02,0.00000000000000000E+00,4.50437641135730000E-02,8.98795770429683000E+01
2.40730000000000000E+02,0.00000000000000000E+00,4.47775002294284000E-02,8.98802091798663000E+01
2.40740000000000000E+02,0.00000000000000000E+00,4.45126340457714000E-02,8.98808379984846000E+01
2.40750000000000000E+02,0.00000000000000000E+00,4.42491582256452000E-02,8.98814635162418000E+01
2.40760000000000000E+02,0.00000000000000000E+00,4.39870654706068000E-02,8.98820857504652000E+01
2.40770000000000000E+02,0.00000000000000000E+00,4.37263485205249000E-02,8.98827047183910000E+01
2.40780000000000000E+02,0.00000000000000000E+00,4.34670001533788000E-02,8.98833204371650000E+01
2.40790000000000000E+02,0.00000000000000000E+00,4.32090131850586000E-02,8.98839329238430000E+01
2.40800000000000000E+02,0.00000000000000000E+00,4.29523804691659000E-02,8.98845421953913000E+01
2.40810000000000000E+02,0.00000000000000000E+00,4.26970948968158000E-02,8.98851482686871000E+01
2.40820000000000000E+02,0.00000000000000000E+00,4.24431493964403000E-02,8.98857511605190000E+01
2.40830000000000000E+02,0.00000000000000000E+00,4.21905369335921000E-02,8.98863508875874000E+01
2.40840000000000000E+02,0.00000000000000000E+00,4.19392505107499000E-02,8.98869474665052000E+01
2.40850000000000000E+02,0.00000000000000000E+00,4.16892831671244000E-02,8.98875409137979000E+01
2.40860000000000000E+02,0.00000000000000000E+00,4.14406279784659000E-02,8.98881312459045000E+01
2.40870000000000000E+02,0.00000000000000000E+00,4.11932780568720000E-02,8.98887184791775000E+01
2.40880000000000000E+02,0.00000000000000000E+00,4.09472265505970000E-02,8.98893026298836000E+01
2.40890000000000000E+02,0.00000000000000000E+00,4.07024666438622000E-02,8.98898837142041000E+01
2.40900000000000000E+02,0.00000000000000000E+00,4.04589915566668000E-02,8.98904617482354000E+01
2.40910000000000000E+02,0.00000000000000000E+00,4.02167945446007000E-02,8.98910367479896000E+01
2.40920000000000000E+02,0.00000000000000000E+00,3.99758688986568000E-02,8.98916087293943000E+01
2.40930000000000000E+02,0.00000000000000000E+00,3.97362079450459000E-02,8.98921777082938000E+01
2.40940000000000000E+02,0.00000000000000000E+00,3.94978050450115000E-02,8.98927437004493000E+01
2.40950000000000000E+02,0.00000000000000000E+00,3.92606535946461000E-02,8.98933067215389000E+01
2.40960000000000000E+02,0.00000000000000000E+00,3.90247470247078000E-02,8.98938667871589000E+01
2.40970000000000000E+02,0.00000000000000000E+00,3.87900788004389000E-02,8.98944239128232000E+01
2.40980000000000000E+02,0.00000000000000000E+00,3.85566424213847000E-02,8.98949781139648000E+01
2.40990000000000000E+02,0.00000000000000000E+00,3.83244314212132000E-02,8.98955294059351000E+01
2.41000000000000000E+02,0.00000000000000000E+00,3.80934393675362000E-02,8.98960778040055000E+01
2.41010000000000000E+02,0.00000000000000000E+00,3.78636598617310000E-02,8.98966233233669000E+01
2.41020000000000000E+02,0.00000000000000000E+00,3.76350865387635000E-02,8.98971659791304000E+01
2.41030000000000000E+02,0.00000000000000000E+00,3.74077130670113000E-02,8.98977057863280000E+01
2.41040000000000000E+02,0.00000000000000000E+00,3.71815331480888000E-02,8.98982427599126000E+01
2.41050000000000000E+02,0.00000000000000000E+00,3.69565405166724000E-02,8.98987769147589000E+01
2.41060000000000000E+02,0.00000000000000000E+00,3.67327289403273000E-02,8.98993082656631000E+01
2.41070000000000000E+02,0.00000000000000000E+00,3.65100922193345000E-02,8.98998368273442000E+01
2.41080000000000000E+02,0.00000000000000000E+00,3.62886241865193000E-02,8.99003626144434000E+01
2.41090000000000000E+02,0.00000000000000000E+00,3.60683187070803000E-02,8.99008856415254000E+01
2.41100000000000000E+02,0.00000000000000000E+00,3.58491696784196000E-02,8.99014059230785000E+01
2.41110000000000000E+02,0.00000000000000000E+00,3.56311710299737000E-02,8.99019234735148000E+01
2.41120000000000000E+02,0.00000000000000000E+00,3.54143167230454000E-02,8.99024383071707000E+01
2.41130000000000000E+02,0.00000000000000000E+00,3.51986007506364000E-02,8.99029504383074000E+01
2.41140000000000000E+02,0.00000000000000000E+00,3.49840171372809000E-02,8.99034598811113000E+01
2.41150000000000000E+02,0.00000000000000000E+00,3.47705599388802000E-02,8.99039666496942000E+01
2.41160000000000000E+02,0.00000000000000000E+00,3.45582232425382000E-02,8.99044707580940000E+01
2.41170000000000000E+02,0.00000000000000000E+00,3.43470011663970000E-02,8.99049722202748000E+01
2.41180000000000000E+02,0.00000000000000000E+00,3.41368878594748000E-02,8.99054710501273000E+01
2.41190000000000000E+02,0.00000000000000000E+00,3.39278775015029000E-02,8.99059672614695000E+01
2.41200000000000000E+02,0.00000000000000000E+00,3.37199643027655000E-02,8.99064608680468000E+01
2.41210000000000000E+02,0.00000000000000000E+00,3.35131425039384000E-02,8.99069518835323000E+01
2.41220000000000000E+02,0.00000000000000000E+00,3.33074063759300000E-02,8.99074403215276000E+01
2.41230000000000000E+02,0.00000000000000000E+00,3.31027502197224000E-02,8.99079261955625000E+01
2.41240000000000000E+02,0.00000000000000000E+00,3.28991683662137000E-02,8.99084095190961000E+01
2.41250000000000000E+02,0.00000000000000000E+00,3.26966551760607000E-02,8.99088903055169000E+01
2.41260000000000000E+02,0.00000000000000000E+00,3.24952050395229000E-02,8.99093685681427000E+01
2.41270000000000000E+02,0.00000000000000000E+00,3.22948123763071000E-02,8.99098443202220000E+01
2.41280000000000000E+02,0.00000000000000000E+00,3.20954716354127000E-02,8.99103175749332000E+01
2.41290000000000000E+02,0.00000000000000000E+00,3.18971772949780000E-02,8.99107883453858000E+01
2.41300000000000000E+02,0.00000000000000000E+00,3.16999238621272000E-02,8.99112566446205000E+01
2.41310000000000000E+02,0.00000000000000000E+00,3.15037058728184000E-02,8.99117224856094000E+01
2.41320000000000000E+02,0.00000000000000000E+00,3.13085178916920000E-02,8.99121858812566000E+01
2.41330000000000000E+02,0.00000000000000000E+00,3.11143545119204000E-02,8.99126468443984000E+01
2.41340000000000000E+02,0.00000000000000000E+00,3.09212103550579000E-02,8.99131053878039000E+01
2.41350000000000000E+02,0.00000000000000000E+00,3.07290800708921000E-02,8.99135615241749000E+01
2.41360000000000000E+02,0.00000000000000000E+00,3.05379583372954000E-02,8.99140152661467000E+01
2.41370000000000000E+02,0.00000000000000000E+00,3.03478398600777000E-02,8.99144666262883000E+01
2.41380000000000000E+02,0.00000000000000000E+00,3.01587193728397000E-02,8.99149156171026000E+01
2.41390000000000000E+02,0.00000000000000000E+00,2.99705916368270000E-02,8.99153622510269000E+01
2.41400000000000000E+02,0.00000000000000000E+00,2.97834514407851000E-02,8.99158065404332000E+01
2.41410000000000000E+02,0.00000000000000000E+00,2.95972936008150000E-02,8.99162484976287000E+01
2.41420000000000000E+02,0.00000000000000000E+00,2.94121129602295000E-02,8.99166881348559000E+01
2.41430000000000000E+02,0.00000000000000000E+00,2.92279043894103000E-02,8.99171254642928000E+01
2.41440000000000000E+02,0.00000000000000000E+00,2.90446627856663000E-02,8.99175604980540000E+01
2.41450000000000000E+02,0.00000000000000000E+00,2.88623830730919000E-02,8.99179932481900000E+01
2.41460000000000000E+02,0.00000000000000000E+00,2.86810602024263000E-02,8.99184237266883000E+01
2.41470000000000000E+02,0.00000000000000000E+00,2.85006891509140000E-02,8.99188519454734000E+01
2.41480000000000000E+02,0.00000000000000000E+00,2.83212649221654000E-02,8.99192779164073000E+01
2.41490000000000000E+02,0.00000000000000000E+00,2.81427825460186000E-02,8.99197016512896000E+01
2.41500000000000000E+02,0.00000000000000000E+00,2.79652370784014000E-02,8.99201231618580000E+01
2.41510000000000000E+02,0.00000000000000000E+00,2.77886236011947000E-02,8.99205424597887000E+01
2.41520000000000000E+02,0.00000000000000000E+00,2.76129372220960000E-02,8.99209595566964000E+01
2.41530000000000000E+02,0.00000000000000000E+00,2.74381730744841000E-02,8.99213744641349000E+01
2.41540000000000000E+02,0.00000000000000000E+00,2.72643263172841000E-02,8.99217871935976000E+01
2.41550000000000000E+02,0.00000000000000000E+00,2.70913921348334000E-02,8.99221977565172000E+01
2.41560000000000000E+02,0.00000000000000000E+00,2.69193657367483000E-02,8.99226061642665000E+01
2.41570000000000000E+02,0.00000000000000000E+00,2.67482423577913000E-02,8.99230124281588000E+01
2.41580000000000000E+02,0.00000000000000000E+00,2.65780172577391000E-02,8.99234165594478000E+01
2.41590000000000000E+02,0.00000000000000000E+00,2.64086857212512000E-02,8.99238185693282000E+01
2.41600000000000000E+02,0.00000000000000000E+00,2.62402430577394000E-02,8.99242184689358000E+01
2.41610000000000000E+02,0.00000000000000000E+00,2.60726846012379000E-02,8.99246162693483000E+01
2.41620000000000000E+02,0.00000000000000000E+00,2.59060057102739000E-02,8.99250119815848000E+01
2.41630000000000000E+02,0.00000000000000000E+00,2.57402017677391000E-02,8.99254056166068000E+01
2.41640000000000000E+02,0.00000000000000000E+00,2.55752681807618000E-02,8.99257971853184000E+01
2.41650000000000000E+02,0.00000000000000000E+00,2.54112003805799000E-02,8.99261866985661000E+01
2.41660000000000000E+02,0.00000000000000000E+00,2.52479938224138000E-02,8.99265741671398000E+01
2.41670000000000000E+02,0.00000000000000000E+00,2.50856439853411000E-02,8.99269596017726000E+01
2.41680000000000000E+02,0.00000000000000000E+00,2.49241463721710000E-02,8.99273430131412000E+01
2.41690000000000000E+02,0.00000000000000000E+00,2.47634965093197000E-02,8.99277244118663000E+01
2.41700000000000000E+02,0.00000000000000000E+00,2.46036899466869000E-02,8.99281038085130000E+01
2.41710000000000000E+02,0.00000000000000000E+00,2.44447222575319000E-02,8.99284812135908000E+01
2.41720000000000000E+02,0.00000000000000000E+00,2.42865890383517000E-02,8.99288566375540000E+01
2.41730000000000000E+02,0.00000000000000000E+00,2.41292859087582000E-02,8.99292300908021000E+01
2.41740000000000000E+02,0.00000000000000000E+00,2.39728085113577000E-02,8.99296015836800000E+01
2.41750000000000000E+02,0.00000000000000000E+00,2.38171525116295000E-02,8.99299711264783000E+01
2.41760000000000000E+02,0.00000000000000000E+00,2.36623135978063000E-02,8.99303387294335000E+01
2.41770000000000000E+02,0.00000000000000000E+00,2.35082874807545000E-02,8.99307044027284000E+01
2.41780000000000000E+02,0.00000000000000000E+00,2.33550698938554000E-02,8.99310681564926000E+01
2.41790000000000000E+02,0.00000000000000000E+00,2.32026565928872000E-02,8.99314300008020000E+01
2.41800000000000000E+02,0.00000000000000000E+00,2.30510433559074000E-02,8.99317899456801000E+01
2.41810000000000000E+02,0.00000000000000000E+00,2.29002259831356000E-02,8.99321480010976000E+01
2.41820000000000000E+02,0.00000000000000000E+00,2.27502002968373000E-02,8.99325041769727000E+01
2.41830000000000000E+02,0.00000000000000000E+00,2.26009621412085000E-02,8.99328584831719000E+01
2.41840000000000000E+02,0.00000000000000000E+00,2.24525073822598000E-02,8.99332109295095000E+01
2.41850000000000000E+02,0.00000000000000000E+00,2.23048319077029000E-02,8.99335615257486000E+01
2.41860000000000000E+02,0.00000000000000000E+00,2.21579316268357000E-02,8.99339102816010000E+01
2.41870000000000000E+02,0.00000000000000000E+00,2.20118024704298000E-02,8.99342572067273000E+01
2.41880000000000000E+02,0.00000000000000000E+00,2.18664403906173000E-02,8.99346023107376000E+01
2.41890000000000000E+02,0.00000000000000000E+00,2.17218413607786000E-02,8.99349456031915000E+01
2.41900000000000000E+02,0.00000000000000000E+00,2.15780013754314000E-02,8.99352870935985000E+01
2.41910000000000000E+02,0.00000000000000000E+00,2.14349164501191000E-02,8.99356267914179000E+01
2.41920000000000000E+02,0.00000000000000000E+00,2.12925826213010000E-02,8.99359647060597000E+01
2.41930000000000000E+02,0.00000000000000000E+00,2.11509959462420000E-02,8.99363008468843000E+01
2.41940000000000000E+02,0.00000000000000000E+00,2.10101525029037000E-02,8.99366352232029000E+01
2.41950000000000000E+02,0.00000000000000000E+00,2.08700483898358000E-02,8.99369678442781000E+01
2.41960000000000000E+02,0.00000000000000000E+00,2.07306797260677000E-02,8.99372987193237000E+01
2.41970000000000000E+02,0.00000000000000000E+00,2.05920426510013000E-02,8.99376278575050000E+01
2.41980000000000000E+02,0.00000000000000000E+00,2.04541333243041000E-02,8.99379552679395000E+01
2.41990000000000000E+02,0.00000000000000000E+00,2.03169479258023000E-02,8.99382809596965000E+01
2.42000000000000000E+02,0.00000000000000000E+00,2.01804826553758000E-02,8.99386049417980000E+01
2.42010000000000000E+02,0.00000000000000000E+00,2.00447337328522000E-02,8.99389272232184000E+01
2.42020000000000000E+02,0.00000000000000000E+00,1.99096973979025000E-02,8.99392478128852000E+01
2.42030000000000000E+02,0.00000000000000000E+00,1.97753699099368000E-02,8.99395667196788000E+01
2.42040000000000000E+02,0.00000000000000000E+00,1.96417475480007000E-02,8.99398839524333000E+01
2.42050000000000000E+02,0.00000000000000000E+00,1.95088266106721000E-02,8.99401995199361000E+01
2.42060000000000000E+02,0.00000000000000000E+00,1.93766034159590000E-02,8.99405134309286000E+01
2.42070000000000000E+02,0.00000000000000000E+00,1.92450743011972000E-02,8.99408256941064000E+01
2.42080000000000000E+02,0.00000000000000000E+00,1.91142356229489000E-02,8.99411363181194000E+01
2.42090000000000000E+02,0.00000000000000000E+00,1.89840837569019000E-02,8.99414453115720000E+01
2.42100000000000000E+02,0.00000000000000000E+00,1.88546150977692000E-02,8.99417526830236000E+01
2.42110000000000000E+02,0.00000000000000000E+00,1.87258260591888000E-02,8.99420584409885000E+01
2.42120000000000000E+02,0.00000000000000000E+00,1.85977130736248000E-02,8.99423625939365000E+01
2.42130000000000000E+02,0.00000000000000000E+00,1.84702725922683000E-02,8.99426651502926000E+01
2.42140000000000000E+02,0.00000000000000000E+00,1.83435010849393000E-02,8.99429661184380000E+01
2.42150000000000000E+02,0.00000000000000000E+00,1.82173950399887000E-02,8.99432655067097000E+01
2.42160000000000000E+02,0.00000000000000000E+00,1.80919509642012000E-02,8.99435633234008000E+01
2.42170000000000000E+02,0.00000000000000000E+00,1.79671653826982000E-02,8.99438595767611000E+01
2.42180000000000000E+02,0.00000000000000000E+00,1.78430348388422000E-02,8.99441542749970000E+01
2.42190000000000000E+02,0.00000000000000000E+00,1.77195558941403000E-02,8.99444474262718000E+01
2.42200000000000000E+02,0.00000000000000000E+00,1.75967251281494000E-02,8.99447390387060000E+01
2.42210000000000000E+02,0.00000000000000000E+00,1.74745391383816000E-02,8.99450291203774000E+01
2.42220000000000000E+02,0.00000000000000000E+00,1.73529945402093000E-02,8.99453176793215000E+01
2.42230000000000000E+02,0.00000000000000000E+00,1.72320879667720000E-02,8.99456047235316000E+01
2.42240000000000000E+02,0.00000000000000000E+00,1.71118160688831000E-02,8.99458902609588000E+01
2.42250000000000000E+02,0.00000000000000000E+00,1.69921755149366000E-02,8.99461742995129000E+01
2.42260000000000000E+02,0.00000000000000000E+00,1.68731629908152000E-02,8.99464568470617000E+01
2.42270000000000000E+02,0.00000000000000000E+00,1.67547751997985000E-02,8.99467379114322000E+01
2.42280000000000000E+02,0.00000000000000000E+00,1.66370088624716000E-02,8.99470175004099000E+01
2.42290000000000000E+02,0.00000000000000000E+00,1.65198607166340000E-02,8.99472956217396000E+01
2.42300000000000000E+02,0.00000000000000000E+00,1.64033275172099000E-02,8.99475722831255000E+01
2.42310000000000000E+02,0.00000000000000000E+00,1.62874060361575000E-02,8.99478474922313000E+01
2.42320000000000000E+02,0.00000000000000000E+00,1.61720930623803000E-02,8.99481212566803000E+01
2.42330000000000000E+02,0.00000000000000000E+00,1.60573854016375000E-02,8.99483935840561000E+01
2.42340000000000000E+02,0.00000000000000000E+00,1.59432798764561000E-02,8.99486644819023000E+01
2.42350000000000000E+02,0.00000000000000000E+00,1.58297733260427000E-02,8.99489339577229000E+01
2.42360000000000000E+02,0.00000000000000000E+00,1.57168626061955000E-02,8.99492020189826000E+01
2.42370000000000000E+02,0.00000000000000000E+00,1.56045445892178000E-02,8.99494686731069000E+01
2.42380000000000000E+02,0.00000000000000000E+00,1.54928161638313000E-02,8.99497339274821000E+01
2.42390000000000000E+02,0.00000000000000000E+00,1.53816742350895000E-02,8.99499977894561000E+01
2.42400000000000000E+02,0.00000000000000000E+00,1.52711157242923000E-02,8.99502602663380000E+01
2.42410000000000000E+02,0.00000000000000000E+00,1.51611375689006000E-02,8.99505213653985000E+01
2.42420000000000000E+02,0.00000000000000000E+00,1.50517367224516000E-02,8.99507810938703000E+01
2.42430000000000000E+02,0.00000000000000000E+00,1.49429101544743000E-02,8.99510394589479000E+01
2.42440000000000000E+02,0.00000000000000000E+00,1.48346548504053000E-02,8.99512964677883000E+01
2.42450000000000000E+02,0.00000000000000000E+00,1.47269678115061000E-02,8.99515521275108000E+01
2.42460000000000000E+02,0.00000000000000000E+00,1.46198460547789000E-02,8.99518064451973000E+01
2.42470000000000000E+02,0.00000000000000000E+00,1.45132866128851000E-02,8.99520594278925000E+01
2.42480000000000000E+02,0.00000000000000000E+00,1.44072865340621000E-02,8.99523110826042000E+01
2.42490000000000000E+02,0.00000000000000000E+00,1.43018428820424000E-02,8.99525614163035000E+01
2.42500000000000000E+02,0.00000000000000000E+00,1.41969527359716000E-02,8.99528104359247000E+01
2.42510000000000000E+02,0.00000000000000000E+00,1.40926131903278000E-02,8.99530581483658000E+01
2.42520000000000000E+02,0.00000000000000000E+00,1.39888213548413000E-02,8.99533045604887000E+01
2.42530000000000000E+02,0.00000000000000000E+00,1.38855743544139000E-02,8.99535496791189000E+01
2.42540000000000000E+02,0.00000000000000000E+00,1.37828693290400000E-02,8.99537935110467000E+01
2.42550000000000000E+02,0.00000000000000000E+00,1.36807034337269000E-02,8.99540360630261000E+01
2.42560000000000000E+02,0.00000000000000000E+00,1.35790738384162000E-02,8.99542773417760000E+01
2.42570000000000000E+02,0.00000000000000000E+00,1.34779777279054000E-02,8.99545173539801000E+01
2.42580000000000000E+02,0.00000000000000000E+00,1.33774123017696000E-02,8.99547561062868000E+01
2.42590000000000000E+02,0.00000000000000000E+00,1.32773747742845000E-02,8.99549936053096000E+01
2.42600000000000000E+02,0.00000000000000000E+00,1.31778623743487000E-02,8.99552298576276000E+01
2.42610000000000000E+02,0.00000000000000000E+00,1.30788723454073000E-02,8.99554648697849000E+01
2.42620000000000000E+02,0.00000000000000000E+00,1.29804019453753000E-02,8.99556986482916000E+01
2.42630000000000000E+02,0.00000000000000000E+00,1.28824484465617000E-02,8.99559311996235000E+01
2.42640000000000000E+02,0.00000000000000000E+00,1.27850091355942000E-02,8.99561625302223000E+01
2.42650000000000000E+02,0.00000000000000000E+00,1.26880813133436000E-02,8.99563926464962000E+01
2.42660000000000000E+02,0.00000000000000000E+00,1.25916622948493000E-02,8.99566215548195000E+01
2.42670000000000000E+02,0.00000000000000000E+00,1.24957494092450000E-02,8.99568492615330000E+01
2.42680000000000000E+02,0.00000000000000000E+00,1.24003399996845000E-02,8.99570757729444000E+01
2.42690000000000000E+02,0.00000000000000000E+00,1.23054314232681000E-02,8.99573010953281000E+01
2.42700000000000000E+02,0.00000000000000000E+00,1.22110210509697000E-02,8.99575252349259000E+01
2.42710000000000000E+02,0.00000000000000000E+00,1.21171062675637000E-02,8.99577481979464000E+01
2.42720000000000000E+02,0.00000000000000000E+00,1.20236844715524000E-02,8.99579699905658000E+01
2.42730000000000000E+02,0.00000000000000000E+00,1.19307530750944000E-02,8.99581906189281000E+01
2.42740000000000000E+02,0.00000000000000000E+00,1.18383095039326000E-02,8.99584100891447000E+01
2.42750000000000000E+02,0.00000000000000000E+00,1.17463511973230000E-02,8.99586284072950000E+01
2.42760000000000000E+02,0.00000000000000000E+00,1.16548756079636000E-02,8.99588455794266000E+01
2.42770000000000000E+02,0.00000000000000000E+00,1.15638802019242000E-02,8.99590616115554000E+01
2.42780000000000000E+02,0.00000000000000000E+00,1.14733624585757000E-02,8.99592765096655000E+01
2.42790000000000000E+02,0.00000000000000000E+00,1.13833198705207000E-02,8.99594902797098000E+01
2.42800000000000000E+02,0.00000000000000000E+00,1.12937499435239000E-02,8.99597029276098000E+01
2.42810000000000000E+02,0.00000000000000000E+00,1.12046501964430000E-02,8.99599144592560000E+01
2.42820000000000000E+02,0.00000000000000000E+00,1.11160181611600000E-02,8.99601248805079000E+01
2.42830000000000000E+02,0.00000000000000000E+00,1.10278513825126000E-02,8.99603341971944000E+01
2.42840000000000000E+02,0.00000000000000000E+00,1.09401474182266000E-02,8.99605424151137000E+01
2.42850000000000000E+02,0.00000000000000000E+00,1.08529038388481000E-02,8.99607495400334000E+01
2.42860000000000000E+02,0.00000000000000000E+00,1.07661182276760000E-02,8.99609555776912000E+01
2.42870000000000000E+02,0.00000000000000000E+00,1.06797881806952000E-02,8.99611605337943000E+01
2.42880000000000000E+02,0.00000000000000000E+00,1.05939113065101000E-02,8.99613644140203000E+01
2.42890000000000000E+02,0.00000000000000000E+00,1.05084852262782000E-02,8.99615672240166000E+01
2.42900000000000000E+02,0.00000000000000000E+00,1.04235075736443000E-02,8.99617689694013000E+01
2.42910000000000000E+02,0.00000000000000000E+00,1.03389759946750000E-02,8.99619696557628000E+01
2.42920000000000000E+02,0.00000000000000000E+00,1.02548881477932000E-02,8.99621692886603000E+01
2.42930000000000000E+02,0.00000000000000000E+00,1.01712417037136000E-02,8.99623678736237000E+01
2.42940000000000000E+02,0.00000000000000000E+00,1.00880343453781000E-02,8.99625654161540000E+01
2.42950000000000000E+02,0.00000000000000000E+00,1.00052637678914000E-02,8.99627619217231000E+01
2.42960000000000000E+02,0.00000000000000000E+00,9.92292767845749000E-03,8.99629573957745000E+01
2.42970000000000000E+02,0.00000000000000000E+00,9.84102379631562000E-03,8.99631518437229000E+01
2.42980000000000000E+02,0.00000000000000000E+00,9.75954985267774000E-03,8.99633452709545000E+01
2.42990000000000000E+02,0.00000000000000000E+00,9.67850359066527000E-03,8.99635376828275000E+01
2.43000000000000000E+02,0.00000000000000000E+00,9.59788276524667000E-03,8.99637290846718000E+01
2.43010000000000000E+02,0.00000000000000000E+00,9.51768514317527000E-03,8.99639194817894000E+01
2.43020000000000000E+02,0.00000000000000000E+00,9.43790850292738000E-03,8.99641088794543000E+01
2.43030000000000000E+02,0.00000000000000000E+00,9.35855063464077000E-03,8.99642972829129000E+01
2.43040000000000000E+02,0.00000000000000000E+00,9.27960934005346000E-03,8.99644846973843000E+01
2.43050000000000000E+02,0.00000000000000000E+00,9.20108243244282000E-03,8.99646711280598000E+01
2.43060000000000000E+02,0.00000000000000000E+00,9.12296773656497000E-03,8.99648565801037000E+01
2.43070000000000000E+02,0.00000000000000000E+00,9.04526308859459000E-03,8.99650410586532000E+01
2.43080000000000000E+02,0.00000000000000000E+00,8.96796633606491000E-03,8.99652245688184000E+01
2.43090000000000000E+02,0.00000000000000000E+00,8.89107533780812000E-03,8.99654071156827000E+01
2.43100000000000000E+02,0.00000000000000000E+00,8.81458796389606000E-03,8.99655887043027000E+01
2.43110000000000000E+02,0.00000000000000000E+00,8.73850209558122000E-03,8.99657693397086000E+01
2.43120000000000000E+02,0.00000000000000000E+00,8.66281562523804000E-03,8.99659490269040000E+01
2.43130000000000000E+02,0.00000000000000000E+00,8.58752645630451000E-03,8.99661277708664000E+01
2.43140000000000000E+02,0.00000000000000000E+00,8.51263250322414000E-03,8.99663055765472000E+01
2.43150000000000000E+02,0.00000000000000000E+00,8.43813169138816000E-03,8.99664824488716000E+01
2.43160000000000000E+02,0.00000000000000000E+00,8.36402195707803000E-03,8.99666583927391000E+01
2.43170000000000000E+02,0.00000000000000000E+00,8.29030124740834000E-03,8.99668334130235000E+01
2.43180000000000000E+02,0.00000000000000000E+00,8.21696752026988000E-03,8.99670075145730000E+01
2.43190000000000000E+02,0.00000000000000000E+00,8.14401874427308000E-03,8.99671807022102000E+01
2.43200000000000000E+02,0.00000000000000000E+00,8.07145289869179000E-03,8.99673529807326000E+01
2.43210000000000000E+02,0.00000000000000000E+00,7.99926797340724000E-03,8.99675243549124000E+01
2.43220000000000000E+02,0.00000000000000000E+00,7.92746196885240000E-03,8.99676948294967000E+01
2.43230000000000000E+02,0.00000000000000000E+00,7.85603289595657000E-03,8.99678644092079000E+01
2.43240000000000000E+02,0.00000000000000000E+00,7.78497877609031000E-03,8.99680330987433000E+01
2.43250000000000000E+02,0.00000000000000000E+00,7.71429764101059000E-03,8.99682009027759000E+01
2.43260000000000000E+02,0.00000000000000000E+00,7.64398753280629000E-03,8.99683678259538000E+01
2.43270000000000000E+02,0.00000000000000000E+00,7.57404650384398000E-03,8.99685338729009000E+01
2.43280000000000000E+02,0.00000000000000000E+00,7.50447261671394000E-03,8.99686990482168000E+01
2.43290000000000000E+02,0.00000000000000000E+00,7.43526394417650000E-03,8.99688633564771000E+01
2.43300000000000000E+02,0.00000000000000000E+00,7.36641856910868000E-03,8.99690268022331000E+01
2.43310000000000000E+02,0.00000000000000000E+00,7.29793458445104000E-03,8.99691893900124000E+01
2.43320000000000000E+02,0.00000000000000000E+00,7.22981009315490000E-03,8.99693511243187000E+01
2.43330000000000000E+02,0.00000000000000000E+00,7.16204320812976000E-03,8.99695120096323000E+01
2.43340000000000000E+02,0.00000000000000000E+00,7.09463205219102000E-03,8.99696720504096000E+01
2.43350000000000000E+02,0.00000000000000000E+00,7.02757475800802000E-03,8.99698312510841000E+01
2.43360000000000000E+02,0.00000000000000000E+00,6.96086946805228000E-03,8.99699896160655000E+01
2.43370000000000000E+02,0.00000000000000000E+00,6.89451433454604000E-03,8.99701471497408000E+01
2.43380000000000000E+02,0.00000000000000000E+00,6.82850751941112000E-03,8.99703038564737000E+01
2.43390000000000000E+02,0.00000000000000000E+00,6.76284719421793000E-03,8.99704597406050000E+01
2.43400000000000000E+02,0.00000000000000000E+00,6.69753154013492000E-03,8.99706148064529000E+01
2.43410000000000000E+02,0.00000000000000000E+00,6.63255874787810000E-03,8.99707690583128000E+01
2.43420000000000000E+02,0.00000000000000000E+00,6.56792701766098000E-03,8.99709225004576000E+01
2.43430000000000000E+02,0.00000000000000000E+00,6.50363455914470000E-03,8.99710751371376000E+01
2.43440000000000000E+02,0.00000000000000000E+00,6.43967959138844000E-03,8.99712269725811000E+01
2.43450000000000000E+02,0.00000000000000000E+00,6.37606034280006000E-03,8.99713780109939000E+01
2.43460000000000000E+02,0.00000000000000000E+00,6.31277505108708000E-03,8.99715282565600000E+01
2.43470000000000000E+02,0.00000000000000000E+00,6.24982196320782000E-03,8.99716777134411000E+01
2.43480000000000000E+02,0.00000000000000000E+00,6.18719933532284000E-03,8.99718263857775000E+01
2.43490000000000000E+02,0.00000000000000000E+00,6.12490543274665000E-03,8.99719742776873000E+01
2.43500000000000000E+02,0.00000000000000000E+00,6.06293852989967000E-03,8.99721213932673000E+01
2.43510000000000000E+02,0.00000000000000000E+00,6.00129691026039000E-03,8.99722677365926000E+01
2.43520000000000000E+02,0.00000000000000000E+00,5.93997886631787000E-03,8.99724133117171000E+01
2.43530000000000000E+02,0.00000000000000000E+00,5.87898269952440000E-03,8.99725581226733000E+01
2.43540000000000000E+02,0.00000000000000000E+00,5.81830672024848000E-03,8.99727021734726000E+01
2.43550000000000000E+02,0.00000000000000000E+00,5.75794924772798000E-03,8.99728454681052000E+01
2.43560000000000000E+02,0.00000000000000000E+00,5.69790861002363000E-03,8.99729880105405000E+01
2.43570000000000000E+02,0.00000000000000000E+00,5.63818314397266000E-03,8.99731298047270000E+01
2.43580000000000000E+02,0.00000000000000000E+00,5.57877119514276000E-03,8.99732708545924000E+01
2.43590000000000000E+02,0.00000000000000000E+00,5.51967111778623000E-03,8.99734111640441000E+01
2.43600000000000000E+02,0.00000000000000000E+00,5.46088127479443000E-03,8.99735507369685000E+01
2.43610000000000000E+02,0.00000000000000000E+00,5.40240003765236000E-03,8.99736895772320000E+01
2.43620000000000000E+02,0.00000000000000000E+00,5.34422578639364000E-03,8.99738276886806000E+01
2.43630000000000000E+02,0.00000000000000000E+00,5.28635690955555000E-03,8.99739650751399000E+01
2.43640000000000000E+02,0.00000000000000000E+00,5.22879180413445000E-03,8.99741017404158000E+01
2.43650000000000000E+02,0.00000000000000000E+00,5.17152887554135000E-03,8.99742376882938000E+01
2.43660000000000000E+02,0.00000000000000000E+00,5.11456653755775000E-03,8.99743729225399000E+01
2.43670000000000000E+02,0.00000000000000000E+00,5.05790321229169000E-03,8.99745074469001000E+01
2.43680000000000000E+02,0.00000000000000000E+00,5.00153733013405000E-03,8.99746412651009000E+01
2.43690000000000000E+02,0.00000000000000000E+00,4.94546732971506000E-03,8.99747743808490000E+01
2.43700000000000000E+02,0.00000000000000000E+00,4.88969165786108000E-03,8.99749067978319000E+01
2.43710000000000000E+02,0.00000000000000000E+00,4.83420876955152000E-03,8.99750385197176000E+01
2.43720000000000000E+02,0.00000000000000000E+00,4.77901712787610000E-03,8.99751695501548000E+01
2.43730000000000000E+02,0.00000000000000000E+00,4.72411520399224000E-03,8.99752998927733000E+01
2.43740000000000000E+02,0.00000000000000000E+00,4.66950147708273000E-03,8.99754295511835000E+01
2.43750000000000000E+02,0.00000000000000000E+00,4.61517443431359000E-03,8.99755585289771000E+01
2.43760000000000000E+02,0.00000000000000000E+00,4.56113257079217000E-03,8.99756868297269000E+01
2.43770000000000000E+02,0.00000000000000000E+00,4.50737438952545000E-03,8.99758144569868000E+01
2.43780000000000000E+02,0.00000000000000000E+00,4.45389840137860000E-03,8.99759414142922000E+01
2.43790000000000000E+02,0.00000000000000000E+00,4.40070312503370000E-03,8.99760677051600000E+01
2.43800000000000000E+02,0.00000000000000000E+00,4.34778708694874000E-03,8.99761933330884000E+01
2.43810000000000000E+02,0.00000000000000000E+00,4.29514882131675000E-03,8.99763183015574000E+01
2.43820000000000000E+02,0.00000000000000000E+00,4.24278687002527000E-03,8.99764426140287000E+01
2.43830000000000000E+02,0.00000000000000000E+00,4.19069978261587000E-03,8.99765662739459000E+01
2.43840000000000000E+02,0.00000000000000000E+00,4.13888611624407000E-03,8.99766892847344000E+01
2.43850000000000000E+02,0.00000000000000000E+00,4.08734443563929000E-03,8.99768116498016000E+01
2.43860000000000000E+02,0.00000000000000000E+00,4.03607331306512000E-03,8.99769333725373000E+01
2.43870000000000000E+02,0.00000000000000000E+00,3.98507132827980000E-03,8.99770544563131000E+01
2.43880000000000000E+02,0.00000000000000000E+00,3.93433706849683000E-03,8.99771749044831000E+01
2.43890000000000000E+02,0.00000000000000000E+00,3.88386912834586000E-03,8.99772947203840000E+01
2.43900000000000000E+02,0.00000000000000000E+00,3.83366610983378000E-03,8.99774139073345000E+01
2.43910000000000000E+02,0.00000000000000000E+00,3.78372662230595000E-03,8.99775324686363000E+01
2.43920000000000000E+02,0.00000000000000000E+00,3.73404928240771000E-03,8.99776504075737000E+01
2.43930000000000000E+02,0.00000000000000000E+00,3.68463271404604000E-03,8.99777677274135000E+01
2.43940000000000000E+02,0.00000000000000000E+00,3.63547554835148000E-03,8.99778844314056000E+01
2.43950000000000000E+02,0.00000000000000000E+00,3.58657642364016000E-03,8.99780005227828000E+01
2.43960000000000000E+02,0.00000000000000000E+00,3.53793398537611000E-03,8.99781160047609000E+01
2.43970000000000000E+02,0.00000000000000000E+00,3.48954688613373000E-03,8.99782308805388000E+01
2.43980000000000000E+02,0.00000000000000000E+00,3.44141378556048000E-03,8.99783451532986000E+01
2.43990000000000000E+02,0.00000000000000000E+00,3.39353335033974000E-03,8.99784588262058000E+01
2.44000000000000000E+02,0.00000000000000000E+00,3.34590425415386000E-03,8.99785719024092000E+01
2.44010000000000000E+02,0.00000000000000000E+00,3.29852517764745000E-03,8.99786843850411000E+01
2.44020000000000000E+02,0.00000000000000000E+00,3.25139480839082000E-03,8.99787962772172000E+01
2.44030000000000000E+02,0.00000000000000000E+00,3.20451184084361000E-03,8.99789075820371000E+01
2.44040000000000000E+02,0.00000000000000000E+00,3.15787497631866000E-03,8.99790183025840000E+01
2.44050000000000000E+02,0.00000000000000000E+00,3.11148292294600000E-03,8.99791284419249000E+01
2.44060000000000000E+02,0.00000000000000000E+00,3.06533439563710000E-03,8.99792380031108000E+01
2.44070000000000000E+02,0.00000000000000000E+00,3.01942811604923000E-03,8.99793469891765000E+01
2.44080000000000000E+02,0.00000000000000000E+00,2.97376281255008000E-03,8.99794554031411000E+01
2.44090000000000000E+02,0.00000000000000000E+00,2.92833722018252000E-03,8.99795632480076000E+01
2.44100000000000000E+02,0.00000000000000000E+00,2.88315008062959000E-03,8.99796705267635000E+01
2.44110000000000000E+02,0.00000000000000000E+00,2.83820014217960000E-03,8.99797772423804000E+01
2.44120000000000000E+02,0.00000000000000000E+00,2.79348615969148000E-03,8.99798833978145000E+01
2.44130000000000000E+02,0.00000000000000000E+00,2.74900689456028000E-03,8.99799889960062000E+01
2.44140000000000000E+02,0.00000000000000000E+00,2.70476111468288000E-03,8.99800940398807000E+01
2.44150000000000000E+02,0.00000000000000000E+00,2.66074759442383000E-03,8.99801985323479000E+01
2.44160000000000000E+02,0.00000000000000000E+00,2.61696511458144000E-03,8.99803024763021000E+01
2.44170000000000000E+02,0.00000000000000000E+00,2.57341246235396000E-03,8.99804058746228000E+01
2.44180000000000000E+02,0.00000000000000000E+00,2.53008843130600000E-03,8.99805087301741000E+01
2.44190000000000000E+02,0.00000000000000000E+00,2.48699182133515000E-03,8.99806110458052000E+01
2.44200000000000000E+02,0.00000000000000000E+00,2.44412143863867000E-03,8.99807128243503000E+01
2.44210000000000000E+02,0.00000000000000000E+00,2.40147609568048000E-03,8.99808140686287000E+01
2.44220000000000000E+02,0.00000000000000000E+00,2.35905461115823000E-03,8.99809147814449000E+01
2.44230000000000000E+02,0.00000000000000000E+00,2.31685580997058000E-03,8.99810149655888000E+01
2.44240000000000000E+02,0.00000000000000000E+00,2.27487852318467000E-03,8.99811146238355000E+01
2.44250000000000000E+02,0.00000000000000000E+00,2.23312158800372000E-03,8.99812137589456000E+01
2.44260000000000000E+02,0.00000000000000000E+00,2.19158384773482000E-03,8.99813123736653000E+01
2.44270000000000000E+02,0.00000000000000000E+00,2.15026415175690000E-03,8.99814104707261000E+01
2.44280000000000000E+02,0.00000000000000000E+00,2.10916135548886000E-03,8.99815080528455000E+01
2.44290000000000000E+02,0.00000000000000000E+00,2.06827432035783000E-03,8.99816051227265000E+01
2.44300000000000000E+02,0.00000000000000000E+00,2.02760191376769000E-03,8.99817016830581000E+01
2.44310000000000000E+02,0.00000000000000000E+00,1.98714300906763000E-03,8.99817977365150000E+01
2.44320000000000000E+02,0.00000000000000000E+00,1.94689648552101000E-03,8.99818932857579000E+01
2.44330000000000000E+02,0.00000000000000000E+00,1.90686122827424000E-03,8.99819883334336000E+01
2.44340000000000000E+02,0.00000000000000000E+00,1.86703612832598000E-03,8.99820828821751000E+01
2.44350000000000000E+02,0.00000000000000000E+00,1.82742008249633000E-03,8.99821769346013000E+01
2.44360000000000000E+02,0.00000000000000000E+00,1.78801199339637000E-03,8.99822704933176000E+01
2.44370000000000000E+02,0.00000000000000000E+00,1.74881076939765000E-03,8.99823635609157000E+01
2.44380000000000000E+02,0.00000000000000000E+00,1.70981532460207000E-03,8.99824561399734000E+01
2.44390000000000000E+02,0.00000000000000000E+00,1.67102457881171000E-03,8.99825482330554000E+01
2.44400000000000000E+02,0.00000000000000000E+00,1.63243745749894000E-03,8.99826398427127000E+01
2.44410000000000000E+02,0.00000000000000000E+00,1.59405289177665000E-03,8.99827309714829000E+01
2.44420000000000000E+02,0.00000000000000000E+00,1.55586981836866000E-03,8.99828216218903000E+01
2.44430000000000000E+02,0.00000000000000000E+00,1.51788717958024000E-03,8.99829117964461000E+01
2.44440000000000000E+02,0.00000000000000000E+00,1.48010392326884000E-03,8.99830014976480000E+01
2.44450000000000000E+02,0.00000000000000000E+00,1.44251900281490000E-03,8.99830907279809000E+01
2.44460000000000000E+02,0.00000000000000000E+00,1.40513137709290000E-03,8.99831794899166000E+01
2.44470000000000000E+02,0.00000000000000000E+00,1.36794001044252000E-03,8.99832677859137000E+01
2.44480000000000000E+02,0.00000000000000000E+00,1.33094387263991000E-03,8.99833556184181000E+01
2.44490000000000000E+02,0.00000000000000000E+00,1.29414193886920000E-03,8.99834429898629000E+01
2.44500000000000000E+02,0.00000000000000000E+00,1.25753318969409000E-03,8.99835299026683000E+01
2.44510000000000000E+02,0.00000000000000000E+00,1.22111661102960000E-03,8.99836163592418000E+01
2.44520000000000000E+02,0.00000000000000000E+00,1.18489119411401000E-03,8.99837023619784000E+01
2.44530000000000000E+02,0.00000000000000000E+00,1.14885593548087000E-03,8.99837879132603000E+01
2.44540000000000000E+02,0.00000000000000000E+00,1.11300983693127000E-03,8.99838730154573000E+01
2.44550000000000000E+02,0.00000000000000000E+00,1.07735190550612000E-03,8.99839576709270000E+01
2.44560000000000000E+02,0.00000000000000000E+00,1.04188115345869000E-03,8.99840418820142000E+01
2.44570000000000000E+02,0.00000000000000000E+00,1.00659659822723000E-03,8.99841256510517000E+01
2.44580000000000000E+02,0.00000000000000000E+00,9.71497262407769000E-04,8.99842089803599000E+01
2.44590000000000000E+02,0.00000000000000000E+00,9.36582173727004000E-04,8.99842918722471000E+01
2.44600000000000000E+02,0.00000000000000000E+00,9.01850365015411000E-04,8.99843743290094000E+01
2.44610000000000000E+02,0.00000000000000000E+00,8.67300874180429000E-04,8.99844563529311000E+01
2.44620000000000000E+02,0.00000000000000000E+00,8.32932744179813000E-04,8.99845379462841000E+01
2.44630000000000000E+02,0.00000000000000000E+00,7.98745022995128000E-04,8.99846191113286000E+01
2.44640000000000000E+02,0.00000000000000000E+00,7.64736763605373000E-04,8.99846998503131000E+01
2.44650000000000000E+02,0.00000000000000000E+00,7.30907023960749000E-04,8.99847801654739000E+01
2.44660000000000000E+02,0.00000000000000000E+00,6.97254866956566000E-04,8.99848600590359000E+01
2.44670000000000000E+02,0.00000000000000000E+00,6.63779360407282000E-04,8.99849395332122000E+01
2.44680000000000000E+02,0.00000000000000000E+00,6.30479577020681000E-04,8.99850185902043000E+01
2.44690000000000000E+02,0.00000000000000000E+00,5.97354594372189000E-04,8.99850972322020000E+01
2.44700000000000000E+02,0.00000000000000000E+00,5.64403494879319000E-04,8.99851754613839000E+01
2.44710000000000000E+02,0.00000000000000000E+00,5.31625365776255000E-04,8.99852532799169000E+01
2.44720000000000000E+02,0.00000000000000000E+00,4.99019299088567000E-04,8.99853306899566000E+01
2.44730000000000000E+02,0.00000000000000000E+00,4.66584391608064000E-04,8.99854076936474000E+01
2.44740000000000000E+02,0.00000000000000000E+00,4.34319744867765000E-04,8.99854842931223000E+01
2.44750000000000000E+02,0.00000000000000000E+00,4.02224465117021000E-04,8.99855604905031000E+01
2.44760000000000000E+02,0.00000000000000000E+00,3.70297663296752000E-04,8.99856362879006000E+01
2.44770000000000000E+02,0.00000000000000000E+00,3.38538455014820000E-04,8.99857116874144000E+01
2.44780000000000000E+02,0.00000000000000000E+00,3.06945960521533000E-04,8.99857866911331000E+01
2.44790000000000000E+02,0.00000000000000000E+00,2.75519304685272000E-04,8.99858613011344000E+01
2.44800000000000000E+02,0.00000000000000000E+00,2.44257616968254000E-04,8.99859355194850000E+01
2.44810000000000000E+02,0.00000000000000000E+00,2.13160031402412000E-04,8.99860093482408000E+01
2.44820000000000000E+02,0.00000000000000000E+00,1.82225686565412000E-04,8.99860827894469000E+01
2.44830000000000000E+02,0.00000000000000000E+00,1.51453725556788000E-04,8.99861558451376000E+01
2.44840000000000000E+02,0.00000000000000000E+00,1.20843295974206000E-04,8.99862285173367000E+01
2.44850000000000000E+02,0.00000000000000000E+00,9.03935498898555000E-05,8.99863008080572000E+01
2.44860000000000000E+02,0.00000000000000000E+00,6.01036438269531000E-05,8.99863727193017000E+01
2.44870000000000000E+02,0.00000000000000000E+00,2.99727387363862000E-05,8.99864442530620000E+01
2.44880000000000000E+02,0.00000000000000000E+00,-5.08888749034162000E-14,8.99865154113198000E+01
2.44890000000000000E+02,0.00000000000000000E+00,-2.98154027095740000E-05,8.99865861960462000E+01
2.44900000000000000E+02,0.00000000000000000E+00,-5.94742952594942000E-05,8.99866566092019000E+01
2.44910000000000000E+02,0.00000000000000000E+00,-8.89774991997568000E-05,8.99867266527374000E+01
2.44920000000000000E+02,0.00000000000000000E+00,-1.18325831856581000E-04,8.99867963285930000E+01
2.44930000000000000E+02,0.00000000000000000E+00,-1.47520106077967000E-04,8.99868656386987000E+01
2.44940000000000000E+02,0.00000000000000000E+00,-1.76561130691692000E-04,8.99869345849745000E+01
2.44950000000000000E+02,0.00000000000000000E+00,-2.05449710047313000E-04,8.99870031693303000E+01
2.44960000000000000E+02,0.00000000000000000E+00,-2.34186644423276000E-04,8.99870713936658000E+01
2.44970000000000000E+02,0.00000000000000000E+00,-2.62772729874251000E-04,8.99871392598709000E+01
2.44980000000000000E+02,0.00000000000000000E+00,-2.91208758231132000E-04,8.99872067698256000E+01
2.44990000000000000E+02,0.00000000000000000E+00,-3.19495517151925000E-04,8.99872739253999000E+01
2.45000000000000000E+02,0.00000000000000000E+00,-3.47633790274414000E-04,8.99873407284541000E+01
2.45010000000000000E+02,0.00000000000000000E+00,-3.75624356961719000E-04,8.99874071808386000E+01
2.45020000000000000E+02,0.00000000000000000E+00,-4.03467992658514000E-04,8.99874732843942000E+01
2.45030000000000000E+02,0.00000000000000000E+00,-4.31165468585701000E-04,8.99875390409521000E+01
2.45040000000000000E+02,0.00000000000000000E+00,-4.58717551994844000E-04,8.99876044523337000E+01
2.45050000000000000E+02,0.00000000000000000E+00,-4.86125006066402000E-04,8.99876695203510000E+01
2.45060000000000000E+02,0.00000000000000000E+00,-5.13388590113277000E-04,8.99877342468064000E+01
2.45070000000000000E+02,0.00000000000000000E+00,-5.40509059224594000E-04,8.99877986334929000E+01
2.45080000000000000E+02,0.00000000000000000E+00,-5.67487164672813000E-04,8.99878626821939000E+01
2.45090000000000000E+02,0.00000000000000000E+00,-5.94323653862842000E-04,8.99879263946838000E+01
2.45100000000000000E+02,0.00000000000000000E+00,-6.21019270128474000E-04,8.99879897727273000E+01
2.45110000000000000E+02,0.00000000000000000E+00,-6.47574752885062000E-04,8.99880528180801000E+01
2.45120000000000000E+02,0.00000000000000000E+00,-6.73990837833072000E-04,8.99881155324886000E+01
2.45130000000000000E+02,0.00000000000000000E+00,-7.00268256703635000E-04,8.99881779176900000E+01
2.45140000000000000E+02,0.00000000000000000E+00,-7.26407737309440000E-04,8.99882399754124000E+01
2.45150000000000000E+02,0.00000000000000000E+00,-7.52410003850065000E-04,8.99883017073749000E+01
2.45160000000000000E+02,0.00000000000000000E+00,-7.78275776555758000E-04,8.99883631152874000E+01
2.45170000000000000E+02,0.00000000000000000E+00,-8.04005771890988000E-04,8.99884242008510000E+01
2.45180000000000000E+02,0.00000000000000000E+00,-8.29600702605337000E-04,8.99884849657579000E+01
2.45190000000000000E+02,0.00000000000000000E+00,-8.55061277733499000E-04,8.99885454116911000E+01
2.45200000000000000E+02,0.00000000000000000E+00,-8.80388202493503000E-04,8.99886055403252000E+01
2.45210000000000000E+02,0.00000000000000000E+00,-9.05582178490266000E-04,8.99886653533258000E+01
2.45220000000000000E+02,0.00000000000000000E+00,-9.30643903664708000E-04,8.99887248523496000E+01
2.45230000000000000E+02,0.00000000000000000E+00,-9.55574072141083000E-04,8.99887840390449000E+01
2.45240000000000000E+02,0.00000000000000000E+00,-9.80373374532312000E-04,8.99888429150511000E+01
2.45250000000000000E+02,0.00000000000000000E+00,-1.00504249783820000E-03,8.99889014819991000E+01
2.45260000000000000E+02,0.00000000000000000E+00,-1.02958212534368000E-03,8.99889597415114000E+01
2.45270000000000000E+02,0.00000000000000000E+00,-1.05399293687323000E-03,8.99890176952017000E+01
2.45280000000000000E+02,0.00000000000000000E+00,-1.07827560858733000E-03,8.99890753446753000E+01
2.45290000000000000E+02,0.00000000000000000E+00,-1.10243081313513000E-03,8.99891326915293000E+01
2.45300000000000000E+02,0.00000000000000000E+00,-1.12645921965444000E-03,8.99891897373520000E+01
2.45310000000000000E+02,0.00000000000000000E+00,-1.15036149366998000E-03,8.99892464837239000E+01
2.45320000000000000E+02,0.00000000000000000E+00,-1.17413829739866000E-03,8.99893029322167000E+01
2.45330000000000000E+02,0.00000000000000000E+00,-1.19779028939341000E-03,8.99893590843940000E+01
2.45340000000000000E+02,0.00000000000000000E+00,-1.22131812489941000E-03,8.99894149418115000E+01
2.45350000000000000E+02,0.00000000000000000E+00,-1.24472245554867000E-03,8.99894705060163000E+01
2.45360000000000000E+02,0.00000000000000000E+00,-1.26800392976726000E-03,8.99895257785477000E+01
2.45370000000000000E+02,0.00000000000000000E+00,-1.29116319236810000E-03,8.99895807609366000E+01
2.45380000000000000E+02,0.00000000000000000E+00,-1.31420088495813000E-03,8.99896354547061000E+01
2.45390000000000000E+02,0.00000000000000000E+00,-1.33711764563294000E-03,8.99896898613714000E+01
2.45400000000000000E+02,0.00000000000000000E+00,-1.35991410923127000E-03,8.99897439824394000E+01
2.45410000000000000E+02,0.00000000000000000E+00,-1.38259090723314000E-03,8.99897978194094000E+01
2.45420000000000000E+02,0.00000000000000000E+00,-1.40514866781085000E-03,8.99898513737727000E+01
2.45430000000000000E+02,0.00000000000000000E+00,-1.42758801577798000E-03,8.99899046470128000E+01
2.45440000000000000E+02,0.00000000000000000E+00,-1.44990957274215000E-03,8.99899576406054000E+01
2.45450000000000000E+02,0.00000000000000000E+00,-1.47211395710497000E-03,8.99900103560184000E+01
2.45460000000000000E+02,0.00000000000000000E+00,-1.49420178380760000E-03,8.99900627947121000E+01
2.45470000000000000E+02,0.00000000000000000E+00,-1.51617366478876000E-03,8.99901149581391000E+01
2.45480000000000000E+02,0.00000000000000000E+00,-1.53803020862851000E-03,8.99901668477443000E+01
2.45490000000000000E+02,0.00000000000000000E+00,-1.55977202080267000E-03,8.99902184649651000E+01
2.45500000000000000E+02,0.00000000000000000E+00,-1.58139970353021000E-03,8.99902698112314000E+01
2.45510000000000000E+02,0.00000000000000000E+00,-1.60291385597672000E-03,8.99903208879654000E+01
2.45520000000000000E+02,0.00000000000000000E+00,-1.62431507405093000E-03,8.99903716965820000E+01
2.45530000000000000E+02,0.00000000000000000E+00,-1.64560395060824000E-03,8.99904222384887000E+01
2.45540000000000000E+02,0.00000000000000000E+00,-1.66678107534893000E-03,8.99904725150855000E+01
2.45550000000000000E+02,0.00000000000000000E+00,-1.68784703486906000E-03,8.99905225277650000E+01
2.45560000000000000E+02,0.00000000000000000E+00,-1.70880241276225000E-03,8.99905722779127000E+01
2.45570000000000000E+02,0.00000000000000000E+00,-1.72964778941611000E-03,8.99906217669067000E+01
2.45580000000000000E+02,0.00000000000000000E+00,-1.75038374236849000E-03,8.99906709961178000E+01
2.45590000000000000E+02,0.00000000000000000E+00,-1.77101084595122000E-03,8.99907199669098000E+01
2.45600000000000000E+02,0.00000000000000000E+00,-1.79152967159550000E-03,8.99907686806391000E+01
2.45610000000000000E+02,0.00000000000000000E+00,-1.81194078762826000E-03,8.99908171386551000E+01
2.45620000000000000E+02,0.00000000000000000E+00,-1.83224475947580000E-03,8.99908653423003000E+01
2.45630000000000000E+02,0.00000000000000000E+00,-1.85244214956196000E-03,8.99909132929097000E+01
2.45640000000000000E+02,0.00000000000000000E+00,-1.87253351735905000E-03,8.99909609918118000E+01
2.45650000000000000E+02,0.00000000000000000E+00,-1.89251941948956000E-03,8.99910084403277000E+01
2.45660000000000000E+02,0.00000000000000000E+00,-1.91240040947179000E-03,8.99910556397719000E+01
2.45670000000000000E+02,0.00000000000000000E+00,-1.93217703802514000E-03,8.99911025914518000E+01
2.45680000000000000E+02,0.00000000000000000E+00,-1.95184985307014000E-03,8.99911492966680000E+01
2.45690000000000000E+02,0.00000000000000000E+00,-1.97141939947397000E-03,8.99911957567142000E+01
2.45700000000000000E+02,0.00000000000000000E+00,-1.99088621935580000E-03,8.99912419728774000E+01
2.45710000000000000E+02,0.00000000000000000E+00,-2.01025085198505000E-03,8.99912879464379000E+01
2.45720000000000000E+02,0.00000000000000000E+00,-2.02951383367957000E-03,8.99913336786691000E+01
2.45730000000000000E+02,0.00000000000000000E+00,-2.04867569811099000E-03,8.99913791708379000E+01
2.45740000000000000E+02,0.00000000000000000E+00,-2.06773697610116000E-03,8.99914244242043000E+01
2.45750000000000000E+02,0.00000000000000000E+00,-2.08669819557128000E-03,8.99914694400220000E+01
2.45760000000000000E+02,0.00000000000000000E+00,-2.10555988184719000E-03,8.99915142195380000E+01
2.45770000000000000E+02,0.00000000000000000E+00,-2.12432255735410000E-03,8.99915587639926000E+01
2.45780000000000000E+02,0.00000000000000000E+00,-2.14298674182007000E-03,8.99916030746197000E+01
2.45790000000000000E+02,0.00000000000000000E+00,-2.16155295232697000E-03,8.99916471526468000E+01
2.45800000000000000E+02,0.00000000000000000E+00,-2.18002170305598000E-03,8.99916909992948000E+01
2.45810000000000000E+02,0.00000000000000000E+00,-2.19839350574564000E-03,8.99917346157784000E+01
2.45820000000000000E+02,0.00000000000000000E+00,-2.21666886918291000E-03,8.99917780033058000E+01
2.45830000000000000E+02,0.00000000000000000E+00,-2.23484829966122000E-03,8.99918211630788000E+01
2.45840000000000000E+02,0.00000000000000000E+00,-2.25293230072597000E-03,8.99918640962929000E+01
2.45850000000000000E+02,0.00000000000000000E+00,-2.27092137337815000E-03,8.99919068041375000E+01
2.45860000000000000E+02,0.00000000000000000E+00,-2.28881601587072000E-03,8.99919492877955000E+01
2.45870000000000000E+02,0.00000000000000000E+00,-2.30661672396311000E-03,8.99919915484438000E+01
2.45880000000000000E+02,0.00000000000000000E+00,-2.32432399066673000E-03,8.99920335872531000E+01
2.45890000000000000E+02,0.00000000000000000E+00,-2.34193830649945000E-03,8.99920754053879000E+01
2.45900000000000000E+02,0.00000000000000000E+00,-2.35946015943470000E-03,8.99921170040064000E+01
2.45910000000000000E+02,0.00000000000000000E+00,-2.37689003479966000E-03,8.99921583842611000E+01
2.45920000000000000E+02,0.00000000000000000E+00,-2.39422841542800000E-03,8.99921995472982000E+01
2.45930000000000000E+02,0.00000000000000000E+00,-2.41147578155801000E-03,8.99922404942580000E+01
2.45940000000000000E+02,0.00000000000000000E+00,-2.42863261103624000E-03,8.99922812262746000E+01
2.45950000000000000E+02,0.00000000000000000E+00,-2.44569937906300000E-03,8.99923217444764000E+01
2.45960000000000000E+02,0.00000000000000000E+00,-2.46267655839593000E-03,8.99923620499859000E+01
2.45970000000000000E+02,0.00000000000000000E+00,-2.47956461935002000E-03,8.99924021439193000E+01
2.45980000000000000E+02,0.00000000000000000E+00,-2.49636402969581000E-03,8.99924420273875000E+01
2.45990000000000000E+02,0.00000000000000000E+00,-2.51307525481206000E-03,8.99924817014952000E+01
2.46000000000000000E+02,0.00000000000000000E+00,-2.52969875763486000E-03,8.99925211673413000E+01
2.46010000000000000E+02,0.00000000000000000E+00,-2.54623499855586000E-03,8.99925604260192000E+01
2.46020000000000000E+02,0.00000000000000000E+00,-2.56268443572761000E-03,8.99925994786162000E+01
2.46030000000000000E+02,0.00000000000000000E+00,-2.57904752475820000E-03,8.99926383262143000E+01
2.46040000000000000E+02,0.00000000000000000E+00,-2.59532471896573000E-03,8.99926769698895000E+01
2.46050000000000000E+02,0.00000000000000000E+00,-2.61151646917474000E-03,8.99927154107121000E+01
2.46060000000000000E+02,0.00000000000000000E+00,-2.62762322391978000E-03,8.99927536497472000E+01
2.46070000000000000E+02,0.00000000000000000E+00,-2.64364542944538000E-03,8.99927916880538000E+01
2.46080000000000000E+02,0.00000000000000000E+00,-2.65958352950255000E-03,8.99928295266858000E+01
2.46090000000000000E+02,0.00000000000000000E+00,-2.67543796555226000E-03,8.99928671666913000E+01
2.46100000000000000E+02,0.00000000000000000E+00,-2.69120917686729000E-03,8.99929046091128000E+01
2.46110000000000000E+02,0.00000000000000000E+00,-2.70689760027774000E-03,8.99929418549877000E+01
2.46120000000000000E+02,0.00000000000000000E+00,-2.72250367037460000E-03,8.99929789053475000E+01
2.46130000000000000E+02,0.00000000000000000E+00,-2.73802781940797000E-03,8.99930157612187000E+01
2.46140000000000000E+02,0.00000000000000000E+00,-2.75347047743974000E-03,8.99930524236222000E+01
2.46150000000000000E+02,0.00000000000000000E+00,-2.76883207224178000E-03,8.99930888935735000E+01
2.46160000000000000E+02,0.00000000000000000E+00,-2.78411302934688000E-03,8.99931251720829000E+01
2.46170000000000000E+02,0.00000000000000000E+00,-2.79931377204869000E-03,8.99931612601553000E+01
2.46180000000000000E+02,0.00000000000000000E+00,-2.81443472140176000E-03,8.99931971587904000E+01
2.46190000000000000E+02,0.00000000000000000E+00,-2.82947629627242000E-03,8.99932328689826000E+01
2.46200000000000000E+02,0.00000000000000000E+00,-2.84443891328789000E-03,8.99932683917211000E+01
2.46210000000000000E+02,0.00000000000000000E+00,-2.85932298698895000E-03,8.99933037279899000E+01
2.46220000000000000E+02,0.00000000000000000E+00,-2.87412892962637000E-03,8.99933388787678000E+01
2.46230000000000000E+02,0.00000000000000000E+00,-2.88885715136448000E-03,8.99933738450285000E+01
2.46240000000000000E+02,0.00000000000000000E+00,-2.90350806012851000E-03,8.99934086277406000E+01
2.46250000000000000E+02,0.00000000000000000E+00,-2.91808206185901000E-03,8.99934432278677000E+01
2.46260000000000000E+02,0.00000000000000000E+00,-2.93257956015564000E-03,8.99934776463681000E+01
2.46270000000000000E+02,0.00000000000000000E+00,-2.94700095663341000E-03,8.99935118841953000E+01
2.46280000000000000E+02,0.00000000000000000E+00,-2.96134665082087000E-03,8.99935459422977000E+01
2.46290000000000000E+02,0.00000000000000000E+00,-2.97561704010925000E-03,8.99935798216186000E+01
2.46300000000000000E+02,0.00000000000000000E+00,-2.98981251970155000E-03,8.99936135230967000E+01
2.46310000000000000E+02,0.00000000000000000E+00,-3.00393348291788000E-03,8.99936470476655000E+01
2.46320000000000000E+02,0.00000000000000000E+00,-3.01798032089014000E-03,8.99936803962535000E+01
2.46330000000000000E+02,0.00000000000000000E+00,-3.03195342271467000E-03,8.99937135697846000E+01
2.46340000000000000E+02,0.00000000000000000E+00,-3.04585317545224000E-03,8.99937465691777000E+01
2.46350000000000000E+02,0.00000000000000000E+00,-3.05967996412809000E-03,8.99937793953468000E+01
2.46360000000000000E+02,0.00000000000000000E+00,-3.07343417178277000E-03,8.99938120492014000E+01
2.46370000000000000E+02,0.00000000000000000E+00,-3.08711617942130000E-03,8.99938445316460000E+01
2.46380000000000000E+02,0.00000000000000000E+00,-3.10072636596223000E-03,8.99938768435802000E+01
2.46390000000000000E+02,0.00000000000000000E+00,-3.11426510849213000E-03,8.99939089858993000E+01
2.46400000000000000E+02,0.00000000000000000E+00,-3.12773278206200000E-03,8.99939409594935000E+01
2.46410000000000000E+02,0.00000000000000000E+00,-3.14112975968731000E-03,8.99939727652485000E+01
2.46420000000000000E+02,0.00000000000000000E+00,-3.15445641244971000E-03,8.99940044040454000E+01
2.46430000000000000E+02,0.00000000000000000E+00,-3.16771310954801000E-03,8.99940358767606000E+01
2.46440000000000000E+02,0.00000000000000000E+00,-3.18090021824722000E-03,8.99940671842659000E+01
2.46450000000000000E+02,0.00000000000000000E+00,-3.19401810372589000E-03,8.99940983274285000E+01
2.46460000000000000E+02,0.00000000000000000E+00,-3.20706712943237000E-03,8.99941293071112000E+01
2.46470000000000000E+02,0.00000000000000000E+00,-3.22004765683035000E-03,8.99941601241720000E+01
2.46480000000000000E+02,0.00000000000000000E+00,-3.23296004544972000E-03,8.99941907794647000E+01
2.46490000000000000E+02,0.00000000000000000E+00,-3.24580465298838000E-03,8.99942212738383000E+01
2.46500000000000000E+02,0.00000000000000000E+00,-3.25858183526135000E-03,8.99942516081377000E+01
2.46510000000000000E+02,0.00000000000000000E+00,-3.27129194620075000E-03,8.99942817832030000E+01
2.46520000000000000E+02,0.00000000000000000E+00,-3.28393533790672000E-03,8.99943117998703000E+01
2.46530000000000000E+02,0.00000000000000000E+00,-3.29651236059647000E-03,8.99943416589708000E+01
2.46540000000000000E+02,0.00000000000000000E+00,-3.30902336260438000E-03,8.99943713613319000E+01
2.46550000000000000E+02,0.00000000000000000E+00,-3.32146869058544000E-03,8.99944009077761000E+01
2.46560000000000000E+02,0.00000000000000000E+00,-3.33384868921001000E-03,8.99944302991221000E+01
2.46570000000000000E+02,0.00000000000000000E+00,-3.34616370141822000E-03,8.99944595361839000E+01
2.46580000000000000E+02,0.00000000000000000E+00,-3.35841406841997000E-03,8.99944886197714000E+01
2.46590000000000000E+02,0.00000000000000000E+00,-3.37060012949139000E-03,8.99945175506903000E+01
2.46600000000000000E+02,0.00000000000000000E+00,-3.38272222217840000E-03,8.99945463297419000E+01
2.46610000000000000E+02,0.00000000000000000E+00,-3.39478068229667000E-03,8.99945749577235000E+01
2.46620000000000000E+02,0.00000000000000000E+00,-3.40677584388078000E-03,8.99946034354281000E+01
2.46630000000000000E+02,0.00000000000000000E+00,-3.41870803918420000E-03,8.99946317636445000E+01
2.46640000000000000E+02,0.00000000000000000E+00,-3.43057759878105000E-03,8.99946599431575000E+01
2.46650000000000000E+02,0.00000000000000000E+00,-3.44238485141347000E-03,8.99946879747476000E+01
2.46660000000000000E+02,0.00000000000000000E+00,-3.45413012414425000E-03,8.99947158591913000E+01
2.46670000000000000E+02,0.00000000000000000E+00,-3.46581374240776000E-03,8.99947435972610000E+01
2.46680000000000000E+02,0.00000000000000000E+00,-3.47743602975546000E-03,8.99947711897251000E+01
2.46690000000000000E+02,0.00000000000000000E+00,-3.47743602975546000E-03,8.99947711897251000E+01
2.46700000000000000E+02,0.00000000000000000E+00,-3.47743602975546000E-03,8.99947711897251000E+01
2.46710000000000000E+02,0.00000000000000000E+00,-3.47743602975546000E-03,8.99947711897251000E+01
2.46720000000000000E+02,0.00000000000000000E+00,-3.47743602975546000E-03,8.99947711897251000E+01
2.46730000000000000E+02,0.00000000000000000E+00,-3.47743602975546000E-03,8.99947711897251000E+01
2.46740000000000000E+02,0.00000000000000000E+00,-3.47743602975546000E-03,8.99947711897251000E+01
2.46750000000000000E+02,0.00000000000000000E+00,-3.47743602975546000E-03,8.99947711897251000E+01
2.46760000000000000E+02,0.00000000000000000E+00,-3.47743602975546000E-03,8.99947711897251000E+01
2.46770000000000000E+02,0.00000000000000000E+00,-3.47743602975546000E-03,8.99947711897251000E+01
2.46780000000000000E+02,0.00000000000000000E+00,-3.47743602975546000E-03,8.99947711897251000E+01
2.46790000000000000E+02,0.00000000000000000E+00,-3.47743602975546000E-03,8.99947711897251000E+01
2.46800000000000000E+02,0.00000000000000000E+00,-3.47743602975546000E-03,8.99947711897251000E+01
2.46810000000000000E+02,0.00000000000000000E+00,-3.47743602975546000E-03,8.99947711897251000E+01
2.46820000000000000E+02,0.00000000000000000E+00,-3.47743602975546000E-03,8.99947711897251000E+01
2.46830000000000000E+02,0.00000000000000000E+00,-3.47743602975546000E-03,8.99947711897251000E+01
2.46840000000000000E+02,0.00000000000000000E+00,-3.47743602975546000E-03,8.99947711897251000E+01
2.46850000000000000E+02,0.00000000000000000E+00,-3.47743602975546000E-03,8.99947711897251000E+01
2.46860000000000000E+02,0.00000000000000000E+00,-3.47743602975546000E-03,8.99947711897251000E+01
2.46870000000000000E+02,0.00000000000000000E+00,-3.47743602975546000E-03,8.99947711897251000E+01
2.46880000000000000E+02,0.00000000000000000E+00,-3.47743602975546000E-03,8.99947711897251000E+01
2.46890000000000000E+02,0.00000000000000000E+00,-3.47743602975546000E-03,8.99947711897251000E+01
2.46900000000000000E+02,0.00000000000000000E+00,-3.47743602975546000E-03,8.99947711897251000E+01
2.46910000000000000E+02,0.00000000000000000E+00,-3.47743602975546000E-03,8.99947711897251000E+01
2.46920000000000000E+02,0.00000000000000000E+00,-3.47743602975546000E-03,8.99947711897251000E+01
2.46930000000000000E+02,0.00000000000000000E+00,-3.47743602975546000E-03,8.99947711897251000E+01
2.46940000000000000E+02,0.00000000000000000E+00,-3.47743602975546000E-03,8.99947711897251000E+01
2.46950000000000000E+02,0.00000000000000000E+00,-3.47743602975546000E-03,8.99947711897251000E+01
2.46960000000000000E+02,0.00000000000000000E+00,-3.47743602975546000E-03,8.99947711897251000E+01
2.46970000000000000E+02,0.00000000000000000E+00,-3.47743602975546000E-03,8.99947711897251000E+01
2.46980000000000000E+02,0.00000000000000000E+00,-3.47743602975546000E-03,8.99947711897251000E+01
2.46990000000000000E+02,0.00000000000000000E+00,-3.47743602975546000E-03,8.99947711897251000E+01
2.47000000000000000E+02,0.00000000000000000E+00,-3.47743602975546000E-03,8.99947711897251000E+01
2.47010000000000000E+02,0.00000000000000000E+00,-3.47743602975546000E-03,8.99947711897251000E+01
2.47020000000000000E+02,0.00000000000000000E+00,-3.47743602975546000E-03,8.99947711897251000E+01
2.47030000000000000E+02,0.00000000000000000E+00,-3.47743602975546000E-03,8.99947711897251000E+01
2.47040000000000000E+02,0.00000000000000000E+00,-3.47743602975546000E-03,8.99947711897251000E+01
2.47050000000000000E+02,0.00000000000000000E+00,-3.47743602975546000E-03,8.99947711897251000E+01
2.47060000000000000E+02,0.00000000000000000E+00,-3.47743602975546000E-03,8.99947711897251000E+01
2.47070000000000000E+02,0.00000000000000000E+00,-3.47743602975546000E-03,8.99947711897251000E+01
2.47080000000000000E+02,0.00000000000000000E+00,-3.47743602975546000E-03,8.99947711897251000E+01
2.47090000000000000E+02,0.00000000000000000E+00,-3.47743602975546000E-03,8.99947711897251000E+01
2.47100000000000000E+02,0.00000000000000000E+00,-3.47743602975546000E-03,8.99947711897251000E+01
2.47110000000000000E+02,0.00000000000000000E+00,-3.47743602975546000E-03,8.99947711897251000E+01
2.47120000000000000E+02,0.00000000000000000E+00,-3.47743602975546000E-03,8.99947711897251000E+01
2.47130000000000000E+02,0.00000000000000000E+00,-3.47743602975546000E-03,8.99947711897251000E+01
2.47140000000000000E+02,0.00000000000000000E+00,-3.47743602975546000E-03,8.99947711897251000E+01
2.47150000000000000E+02,0.00000000000000000E+00,-3.47743602975546000E-03,8.99947711897251000E+01
2.47160000000000000E+02,0.00000000000000000E+00,-3.47743602975546000E-03,8.99947711897251000E+01
2.47170000000000000E+02,0.00000000000000000E+00,-3.47743602975546000E-03,8.99947711897251000E+01
2.47180000000000000E+02,0.00000000000000000E+00,-3.47743602975546000E-03,8.99947711897251000E+01
2.47190000000000000E+02,0.00000000000000000E+00,-3.47743602975546000E-03,8.99947711897251000E+01
2.47200000000000000E+02,0.00000000000000000E+00,-3.47743602975546000E-03,8.99947711897251000E+01
2.47210000000000000E+02,0.00000000000000000E+00,-3.47743602975546000E-03,8.99947711897251000E+01
2.47220000000000000E+02,0.00000000000000000E+00,-3.47743602975546000E-03,8.99947711897251000E+01
2.47230000000000000E+02,0.00000000000000000E+00,-3.47743602975546000E-03,8.99947711897251000E+01
2.47240000000000000E+02,0.00000000000000000E+00,-3.47743602975546000E-03,8.99947711897251000E+01
2.47250000000000000E+02,0.00000000000000000E+00,-3.47743602975546000E-03,8.99947711897251000E+01
2.47260000000000000E+02,0.00000000000000000E+00,-3.47743602975546000E-03,8.99947711897251000E+01
2.47270000000000000E+02,0.00000000000000000E+00,-3.47743602975546000E-03,8.99947711897251000E+01
2.47280000000000000E+02,0.00000000000000000E+00,-3.47743602975546000E-03,8.99947711897251000E+01
2.47290000000000000E+02,0.00000000000000000E+00,-3.47743602975546000E-03,8.99947711897251000E+01
2.47300000000000000E+02,0.00000000000000000E+00,-3.47743602975546000E-03,8.99947711897251000E+01
2.47310000000000000E+02,0.00000000000000000E+00,-3.47743602975546000E-03,8.99947711897251000E+01
2.47320000000000000E+02,0.00000000000000000E+00,-3.47743602975546000E-03,8.99947711897251000E+01
2.47330000000000000E+02,0.00000000000000000E+00,-3.47743602975546000E-03,8.99947711897251000E+01
2.47340000000000000E+02,0.00000000000000000E+00,-3.47743602975546000E-03,8.99947711897251000E+01
2.47350000000000000E+02,0.00000000000000000E+00,-3.47743602975546000E-03,8.99947711897251000E+01
2.47360000000000000E+02,0.00000000000000000E+00,-3.47743602975546000E-03,8.99947711897251000E+01
2.47370000000000000E+02,0.00000000000000000E+00,-3.47743602975546000E-03,8.99947711897251000E+01
2.47380000000000000E+02,0.00000000000000000E+00,-3.47743602975546000E-03,8.99947711897251000E+01
2.47390000000000000E+02,0.00000000000000000E+00,-3.47743602975546000E-03,8.99947711897251000E+01
2.47400000000000000E+02,0.00000000000000000E+00,-3.47743602975546000E-03,8.99947711897251000E+01
2.47410000000000000E+02,0.00000000000000000E+00,-3.47743602975546000E-03,8.99947711897251000E+01
2.47420000000000000E+02,0.00000000000000000E+00,-3.47743602975546000E-03,8.99947711897251000E+01
2.47430000000000000E+02,0.00000000000000000E+00,-3.47743602975546000E-03,8.99947711897251000E+01
2.47440000000000000E+02,0.00000000000000000E+00,-3.47743602975546000E-03,8.99947711897251000E+01
2.47450000000000000E+02,0.00000000000000000E+00,-3.47743602975546000E-03,8.99947711897251000E+01
2.47460000000000000E+02,0.00000000000000000E+00,-3.47743602975546000E-03,8.99947711897251000E+01
2.47470000000000000E+02,0.00000000000000000E+00,-3.47743602975546000E-03,8.99947711897251000E+01
2.47480000000000000E+02,0.00000000000000000E+00,-3.47743602975546000E-03,8.99947711897251000E+01
2.47490000000000000E+02,0.00000000000000000E+00,-3.47743602975546000E-03,8.99947711897251000E+01
2.47500000000000000E+02,0.00000000000000000E+00,-3.47743602975546000E-03,8.99947711897251000E+01
2.47510000000000000E+02,0.00000000000000000E+00,-3.47743602975546000E-03,8.99947711897251000E+01
2.47520000000000000E+02,0.00000000000000000E+00,-3.47743602975546000E-03,8.99947711897251000E+01
2.47530000000000000E+02,0.00000000000000000E+00,-3.47743602975546000E-03,8.99947711897251000E+01
2.47540000000000000E+02,0.00000000000000000E+00,-3.47743602975546000E-03,8.99947711897251000E+01
2.47550000000000000E+02,0.00000000000000000E+00,-3.47743602975546000E-03,8.99947711897251000E+01
2.47560000000000000E+02,0.00000000000000000E+00,-3.47743602975546000E-03,8.99947711897251000E+01
2.47570000000000000E+02,0.00000000000000000E+00,-3.47743602975546000E-03,8.99947711897251000E+01
2.47580000000000000E+02,0.00000000000000000E+00,-3.47743602975546000E-03,8.99947711897251000E+01
2.47590000000000000E+02,0.00000000000000000E+00,-3.47743602975546000E-03,8.99947711897251000E+01
2.47600000000000000E+02,0.00000000000000000E+00,-3.47743602975546000E-03,8.99947711897251000E+01
2.47610000000000000E+02,0.00000000000000000E+00,-3.47743602975546000E-03,8.99947711897251000E+01
2.47620000000000000E+02,0.00000000000000000E+00,-3.47743602975546000E-03,8.99947711897251000E+01
2.47630000000000000E+02,0.00000000000000000E+00,-3.47743602975546000E-03,8.99947711897251000E+01
2.47640000000000000E+02,0.00000000000000000E+00,-3.47743602975546000E-03,8.99947711897251000E+01
2.47650000000000000E+02,0.00000000000000000E+00,-3.47743602975546000E-03,8.99947711897251000E+01
2.47660000000000000E+02,0.00000000000000000E+00,-3.47743602975546000E-03,8.99947711897251000E+01
2.47670000000000000E+02,0.00000000000000000E+00,-3.47743602975546000E-03,8.99947711897251000E+01
2.47680000000000000E+02,0.00000000000000000E+00,-3.47743602975546000E-03,8.99947711897251000E+01
2.47690000000000000E+02,0.00000000000000000E+00,-3.47743602975546000E-03,8.99947711897251000E+01
2.47700000000000000E+02,0.00000000000000000E+00,-3.47743602975546000E-03,8.99947711897251000E+01
2.47710000000000000E+02,0.00000000000000000E+00,-3.47743602975546000E-03,8.99947711897251000E+01
2.47720000000000000E+02,0.00000000000000000E+00,-3.47743602975546000E-03,8.99947711897251000E+01
2.47730000000000000E+02,0.00000000000000000E+00,-3.47743602975546000E-03,8.99947711897251000E+01
2.47740000000000000E+02,0.00000000000000000E+00,-3.47743602975546000E-03,8.99947711897251000E+01
2.47750000000000000E+02,0.00000000000000000E+00,-3.47743602975546000E-03,8.99947711897251000E+01
2.47760000000000000E+02,0.00000000000000000E+00,-3.47743602975546000E-03,8.99947711897251000E+01
2.47770000000000000E+02,0.00000000000000000E+00,-3.47743602975546000E-03,8.99947711897251000E+01
2.47780000000000000E+02,0.00000000000000000E+00,-3.47743602975546000E-03,8.99947711897251000E+01
2.47790000000000000E+02,0.00000000000000000E+00,-3.47743602975546000E-03,8.99947711897251000E+01
2.47800000000000000E+02,0.00000000000000000E+00,-3.47743602975546000E-03,8.99947711897251000E+01
2.47810000000000000E+02,0.00000000000000000E+00,-3.47743602975546000E-03,8.99947711897251000E+01
2.47820000000000000E+02,0.00000000000000000E+00,-3.47743602975546000E-03,8.99947711897251000E+01
2.47830000000000000E+02,0.00000000000000000E+00,-3.47743602975546000E-03,8.99947711897251000E+01
2.47840000000000000E+02,0.00000000000000000E+00,-3.47743602975546000E-03,8.99947711897251000E+01
2.47850000000000000E+02,0.00000000000000000E+00,-3.47743602975546000E-03,8.99947711897251000E+01
2.47860000000000000E+02,0.00000000000000000E+00,-3.47743602975546000E-03,8.99947711897251000E+01
2.47870000000000000E+02,0.00000000000000000E+00,-3.47743602975546000E-03,8.99947711897251000E+01
2.47880000000000000E+02,0.00000000000000000E+00,-3.47743602975546000E-03,8.99947711897251000E+01
2.47890000000000000E+02,0.00000000000000000E+00,-3.47743602975546000E-03,8.99947711897251000E+01
2.47900000000000000E+02,0.00000000000000000E+00,-3.47743602975546000E-03,8.99947711897251000E+01
2.47910000000000000E+02,0.00000000000000000E+00,-3.47743602975546000E-03,8.99947711897251000E+01
2.47920000000000000E+02,0.00000000000000000E+00,-3.47743602975546000E-03,8.99947711897251000E+01
2.47930000000000000E+02,0.00000000000000000E+00,-3.47743602975546000E-03,8.99947711897251000E+01
2.47940000000000000E+02,0.00000000000000000E+00,-3.47743602975546000E-03,8.99947711897251000E+01
2.47950000000000000E+02,0.00000000000000000E+00,-3.47743602975546000E-03,8.99947711897251000E+01
2.47960000000000000E+02,0.00000000000000000E+00,-3.47743602975546000E-03,8.99947711897251000E+01
2.47970000000000000E+02,0.00000000000000000E+00,-3.47743602975546000E-03,8.99947711897251000E+01
2.47980000000000000E+02,0.00000000000000000E+00,-3.47743602975546000E-03,8.99947711897251000E+01
2.47990000000000000E+02,0.00000000000000000E+00,-3.47743602975546000E-03,8.99947711897251000E+01
2.48000000000000000E+02,0.00000000000000000E+00,-3.47743602975546000E-03,8.99947711897251000E+01
2.48010000000000000E+02,0.00000000000000000E+00,-3.47743602975546000E-03,8.99947711897251000E+01
2.48020000000000000E+02,0.00000000000000000E+00,-3.47743602975546000E-03,8.99947711897251000E+01
2.48030000000000000E+02,0.00000000000000000E+00,-3.47743602975546000E-03,8.99947711897251000E+01
2.48040000000000000E+02,0.00000000000000000E+00,-3.47743602975546000E-03,8.99947711897251000E+01
2.48050000000000000E+02,0.00000000000000000E+00,-3.47743602975546000E-03,8.99947711897251000E+01
2.48060000000000000E+02,0.00000000000000000E+00,-3.47743602975546000E-03,8.99947711897251000E+01
2.48070000000000000E+02,0.00000000000000000E+00,-3.47743602975546000E-03,8.99947711897251000E+01
2.48080000000000000E+02,0.00000000000000000E+00,-3.47743602975546000E-03,8.99947711897251000E+01
2.48090000000000000E+02,0.00000000000000000E+00,-3.47743602975546000E-03,8.99947711897251000E+01
2.48100000000000000E+02,0.00000000000000000E+00,-3.47743602975546000E-03,8.99947711897251000E+01
2.48110000000000000E+02,0.00000000000000000E+00,-3.47743602975546000E-03,8.99947711897251000E+01
2.48120000000000000E+02,0.00000000000000000E+00,-3.47743602975546000E-03,8.99947711897251000E+01
2.48130000000000000E+02,0.00000000000000000E+00,-3.47743602975546000E-03,8.99947711897251000E+01
2.48140000000000000E+02,0.00000000000000000E+00,-3.47743602975546000E-03,8.99947711897251000E+01
2.48150000000000000E+02,0.00000000000000000E+00,-3.47743602975546000E-03,8.99947711897251000E+01
2.48160000000000000E+02,0.00000000000000000E+00,-3.47743602975546000E-03,8.99947711897251000E+01
2.48170000000000000E+02,0.00000000000000000E+00,-3.47743602975546000E-03,8.99947711897251000E+01
2.48180000000000000E+02,0.00000000000000000E+00,-3.47743602975546000E-03,8.99947711897251000E+01
2.48190000000000000E+02,0.00000000000000000E+00,-3.47743602975546000E-03,8.99947711897251000E+01
2.48200000000000000E+02,0.00000000000000000E+00,-3.47743602975546000E-03,8.99947711897251000E+01
2.48210000000000000E+02,0.00000000000000000E+00,-3.47743602975546000E-03,8.99947711897251000E+01
2.48220000000000000E+02,0.00000000000000000E+00,-3.47743602975546000E-03,8.99947711897251000E+01
2.48230000000000000E+02,0.00000000000000000E+00,-3.47743602975546000E-03,8.99947711897251000E+01
2.48240000000000000E+02,0.00000000000000000E+00,-3.47743602975546000E-03,8.99947711897251000E+01
2.48250000000000000E+02,0.00000000000000000E+00,-3.47743602975546000E-03,8.99947711897251000E+01
2.48260000000000000E+02,0.00000000000000000E+00,-3.47743602975546000E-03,8.99947711897251000E+01
2.48270000000000000E+02,0.00000000000000000E+00,-3.47743602975546000E-03,8.99947711897251000E+01
2.48280000000000000E+02,0.00000000000000000E+00,-3.47743602975546000E-03,8.99947711897251000E+01
2.48290000000000000E+02,0.00000000000000000E+00,-3.47743602975546000E-03,8.99947711897251000E+01
2.48300000000000000E+02,0.00000000000000000E+00,-3.47743602975546000E-03,8.99947711897251000E+01
2.48310000000000000E+02,0.00000000000000000E+00,-3.47743602975546000E-03,8.99947711897251000E+01
2.48320000000000000E+02,0.00000000000000000E+00,-3.47743602975546000E-03,8.99947711897251000E+01
2.48330000000000000E+02,0.00000000000000000E+00,-3.47743602975546000E-03,8.99947711897251000E+01
2.48340000000000000E+02,0.00000000000000000E+00,-3.47743602975546000E-03,8.99947711897251000E+01
2.48350000000000000E+02,0.00000000000000000E+00,-3.47743602975546000E-03,8.99947711897251000E+01
2.48360000000000000E+02,0.00000000000000000E+00,-3.47743602975546000E-03,8.99947711897251000E+01
2.48370000000000000E+02,0.00000000000000000E+00,-3.47743602975546000E-03,8.99947711897251000E+01
2.48380000000000000E+02,0.00000000000000000E+00,-3.47743602975546000E-03,8.99947711897251000E+01
2.48390000000000000E+02,0.00000000000000000E+00,-3.47743602975546000E-03,8.99947711897251000E+01
2.48400000000000000E+02,0.00000000000000000E+00,-3.47743602975546000E-03,8.99947711897251000E+01
2.48410000000000000E+02,0.00000000000000000E+00,-3.47743602975546000E-03,8.99947711897251000E+01
2.48420000000000000E+02,0.00000000000000000E+00,-3.47743602975546000E-03,8.99947711897251000E+01
2.48430000000000000E+02,0.00000000000000000E+00,-3.47743602975546000E-03,8.99947711897251000E+01
2.48440000000000000E+02,0.00000000000000000E+00,-3.47743602975546000E-03,8.99947711897251000E+01
2.48450000000000000E+02,0.00000000000000000E+00,-3.47743602975546000E-03,8.99947711897251000E+01
2.48460000000000000E+02,0.00000000000000000E+00,-3.47743602975546000E-03,8.99947711897251000E+01
2.48470000000000000E+02,0.00000000000000000E+00,-3.47743602975546000E-03,8.99947711897251000E+01
2.48480000000000000E+02,0.00000000000000000E+00,-3.47743602975546000E-03,8.99947711897251000E+01
2.48490000000000000E+02,0.00000000000000000E+00,-3.47743602975546000E-03,8.99947711897251000E+01
2.48500000000000000E+02,0.00000000000000000E+00,-3.47743602975546000E-03,8.99947711897251000E+01
2.48510000000000000E+02,0.00000000000000000E+00,-3.47743602975546000E-03,8.99947711897251000E+01
2.48520000000000000E+02,0.00000000000000000E+00,-3.47743602975546000E-03,8.99947711897251000E+01
2.48530000000000000E+02,0.00000000000000000E+00,-3.47743602975546000E-03,8.99947711897251000E+01
2.48540000000000000E+02,0.00000000000000000E+00,-3.47743602975546000E-03,8.99947711897251000E+01
2.48550000000000000E+02,0.00000000000000000E+00,-3.47743602975546000E-03,8.99947711897251000E+01
2.48560000000000000E+02,0.00000000000000000E+00,-3.47743602975546000E-03,8.99947711897251000E+01
2.48570000000000000E+02,0.00000000000000000E+00,-3.47743602975546000E-03,8.99947711897251000E+01
2.48580000000000000E+02,0.00000000000000000E+00,-3.47743602975546000E-03,8.99947711897251000E+01
2.48590000000000000E+02,0.00000000000000000E+00,-3.47743602975546000E-03,8.99947711897251000E+01
2.48600000000000000E+02,0.00000000000000000E+00,-3.47743602975546000E-03,8.99947711897251000E+01
2.48610000000000000E+02,0.00000000000000000E+00,-3.47743602975546000E-03,8.99947711897251000E+01
2.48620000000000000E+02,0.00000000000000000E+00,-3.47743602975546000E-03,8.99947711897251000E+01
2.48630000000000000E+02,0.00000000000000000E+00,-3.47743602975546000E-03,8.99947711897251000E+01
2.48640000000000000E+02,0.00000000000000000E+00,-3.47743602975546000E-03,8.99947711897251000E+01
2.48650000000000000E+02,0.00000000000000000E+00,-3.47743602975546000E-03,8.99947711897251000E+01
2.48660000000000000E+02,0.00000000000000000E+00,-3.47743602975546000E-03,8.99947711897251000E+01
2.48670000000000000E+02,0.00000000000000000E+00,-3.47743602975546000E-03,8.99947711897251000E+01
2.48680000000000000E+02,0.00000000000000000E+00,-3.47743602975546000E-03,8.99947711897251000E+01
2.48690000000000000E+02,0.00000000000000000E+00,-3.47743602975546000E-03,8.99947711897251000E+01
2.48700000000000000E+02,0.00000000000000000E+00,-3.47743602975546000E-03,8.99947711897251000E+01
2.48710000000000000E+02,0.00000000000000000E+00,-3.47743602975546000E-03,8.99947711897251000E+01
2.48720000000000000E+02,0.00000000000000000E+00,-3.47743602975546000E-03,8.99947711897251000E+01
2.48730000000000000E+02,0.00000000000000000E+00,-3.47743602975546000E-03,8.99947711897251000E+01
2.48740000000000000E+02,0.00000000000000000E+00,-3.47743602975546000E-03,8.99947711897251000E+01
2.48750000000000000E+02,0.00000000000000000E+00,-3.47743602975546000E-03,8.99947711897251000E+01
2.48760000000000000E+02,0.00000000000000000E+00,-3.47743602975546000E-03,8.99947711897251000E+01
2.48770000000000000E+02,0.00000000000000000E+00,-3.47743602975546000E-03,8.99947711897251000E+01
2.48780000000000000E+02,0.00000000000000000E+00,-3.47743602975546000E-03,8.99947711897251000E+01
2.48790000000000000E+02,0.00000000000000000E+00,-3.47743602975546000E-03,8.99947711897251000E+01
2.48800000000000000E+02,0.00000000000000000E+00,-3.47743602975546000E-03,8.99947711897251000E+01
2.48810000000000000E+02,0.00000000000000000E+00,-3.47743602975546000E-03,8.99947711897251000E+01
2.48820000000000000E+02,0.00000000000000000E+00,-3.47743602975546000E-03,8.99947711897251000E+01
2.48830000000000000E+02,0.00000000000000000E+00,-3.47743602975546000E-03,8.99947711897251000E+01
2.48840000000000000E+02,0.00000000000000000E+00,-3.47743602975546000E-03,8.99947711897251000E+01
2.48850000000000000E+02,0.00000000000000000E+00,-3.47743602975546000E-03,8.99947711897251000E+01
2.48860000000000000E+02,0.00000000000000000E+00,-3.47743602975546000E-03,8.99947711897251000E+01
2.48870000000000000E+02,0.00000000000000000E+00,-3.47743602975546000E-03,8.99947711897251000E+01
2.48880000000000000E+02,0.00000000000000000E+00,-3.47743602975546000E-03,8.99947711897251000E+01
2.48890000000000000E+02,0.00000000000000000E+00,-3.47743602975546000E-03,8.99947711897251000E+01
2.48900000000000000E+02,0.00000000000000000E+00,-3.47743602975546000E-03,8.99947711897251000E+01
2.48910000000000000E+02,0.00000000000000000E+00,-3.47743602975546000E-03,8.99947711897251000E+01
2.48920000000000000E+02,0.00000000000000000E+00,-3.47743602975546000E-03,8.99947711897251000E+01
2.48930000000000000E+02,0.00000000000000000E+00,-3.47743602975546000E-03,8.99947711897251000E+01
2.48940000000000000E+02,0.00000000000000000E+00,-3.47743602975546000E-03,8.99947711897251000E+01
2.48950000000000000E+02,0.00000000000000000E+00,-3.47743602975546000E-03,8.99947711897251000E+01
2.48960000000000000E+02,0.00000000000000000E+00,-3.47743602975546000E-03,8.99947711897251000E+01
2.48970000000000000E+02,0.00000000000000000E+00,-3.47743602975546000E-03,8.99947711897251000E+01
2.48980000000000000E+02,0.00000000000000000E+00,-3.47743602975546000E-03,8.99947711897251000E+01
2.48990000000000000E+02,0.00000000000000000E+00,-3.47743602975546000E-03,8.99947711897251000E+01
2.49000000000000000E+02,0.00000000000000000E+00,-3.47743602975546000E-03,8.99947711897251000E+01
2.49010000000000000E+02,0.00000000000000000E+00,-3.47743602975546000E-03,8.99947711897251000E+01
2.49020000000000000E+02,0.00000000000000000E+00,-3.47743602975546000E-03,8.99947711897251000E+01
2.49030000000000000E+02,0.00000000000000000E+00,-3.47743602975546000E-03,8.99947711897251000E+01
2.49040000000000000E+02,0.00000000000000000E+00,-3.47743602975546000E-03,8.99947711897251000E+01
2.49050000000000000E+02,0.00000000000000000E+00,-3.47743602975546000E-03,8.99947711897251000E+01
2.49060000000000000E+02,0.00000000000000000E+00,-3.47743602975546000E-03,8.99947711897251000E+01
2.49070000000000000E+02,0.00000000000000000E+00,-3.47743602975546000E-03,8.99947711897251000E+01
2.49080000000000000E+02,0.00000000000000000E+00,-3.47743602975546000E-03,8.99947711897251000E+01
2.49090000000000000E+02,0.00000000000000000E+00,-3.47743602975546000E-03,8.99947711897251000E+01
2.49100000000000000E+02,0.00000000000000000E+00,-3.47743602975546000E-03,8.99947711897251000E+01
2.49110000000000000E+02,0.00000000000000000E+00,-3.47743602975546000E-03,8.99947711897251000E+01
2.49120000000000000E+02,0.00000000000000000E+00,-3.47743602975546000E-03,8.99947711897251000E+01
2.49130000000000000E+02,0.00000000000000000E+00,-3.47743602975546000E-03,8.99947711897251000E+01
2.49140000000000000E+02,0.00000000000000000E+00,-3.47743602975546000E-03,8.99947711897251000E+01
2.49150000000000000E+02,0.00000000000000000E+00,-3.47743602975546000E-03,8.99947711897251000E+01
2.49160000000000000E+02,0.00000000000000000E+00,-3.47743602975546000E-03,8.99947711897251000E+01
2.49170000000000000E+02,0.00000000000000000E+00,-3.47743602975546000E-03,8.99947711897251000E+01
2.49180000000000000E+02,0.00000000000000000E+00,-3.47743602975546000E-03,8.99947711897251000E+01
2.49190000000000000E+02,0.00000000000000000E+00,-3.47743602975546000E-03,8.99947711897251000E+01
2.49200000000000000E+02,0.00000000000000000E+00,-3.47743602975546000E-03,8.99947711897251000E+01
2.49210000000000000E+02,0.00000000000000000E+00,-3.47743602975546000E-03,8.99947711897251000E+01
2.49220000000000000E+02,0.00000000000000000E+00,-3.47743602975546000E-03,8.99947711897251000E+01
2.49230000000000000E+02,0.00000000000000000E+00,-3.47743602975546000E-03,8.99947711897251000E+01
2.49240000000000000E+02,0.00000000000000000E+00,-3.47743602975546000E-03,8.99947711897251000E+01
2.49250000000000000E+02,0.00000000000000000E+00,-3.47743602975546000E-03,8.99947711897251000E+01
2.49260000000000000E+02,0.00000000000000000E+00,-3.47743602975546000E-03,8.99947711897251000E+01
2.49270000000000000E+02,0.00000000000000000E+00,-3.47743602975546000E-03,8.99947711897251000E+01
2.49280000000000000E+02,0.00000000000000000E+00,-3.47743602975546000E-03,8.99947711897251000E+01
2.49290000000000000E+02,0.00000000000000000E+00,-3.47743602975546000E-03,8.99947711897251000E+01
2.49300000000000000E+02,0.00000000000000000E+00,-3.47743602975546000E-03,8.99947711897251000E+01
2.49310000000000000E+02,0.00000000000000000E+00,-3.47743602975546000E-03,8.99947711897251000E+01
2.49320000000000000E+02,0.00000000000000000E+00,-3.47743602975546000E-03,8.99947711897251000E+01
2.49330000000000000E+02,0.00000000000000000E+00,-3.47743602975546000E-03,8.99947711897251000E+01
2.49340000000000000E+02,0.00000000000000000E+00,-3.47743602975546000E-03,8.99947711897251000E+01
2.49350000000000000E+02,0.00000000000000000E+00,-3.47743602975546000E-03,8.99947711897251000E+01
2.49360000000000000E+02,0.00000000000000000E+00,-3.47743602975546000E-03,8.99947711897251000E+01
2.49370000000000000E+02,0.00000000000000000E+00,-3.47743602975546000E-03,8.99947711897251000E+01
2.49380000000000000E+02,0.00000000000000000E+00,-3.47743602975546000E-03,8.99947711897251000E+01
2.49390000000000000E+02,0.00000000000000000E+00,-3.47743602975546000E-03,8.99947711897251000E+01
2.49400000000000000E+02,0.00000000000000000E+00,-3.47743602975546000E-03,8.99947711897251000E+01
2.49410000000000000E+02,0.00000000000000000E+00,-3.47743602975546000E-03,8.99947711897251000E+01
2.49420000000000000E+02,0.00000000000000000E+00,-3.47743602975546000E-03,8.99947711897251000E+01
2.49430000000000000E+02,0.00000000000000000E+00,-3.47743602975546000E-03,8.99947711897251000E+01
2.49440000000000000E+02,0.00000000000000000E+00,-3.47743602975546000E-03,8.99947711897251000E+01
2.49450000000000000E+02,0.00000000000000000E+00,-3.47743602975546000E-03,8.99947711897251000E+01
2.49460000000000000E+02,0.00000000000000000E+00,-3.47743602975546000E-03,8.99947711897251000E+01
2.49470000000000000E+02,0.00000000000000000E+00,-3.47743602975546000E-03,8.99947711897251000E+01
2.49480000000000000E+02,0.00000000000000000E+00,-3.47743602975546000E-03,8.99947711897251000E+01
2.49490000000000000E+02,0.00000000000000000E+00,-3.47743602975546000E-03,8.99947711897251000E+01
2.49500000000000000E+02,0.00000000000000000E+00,-3.47743602975546000E-03,8.99947711897251000E+01
2.49510000000000000E+02,0.00000000000000000E+00,-3.47743602975546000E-03,8.99947711897251000E+01
2.49520000000000000E+02,0.00000000000000000E+00,-3.47743602975546000E-03,8.99947711897251000E+01
2.49530000000000000E+02,0.00000000000000000E+00,-3.47743602975546000E-03,8.99947711897251000E+01
2.49540000000000000E+02,0.00000000000000000E+00,-3.47743602975546000E-03,8.99947711897251000E+01
2.49550000000000000E+02,0.00000000000000000E+00,-3.47743602975546000E-03,8.99947711897251000E+01
2.49560000000000000E+02,0.00000000000000000E+00,-3.47743602975546000E-03,8.99947711897251000E+01
2.49570000000000000E+02,0.00000000000000000E+00,-3.47743602975546000E-03,8.99947711897251000E+01
2.49580000000000000E+02,0.00000000000000000E+00,-3.47743602975546000E-03,8.99947711897251000E+01
2.49590000000000000E+02,0.00000000000000000E+00,-3.47743602975546000E-03,8.99947711897251000E+01
2.49600000000000000E+02,0.00000000000000000E+00,-3.47743602975546000E-03,8.99947711897251000E+01
2.49610000000000000E+02,0.00000000000000000E+00,-3.47743602975546000E-03,8.99947711897251000E+01
2.49620000000000000E+02,0.00000000000000000E+00,-3.47743602975546000E-03,8.99947711897251000E+01
2.49630000000000000E+02,0.00000000000000000E+00,-3.47743602975546000E-03,8.99947711897251000E+01
2.49640000000000000E+02,0.00000000000000000E+00,-3.47743602975546000E-03,8.99947711897251000E+01
2.49650000000000000E+02,0.00000000000000000E+00,-3.47743602975546000E-03,8.99947711897251000E+01
2.49660000000000000E+02,0.00000000000000000E+00,-3.47743602975546000E-03,8.99947711897251000E+01
2.49670000000000000E+02,0.00000000000000000E+00,-3.47743602975546000E-03,8.99947711897251000E+01
2.49680000000000000E+02,0.00000000000000000E+00,-3.47743602975546000E-03,8.99947711897251000E+01
2.49690000000000000E+02,0.00000000000000000E+00,-3.47743602975546000E-03,8.99947711897251000E+01
2.49700000000000000E+02,0.00000000000000000E+00,-3.47743602975546000E-03,8.99947711897251000E+01
2.49710000000000000E+02,0.00000000000000000E+00,-3.47743602975546000E-03,8.99947711897251000E+01
2.49720000000000000E+02,0.00000000000000000E+00,-3.47743602975546000E-03,8.99947711897251000E+01
2.49730000000000000E+02,0.00000000000000000E+00,-3.47743602975546000E-03,8.99947711897251000E+01
2.49740000000000000E+02,0.00000000000000000E+00,-3.47743602975546000E-03,8.99947711897251000E+01
2.49750000000000000E+02,0.00000000000000000E+00,-3.47743602975546000E-03,8.99947711897251000E+01
2.49760000000000000E+02,0.00000000000000000E+00,-3.47743602975546000E-03,8.99947711897251000E+01
2.49770000000000000E+02,0.00000000000000000E+00,-3.47743602975546000E-03,8.99947711897251000E+01
2.49780000000000000E+02,0.00000000000000000E+00,-3.47743602975546000E-03,8.99947711897251000E+01
2.49790000000000000E+02,0.00000000000000000E+00,-3.47743602975546000E-03,8.99947711897251000E+01
2.49800000000000000E+02,0.00000000000000000E+00,-3.47743602975546000E-03,8.99947711897251000E+01
2.49810000000000000E+02,0.00000000000000000E+00,-3.47743602975546000E-03,8.99947711897251000E+01
2.49820000000000000E+02,0.00000000000000000E+00,-3.47743602975546000E-03,8.99947711897251000E+01
2.49830000000000000E+02,0.00000000000000000E+00,-3.47743602975546000E-03,8.99947711897251000E+01
2.49840000000000000E+02,0.00000000000000000E+00,-3.47743602975546000E-03,8.99947711897251000E+01
2.49850000000000000E+02,0.00000000000000000E+00,-3.47743602975546000E-03,8.99947711897251000E+01
2.49860000000000000E+02,0.00000000000000000E+00,-3.47743602975546000E-03,8.99947711897251000E+01
2.49870000000000000E+02,0.00000000000000000E+00,-3.47743602975546000E-03,8.99947711897251000E+01
2.49880000000000000E+02,0.00000000000000000E+00,-3.47743602975546000E-03,8.99947711897251000E+01
2.49890000000000000E+02,0.00000000000000000E+00,-3.47743602975546000E-03,8.99947711897251000E+01
2.49900000000000000E+02,0.00000000000000000E+00,-3.47743602975546000E-03,8.99947711897251000E+01
2.49910000000000000E+02,0.00000000000000000E+00,-3.47743602975546000E-03,8.99947711897251000E+01
2.49920000000000000E+02,0.00000000000000000E+00,-3.47743602975546000E-03,8.99947711897251000E+01
2.49930000000000000E+02,0.00000000000000000E+00,-3.47743602975546000E-03,8.99947711897251000E+01
2.49940000000000000E+02,0.00000000000000000E+00,-3.47743602975546000E-03,8.99947711897251000E+01
2.49950000000000000E+02,0.00000000000000000E+00,-3.47743602975546000E-03,8.99947711897251000E+01
2.49960000000000000E+02,0.00000000000000000E+00,-3.47743602975546000E-03,8.99947711897251000E+01