time (sec),ref_vel_x (m/s),ref_vel_y (m/s),ref_vel_z (m/s)
1.99980E+02,0.0000000000000000E+00,0.0000000000000000E+00,0.0000000000000000E+00
1.99990E+02,0.0000000000000000E+00,0.0000000000000000E+00,0.0000000000000000E+00
2.00000E+02,0.0000000000000000E+00,0.0000000000000000E+00,0.0000000000000000E+00
2.00010E+02,9.9999999875000000E-03,0.0000000000000000E+00,-4.9999999979166600E-07
2.00020E+02,1.9999999775000000E-02,0.0000000000000000E+00,-2.9999999887500000E-06
2.00030E+02,2.9999998650000000E-02,0.0000000000000000E+00,-8.9999998650000000E-06
2.00040E+02,3.9999995000000100E-02,0.0000000000000000E+00,-1.9999999166666600E-05
2.00050E+02,4.9999985937500600E-02,0.0000000000000000E+00,-3.7499996484375100E-05
2.00060E+02,5.9999966925003000E-02,0.0000000000000000E+00,-6.2999988423750600E-05
2.00070E+02,6.9999931400011200E-02,0.0000000000000000E+00,-9.7999967986669800E-05
2.00080E+02,7.9999870400034900E-02,0.0000000000000000E+00,-1.4399992224001200E-04
2.00090E+02,8.9999772187596100E-02,0.0000000000000000E+00,-2.0249982914066800E-04
2.00100E+02,9.9999621875238200E-02,0.0000000000000000E+00,-2.7499965338554700E-04
2.00110E+02,1.0999940105054300E-01,0.0000000000000000E+00,-3.6299934115535800E-04
2.00120E+02,1.1999908740115600E-01,0.0000000000000000E+00,-4.6799881362090200E-04
2.00130E+02,1.2999865433982100E-01,0.0000000000000000E+00,-5.9149795908065400E-04
2.00140E+02,1.3999807062943100E-01,0.0000000000000000E+00,-7.3499662359840200E-04
2.00150E+02,1.4999730000809900E-01,0.0000000000000000E+00,-8.9999460000971900E-04
2.00160E+02,1.5999630081425400E-01,0.0000000000000000E+00,-1.0879916151660500E-03
2.00170E+02,1.6999502561175900E-01,0.0000000000000000E+00,-1.3004873152852400E-03
2.00180E+02,1.7999342081507900E-01,0.0000000000000000E+00,-1.5389812492772800E-03
2.00190E+02,1.8999142631448100E-01,0.0000000000000000E+00,-1.8049728499141800E-03
2.00200E+02,1.9998897510129100E-01,0.0000000000000000E+00,-2.0999614127127100E-03
2.00210E+02,2.0998599289321600E-01,0.0000000000000000E+00,-2.4254460723990800E-03
2.00220E+02,2.1998239775973100E-01,0.0000000000000000E+00,-2.7829257768242800E-03
2.00230E+02,2.2997809974756000E-01,0.0000000000000000E+00,-3.1738992581992600E-03
2.00240E+02,2.3997300050624600E-01,0.0000000000000000E+00,-3.5998650015187400E-03
2.00250E+02,2.4996699291383700E-01,0.0000000000000000E+00,-4.0623212100428900E-03
2.00260E+02,2.5995996070269900E-01,0.0000000000000000E+00,-4.5627657677059800E-03
2.00270E+02,2.6995177808547100E-01,0.0000000000000000E+00,-5.1026961983211000E-03
2.00280E+02,2.7994230938118400E-01,0.0000000000000000E+00,-5.6836096214503100E-03
2.00290E+02,2.8993140864156400E-01,0.0000000000000000E+00,-6.3070027048096000E-03
2.00300E+02,2.9991891927753200E-01,0.0000000000000000E+00,-6.9743716130781100E-03
2.00310E+02,3.0990467368594100E-01,0.0000000000000000E+00,-7.6872119529810800E-03
2.00320E+02,3.1988849287655900E-01,0.0000000000000000E+00,-8.4470187145164600E-03
2.00330E+02,3.2987018609932600E-01,0.0000000000000000E+00,-9.2552862081948300E-03
2.00340E+02,3.3984955047192700E-01,0.0000000000000000E+00,-1.0113507998162600E-02
2.00350E+02,3.4982637060769200E-01,0.0000000000000000E+00,-1.1023176831079300E-02
2.00360E+02,3.5980041824387300E-01,0.0000000000000000E+00,-1.1985784560617500E-02
2.00370E+02,3.6977145187031600E-01,0.0000000000000000E+00,-1.3002822067458700E-02
2.00380E+02,3.7973921635857700E-01,0.0000000000000000E+00,-1.4075779174653400E-02
2.00390E+02,3.8970344259151000E-01,0.0000000000000000E+00,-1.5206144558218000E-02
2.00400E+02,3.9966384709337700E-01,0.0000000000000000E+00,-1.6395405652838500E-02
2.00410E+02,4.0962013166051500E-01,0.0000000000000000E+00,-1.7645048552554200E-02
2.00420E+02,4.1957198299260300E-01,0.0000000000000000E+00,-1.8956557906291400E-02
2.00430E+02,4.2951907232458700E-01,0.0000000000000000E+00,-2.0331416808121300E-02
2.00440E+02,4.3946105505930300E-01,0.0000000000000000E+00,-2.1771106682112500E-02
2.00450E+02,4.4939757040084700E-01,0.0000000000000000E+00,-2.3277107161653000E-02
2.00460E+02,4.5932824098876200E-01,0.0000000000000000E+00,-2.4850895963113900E-02
2.00470E+02,4.6925267253307600E-01,0.0000000000000000E+00,-2.6493948753728800E-02
2.00480E+02,4.7917045345027500E-01,0.0000000000000000E+00,-2.8207739013563800E-02
2.00490E+02,4.8908115450025100E-01,0.0000000000000000E+00,-2.9993737891451700E-02
2.00500E+02,4.9898432842430600E-01,0.0000000000000000E+00,-3.1853414054767200E-02
2.00510E+02,5.0887950958426800E-01,0.0000000000000000E+00,-3.3788233532917300E-02
2.00520E+02,5.1876621360280100E-01,0.0000000000000000E+00,-3.5799659554425400E-02
2.00530E+02,5.2864393700497100E-01,0.0000000000000000E+00,-3.7889152377484600E-02
2.00540E+02,5.3851215686114800E-01,0.0000000000000000E+00,-4.0058169113858700E-02
2.00550E+02,5.4837033043132800E-01,0.0000000000000000E+00,-4.2308163546009500E-02
2.00560E+02,5.5821789481095200E-01,0.0000000000000000E+00,-4.4640585937330500E-02
2.00570E+02,5.6805426657830700E-01,0.0000000000000000E+00,-4.7056882835365200E-02
2.00580E+02,5.7787884144359800E-01,0.0000000000000000E+00,-4.9558496867893600E-02
2.00590E+02,5.8769099389978600E-01,0.0000000000000000E+00,-5.2146866531766800E-02
2.00600E+02,5.9749007687528300E-01,0.0000000000000000E+00,-5.4823425974374100E-02
2.00610E+02,6.0727559708695800E-01,0.0000000000000000E+00,-5.7587752019660400E-02
2.00620E+02,6.1704726526868800E-01,0.0000000000000000E+00,-6.0437342963046700E-02
2.00630E+02,6.2680480619694000E-01,0.0000000000000000E+00,-6.3369826640254100E-02
2.00640E+02,6.3654795846601900E-01,0.0000000000000000E+00,-6.6382953932033800E-02
2.00650E+02,6.4627647413124000E-01,0.0000000000000000E+00,-6.9474592366507800E-02
2.00660E+02,6.5599011825752000E-01,0.0000000000000000E+00,-7.2642719858804500E-02
2.00670E+02,6.6568866840361100E-01,0.0000000000000000E+00,-7.5885418619306900E-02
2.00680E+02,6.7537191406609500E-01,0.0000000000000000E+00,-7.9200869254690900E-02
2.00690E+02,6.8503965610222800E-01,0.0000000000000000E+00,-8.2587345079867000E-02
2.00700E+02,6.9469170614649700E-01,0.0000000000000000E+00,-8.6043206653800600E-02
2.00710E+02,7.0432788603234000E-01,0.0000000000000000E+00,-8.9566896547856200E-02
2.00720E+02,7.1394802722761000E-01,0.0000000000000000E+00,-9.3156934351681300E-02
2.00730E+02,7.2355197029008300E-01,0.0000000000000000E+00,-9.6811911918620400E-02
2.00740E+02,7.3313956434743700E-01,0.0000000000000000E+00,-1.0053048885015000E-01
2.00750E+02,7.4271066660462600E-01,0.0000000000000000E+00,-1.0431138821677900E-01
2.00760E+02,7.5226514188038800E-01,0.0000000000000000E+00,-1.0815339251119100E-01
2.00770E+02,7.6180286217367900E-01,0.0000000000000000E+00,-1.1205533982810000E-01
2.00780E+02,7.7132370626011200E-01,0.0000000000000000E+00,-1.1601612026422800E-01
2.00790E+02,7.8082755931791100E-01,0.0000000000000000E+00,-1.2003467253104300E-01
2.00800E+02,7.9031431258247000E-01,0.0000000000000000E+00,-1.2410998077228900E-01
2.00810E+02,7.9978386302834100E-01,0.0000000000000000E+00,-1.2824107157795900E-01
2.00820E+02,8.0923611307722000E-01,0.0000000000000000E+00,-1.3242701118605700E-01
2.00830E+02,8.1867097033040300E-01,0.0000000000000000E+00,-1.3666690286341000E-01
2.00840E+02,8.2808834732409500E-01,0.0000000000000000E+00,-1.4095988445670900E-01
2.00850E+02,8.3748816130593500E-01,0.0000000000000000E+00,-1.4530512610504800E-01
2.00860E+02,8.4687033403108800E-01,0.0000000000000000E+00,-1.4970182810531300E-01
2.00870E+02,8.5623479157631800E-01,0.0000000000000000E+00,-1.5414921892198700E-01
2.00880E+02,8.6558146417048500E-01,0.0000000000000000E+00,-1.5864655333312400E-01
2.00890E+02,8.7491028603999200E-01,0.0000000000000000E+00,-1.6319311070452300E-01
2.00900E+02,8.8422119526779000E-01,0.0000000000000000E+00,-1.6778819338440100E-01
2.00910E+02,8.9351413366460600E-01,0.0000000000000000E+00,-1.7243112521116500E-01
2.00920E+02,9.0278904665119700E-01,0.0000000000000000E+00,-1.7712125012720100E-01
2.00930E+02,9.1204588315046500E-01,0.0000000000000000E+00,-1.8185793089191600E-01
2.00940E+02,9.2128459548840000E-01,0.0000000000000000E+00,-1.8664054788757800E-01
2.00950E+02,9.3050513930288700E-01,0.0000000000000000E+00,-1.9146849801185100E-01
2.00960E+02,9.3970747345948900E-01,0.0000000000000000E+00,-1.9634119365121400E-01
2.00970E+02,9.4889155997341100E-01,0.0000000000000000E+00,-2.0125806172977500E-01
2.00980E+02,9.5805736393692200E-01,0.0000000000000000E+00,-2.0621854282832300E-01
2.00990E+02,9.6720485345157000E-01,0.0000000000000000E+00,-2.1122209036871000E-01
2.01000E+02,9.7633399956461500E-01,0.0000000000000000E+00,-2.1626816985900100E-01
2.01010E+02,9.8544477620914100E-01,0.0000000000000000E+00,-2.2135625819505700E-01
2.01020E+02,9.9453716014737100E-01,0.0000000000000000E+00,-2.2648584301452900E-01
2.01030E+02,1.0036111309167900E+00,0.0000000000000000E+00,-2.3165642209945600E-01
2.01040E+02,1.0126666707786700E+00,0.0000000000000000E+00,-2.3686750282393000E-01
2.01050E+02,1.0217037646686900E+00,0.0000000000000000E+00,-2.4211860164351700E-01
2.01060E+02,1.0307224001493900E+00,0.0000000000000000E+00,-2.4740924362333700E-01
2.01070E+02,1.0397225673640900E+00,0.0000000000000000E+00,-2.5273896200192000E-01
2.01080E+02,1.0487042589922500E+00,0.0000000000000000E+00,-2.5810729778814200E-01
2.01090E+02,1.0576674702058700E+00,0.0000000000000000E+00,-2.6351379938875800E-01
2.01100E+02,1.0666121986269100E+00,0.0000000000000000E+00,-2.6895802226417700E-01
2.01110E+02,1.0755384442855200E+00,0.0000000000000000E+00,-2.7443952861034200E-01
2.01120E+02,1.0844462095790000E+00,0.0000000000000000E+00,-2.7995788706468300E-01
2.01130E+02,1.0933354992313300E+00,0.0000000000000000E+00,-2.8551267243430100E-01
2.01140E+02,1.1022063202532100E+00,0.0000000000000000E+00,-2.9110346544462500E-01
2.01150E+02,1.1110586819026200E+00,0.0000000000000000E+00,-2.9672985250697300E-01
2.01160E+02,1.1198925956456500E+00,0.0000000000000000E+00,-3.0239142550350100E-01
2.01170E+02,1.1287080751177700E+00,0.0000000000000000E+00,-3.0808778158818800E-01
2.01180E+02,1.1375051360853100E+00,0.0000000000000000E+00,-3.1381852300257900E-01
2.01190E+02,1.1462837964072900E+00,0.0000000000000000E+00,-3.1958325690510000E-01
2.01200E+02,1.1550440759974100E+00,0.0000000000000000E+00,-3.2538159521288400E-01
2.01210E+02,1.1637859967863100E+00,0.0000000000000000E+00,-3.3121315445507200E-01
2.01220E+02,1.1725095826840700E+00,0.0000000000000000E+00,-3.3707755563669800E-01
2.01230E+02,1.1812148595428500E+00,0.0000000000000000E+00,-3.4297442411227000E-01
2.01240E+02,1.1899018551197900E+00,0.0000000000000000E+00,-3.4890338946829000E-01
2.01250E+02,1.1985705990400800E+00,0.0000000000000000E+00,-3.5486408541395900E-01
2.01260E+02,1.2072211227602600E+00,0.0000000000000000E+00,-3.6085614967942300E-01
2.01270E+02,1.2158534595316900E+00,0.0000000000000000E+00,-3.6687922392091400E-01
2.01280E+02,1.2244676443643200E+00,0.0000000000000000E+00,-3.7293295363225600E-01
2.01290E+02,1.2330637139905900E+00,0.0000000000000000E+00,-3.7901698806217400E-01
2.01300E+02,1.2416417068296100E+00,0.0000000000000000E+00,-3.8513098013695500E-01
2.01310E+02,1.2502016629515700E+00,0.0000000000000000E+00,-3.9127458638800900E-01
2.01320E+02,1.2587436240424600E+00,0.0000000000000000E+00,-3.9744746688391200E-01
2.01330E+02,1.2672676333689300E+00,0.0000000000000000E+00,-4.0364928516658600E-01
2.01340E+02,1.2757737357435500E+00,0.0000000000000000E+00,-4.0987970819123800E-01
2.01350E+02,1.2842619774902800E+00,0.0000000000000000E+00,-4.1613840626977500E-01
2.01360E+02,1.2927324064102500E+00,0.0000000000000000E+00,-4.2242505301738600E-01
2.01370E+02,1.3011850717478900E+00,0.0000000000000000E+00,-4.2873932530203000E-01
2.01380E+02,1.3096200241572500E+00,0.0000000000000000E+00,-4.3508090319659300E-01
2.01390E+02,1.3180373156688100E+00,0.0000000000000000E+00,-4.4144946993348800E-01
2.01400E+02,1.3264369996564800E+00,0.0000000000000000E+00,-4.4784471186148400E-01
2.01410E+02,1.3348191308050400E+00,0.0000000000000000E+00,-4.5426631840459300E-01
2.01420E+02,1.3431837650778300E+00,0.0000000000000000E+00,-4.6071398202283400E-01
2.01430E+02,1.3515309596848800E+00,0.0000000000000000E+00,-4.6718739817471400E-01
2.01440E+02,1.3598607730513600E+00,0.0000000000000000E+00,-4.7368626528128900E-01
2.01450E+02,1.3681732647864200E+00,0.0000000000000000E+00,-4.8021028469167500E-01
2.01460E+02,1.3764684956523400E+00,0.0000000000000000E+00,-4.8675916064987700E-01
2.01470E+02,1.3847465275341500E+00,0.0000000000000000E+00,-4.9333260026283400E-01
2.01480E+02,1.3930074234095800E+00,0.0000000000000000E+00,-4.9993031346958900E-01
2.01490E+02,1.4012512473193400E+00,0.0000000000000000E+00,-5.0655201301146900E-01
2.01500E+02,1.4094780643379500E+00,0.0000000000000000E+00,-5.1319741440320700E-01
2.01510E+02,1.4176879405447500E+00,0.0000000000000000E+00,-5.1986623590493300E-01
2.01520E+02,1.4258809429955000E+00,0.0000000000000000E+00,-5.2655819849495100E-01
2.01530E+02,1.4340571396942200E+00,0.0000000000000000E+00,-5.3327302584324300E-01
2.01540E+02,1.4422165995655500E+00,0.0000000000000000E+00,-5.4001044428564800E-01
2.01550E+02,1.4503593924273800E+00,0.0000000000000000E+00,-5.4677018279865300E-01
2.01560E+02,1.4584855889640300E+00,0.0000000000000000E+00,-5.5355197297475800E-01
2.01570E+02,1.4665952606996700E+00,0.0000000000000000E+00,-5.6035554899836100E-01
2.01580E+02,1.4746884799722700E+00,0.0000000000000000E+00,-5.6718064762212700E-01
2.01590E+02,1.4827653199078600E+00,0.0000000000000000E+00,-5.7402700814380900E-01
2.01600E+02,1.4908258543952000E+00,0.0000000000000000E+00,-5.8089437238348100E-01
2.01610E+02,1.4988701580609100E+00,0.0000000000000000E+00,-5.8778248466115600E-01
2.01620E+02,1.5068983062449000E+00,0.0000000000000000E+00,-5.9469109177475800E-01
2.01630E+02,1.5149103749762300E+00,0.0000000000000000E+00,-6.0161994297843200E-01
2.01640E+02,1.5229064409494100E+00,0.0000000000000000E+00,-6.0856878996115900E-01
2.01650E+02,1.5308865815010000E+00,0.0000000000000000E+00,-6.1553738682566000E-01
2.01660E+02,1.5388508745866600E+00,0.0000000000000000E+00,-6.2252549006757200E-01
2.01670E+02,1.5467993987585200E+00,0.0000000000000000E+00,-6.2953285855487900E-01
2.01680E+02,1.5547322331430200E+00,0.0000000000000000E+00,-6.3655925350757500E-01
2.01690E+02,1.5626494574190300E+00,0.0000000000000000E+00,-6.4360443847755900E-01
2.01700E+02,1.5705511517964100E+00,0.0000000000000000E+00,-6.5066817932873500E-01
2.01710E+02,1.5784373969949000E+00,0.0000000000000000E+00,-6.5775024421731800E-01
2.01720E+02,1.5863082742234300E+00,0.0000000000000000E+00,-6.6485040357232700E-01
2.01730E+02,1.5941638651596800E+00,0.0000000000000000E+00,-6.7196843007625900E-01
2.01740E+02,1.6020042519301500E+00,0.0000000000000000E+00,-6.7910409864594200E-01
2.01750E+02,1.6098295170904800E+00,0.0000000000000000E+00,-6.8625718641354100E-01
2.01760E+02,1.6176397436061400E+00,0.0000000000000000E+00,-6.9342747270773700E-01
2.01770E+02,1.6254350148335200E+00,0.0000000000000000E+00,-7.0061473903504500E-01
2.01780E+02,1.6332154145012700E+00,0.0000000000000000E+00,-7.0781876906129400E-01
2.01790E+02,1.6409810266920700E+00,0.0000000000000000E+00,-7.1503934859323300E-01
2.01800E+02,1.6487319358247000E+00,0.0000000000000000E+00,-7.2227626556029000E-01
2.01810E+02,1.6564682266364400E+00,0.0000000000000000E+00,-7.2952930999645200E-01
2.01820E+02,1.6641899841658000E+00,0.0000000000000000E+00,-7.3679827402228900E-01
2.01830E+02,1.6718972937355500E+00,0.0000000000000000E+00,-7.4408295182709300E-01
2.01840E+02,1.6795902409361600E+00,0.0000000000000000E+00,-7.5138313965114700E-01
2.01850E+02,1.6872689116094000E+00,0.0000000000000000E+00,-7.5869863576812000E-01
2.01860E+02,1.6949333918324500E+00,0.0000000000000000E+00,-7.6602924046757600E-01
2.01870E+02,1.7025837679021200E+00,0.0000000000000000E+00,-7.7337475603760200E-01
2.01880E+02,1.7102201263195000E+00,0.0000000000000000E+00,-7.8073498674755600E-01
2.01890E+02,1.7178425537748900E+00,0.0000000000000000E+00,-7.8810973883092700E-01
2.01900E+02,1.7254511371329900E+00,0.0000000000000000E+00,-7.9549882046830900E-01
2.01910E+02,1.7330459634183900E+00,0.0000000000000000E+00,-8.0290204177048500E-01
2.01920E+02,1.7406271198013900E+00,0.0000000000000000E+00,-8.1031921476162800E-01
2.01930E+02,1.7481946935840500E+00,0.0000000000000000E+00,-8.1775015336260600E-01
2.01940E+02,1.7557487721865300E+00,0.0000000000000000E+00,-8.2519467337440200E-01
2.01950E+02,1.7632894431337400E+00,0.0000000000000000E+00,-8.3265259246163700E-01
2.01960E+02,1.7708167940422300E+00,0.0000000000000000E+00,-8.4012373013620600E-01
2.01970E+02,1.7783309126073500E+00,0.0000000000000000E+00,-8.4760790774101800E-01
2.01980E+02,1.7858318865906500E+00,0.0000000000000000E+00,-8.5510494843384900E-01
2.01990E+02,1.7933198038076400E+00,0.0000000000000000E+00,-8.6261467717129200E-01
2.02000E+02,1.8007947521156300E+00,0.0000000000000000E+00,-8.7013692069282400E-01
2.02010E+02,1.8082568194020300E+00,0.0000000000000000E+00,-8.7767150750497100E-01
2.02020E+02,1.8157060935727000E+00,0.0000000000000000E+00,-8.8521826786558400E-01
2.02030E+02,1.8231426625407000E+00,0.0000000000000000E+00,-8.9277703376821600E-01
2.02040E+02,1.8305666142151900E+00,0.0000000000000000E+00,-9.0034763892660700E-01
2.02050E+02,1.8379780364905800E+00,0.0000000000000000E+00,-9.0792991875927700E-01
2.02060E+02,1.8453770172359400E+00,0.0000000000000000E+00,-9.1552371037421500E-01
2.02070E+02,1.8527636442846400E+00,0.0000000000000000E+00,-9.2312885255368300E-01
2.02080E+02,1.8601380054241800E+00,0.0000000000000000E+00,-9.3074518573911700E-01
2.02090E+02,1.8675001883862500E+00,0.0000000000000000E+00,-9.3837255201613900E-01
2.02100E+02,1.8748502808370800E+00,0.0000000000000000E+00,-9.4601079509966300E-01
2.02110E+02,1.8821883703678700E+00,0.0000000000000000E+00,-9.5365976031911800E-01
2.02120E+02,1.8895145444855600E+00,0.0000000000000000E+00,-9.6131929460376800E-01
2.02130E+02,1.8968288906037600E+00,0.0000000000000000E+00,-9.6898924646813400E-01
2.02140E+02,1.9041314960338500E+00,0.0000000000000000E+00,-9.7666946599752100E-01
2.02150E+02,1.9114224479763300E+00,0.0000000000000000E+00,-9.8435980483365800E-01
2.02160E+02,1.9187018335123700E+00,0.0000000000000000E+00,-9.9206011616042300E-01
2.02170E+02,1.9259697395955300E+00,0.0000000000000000E+00,-9.9977025468969200E-01
2.02180E+02,1.9332262530436600E+00,0.0000000000000000E+00,-1.0074900766472700E+00
2.02190E+02,1.9404714605310500E+00,0.0000000000000000E+00,-1.0152194397589400E+00
2.02200E+02,1.9477054485806700E+00,0.0000000000000000E+00,-1.0229582032366400E+00
2.02210E+02,1.9549283035567200E+00,0.0000000000000000E+00,-1.0307062277646400E+00
2.02220E+02,1.9621401116572300E+00,0.0000000000000000E+00,-1.0384633754859700E+00
2.02230E+02,1.9693409589069300E+00,0.0000000000000000E+00,-1.0462295099888500E+00
2.02240E+02,1.9765309311502400E+00,0.0000000000000000E+00,-1.0540044962932200E+00
2.02250E+02,1.9837101140444800E+00,0.0000000000000000E+00,-1.0617882008374300E+00
2.02260E+02,1.9908785930531800E+00,0.0000000000000000E+00,-1.0695804914650200E+00
2.02270E+02,1.9980364534396300E+00,0.0000000000000000E+00,-1.0773812374115000E+00
2.02280E+02,2.0051837802605400E+00,0.0000000000000000E+00,-1.0851903092914200E+00
2.02290E+02,2.0123206583598800E+00,0.0000000000000000E+00,-1.0930075790853400E+00
2.02300E+02,2.0194471723628900E+00,0.0000000000000000E+00,-1.1008329201270600E+00
2.02310E+02,2.0265634066702100E+00,0.0000000000000000E+00,-1.1086662070908300E+00
2.02320E+02,2.0336694454521900E+00,0.0000000000000000E+00,-1.1165073159787700E+00
2.02330E+02,2.0407653726433400E+00,0.0000000000000000E+00,-1.1243561241083000E+00
2.02340E+02,2.0478512719369200E+00,0.0000000000000000E+00,-1.1322125100997000E+00
2.02350E+02,2.0549272267797300E+00,0.0000000000000000E+00,-1.1400763538637800E+00
2.02360E+02,2.0619933203669000E+00,0.0000000000000000E+00,-1.1479475365896400E+00
2.02370E+02,2.0690496356370100E+00,0.0000000000000000E+00,-1.1558259407325500E+00
2.02380E+02,2.0760962552672000E+00,0.0000000000000000E+00,-1.1637114500018700E+00
2.02390E+02,2.0831332616684600E+00,0.0000000000000000E+00,-1.1716039493491300E+00
2.02400E+02,2.0901607369810800E+00,0.0000000000000000E+00,-1.1795033249561600E+00
2.02410E+02,2.0971787630702200E+00,0.0000000000000000E+00,-1.1874094642233600E+00
2.02420E+02,2.1041874215215300E+00,0.0000000000000000E+00,-1.1953222557580400E+00
2.02430E+02,2.1111867936370500E+00,0.0000000000000000E+00,-1.2032415893628600E+00
2.02440E+02,2.1181769604310500E+00,0.0000000000000000E+00,-1.2111673560243400E+00
2.02450E+02,2.1251580026261700E+00,0.0000000000000000E+00,-1.2190994479015500E+00
2.02460E+02,2.1321300006495300E+00,0.0000000000000000E+00,-1.2270377583147800E+00
2.02470E+02,2.1390930346290600E+00,0.0000000000000000E+00,-1.2349821817343700E+00
2.02480E+02,2.1460471843898600E+00,0.0000000000000000E+00,-1.2429326137696600E+00
2.02490E+02,2.1529925294507800E+00,0.0000000000000000E+00,-1.2508889511579500E+00
2.02500E+02,2.1599291490210000E+00,0.0000000000000000E+00,-1.2588510917536400E+00
2.02510E+02,2.1668571219967600E+00,0.0000000000000000E+00,-1.2668189345174100E+00
2.02520E+02,2.1737765269582500E+00,0.0000000000000000E+00,-1.2747923795054800E+00
2.02530E+02,2.1806874421665100E+00,0.0000000000000000E+00,-1.2827713278590300E+00
2.02540E+02,2.1875899455605000E+00,0.0000000000000000E+00,-1.2907556817936200E+00
2.02550E+02,2.1944841147542600E+00,0.0000000000000000E+00,-1.2987453445888100E+00
2.02560E+02,2.2013700270341500E+00,0.0000000000000000E+00,-1.3067402205777400E+00
2.02570E+02,2.2082477593561900E+00,0.0000000000000000E+00,-1.3147402151369100E+00
2.02580E+02,2.2151173883435200E+00,0.0000000000000000E+00,-1.3227452346760100E+00
2.02590E+02,2.2219789902839200E+00,0.0000000000000000E+00,-1.3307551866277900E+00
2.02600E+02,2.2288326411274500E+00,0.0000000000000000E+00,-1.3387699794381200E+00
2.02610E+02,2.2356784164841600E+00,0.0000000000000000E+00,-1.3467895225560600E+00
2.02620E+02,2.2425163916219200E+00,0.0000000000000000E+00,-1.3548137264240100E+00
2.02630E+02,2.2493466414642700E+00,0.0000000000000000E+00,-1.3628425024680200E+00
2.02640E+02,2.2561692405884600E+00,0.0000000000000000E+00,-1.3708757630881100E+00
2.02650E+02,2.2629842632234400E+00,0.0000000000000000E+00,-1.3789134216487200E+00
2.02660E+02,2.2697917832480700E+00,0.0000000000000000E+00,-1.3869553924692100E+00
2.02670E+02,2.2765918741893300E+00,0.0000000000000000E+00,-1.3950015908145100E+00
2.02680E+02,2.2833846092205900E+00,0.0000000000000000E+00,-1.4030519328857400E+00
2.02690E+02,2.2901700611600400E+00,0.0000000000000000E+00,-1.4111063358110600E+00
2.02700E+02,2.2969483024691000E+00,0.0000000000000000E+00,-1.4191647176364600E+00
2.02710E+02,2.3037194052510200E+00,0.0000000000000000E+00,-1.4272269973167500E+00
2.02720E+02,2.3104834412494000E+00,0.0000000000000000E+00,-1.4352930947065200E+00
2.02730E+02,2.3172404818469400E+00,0.0000000000000000E+00,-1.4433629305513000E+00
2.02740E+02,2.3239905980641600E+00,0.0000000000000000E+00,-1.4514364264787100E+00
2.02750E+02,2.3307338605582000E+00,0.0000000000000000E+00,-1.4595135049897100E+00
2.02760E+02,2.3374703396217500E+00,0.0000000000000000E+00,-1.4675940894499600E+00
2.02770E+02,2.3442001051819400E+00,0.0000000000000000E+00,-1.4756781040812500E+00
2.02780E+02,2.3509232267994200E+00,0.0000000000000000E+00,-1.4837654739529700E+00
2.02790E+02,2.3576397736673700E+00,0.0000000000000000E+00,-1.4918561249737000E+00
2.02800E+02,2.3643498146107200E+00,0.0000000000000000E+00,-1.4999499838828400E+00
2.02810E+02,2.3710534180852800E+00,0.0000000000000000E+00,-1.5080469782423800E+00
2.02820E+02,2.3777506521770500E+00,0.0000000000000000E+00,-1.5161470364286800E+00
2.02830E+02,2.3844415846015200E+00,0.0000000000000000E+00,-1.5242500876243600E+00
2.02840E+02,2.3911262827030400E+00,0.0000000000000000E+00,-1.5323560618102400E+00
2.02850E+02,2.3978048134543000E+00,0.0000000000000000E+00,-1.5404648897573900E+00
2.02860E+02,2.4044772434557700E+00,0.0000000000000000E+00,-1.5485765030192200E+00
2.02870E+02,2.4111436389352500E+00,0.0000000000000000E+00,-1.5566908339236700E+00
2.02880E+02,2.4178040657475000E+00,0.0000000000000000E+00,-1.5648078155654500E+00
2.02890E+02,2.4244585893738700E+00,0.0000000000000000E+00,-1.5729273817983900E+00
2.02900E+02,2.4311072749219900E+00,0.0000000000000000E+00,-1.5810494672277800E+00
2.02910E+02,2.4377501871255300E+00,0.0000000000000000E+00,-1.5891740072029000E+00
2.02920E+02,2.4443873903440000E+00,0.0000000000000000E+00,-1.5973009378095100E+00
2.02930E+02,2.4510189485625800E+00,0.0000000000000000E+00,-1.6054301958624700E+00
2.02940E+02,2.4576449253920600E+00,0.0000000000000000E+00,-1.6135617188984500E+00
2.02950E+02,2.4642653840686900E+00,0.0000000000000000E+00,-1.6216954451686100E+00
2.02960E+02,2.4708803874542700E+00,0.0000000000000000E+00,-1.6298313136314700E+00
2.02970E+02,2.4774899980360800E+00,0.0000000000000000E+00,-1.6379692639457700E+00
2.02980E+02,2.4840942779270000E+00,0.0000000000000000E+00,-1.6461092364634100E+00
2.02990E+02,2.4906932888656400E+00,0.0000000000000000E+00,-1.6542511722225000E+00
2.03000E+02,2.4972870922164200E+00,0.0000000000000000E+00,-1.6623950129403900E+00
2.03010E+02,2.5038757489698400E+00,0.0000000000000000E+00,-1.6705407010068800E+00
2.03020E+02,2.5104593197426600E+00,0.0000000000000000E+00,-1.6786881794773800E+00
2.03030E+02,2.5170378647781900E+00,0.0000000000000000E+00,-1.6868373920662000E+00
2.03040E+02,2.5236114439465800E+00,0.0000000000000000E+00,-1.6949882831399400E+00
2.03050E+02,2.5301801167452000E+00,0.0000000000000000E+00,-1.7031407977108300E+00
2.03060E+02,2.5367439422989700E+00,0.0000000000000000E+00,-1.7112948814302300E+00
2.03070E+02,2.5433029793608100E+00,0.0000000000000000E+00,-1.7194504805821600E+00
2.03080E+02,2.5498572863120800E+00,0.0000000000000000E+00,-1.7276075420769100E+00
2.03090E+02,2.5564069211630400E+00,0.0000000000000000E+00,-1.7357660134446500E+00
2.03100E+02,2.5629519415534000E+00,0.0000000000000000E+00,-1.7439258428291900E+00
2.03110E+02,2.5694924047528200E+00,0.0000000000000000E+00,-1.7520869789817500E+00
2.03120E+02,2.5760283676615500E+00,0.0000000000000000E+00,-1.7602493712547700E+00
2.03130E+02,2.5825598868109600E+00,0.0000000000000000E+00,-1.7684129695958400E+00
2.03140E+02,2.5890870183642400E+00,0.0000000000000000E+00,-1.7765777245416400E+00
2.03150E+02,2.5956098181170500E+00,0.0000000000000000E+00,-1.7847435872119500E+00
2.03160E+02,2.6021283414981900E+00,0.0000000000000000E+00,-1.7929105093037200E+00
2.03170E+02,2.6086426435703200E+00,0.0000000000000000E+00,-1.8010784430852100E+00
2.03180E+02,2.6151527790307700E+00,0.0000000000000000E+00,-1.8092473413901800E+00
2.03190E+02,2.6216588022122300E+00,0.0000000000000000E+00,-1.8174171576121300E+00
2.03200E+02,2.6281607670836000E+00,0.0000000000000000E+00,-1.8255878456985700E+00
2.03210E+02,2.6346587272508200E+00,0.0000000000000000E+00,-1.8337593601454100E+00
2.03220E+02,2.6411527359576700E+00,0.0000000000000000E+00,-1.8419316559913700E+00
2.03230E+02,2.6476428460867000E+00,0.0000000000000000E+00,-1.8501046888124200E+00
2.03240E+02,2.6541291101600900E+00,0.0000000000000000E+00,-1.8582784147163100E+00
2.03250E+02,2.6606115803406000E+00,0.0000000000000000E+00,-1.8664527903371400E+00
2.03260E+02,2.6670903084324400E+00,0.0000000000000000E+00,-1.8746277728299900E+00
2.03270E+02,2.6735653458823300E+00,0.0000000000000000E+00,-1.8828033198655900E+00
2.03280E+02,2.6800367437804100E+00,0.0000000000000000E+00,-1.8909793896250400E+00
2.03290E+02,2.6865045528612500E+00,0.0000000000000000E+00,-1.8991559407946400E+00
2.03300E+02,2.6929688235049100E+00,0.0000000000000000E+00,-1.9073329325606400E+00
2.03310E+02,2.6994296057379400E+00,0.0000000000000000E+00,-1.9155103246042000E+00
2.03320E+02,2.7058869492344700E+00,0.0000000000000000E+00,-1.9236880770962800E+00
2.03330E+02,2.7123409033172500E+00,0.0000000000000000E+00,-1.9318661506926300E+00
2.03340E+02,2.7187915169587800E+00,0.0000000000000000E+00,-1.9400445065288400E+00
2.03350E+02,2.7252388387824200E+00,0.0000000000000000E+00,-1.9482231062154100E+00
2.03360E+02,2.7316829170634900E+00,0.0000000000000000E+00,-1.9564019118328500E+00
2.03370E+02,2.7381237997304500E+00,0.0000000000000000E+00,-1.9645808859269300E+00
2.03380E+02,2.7445615343660200E+00,0.0000000000000000E+00,-1.9727599915038400E+00
2.03390E+02,2.7509961682083900E+00,0.0000000000000000E+00,-1.9809391920254700E+00
2.03400E+02,2.7574277481524000E+00,0.0000000000000000E+00,-1.9891184514047700E+00
2.03410E+02,2.7638563207507500E+00,0.0000000000000000E+00,-1.9972977340010900E+00
2.03420E+02,2.7702819322151900E+00,0.0000000000000000E+00,-2.0054770046155700E+00
2.03430E+02,2.7767046284177700E+00,0.0000000000000000E+00,-2.0136562284866500E+00
2.03440E+02,2.7831244548921200E+00,0.0000000000000000E+00,-2.0218353712855000E+00
2.03450E+02,2.7895414568346300E+00,0.0000000000000000E+00,-2.0300143991116600E+00
2.03460E+02,2.7959556791057900E+00,0.0000000000000000E+00,-2.0381932784885400E+00
2.03470E+02,2.8023671662314200E+00,0.0000000000000000E+00,-2.0463719763591000E+00
2.03480E+02,2.8087759624039900E+00,0.0000000000000000E+00,-2.0545504600815400E+00
2.03490E+02,2.8151821114839400E+00,0.0000000000000000E+00,-2.0627286974249800E+00
2.03500E+02,2.8215856570009400E+00,0.0000000000000000E+00,-2.0709066565652600E+00
2.03510E+02,2.8279866421552500E+00,0.0000000000000000E+00,-2.0790843060807400E+00
2.03520E+02,2.8343851098190500E+00,0.0000000000000000E+00,-2.0872616149481100E+00
2.03530E+02,2.8407811025377700E+00,0.0000000000000000E+00,-2.0954385525383500E+00
2.03540E+02,2.8471746625314800E+00,0.0000000000000000E+00,-2.1036150886125700E+00
2.03550E+02,2.8535658316961900E+00,0.0000000000000000E+00,-2.1117911933180700E+00
2.03560E+02,2.8599546516052600E+00,0.0000000000000000E+00,-2.1199668371842900E+00
2.03570E+02,2.8663411635107700E+00,0.0000000000000000E+00,-2.1281419911188900E+00
2.03580E+02,2.8727254083449000E+00,0.0000000000000000E+00,-2.1363166264038000E+00
2.03590E+02,2.8791074267213400E+00,0.0000000000000000E+00,-2.1444907146914200E+00
2.03600E+02,2.8854872589366600E+00,0.0000000000000000E+00,-2.1526642280007200E+00
2.03610E+02,2.8918649449717300E+00,0.0000000000000000E+00,-2.1608371387134600E+00
2.03620E+02,2.8982405244931400E+00,0.0000000000000000E+00,-2.1690094195704700E+00
2.03630E+02,2.9046140368546100E+00,0.0000000000000000E+00,-2.1771810436679000E+00
2.03640E+02,2.9109855210984200E+00,0.0000000000000000E+00,-2.1853519844535400E+00
2.03650E+02,2.9173550159568500E+00,0.0000000000000000E+00,-2.1935222157231800E+00
2.03660E+02,2.9237225598535800E+00,0.0000000000000000E+00,-2.2016917116169900E+00
2.03670E+02,2.9300881909051700E+00,0.0000000000000000E+00,-2.2098604466159800E+00
2.03680E+02,2.9364519469224900E+00,0.0000000000000000E+00,-2.2180283955384300E+00
2.03690E+02,2.9428138654121900E+00,0.0000000000000000E+00,-2.2261955335364200E+00
2.03700E+02,2.9491739835780900E+00,0.0000000000000000E+00,-2.2343618360923100E+00
2.03710E+02,2.9555323383227500E+00,0.0000000000000000E+00,-2.2425272790153900E+00
2.03720E+02,2.9618889662488100E+00,0.0000000000000000E+00,-2.2506918384384000E+00
2.03730E+02,2.9682439036605600E+00,0.0000000000000000E+00,-2.2588554908142300E+00
2.03740E+02,2.9745971865653300E+00,0.0000000000000000E+00,-2.2670182129125700E+00
2.03750E+02,2.9809488506750200E+00,0.0000000000000000E+00,-2.2751799818165900E+00
2.03760E+02,2.9872989314075500E+00,0.0000000000000000E+00,-2.2833407749197200E+00
2.03770E+02,2.9936474638883300E+00,0.0000000000000000E+00,-2.2915005699224000E+00
2.03780E+02,2.9999944829517500E+00,0.0000000000000000E+00,-2.2996593448288600E+00
2.03790E+02,3.0063400231426900E+00,0.0000000000000000E+00,-2.3078170779440200E+00
2.03800E+02,3.0126841187179600E+00,0.0000000000000000E+00,-2.3159737478702700E+00
2.03810E+02,3.0190268036477900E+00,0.0000000000000000E+00,-2.3241293335044500E+00
2.03820E+02,3.0253681116173800E+00,0.0000000000000000E+00,-2.3322838140347200E+00
2.03830E+02,3.0317080760283000E+00,0.0000000000000000E+00,-2.3404371689375600E+00
2.03840E+02,3.0380467300000400E+00,0.0000000000000000E+00,-2.3485893779747200E+00
2.03850E+02,3.0443841063715000E+00,0.0000000000000000E+00,-2.3567404211903100E+00
2.03860E+02,3.0507202377024500E+00,0.0000000000000000E+00,-2.3648902789077500E+00
2.03870E+02,3.0570551562750400E+00,0.0000000000000000E+00,-2.3730389317269600E+00
2.03880E+02,3.0633888940953300E+00,0.0000000000000000E+00,-2.3811863605213800E+00
2.03890E+02,3.0697214828947000E+00,0.0000000000000000E+00,-2.3893325464351800E+00
2.03900E+02,3.0760529541314400E+00,0.0000000000000000E+00,-2.3974774708803600E+00
2.03910E+02,3.0823833389921700E+00,0.0000000000000000E+00,-2.4056211155340200E+00
2.03920E+02,3.0887126683933700E+00,0.0000000000000000E+00,-2.4137634623355200E+00
2.03930E+02,3.0950409729828700E+00,0.0000000000000000E+00,-2.4219044934837700E+00
2.03940E+02,3.1013682831413400E+00,0.0000000000000000E+00,-2.4300441914345000E+00
2.03950E+02,3.1076946289837800E+00,0.0000000000000000E+00,-2.4381825388975700E+00
2.03960E+02,3.1140200403610100E+00,0.0000000000000000E+00,-2.4463195188343000E+00
2.03970E+02,3.1203445468611500E+00,0.0000000000000000E+00,-2.4544551144548300E+00
2.03980E+02,3.1266681778111600E+00,0.0000000000000000E+00,-2.4625893092155300E+00
2.03990E+02,3.1329909622782600E+00,0.0000000000000000E+00,-2.4707220868163900E+00
2.04000E+02,3.1393129290714600E+00,0.0000000000000000E+00,-2.4788534311984700E+00
2.04010E+02,3.1456341067430200E+00,0.0000000000000000E+00,-2.4869833265413500E+00
2.04020E+02,3.1519545235899600E+00,0.0000000000000000E+00,-2.4951117572606600E+00
2.04030E+02,3.1582742076555300E+00,0.0000000000000000E+00,-2.5032387080055800E+00
2.04040E+02,3.1645931867306900E+00,0.0000000000000000E+00,-2.5113641636563400E+00
2.04050E+02,3.1709114883555700E+00,0.0000000000000000E+00,-2.5194881093218700E+00
2.04060E+02,3.1772291398209700E+00,0.0000000000000000E+00,-2.5276105303373100E+00
2.04070E+02,3.1835461681698400E+00,0.0000000000000000E+00,-2.5357314122617000E+00
2.04080E+02,3.1898626001987200E+00,0.0000000000000000E+00,-2.5438507408755400E+00
2.04090E+02,3.1961784624592400E+00,0.0000000000000000E+00,-2.5519685021785200E+00
2.04100E+02,3.2024937812595400E+00,0.0000000000000000E+00,-2.5600846823871900E+00
2.04110E+02,3.2088085826658100E+00,0.0000000000000000E+00,-2.5681992679326500E+00
2.04120E+02,3.2151228925036700E+00,0.0000000000000000E+00,-2.5763122454583000E+00
2.04130E+02,3.2214367363596900E+00,0.0000000000000000E+00,-2.5844236018176000E+00
2.04140E+02,3.2277501395827800E+00,0.0000000000000000E+00,-2.5925333240718300E+00
2.04150E+02,3.2340631272857200E+00,0.0000000000000000E+00,-2.6006413994879200E+00
2.04160E+02,3.2403757243465500E+00,0.0000000000000000E+00,-2.6087478155362500E+00
2.04170E+02,3.2466879554100300E+00,0.0000000000000000E+00,-2.6168525598885100E+00
2.04180E+02,3.2529998448890800E+00,0.0000000000000000E+00,-2.6249556204155500E+00
2.04190E+02,3.2593114169662400E+00,0.0000000000000000E+00,-2.6330569851853000E+00
2.04200E+02,3.2656226955950700E+00,0.0000000000000000E+00,-2.6411566424606300E+00
2.04210E+02,3.2719337045016100E+00,0.0000000000000000E+00,-2.6492545806973500E+00
2.04220E+02,3.2782444671858000E+00,0.0000000000000000E+00,-2.6573507885420900E+00
2.04230E+02,3.2845550069228700E+00,0.0000000000000000E+00,-2.6654452548303200E+00
2.04240E+02,3.2908653467648200E+00,0.0000000000000000E+00,-2.6735379685843200E+00
2.04250E+02,3.2971755095418000E+00,0.0000000000000000E+00,-2.6816289190112200E+00
2.04260E+02,3.3034855178635200E+00,0.0000000000000000E+00,-2.6897180955010000E+00
2.04270E+02,3.3097953941206700E+00,0.0000000000000000E+00,-2.6978054876245600E+00
2.04280E+02,3.3161051604863000E+00,0.0000000000000000E+00,-2.7058910851317900E+00
2.04290E+02,3.3224148389172600E+00,0.0000000000000000E+00,-2.7139748779496700E+00
2.04300E+02,3.3287244511555800E+00,0.0000000000000000E+00,-2.7220568561803700E+00
2.04310E+02,3.3350340187298200E+00,0.0000000000000000E+00,-2.7301370100993800E+00
2.04320E+02,3.3413435629565200E+00,0.0000000000000000E+00,-2.7382153301536700E+00
2.04330E+02,3.3476531049415400E+00,0.0000000000000000E+00,-2.7462918069598500E+00
2.04340E+02,3.3539626655814600E+00,0.0000000000000000E+00,-2.7543664313023500E+00
2.04350E+02,3.3602722655649200E+00,0.0000000000000000E+00,-2.7624391941316500E+00
2.04360E+02,3.3665819253740400E+00,0.0000000000000000E+00,-2.7705100865624600E+00
2.04370E+02,3.3728916652857300E+00,0.0000000000000000E+00,-2.7785790998720100E+00
2.04380E+02,3.3792015053731000E+00,0.0000000000000000E+00,-2.7866462254982500E+00
2.04390E+02,3.3855114655067700E+00,0.0000000000000000E+00,-2.7947114550381900E+00
2.04400E+02,3.3918215653562400E+00,0.0000000000000000E+00,-2.8027747802461500E+00
2.04410E+02,3.3981318243912300E+00,0.0000000000000000E+00,-2.8108361930320700E+00
2.04420E+02,3.4044422618830300E+00,0.0000000000000000E+00,-2.8188956854598700E+00
2.04430E+02,3.4107528969058200E+00,0.0000000000000000E+00,-2.8269532497457500E+00
2.04440E+02,3.4170637483380200E+00,0.0000000000000000E+00,-2.8350088782565800E+00
2.04450E+02,3.4233748348635800E+00,0.0000000000000000E+00,-2.8430625635082700E+00
2.04460E+02,3.4296861749733400E+00,0.0000000000000000E+00,-2.8511142981641700E+00
2.04470E+02,3.4359977869663200E+00,0.0000000000000000E+00,-2.8591640750334800E+00
2.04480E+02,3.4423096889510300E+00,0.0000000000000000E+00,-2.8672118870696300E+00
2.04490E+02,3.4486218988467800E+00,0.0000000000000000E+00,-2.8752577273687900E+00
2.04500E+02,3.4549344343849800E+00,0.0000000000000000E+00,-2.8833015891682900E+00
2.04510E+02,3.4612473131104400E+00,0.0000000000000000E+00,-2.8913434658451100E+00
2.04520E+02,3.4675605523826500E+00,0.0000000000000000E+00,-2.8993833509143200E+00
2.04530E+02,3.4738741693770600E+00,0.0000000000000000E+00,-2.9074212380276600E+00
2.04540E+02,3.4801881810863600E+00,0.0000000000000000E+00,-2.9154571209719900E+00
2.04550E+02,3.4865026043217500E+00,0.0000000000000000E+00,-2.9234909936678600E+00
2.04560E+02,3.4928174557142400E+00,0.0000000000000000E+00,-2.9315228501680400E+00
2.04570E+02,3.4991327517158500E+00,0.0000000000000000E+00,-2.9395526846561000E+00
2.04580E+02,3.5054485086009300E+00,0.0000000000000000E+00,-2.9475804914449700E+00
2.04590E+02,3.5117647424673700E+00,0.0000000000000000E+00,-2.9556062649755200E+00
2.04600E+02,3.5180814692378400E+00,0.0000000000000000E+00,-2.9636299998152200E+00
2.04610E+02,3.5243987046610900E+00,0.0000000000000000E+00,-2.9716516906566700E+00
2.04620E+02,3.5307164643131100E+00,0.0000000000000000E+00,-2.9796713323163300E+00
2.04630E+02,3.5370347635984000E+00,0.0000000000000000E+00,-2.9876889197330900E+00
2.04640E+02,3.5433536177511800E+00,0.0000000000000000E+00,-2.9957044479669600E+00
2.04650E+02,3.5496730418366300E+00,0.0000000000000000E+00,-3.0037179121977600E+00
2.04660E+02,3.5559930507520800E+00,0.0000000000000000E+00,-3.0117293077237700E+00
2.04670E+02,3.5623136592282100E+00,0.0000000000000000E+00,-3.0197386299604700E+00
2.04680E+02,3.5686348818302800E+00,0.0000000000000000E+00,-3.0277458744392000E+00
2.04690E+02,3.5749567329593000E+00,0.0000000000000000E+00,-3.0357510368059500E+00
2.04700E+02,3.5812792268532400E+00,0.0000000000000000E+00,-3.0437541128200400E+00
2.04710E+02,3.5876023775881800E+00,0.0000000000000000E+00,-3.0517550983529200E+00
2.04720E+02,3.5939261990795600E+00,0.0000000000000000E+00,-3.0597539893868900E+00
2.04730E+02,3.6002507050832500E+00,0.0000000000000000E+00,-3.0677507820139100E+00
2.04740E+02,3.6065759091968200E+00,0.0000000000000000E+00,-3.0757454724343700E+00
2.04750E+02,3.6129018248606300E+00,0.0000000000000000E+00,-3.0837380569559000E+00
2.04760E+02,3.6192284653590200E+00,0.0000000000000000E+00,-3.0917285319921600E+00
2.04770E+02,3.6255558438214500E+00,0.0000000000000000E+00,-3.0997168940617000E+00
2.04780E+02,3.6318839732236600E+00,0.0000000000000000E+00,-3.1077031397867700E+00
2.04790E+02,3.6382128663887700E+00,0.0000000000000000E+00,-3.1156872658921700E+00
2.04800E+02,3.6445425359884600E+00,0.0000000000000000E+00,-3.1236692692041200E+00
2.04810E+02,3.6508729945440600E+00,0.0000000000000000E+00,-3.1316491466491300E+00
2.04820E+02,3.6572042544277200E+00,0.0000000000000000E+00,-3.1396268952528600E+00
2.04830E+02,3.6635363278634700E+00,0.0000000000000000E+00,-3.1476025121390400E+00
2.04840E+02,3.6698692269283500E+00,0.0000000000000000E+00,-3.1555759945283600E+00
2.04850E+02,3.6762029635535500E+00,0.0000000000000000E+00,-3.1635473397373800E+00
2.04860E+02,3.6825375495254400E+00,0.0000000000000000E+00,-3.1715165451774800E+00
2.04870E+02,3.6888729964867500E+00,0.0000000000000000E+00,-3.1794836083537600E+00
2.04880E+02,3.6952093159375600E+00,0.0000000000000000E+00,-3.1874485268640200E+00
2.04890E+02,3.7015465192364900E+00,0.0000000000000000E+00,-3.1954112983976900E+00
2.04900E+02,3.7078846176016600E+00,0.0000000000000000E+00,-3.2033719207348300E+00
2.04910E+02,3.7142236221118700E+00,0.0000000000000000E+00,-3.2113303917450700E+00
2.04920E+02,3.7205635437075800E+00,0.0000000000000000E+00,-3.2192867093866400E+00
2.04930E+02,3.7269043931920200E+00,0.0000000000000000E+00,-3.2272408717053300E+00
2.04940E+02,3.7332461812322300E+00,0.0000000000000000E+00,-3.2351928768335100E+00
2.04950E+02,3.7395889183601100E+00,0.0000000000000000E+00,-3.2431427229891700E+00
2.04960E+02,3.7459326149734200E+00,0.0000000000000000E+00,-3.2510904084749300E+00
2.04970E+02,3.7522772813369100E+00,0.0000000000000000E+00,-3.2590359316770600E+00
2.04980E+02,3.7586229275832600E+00,0.0000000000000000E+00,-3.2669792910645700E+00
2.04990E+02,3.7649695637141500E+00,0.0000000000000000E+00,-3.2749204851882200E+00
2.05000E+02,3.7713171996012500E+00,0.0000000000000000E+00,-3.2828595126796200E+00
2.05010E+02,3.7776658449872900E+00,0.0000000000000000E+00,-3.2907963722503000E+00
2.05020E+02,3.7840155094870000E+00,0.0000000000000000E+00,-3.2987310626907900E+00
2.05030E+02,3.7903662025881700E+00,0.0000000000000000E+00,-3.3066635828696900E+00
2.05040E+02,3.7967179336525900E+00,0.0000000000000000E+00,-3.3145939317328300E+00
2.05050E+02,3.8030707119171100E+00,0.0000000000000000E+00,-3.3225221083023100E+00
2.05060E+02,3.8094245464945500E+00,0.0000000000000000E+00,-3.3304481116756800E+00
2.05070E+02,3.8157794463747400E+00,0.0000000000000000E+00,-3.3383719410250500E+00
2.05080E+02,3.8221354204254800E+00,0.0000000000000000E+00,-3.3462935955962100E+00
2.05090E+02,3.8284924773934800E+00,0.0000000000000000E+00,-3.3542130747078100E+00
2.05100E+02,3.8348506259053700E+00,0.0000000000000000E+00,-3.3621303777504700E+00
2.05110E+02,3.8412098744686000E+00,0.0000000000000000E+00,-3.3700455041859900E+00
2.05120E+02,3.8475702314724700E+00,0.0000000000000000E+00,-3.3779584535464900E+00
2.05130E+02,3.8539317051889900E+00,0.0000000000000000E+00,-3.3858692254336000E+00
2.05140E+02,3.8602943037738900E+00,0.0000000000000000E+00,-3.3937778195176700E+00
2.05150E+02,3.8666580352675300E+00,0.0000000000000000E+00,-3.4016842355369100E+00
2.05160E+02,3.8730229075958000E+00,0.0000000000000000E+00,-3.4095884732966500E+00
2.05170E+02,3.8793889285711200E+00,0.0000000000000000E+00,-3.4174905326685400E+00
2.05180E+02,3.8857561058932700E+00,0.0000000000000000E+00,-3.4253904135897300E+00
2.05190E+02,3.8921244471503800E+00,0.0000000000000000E+00,-3.4332881160621500E+00
2.05200E+02,3.8984939598198000E+00,0.0000000000000000E+00,-3.4411836401517100E+00
2.05210E+02,3.9048646512690000E+00,0.0000000000000000E+00,-3.4490769859875700E+00
2.05220E+02,3.9112365287564700E+00,0.0000000000000000E+00,-3.4569681537613600E+00
2.05230E+02,3.9176095994326500E+00,0.0000000000000000E+00,-3.4648571437264700E+00
2.05240E+02,3.9239838703407600E+00,0.0000000000000000E+00,-3.4727439561972800E+00
2.05250E+02,3.9303593484177200E+00,0.0000000000000000E+00,-3.4806285915484600E+00
2.05260E+02,3.9367360404950100E+00,0.0000000000000000E+00,-3.4885110502142400E+00
2.05270E+02,3.9431139532995500E+00,0.0000000000000000E+00,-3.4963913326876900E+00
2.05280E+02,3.9494930934545500E+00,0.0000000000000000E+00,-3.5042694395200300E+00
2.05290E+02,3.9558734674803900E+00,0.0000000000000000E+00,-3.5121453713199100E+00
2.05300E+02,3.9622550817954700E+00,0.0000000000000000E+00,-3.5200191287527400E+00
2.05310E+02,3.9686379427170500E+00,0.0000000000000000E+00,-3.5278907125399800E+00
2.05320E+02,3.9750220564620900E+00,0.0000000000000000E+00,-3.5357601234584700E+00
2.05330E+02,3.9814074291481300E+00,0.0000000000000000E+00,-3.5436273623397900E+00
2.05340E+02,3.9877940667940700E+00,0.0000000000000000E+00,-3.5514924300695400E+00
2.05350E+02,3.9941819753210200E+00,0.0000000000000000E+00,-3.5593553275867100E+00
2.05360E+02,4.0005711605531400E+00,0.0000000000000000E+00,-3.5672160558830300E+00
2.05370E+02,4.0069616282184400E+00,0.0000000000000000E+00,-3.5750746160023300E+00
2.05380E+02,4.0133533839495900E+00,0.0000000000000000E+00,-3.5829310090398800E+00
2.05390E+02,4.0197464332847600E+00,0.0000000000000000E+00,-3.5907852361417500E+00
2.05400E+02,4.0261407816683800E+00,0.0000000000000000E+00,-3.5986372985042400E+00
2.05410E+02,4.0325364344519600E+00,0.0000000000000000E+00,-3.6064871973731700E+00
2.05420E+02,4.0389333968948900E+00,0.0000000000000000E+00,-3.6143349340433600E+00
2.05430E+02,4.0453316741652100E+00,0.0000000000000000E+00,-3.6221805098579500E+00
2.05440E+02,4.0517312713404100E+00,0.0000000000000000E+00,-3.6300239262078400E+00
2.05450E+02,4.0581321934082000E+00,0.0000000000000000E+00,-3.6378651845310500E+00
2.05460E+02,4.0645344452672700E+00,0.0000000000000000E+00,-3.6457042863121800E+00
2.05470E+02,4.0709380317280900E+00,0.0000000000000000E+00,-3.6535412330818100E+00
2.05480E+02,4.0773429575136500E+00,0.0000000000000000E+00,-3.6613760264158900E+00
2.05490E+02,4.0837492272602100E+00,0.0000000000000000E+00,-3.6692086679351900E+00
2.05500E+02,4.0901568455180900E+00,0.0000000000000000E+00,-3.6770391593047600E+00
2.05510E+02,4.0965658167523600E+00,0.0000000000000000E+00,-3.6848675022333100E+00
2.05520E+02,4.1029761453436500E+00,0.0000000000000000E+00,-3.6926936984727100E+00
2.05530E+02,4.1093878355888500E+00,0.0000000000000000E+00,-3.7005177498173800E+00
2.05540E+02,4.1158008917018300E+00,0.0000000000000000E+00,-3.7083396581038100E+00
2.05550E+02,4.1222153178142200E+00,0.0000000000000000E+00,-3.7161594252099700E+00
2.05560E+02,4.1286311179760700E+00,0.0000000000000000E+00,-3.7239770530548000E+00
2.05570E+02,4.1350482961566400E+00,0.0000000000000000E+00,-3.7317925435976700E+00
2.05580E+02,4.1414668562450400E+00,0.0000000000000000E+00,-3.7396058988378600E+00
2.05590E+02,4.1478868020510100E+00,0.0000000000000000E+00,-3.7474171208140400E+00
2.05600E+02,4.1543081373055700E+00,0.0000000000000000E+00,-3.7552262116037400E+00
2.05610E+02,4.1607308656617600E+00,0.0000000000000000E+00,-3.7630331733229000E+00
2.05620E+02,4.1671549906953100E+00,0.0000000000000000E+00,-3.7708380081252900E+00
2.05630E+02,4.1735805159053400E+00,0.0000000000000000E+00,-3.7786407182020400E+00
2.05640E+02,4.1800074447150500E+00,0.0000000000000000E+00,-3.7864413057811700E+00
2.05650E+02,4.1864357804724100E+00,0.0000000000000000E+00,-3.7942397731270700E+00
2.05660E+02,4.1928655264508200E+00,0.0000000000000000E+00,-3.8020361225400500E+00
2.05670E+02,4.1992966858497700E+00,0.0000000000000000E+00,-3.8098303563558100E+00
2.05680E+02,4.2057292617955500E+00,0.0000000000000000E+00,-3.8176224769450000E+00
2.05690E+02,4.2121632573419000E+00,0.0000000000000000E+00,-3.8254124867127700E+00
2.05700E+02,4.2185986754706300E+00,0.0000000000000000E+00,-3.8332003880982300E+00
2.05710E+02,4.2250355190923500E+00,0.0000000000000000E+00,-3.8409861835740900E+00
2.05720E+02,4.2314737910470300E+00,0.0000000000000000E+00,-3.8487698756461300E+00
2.05730E+02,4.2379134941047200E+00,0.0000000000000000E+00,-3.8565514668527500E+00
2.05740E+02,4.2443546309661700E+00,0.0000000000000000E+00,-3.8643309597645800E+00
2.05750E+02,4.2507972042634400E+00,0.0000000000000000E+00,-3.8721083569839800E+00
2.05760E+02,4.2572412165605600E+00,0.0000000000000000E+00,-3.8798836611446200E+00
2.05770E+02,4.2636866703541700E+00,0.0000000000000000E+00,-3.8876568749110600E+00
2.05780E+02,4.2701335680741000E+00,0.0000000000000000E+00,-3.8954280009782900E+00
2.05790E+02,4.2765819120840400E+00,0.0000000000000000E+00,-3.9031970420713600E+00
2.05800E+02,4.2830317046821200E+00,0.0000000000000000E+00,-3.9109640009448800E+00
2.05810E+02,4.2894829481015200E+00,0.0000000000000000E+00,-3.9187288803826700E+00
2.05820E+02,4.2959356445111300E+00,0.0000000000000000E+00,-3.9264916831973200E+00
2.05830E+02,4.3023897960160700E+00,0.0000000000000000E+00,-3.9342524122297700E+00
2.05840E+02,4.3088454046583600E+00,0.0000000000000000E+00,-3.9420110703489300E+00
2.05850E+02,4.3153024724174600E+00,0.0000000000000000E+00,-3.9497676604512700E+00
2.05860E+02,4.3217610012109200E+00,0.0000000000000000E+00,-3.9575221854604100E+00
2.05870E+02,4.3282209928949000E+00,0.0000000000000000E+00,-3.9652746483267600E+00
2.05880E+02,4.3346824492648000E+00,0.0000000000000000E+00,-3.9730250520270700E+00
2.05890E+02,4.3411453720558100E+00,0.0000000000000000E+00,-3.9807733995641300E+00
2.05900E+02,4.3476097629435200E+00,0.0000000000000000E+00,-3.9885196939663100E+00
2.05910E+02,4.3540756235444500E+00,0.0000000000000000E+00,-3.9962639382872300E+00
2.05920E+02,4.3605429554166200E+00,0.0000000000000000E+00,-4.0040061356053700E+00
2.05930E+02,4.3670117600601300E+00,0.0000000000000000E+00,-4.0117462890237100E+00
2.05940E+02,4.3734820389177200E+00,0.0000000000000000E+00,-4.0194844016693300E+00
2.05950E+02,4.3799537933753100E+00,0.0000000000000000E+00,-4.0272204766930900E+00
2.05960E+02,4.3864270247625500E+00,0.0000000000000000E+00,-4.0349545172692700E+00
2.05970E+02,4.3929017343533700E+00,0.0000000000000000E+00,-4.0426865265951700E+00
2.05980E+02,4.3993779233665100E+00,0.0000000000000000E+00,-4.0504165078908000E+00
2.05990E+02,4.4058555929661000E+00,0.0000000000000000E+00,-4.0581444643985100E+00
2.06000E+02,4.4123347442621300E+00,0.0000000000000000E+00,-4.0658703993826700E+00
2.06010E+02,4.4188153783110300E+00,0.0000000000000000E+00,-4.0735943161292800E+00
2.06020E+02,4.4252974961161900E+00,0.0000000000000000E+00,-4.0813162179457100E+00
2.06030E+02,4.4317810986284500E+00,0.0000000000000000E+00,-4.0890361081602700E+00
2.06040E+02,4.4382661867466600E+00,0.0000000000000000E+00,-4.0967539901219500E+00
2.06050E+02,4.4447527613181700E+00,0.0000000000000000E+00,-4.1044698672000800E+00
2.06060E+02,4.4512408231393400E+00,0.0000000000000000E+00,-4.1121837427839600E+00
2.06070E+02,4.4577303729560700E+00,0.0000000000000000E+00,-4.1198956202826100E+00
2.06080E+02,4.4642214114642800E+00,0.0000000000000000E+00,-4.1276055031243900E+00
2.06090E+02,4.4707139393104300E+00,0.0000000000000000E+00,-4.1353133947567100E+00
2.06100E+02,4.4772079570920000E+00,0.0000000000000000E+00,-4.1430192986457300E+00
2.06110E+02,4.4837034653579800E+00,0.0000000000000000E+00,-4.1507232182760200E+00
2.06120E+02,4.4902004646094000E+00,0.0000000000000000E+00,-4.1584251571502900E+00
2.06130E+02,4.4966989552997400E+00,0.0000000000000000E+00,-4.1661251187890500E+00
2.06140E+02,4.5031989378355000E+00,0.0000000000000000E+00,-4.1738231067303400E+00
2.06150E+02,4.5097004125766000E+00,0.0000000000000000E+00,-4.1815191245294200E+00
2.06160E+02,4.5162033798369200E+00,0.0000000000000000E+00,-4.1892131757584700E+00
2.06170E+02,4.5227078398847300E+00,0.0000000000000000E+00,-4.1969052640063400E+00
2.06180E+02,4.5292137929431500E+00,0.0000000000000000E+00,-4.2045953928781700E+00
2.06190E+02,4.5357212391906700E+00,0.0000000000000000E+00,-4.2122835659952300E+00
2.06200E+02,4.5422301787615500E+00,0.0000000000000000E+00,-4.2199697869945300E+00
2.06210E+02,4.5487406117463100E+00,0.0000000000000000E+00,-4.2276540595285900E+00
2.06220E+02,4.5552525381921900E+00,0.0000000000000000E+00,-4.2353363872651700E+00
2.06230E+02,4.5617659581035800E+00,0.0000000000000000E+00,-4.2430167738869700E+00
2.06240E+02,4.5682808714424600E+00,0.0000000000000000E+00,-4.2506952230913600E+00
2.06250E+02,4.5747972781288800E+00,0.0000000000000000E+00,-4.2583717385901600E+00
2.06260E+02,4.5813151780413700E+00,0.0000000000000000E+00,-4.2660463241093100E+00
2.06270E+02,4.5878345710174000E+00,0.0000000000000000E+00,-4.2737189833886400E+00
2.06280E+02,4.5943554568537900E+00,0.0000000000000000E+00,-4.2813897201815900E+00
2.06290E+02,4.6008778353071600E+00,0.0000000000000000E+00,-4.2890585382550000E+00
2.06300E+02,4.6074017060943400E+00,0.0000000000000000E+00,-4.2967254413887900E+00
2.06310E+02,4.6139270688928300E+00,0.0000000000000000E+00,-4.3043904333757600E+00
2.06320E+02,4.6204539233411700E+00,0.0000000000000000E+00,-4.3120535180213100E+00
2.06330E+02,4.6269822690393800E+00,0.0000000000000000E+00,-4.3197146991432100E+00
2.06340E+02,4.6335121055494200E+00,0.0000000000000000E+00,-4.3273739805713300E+00
2.06350E+02,4.6400434323955100E+00,0.0000000000000000E+00,-4.3350313661474300E+00
2.06360E+02,4.6465762490646200E+00,0.0000000000000000E+00,-4.3426868597248900E+00
2.06370E+02,4.6531105550068400E+00,0.0000000000000000E+00,-4.3503404651685200E+00
2.06380E+02,4.6596463496357800E+00,0.0000000000000000E+00,-4.3579921863542500E+00
2.06390E+02,4.6661836323289600E+00,0.0000000000000000E+00,-4.3656420271689700E+00
2.06400E+02,4.6727224024282600E+00,0.0000000000000000E+00,-4.3732899915102500E+00
2.06410E+02,4.6792626592402500E+00,0.0000000000000000E+00,-4.3809360832861500E+00
2.06420E+02,4.6858044020365900E+00,0.0000000000000000E+00,-4.3885803064149600E+00
2.06430E+02,4.6923476300544700E+00,0.0000000000000000E+00,-4.3962226648249900E+00
2.06440E+02,4.6988923424969100E+00,0.0000000000000000E+00,-4.4038631624543700E+00
2.06450E+02,4.7054385385332300E+00,0.0000000000000000E+00,-4.4115018032507900E+00
2.06460E+02,4.7119862172993500E+00,0.0000000000000000E+00,-4.4191385911713200E+00
2.06470E+02,4.7185353778982200E+00,0.0000000000000000E+00,-4.4267735301821800E+00
2.06480E+02,4.7250860194001500E+00,0.0000000000000000E+00,-4.4344066242585300E+00
2.06490E+02,4.7316381408432300E+00,0.0000000000000000E+00,-4.4420378773842500E+00
2.06500E+02,4.7381917412336300E+00,0.0000000000000000E+00,-4.4496672935517400E+00
2.06510E+02,4.7447468195460400E+00,0.0000000000000000E+00,-4.4572948767617300E+00
2.06520E+02,4.7513033747239600E+00,0.0000000000000000E+00,-4.4649206310230600E+00
2.06530E+02,4.7578614056801000E+00,0.0000000000000000E+00,-4.4725445603524700E+00
2.06540E+02,4.7644209112967200E+00,0.0000000000000000E+00,-4.4801666687744100E+00
2.06550E+02,4.7709818904259900E+00,0.0000000000000000E+00,-4.4877869603208500E+00
2.06560E+02,4.7775443418903400E+00,0.0000000000000000E+00,-4.4954054390310900E+00
2.06570E+02,4.7841082644827800E+00,0.0000000000000000E+00,-4.5030221089515200E+00
2.06580E+02,4.7906736569672800E+00,0.0000000000000000E+00,-4.5106369741355100E+00
2.06590E+02,4.7972405180791100E+00,0.0000000000000000E+00,-4.5182500386431400E+00
2.06600E+02,4.8038088465251400E+00,0.0000000000000000E+00,-4.5258613065410500E+00
2.06610E+02,4.8103786409842100E+00,0.0000000000000000E+00,-4.5334707819022700E+00
2.06620E+02,4.8169499001074500E+00,0.0000000000000000E+00,-4.5410784688060000E+00
2.06630E+02,4.8235226225186300E+00,0.0000000000000000E+00,-4.5486843713374500E+00
2.06640E+02,4.8300968068144600E+00,0.0000000000000000E+00,-4.5562884935876700E+00
2.06650E+02,4.8366724515649100E+00,0.0000000000000000E+00,-4.5638908396533400E+00
2.06660E+02,4.8432495553135900E+00,0.0000000000000000E+00,-4.5714914136366200E+00
2.06670E+02,4.8498281165779900E+00,0.0000000000000000E+00,-4.5790902196449700E+00
2.06680E+02,4.8564081338498500E+00,0.0000000000000000E+00,-4.5866872617909800E+00
2.06690E+02,4.8629896055954700E+00,0.0000000000000000E+00,-4.5942825441921800E+00
2.06700E+02,4.8695725302560000E+00,0.0000000000000000E+00,-4.6018760709709200E+00
2.06710E+02,4.8761569062477800E+00,0.0000000000000000E+00,-4.6094678462541200E+00
2.06720E+02,4.8827427319626200E+00,0.0000000000000000E+00,-4.6170578741732100E+00
2.06730E+02,4.8893300057681000E+00,0.0000000000000000E+00,-4.6246461588638600E+00
2.06740E+02,4.8959187260079200E+00,0.0000000000000000E+00,-4.6322327044659100E+00
2.06750E+02,4.9025088910021400E+00,0.0000000000000000E+00,-4.6398175151231400E+00
2.06760E+02,4.9091004990475200E+00,0.0000000000000000E+00,-4.6474005949831700E+00
2.06770E+02,4.9156935484177900E+00,0.0000000000000000E+00,-4.6549819481972500E+00
2.06780E+02,4.9222880373639600E+00,0.0000000000000000E+00,-4.6625615789201400E+00
2.06790E+02,4.9288839641145900E+00,0.0000000000000000E+00,-4.6701394913099300E+00
2.06800E+02,4.9354813268761000E+00,0.0000000000000000E+00,-4.6777156895279400E+00
2.06810E+02,4.9420801238330500E+00,0.0000000000000000E+00,-4.6852901777385000E+00
2.06820E+02,4.9486803531484000E+00,0.0000000000000000E+00,-4.6928629601088500E+00
2.06830E+02,4.9552820129638200E+00,0.0000000000000000E+00,-4.7004340408089700E+00
2.06840E+02,4.9618851013999600E+00,0.0000000000000000E+00,-4.7080034240114500E+00
2.06850E+02,4.9684896165567200E+00,0.0000000000000000E+00,-4.7155711138913500E+00
2.06860E+02,4.9750955565135200E+00,0.0000000000000000E+00,-4.7231371146260300E+00
2.06870E+02,4.9817029193295900E+00,0.0000000000000000E+00,-4.7307014303950300E+00
2.06880E+02,4.9883117030442100E+00,0.0000000000000000E+00,-4.7382640653799200E+00
2.06890E+02,4.9949219056770100E+00,0.0000000000000000E+00,-4.7458250237641900E+00
2.06900E+02,5.0015335252282200E+00,0.0000000000000000E+00,-4.7533843097330800E+00
2.06910E+02,5.0081465596789200E+00,0.0000000000000000E+00,-4.7609419274734500E+00
2.06920E+02,5.0147610069913200E+00,0.0000000000000000E+00,-4.7684978811736800E+00
2.06930E+02,5.0213768651090100E+00,0.0000000000000000E+00,-4.7760521750234700E+00
2.06940E+02,5.0279941319572200E+00,0.0000000000000000E+00,-4.7836048132138000E+00
2.06950E+02,5.0346128054430500E+00,0.0000000000000000E+00,-4.7911557999367300E+00
2.06960E+02,5.0412328834557600E+00,0.0000000000000000E+00,-4.7987051393852900E+00
2.06970E+02,5.0478543638670100E+00,0.0000000000000000E+00,-4.8062528357533700E+00
2.06980E+02,5.0544772445310700E+00,0.0000000000000000E+00,-4.8137988932355700E+00
2.06990E+02,5.0611015232851200E+00,0.0000000000000000E+00,-4.8213433160271300E+00
2.07000E+02,5.0677271979494500E+00,0.0000000000000000E+00,-4.8288861083237200E+00
2.07010E+02,5.0743542663277400E+00,0.0000000000000000E+00,-4.8364272743213900E+00
2.07020E+02,5.0809827262072500E+00,0.0000000000000000E+00,-4.8439668182164400E+00
2.07030E+02,5.0876125753591100E+00,0.0000000000000000E+00,-4.8515047442052700E+00
2.07040E+02,5.0942438115385100E+00,0.0000000000000000E+00,-4.8590410564842900E+00
2.07050E+02,5.1008764324849700E+00,0.0000000000000000E+00,-4.8665757592498000E+00
2.07060E+02,5.1075104359225400E+00,0.0000000000000000E+00,-4.8741088566978800E+00
2.07070E+02,5.1141458195600500E+00,0.0000000000000000E+00,-4.8816403530242600E+00
2.07080E+02,5.1207825810913400E+00,0.0000000000000000E+00,-4.8891702524242200E+00
2.07090E+02,5.1274207181954600E+00,0.0000000000000000E+00,-4.8966985590924800E+00
2.07100E+02,5.1340602285369100E+00,0.0000000000000000E+00,-4.9042252772230900E+00
2.07110E+02,5.1407011097658700E+00,0.0000000000000000E+00,-4.9117504110093300E+00
2.07120E+02,5.1473433595184100E+00,0.0000000000000000E+00,-4.9192739646435800E+00
2.07130E+02,5.1539869754166900E+00,0.0000000000000000E+00,-4.9267959423172200E+00
2.07140E+02,5.1606319550692200E+00,0.0000000000000000E+00,-4.9343163482205700E+00
2.07150E+02,5.1672782960710200E+00,0.0000000000000000E+00,-4.9418351865427200E+00
2.07160E+02,5.1739259960038800E+00,0.0000000000000000E+00,-4.9493524614714600E+00
2.07170E+02,5.1805750524365300E+00,0.0000000000000000E+00,-4.9568681771931900E+00
2.07180E+02,5.1872254629248900E+00,0.0000000000000000E+00,-4.9643823378928000E+00
2.07190E+02,5.1938772250122200E+00,0.0000000000000000E+00,-4.9718949477535900E+00
2.07200E+02,5.2005303362293900E+00,0.0000000000000000E+00,-4.9794060109571400E+00
2.07210E+02,5.2071847940950300E+00,0.0000000000000000E+00,-4.9869155316832700E+00
2.07220E+02,5.2138405961157700E+00,0.0000000000000000E+00,-4.9944235141098600E+00
2.07230E+02,5.2204977397863900E+00,0.0000000000000000E+00,-5.0019299624128600E+00
2.07240E+02,5.2271562225900800E+00,0.0000000000000000E+00,-5.0094348807661100E+00
2.07250E+02,5.2338160419985800E+00,0.0000000000000000E+00,-5.0169382733412800E+00
2.07260E+02,5.2404771954724300E+00,0.0000000000000000E+00,-5.0244401443077900E+00
2.07270E+02,5.2471396804610900E+00,0.0000000000000000E+00,-5.0319404978327200E+00
2.07280E+02,5.2538034944031900E+00,0.0000000000000000E+00,-5.0394393380806900E+00
2.07290E+02,5.2604686347267100E+00,0.0000000000000000E+00,-5.0469366692137900E+00
2.07300E+02,5.2671350988491300E+00,0.0000000000000000E+00,-5.0544324953915300E+00
2.07310E+02,5.2738028841776700E+00,0.0000000000000000E+00,-5.0619268207706800E+00
2.07320E+02,5.2804719881094300E+00,0.0000000000000000E+00,-5.0694196495052500E+00
2.07330E+02,5.2871424080315900E+00,0.0000000000000000E+00,-5.0769109857463700E+00
2.07340E+02,5.2938141413215900E+00,0.0000000000000000E+00,-5.0844008336422400E+00
2.07350E+02,5.3004871853473000E+00,0.0000000000000000E+00,-5.0918891973379900E+00
2.07360E+02,5.3071615374672200E+00,0.0000000000000000E+00,-5.0993760809756700E+00
2.07370E+02,5.3138371950306300E+00,0.0000000000000000E+00,-5.1068614886941300E+00
2.07380E+02,5.3205141553777700E+00,0.0000000000000000E+00,-5.1143454246289400E+00
2.07390E+02,5.3271924158400400E+00,0.0000000000000000E+00,-5.1218278929123100E+00
2.07400E+02,5.3338719737401200E+00,0.0000000000000000E+00,-5.1293088976730500E+00
2.07410E+02,5.3405528263921700E+00,0.0000000000000000E+00,-5.1367884430364400E+00
2.07420E+02,5.3472349711020300E+00,0.0000000000000000E+00,-5.1442665331242100E+00
2.07430E+02,5.3539184051673000E+00,0.0000000000000000E+00,-5.1517431720544000E+00
2.07440E+02,5.3606031258775900E+00,0.0000000000000000E+00,-5.1592183639413500E+00
2.07450E+02,5.3672891305146400E+00,0.0000000000000000E+00,-5.1666921128956000E+00
2.07460E+02,5.3739764163525000E+00,0.0000000000000000E+00,-5.1741644230238100E+00
2.07470E+02,5.3806649806576700E+00,0.0000000000000000E+00,-5.1816352984287100E+00
2.07480E+02,5.3873548206892700E+00,0.0000000000000000E+00,-5.1891047432090100E+00
2.07490E+02,5.3940459336992100E+00,0.0000000000000000E+00,-5.1965727614593400E+00
2.07500E+02,5.4007383169323200E+00,0.0000000000000000E+00,-5.2040393572701900E+00
2.07510E+02,5.4074319676265300E+00,0.0000000000000000E+00,-5.2115045347278400E+00
2.07520E+02,5.4141268830129900E+00,0.0000000000000000E+00,-5.2189682979142700E+00
2.07530E+02,5.4208230603162700E+00,0.0000000000000000E+00,-5.2264306509071200E+00
2.07540E+02,5.4275204967544700E+00,0.0000000000000000E+00,-5.2338915977796400E+00
2.07550E+02,5.4342191895393700E+00,0.0000000000000000E+00,-5.2413511426005600E+00
2.07560E+02,5.4409191358766100E+00,0.0000000000000000E+00,-5.2488092894341100E+00
2.07570E+02,5.4476203329658000E+00,0.0000000000000000E+00,-5.2562660423399200E+00
2.07580E+02,5.4543227780006800E+00,0.0000000000000000E+00,-5.2637214053729200E+00
2.07590E+02,5.4610264681692800E+00,0.0000000000000000E+00,-5.2711753825833500E+00
2.07600E+02,5.4677314006540100E+00,0.0000000000000000E+00,-5.2786279780166600E+00
2.07610E+02,5.4744375726318700E+00,0.0000000000000000E+00,-5.2860791957134500E+00
2.07620E+02,5.4811449812745400E+00,0.0000000000000000E+00,-5.2935290397094300E+00
2.07630E+02,5.4878536237485200E+00,0.0000000000000000E+00,-5.3009775140353500E+00
2.07640E+02,5.4945634972152900E+00,0.0000000000000000E+00,-5.3084246227169300E+00
2.07650E+02,5.5012745988314400E+00,0.0000000000000000E+00,-5.3158703697748300E+00
2.07660E+02,5.5079869257487900E+00,0.0000000000000000E+00,-5.3233147592246000E+00
2.07670E+02,5.5147004751145300E+00,0.0000000000000000E+00,-5.3307577950765700E+00
2.07680E+02,5.5214152440713500E+00,0.0000000000000000E+00,-5.3381994813358700E+00
2.07690E+02,5.5281312297575700E+00,0.0000000000000000E+00,-5.3456398220023300E+00
2.07700E+02,5.5348484293072900E+00,0.0000000000000000E+00,-5.3530788210704200E+00
2.07710E+02,5.5415668398504600E+00,0.0000000000000000E+00,-5.3605164825292500E+00
2.07720E+02,5.5482864585130900E+00,0.0000000000000000E+00,-5.3679528103624700E+00
2.07730E+02,5.5550072824172900E+00,0.0000000000000000E+00,-5.3753878085482300E+00
2.07740E+02,5.5617293086814600E+00,0.0000000000000000E+00,-5.3828214810591400E+00
2.07750E+02,5.5684525344203700E+00,0.0000000000000000E+00,-5.3902538318622300E+00
2.07760E+02,5.5751769567453100E+00,0.0000000000000000E+00,-5.3976848649188600E+00
2.07770E+02,5.5819025727641900E+00,0.0000000000000000E+00,-5.4051145841847400E+00
2.07780E+02,5.5886293795816700E+00,0.0000000000000000E+00,-5.4125429936098000E+00
2.07790E+02,5.5953573742992800E+00,0.0000000000000000E+00,-5.4199700971382300E+00
2.07800E+02,5.6020865540155300E+00,0.0000000000000000E+00,-5.4273958987083700E+00
2.07810E+02,5.6088169158260100E+00,0.0000000000000000E+00,-5.4348204022526800E+00
2.07820E+02,5.6155484568235600E+00,0.0000000000000000E+00,-5.4422436116977100E+00
2.07830E+02,5.6222811740983000E+00,0.0000000000000000E+00,-5.4496655309640600E+00
2.07840E+02,5.6290150647378300E+00,0.0000000000000000E+00,-5.4570861639663100E+00
2.07850E+02,5.6357501258272600E+00,0.0000000000000000E+00,-5.4645055146130100E+00
2.07860E+02,5.6424863544494000E+00,0.0000000000000000E+00,-5.4719235868065900E+00
2.07870E+02,5.6492237476847900E+00,0.0000000000000000E+00,-5.4793403844433800E+00
2.07880E+02,5.6559623026118700E+00,0.0000000000000000E+00,-5.4867559114135300E+00
2.07890E+02,5.6627020163070600E+00,0.0000000000000000E+00,-5.4941701716009800E+00
2.07900E+02,5.6694428858448500E+00,0.0000000000000000E+00,-5.5015831688834100E+00
2.07910E+02,5.6761849082979400E+00,0.0000000000000000E+00,-5.5089949071322100E+00
2.07920E+02,5.6829280807373200E+00,0.0000000000000000E+00,-5.5164053902124700E+00
2.07930E+02,5.6896724002323800E+00,0.0000000000000000E+00,-5.5238146219828800E+00
2.07940E+02,5.6964178638510000E+00,0.0000000000000000E+00,-5.5312226062957400E+00
2.07950E+02,5.7031644686596900E+00,0.0000000000000000E+00,-5.5386293469969200E+00
2.07960E+02,5.7099122117236300E+00,0.0000000000000000E+00,-5.5460348479258000E+00
2.07970E+02,5.7166610901067900E+00,0.0000000000000000E+00,-5.5534391129152500E+00
2.07980E+02,5.7234111008720800E+00,0.0000000000000000E+00,-5.5608421457916000E+00
2.07990E+02,5.7301622410813500E+00,0.0000000000000000E+00,-5.5682439503746100E+00
2.08000E+02,5.7369145077955700E+00,0.0000000000000000E+00,-5.5756445304774100E+00
2.08010E+02,5.7436678980748700E+00,0.0000000000000000E+00,-5.5830438899064800E+00
2.08020E+02,5.7504224089786800E+00,0.0000000000000000E+00,-5.5904420324616200E+00
2.08030E+02,5.7571780375657800E+00,0.0000000000000000E+00,-5.5978389619359400E+00
2.08040E+02,5.7639347808944000E+00,0.0000000000000000E+00,-5.6052346821157900E+00
2.08050E+02,5.7706926360223300E+00,0.0000000000000000E+00,-5.6126291967807300E+00
2.08060E+02,5.7774516000070100E+00,0.0000000000000000E+00,-5.6200225097035300E+00
2.08070E+02,5.7842116699055700E+00,0.0000000000000000E+00,-5.6274146246501200E+00
2.08080E+02,5.7909728427749900E+00,0.0000000000000000E+00,-5.6348055453795700E+00
2.08090E+02,5.7977351156721400E+00,0.0000000000000000E+00,-5.6421952756440400E+00
2.08100E+02,5.8044984856538700E+00,0.0000000000000000E+00,-5.6495838191887900E+00
2.08110E+02,5.8112629497771000E+00,0.0000000000000000E+00,-5.6569711797521000E+00
2.08120E+02,5.8180285050989100E+00,0.0000000000000000E+00,-5.6643573610652700E+00
2.08130E+02,5.8247951486766200E+00,0.0000000000000000E+00,-5.6717423668526300E+00
2.08140E+02,5.8315628775678700E+00,0.0000000000000000E+00,-5.6791262008314300E+00
2.08150E+02,5.8383316888307100E+00,0.0000000000000000E+00,-5.6865088667118900E+00
2.08160E+02,5.8451015795236400E+00,0.0000000000000000E+00,-5.6938903681971300E+00
2.08170E+02,5.8518725467057500E+00,0.0000000000000000E+00,-5.7012707089831500E+00
2.08180E+02,5.8586445874367700E+00,0.0000000000000000E+00,-5.7086498927588400E+00
2.08190E+02,5.8654176987771400E+00,0.0000000000000000E+00,-5.7160279232059100E+00
2.08200E+02,5.8721918777880900E+00,0.0000000000000000E+00,-5.7234048039988700E+00
2.08210E+02,5.8789671215317200E+00,0.0000000000000000E+00,-5.7307805388050600E+00
2.08220E+02,5.8857434270710800E+00,0.0000000000000000E+00,-5.7381551312845600E+00
2.08230E+02,5.8925207914702600E+00,0.0000000000000000E+00,-5.7455285850901900E+00
2.08240E+02,5.8992992117944000E+00,0.0000000000000000E+00,-5.7529009038675100E+00
2.08250E+02,5.9060786851098500E+00,0.0000000000000000E+00,-5.7602720912547900E+00
2.08260E+02,5.9128592084841700E+00,0.0000000000000000E+00,-5.7676421508829400E+00
2.08270E+02,5.9196407789862400E+00,0.0000000000000000E+00,-5.7750110863755800E+00
2.08280E+02,5.9264233936863300E+00,0.0000000000000000E+00,-5.7823789013489200E+00
2.08290E+02,5.9332070496561300E+00,0.0000000000000000E+00,-5.7897455994118100E+00
2.08300E+02,5.9399917439688800E+00,0.0000000000000000E+00,-5.7971111841657200E+00
2.08310E+02,5.9467774736993800E+00,0.0000000000000000E+00,-5.8044756592046500E+00
2.08320E+02,5.9535642359241100E+00,0.0000000000000000E+00,-5.8118390281152000E+00
2.08330E+02,5.9603520277212500E+00,0.0000000000000000E+00,-5.8192012944764900E+00
2.08340E+02,5.9671408461707600E+00,0.0000000000000000E+00,-5.8265624618601800E+00
2.08350E+02,5.9739306883544800E+00,0.0000000000000000E+00,-5.8339225338304100E+00
2.08360E+02,5.9807215513561200E+00,0.0000000000000000E+00,-5.8412815139438400E+00
2.08370E+02,5.9875134322614200E+00,0.0000000000000000E+00,-5.8486394057495700E+00
2.08380E+02,5.9943063281581100E+00,0.0000000000000000E+00,-5.8559962127891800E+00
2.08390E+02,6.0011002361360700E+00,0.0000000000000000E+00,-5.8633519385966600E+00
2.08400E+02,6.0078951532873000E+00,0.0000000000000000E+00,-5.8707065866984500E+00
2.08410E+02,6.0146910767060500E+00,0.0000000000000000E+00,-5.8780601606133800E+00
2.08420E+02,6.0214880034888500E+00,0.0000000000000000E+00,-5.8854126638526800E+00
2.08430E+02,6.0282859307345600E+00,0.0000000000000000E+00,-5.8927640999199500E+00
2.08440E+02,6.0350848555444700E+00,0.0000000000000000E+00,-5.9001144723111400E+00
2.08450E+02,6.0418847750223000E+00,0.0000000000000000E+00,-5.9074637845145800E+00
2.08460E+02,6.0486856862742900E+00,0.0000000000000000E+00,-5.9148120400109100E+00
2.08470E+02,6.0554875864092800E+00,0.0000000000000000E+00,-5.9221592422731000E+00
2.08480E+02,6.0622904725387000E+00,0.0000000000000000E+00,-5.9295053947664200E+00
2.08490E+02,6.0690943417767000E+00,0.0000000000000000E+00,-5.9368505009484300E+00
2.08500E+02,6.0758991912401200E+00,0.0000000000000000E+00,-5.9441945642690000E+00
2.08510E+02,6.0827050180486500E+00,0.0000000000000000E+00,-5.9515375881702500E+00
2.08520E+02,6.0895118193247700E+00,0.0000000000000000E+00,-5.9588795760865600E+00
2.08530E+02,6.0963195921938900E+00,0.0000000000000000E+00,-5.9662205314445500E+00
2.08540E+02,6.1031283337843600E+00,0.0000000000000000E+00,-5.9735604576630900E+00
2.08550E+02,6.1099380412275200E+00,0.0000000000000000E+00,-5.9808993581532800E+00
2.08560E+02,6.1167487116577700E+00,0.0000000000000000E+00,-5.9882372363184200E+00
2.08570E+02,6.1235603422126100E+00,0.0000000000000000E+00,-5.9955740955540200E+00
2.08580E+02,6.1303729300326800E+00,0.0000000000000000E+00,-6.0029099392478000E+00
2.08590E+02,6.1371864722618200E+00,0.0000000000000000E+00,-6.0102447707796400E+00
2.08600E+02,6.1440009660471100E+00,0.0000000000000000E+00,-6.0175785935216200E+00
2.08610E+02,6.1508164085389500E+00,0.0000000000000000E+00,-6.0249114108379700E+00
2.08620E+02,6.1576327968910300E+00,0.0000000000000000E+00,-6.0322432260850900E+00
2.08630E+02,6.1644501282604700E+00,0.0000000000000000E+00,-6.0395740426115300E+00
2.08640E+02,6.1712683998077900E+00,0.0000000000000000E+00,-6.0469038637579800E+00
2.08650E+02,6.1780876086970100E+00,0.0000000000000000E+00,-6.0542326928572800E+00
2.08660E+02,6.1849077520956600E+00,0.0000000000000000E+00,-6.0615605332343700E+00
2.08670E+02,6.1917288271748200E+00,0.0000000000000000E+00,-6.0688873882063300E+00
2.08680E+02,6.1985508311092000E+00,0.0000000000000000E+00,-6.0762132610823400E+00
2.08690E+02,6.2053737610771400E+00,0.0000000000000000E+00,-6.0835381551637200E+00
2.08700E+02,6.2121976142606800E+00,0.0000000000000000E+00,-6.0908620737438500E+00
2.08710E+02,6.2190223878456100E+00,0.0000000000000000E+00,-6.0981850201082400E+00
2.08720E+02,6.2258480790214600E+00,0.0000000000000000E+00,-6.1055069975344600E+00
2.08730E+02,6.2326746849816000E+00,0.0000000000000000E+00,-6.1128280092921800E+00
2.08740E+02,6.2395022029232400E+00,0.0000000000000000E+00,-6.1201480586431400E+00
2.08750E+02,6.2463306300475000E+00,0.0000000000000000E+00,-6.1274671488411800E+00
2.08760E+02,6.2531599635594100E+00,0.0000000000000000E+00,-6.1347852831321700E+00
2.08770E+02,6.2599902006680000E+00,0.0000000000000000E+00,-6.1421024647540700E+00
2.08780E+02,6.2668213385862800E+00,0.0000000000000000E+00,-6.1494186969369000E+00
2.08790E+02,6.2736533745313200E+00,0.0000000000000000E+00,-6.1567339829027200E+00
2.08800E+02,6.2804863057242700E+00,0.0000000000000000E+00,-6.1640483258656600E+00
2.08810E+02,6.2873201293904000E+00,0.0000000000000000E+00,-6.1713617290319000E+00
2.08820E+02,6.2941548427591400E+00,0.0000000000000000E+00,-6.1786741955996500E+00
2.08830E+02,6.3009904430641000E+00,0.0000000000000000E+00,-6.1859857287591800E+00
2.08840E+02,6.3078269275431100E+00,0.0000000000000000E+00,-6.1932963316927900E+00
2.08850E+02,6.3146642934382700E+00,0.0000000000000000E+00,-6.2006060075748300E+00
2.08860E+02,6.3215025379959700E+00,0.0000000000000000E+00,-6.2079147595716700E+00
2.08870E+02,6.3283416584669300E+00,0.0000000000000000E+00,-6.2152225908417300E+00
2.08880E+02,6.3351816521062000E+00,0.0000000000000000E+00,-6.2225295045354500E+00
2.08890E+02,6.3420225161732600E+00,0.0000000000000000E+00,-6.2298355037953200E+00
2.08900E+02,6.3488642479319900E+00,0.0000000000000000E+00,-6.2371405917558300E+00
2.08910E+02,6.3557068446507300E+00,0.0000000000000000E+00,-6.2444447715435200E+00
2.08920E+02,6.3625503036022900E+00,0.0000000000000000E+00,-6.2517480462769500E+00
2.08930E+02,6.3693946220640100E+00,0.0000000000000000E+00,-6.2590504190667200E+00
2.08940E+02,6.3762397973177800E+00,0.0000000000000000E+00,-6.2663518930154400E+00
2.08950E+02,6.3830858266500400E+00,0.0000000000000000E+00,-6.2736524712177600E+00
2.08960E+02,6.3899327073518500E+00,0.0000000000000000E+00,-6.2809521567603300E+00
2.08970E+02,6.3967804367189100E+00,0.0000000000000000E+00,-6.2882509527218700E+00
2.08980E+02,6.4036290120515600E+00,0.0000000000000000E+00,-6.2955488621730800E+00
2.08990E+02,6.4104784306548400E+00,0.0000000000000000E+00,-6.3028458881767300E+00
2.09000E+02,6.4173286898384900E+00,0.0000000000000000E+00,-6.3101420337875900E+00
2.09010E+02,6.4241797869170200E+00,0.0000000000000000E+00,-6.3174373020524700E+00
2.09020E+02,6.4310317192096700E+00,0.0000000000000000E+00,-6.3247316960102200E+00
2.09030E+02,6.4378844840405100E+00,0.0000000000000000E+00,-6.3320252186916900E+00
2.09040E+02,6.4447380787384100E+00,0.0000000000000000E+00,-6.3393178731198100E+00
2.09050E+02,6.4515925006370900E+00,0.0000000000000000E+00,-6.3466096623095100E+00
2.09060E+02,6.4584477470751300E+00,0.0000000000000000E+00,-6.3539005892677800E+00
2.09070E+02,6.4653038153960100E+00,0.0000000000000000E+00,-6.3611906569936200E+00
2.09080E+02,6.4721607029481400E+00,0.0000000000000000E+00,-6.3684798684781100E+00
2.09090E+02,6.4790184070848500E+00,0.0000000000000000E+00,-6.3757682267043600E+00
2.09100E+02,6.4858769251644500E+00,0.0000000000000000E+00,-6.3830557346475100E+00
2.09110E+02,6.4927362545502300E+00,0.0000000000000000E+00,-6.3903423952747800E+00
2.09120E+02,6.4995963926105000E+00,0.0000000000000000E+00,-6.3976282115454100E+00
2.09130E+02,6.5064573367185700E+00,0.0000000000000000E+00,-6.4049131864107400E+00
2.09140E+02,6.5133190842528400E+00,0.0000000000000000E+00,-6.4121973228141400E+00
2.09150E+02,6.5201816325967800E+00,0.0000000000000000E+00,-6.4194806236910400E+00
2.09160E+02,6.5270449791389200E+00,0.0000000000000000E+00,-6.4267630919689700E+00
2.09170E+02,6.5339091212729500E+00,0.0000000000000000E+00,-6.4340447305674900E+00
2.09180E+02,6.5407740563976600E+00,0.0000000000000000E+00,-6.4413255423982700E+00
2.09190E+02,6.5476397819170200E+00,0.0000000000000000E+00,-6.4486055303650500E+00
2.09200E+02,6.5545062952401700E+00,0.0000000000000000E+00,-6.4558846973636400E+00
2.09210E+02,6.5613735937814300E+00,0.0000000000000000E+00,-6.4631630462819700E+00
2.09220E+02,6.5682416749603500E+00,0.0000000000000000E+00,-6.4704405800000300E+00
2.09230E+02,6.5751105362016900E+00,0.0000000000000000E+00,-6.4777173013899400E+00
2.09240E+02,6.5819801749354800E+00,0.0000000000000000E+00,-6.4849932133159100E+00
2.09250E+02,6.5888505885970000E+00,0.0000000000000000E+00,-6.4922683186342500E+00
2.09260E+02,6.5957217746268300E+00,0.0000000000000000E+00,-6.4995426201934000E+00
2.09270E+02,6.6025937304708400E+00,0.0000000000000000E+00,-6.5068161208339200E+00
2.09280E+02,6.6094664535802100E+00,0.0000000000000000E+00,-6.5140888233884900E+00
2.09290E+02,6.6163399414114700E+00,0.0000000000000000E+00,-6.5213607306819200E+00
2.09300E+02,6.6232141914264800E+00,0.0000000000000000E+00,-6.5286318455311800E+00
2.09310E+02,6.6300892010924800E+00,0.0000000000000000E+00,-6.5359021707453600E+00
2.09320E+02,6.6369649678820900E+00,0.0000000000000000E+00,-6.5431717091257000E+00
2.09330E+02,6.6438414892733100E+00,0.0000000000000000E+00,-6.5504404634656100E+00
2.09340E+02,6.6507187627495700E+00,0.0000000000000000E+00,-6.5577084365506700E+00
2.09350E+02,6.6575967857997100E+00,0.0000000000000000E+00,-6.5649756311586000E+00
2.09360E+02,6.6644755559180200E+00,0.0000000000000000E+00,-6.5722420500593400E+00
2.09370E+02,6.6713550706042100E+00,0.0000000000000000E+00,-6.5795076960149900E+00
2.09380E+02,6.6782353273635000E+00,0.0000000000000000E+00,-6.5867725717798300E+00
2.09390E+02,6.6851163237065700E+00,0.0000000000000000E+00,-6.5940366801003600E+00
2.09400E+02,6.6919980571495700E+00,0.0000000000000000E+00,-6.6013000237152700E+00
2.09410E+02,6.6988805252141900E+00,0.0000000000000000E+00,-6.6085626053555000E+00
2.09420E+02,6.7057637254276000E+00,0.0000000000000000E+00,-6.6158244277441500E+00
2.09430E+02,6.7126476553225300E+00,0.0000000000000000E+00,-6.6230854935966100E+00
2.09440E+02,6.7195323124372300E+00,0.0000000000000000E+00,-6.6303458056204600E+00
2.09450E+02,6.7264176943155000E+00,0.0000000000000000E+00,-6.6376053665155600E+00
2.09460E+02,6.7333037985067200E+00,0.0000000000000000E+00,-6.6448641789740100E+00
2.09470E+02,6.7401906225658100E+00,0.0000000000000000E+00,-6.6521222456801500E+00
2.09480E+02,6.7470781640533100E+00,0.0000000000000000E+00,-6.6593795693106300E+00
2.09490E+02,6.7539664205353300E+00,0.0000000000000000E+00,-6.6666361525343500E+00
2.09500E+02,6.7608553895835900E+00,0.0000000000000000E+00,-6.6738919980125100E+00
2.09510E+02,6.7677450687754200E+00,0.0000000000000000E+00,-6.6811471083985900E+00
2.09520E+02,6.7746354556937800E+00,0.0000000000000000E+00,-6.6884014863383900E+00
2.09530E+02,6.7815265479272400E+00,0.0000000000000000E+00,-6.6956551344700300E+00
2.09540E+02,6.7884183430700400E+00,0.0000000000000000E+00,-6.7029080554239300E+00
2.09550E+02,6.7953108387220600E+00,0.0000000000000000E+00,-6.7101602518228500E+00
2.09560E+02,6.8022040324888200E+00,0.0000000000000000E+00,-6.7174117262819000E+00
2.09570E+02,6.8090979219815300E+00,0.0000000000000000E+00,-6.7246624814085400E+00
2.09580E+02,6.8159925048170500E+00,0.0000000000000000E+00,-6.7319125198025700E+00
2.09590E+02,6.8228877786179400E+00,0.0000000000000000E+00,-6.7391618440561800E+00
2.09600E+02,6.8297837410124400E+00,0.0000000000000000E+00,-6.7464104567539400E+00
2.09610E+02,6.8366803896344900E+00,0.0000000000000000E+00,-6.7536583604727900E+00
2.09620E+02,6.8435777221237200E+00,0.0000000000000000E+00,-6.7609055577820800E+00
2.09630E+02,6.8504757361254900E+00,0.0000000000000000E+00,-6.7681520512435800E+00
2.09640E+02,6.8573744292908600E+00,0.0000000000000000E+00,-6.7753978434114600E+00
2.09650E+02,6.8642737992766100E+00,0.0000000000000000E+00,-6.7826429368323200E+00
2.09660E+02,6.8711738437452600E+00,0.0000000000000000E+00,-6.7898873340452200E+00
2.09670E+02,6.8780745603650600E+00,0.0000000000000000E+00,-6.7971310375816500E+00
2.09680E+02,6.8849759468099800E+00,0.0000000000000000E+00,-6.8043740499655600E+00
2.09690E+02,6.8918780007597700E+00,0.0000000000000000E+00,-6.8116163737133800E+00
2.09700E+02,6.8987807198999000E+00,0.0000000000000000E+00,-6.8188580113340200E+00
2.09710E+02,6.9056841019216000E+00,0.0000000000000000E+00,-6.8260989653288800E+00
2.09720E+02,6.9125881445218600E+00,0.0000000000000000E+00,-6.8333392381918600E+00
2.09730E+02,6.9194928454034500E+00,0.0000000000000000E+00,-6.8405788324093700E+00
2.09740E+02,6.9263982022748800E+00,0.0000000000000000E+00,-6.8478177504603600E+00
2.09750E+02,6.9333042128504400E+00,0.0000000000000000E+00,-6.8550559948163100E+00
2.09760E+02,6.9402108748502100E+00,0.0000000000000000E+00,-6.8622935679412200E+00
2.09770E+02,6.9471181860000300E+00,0.0000000000000000E+00,-6.8695304722917000E+00
2.09780E+02,6.9540261440315400E+00,0.0000000000000000E+00,-6.8767667103168900E+00
2.09790E+02,6.9609347466821300E+00,0.0000000000000000E+00,-6.8840022844585100E+00
2.09800E+02,6.9678439916950200E+00,0.0000000000000000E+00,-6.8912371971509000E+00
2.09810E+02,6.9747538768192000E+00,0.0000000000000000E+00,-6.8984714508209900E+00
2.09820E+02,6.9816643998094500E+00,0.0000000000000000E+00,-6.9057050478883000E+00
2.09830E+02,6.9885755584263500E+00,0.0000000000000000E+00,-6.9129379907650300E+00
2.09840E+02,6.9954873504362900E+00,0.0000000000000000E+00,-6.9201702818559600E+00
2.09850E+02,7.0023997736114400E+00,0.0000000000000000E+00,-6.9274019235585800E+00
2.09860E+02,7.0093128257297800E+00,0.0000000000000000E+00,-6.9346329182629900E+00
2.09870E+02,7.0162265045750900E+00,0.0000000000000000E+00,-6.9418632683519900E+00
2.09880E+02,7.0231408079369700E+00,0.0000000000000000E+00,-6.9490929762010700E+00
2.09890E+02,7.0300557336108000E+00,0.0000000000000000E+00,-6.9563220441784100E+00
2.09900E+02,7.0369712793977800E+00,0.0000000000000000E+00,-6.9635504746449100E+00
2.09910E+02,7.0438874431049200E+00,0.0000000000000000E+00,-6.9707782699541800E+00
2.09920E+02,7.0508042225450500E+00,0.0000000000000000E+00,-6.9780054324525700E+00
2.09930E+02,7.0577216155367700E+00,0.0000000000000000E+00,-6.9852319644791800E+00
2.09940E+02,7.0646396199045200E+00,0.0000000000000000E+00,-6.9924578683658800E+00
2.09950E+02,7.0715582334785500E+00,0.0000000000000000E+00,-6.9996831464372900E+00
2.09960E+02,7.0784774540949100E+00,0.0000000000000000E+00,-7.0069078010108400E+00
2.09970E+02,7.0853972795954500E+00,0.0000000000000000E+00,-7.0141318343967400E+00
2.09980E+02,7.0923177078278600E+00,0.0000000000000000E+00,-7.0213552488980300E+00
2.09990E+02,7.0992387366456000E+00,0.0000000000000000E+00,-7.0285780468105400E+00
2.10000E+02,7.1061603639079600E+00,0.0000000000000000E+00,-7.0358002304229800E+00
2.10010E+02,7.1059766108692800E+00,0.0000000000000000E+00,-7.0359858162007800E+00
2.10020E+02,7.1057938175976300E+00,0.0000000000000000E+00,-7.0361704230206800E+00
2.10030E+02,7.1056119791055000E+00,0.0000000000000000E+00,-7.0363540560713800E+00
2.10040E+02,7.1054310904309100E+00,0.0000000000000000E+00,-7.0365367205136900E+00
2.10050E+02,7.1052511466373800E+00,0.0000000000000000E+00,-7.0367184214808500E+00
2.10060E+02,7.1050721428138500E+00,0.0000000000000000E+00,-7.0368991640786200E+00
2.10070E+02,7.1048940740745100E+00,0.0000000000000000E+00,-7.0370789533854600E+00
2.10080E+02,7.1047169355587000E+00,0.0000000000000000E+00,-7.0372577944526900E+00
2.10090E+02,7.1045407224307700E+00,0.0000000000000000E+00,-7.0374356923045900E+00
2.10100E+02,7.1043654298799500E+00,0.0000000000000000E+00,-7.0376126519386100E+00
2.10110E+02,7.1041910531202400E+00,0.0000000000000000E+00,-7.0377886783254700E+00
2.10120E+02,7.1040175873902500E+00,0.0000000000000000E+00,-7.0379637764093200E+00
2.10130E+02,7.1038450279531400E+00,0.0000000000000000E+00,-7.0381379511078900E+00
2.10140E+02,7.1036733700964300E+00,0.0000000000000000E+00,-7.0383112073126300E+00
2.10150E+02,7.1035026091319200E+00,0.0000000000000000E+00,-7.0384835498888400E+00
2.10160E+02,7.1033327403955400E+00,0.0000000000000000E+00,-7.0386549836758300E+00
2.10170E+02,7.1031637592472500E+00,0.0000000000000000E+00,-7.0388255134870500E+00
2.10180E+02,7.1029956610709100E+00,0.0000000000000000E+00,-7.0389951441102400E+00
2.10190E+02,7.1028284412741600E+00,0.0000000000000000E+00,-7.0391638803075700E+00
2.10200E+02,7.1026620952882800E+00,0.0000000000000000E+00,-7.0393317268157500E+00
2.10210E+02,7.1024966185681200E+00,0.0000000000000000E+00,-7.0394986883462200E+00
2.10220E+02,7.1023320065919300E+00,0.0000000000000000E+00,-7.0396647695852400E+00
2.10230E+02,7.1021682548612700E+00,0.0000000000000000E+00,-7.0398299751940500E+00
2.10240E+02,7.1020053589008700E+00,0.0000000000000000E+00,-7.0399943098090000E+00
2.10250E+02,7.1018433142585500E+00,0.0000000000000000E+00,-7.0401577780416900E+00
2.10260E+02,7.1016821165050700E+00,0.0000000000000000E+00,-7.0403203844790900E+00
2.10270E+02,7.1015217612340200E+00,0.0000000000000000E+00,-7.0404821336837000E+00
2.10280E+02,7.1013622440617100E+00,0.0000000000000000E+00,-7.0406430301936600E+00
2.10290E+02,7.1012035606270600E+00,0.0000000000000000E+00,-7.0408030785228800E+00
2.10300E+02,7.1010457065914800E+00,0.0000000000000000E+00,-7.0409622831611900E+00
2.10310E+02,7.1008886776387500E+00,0.0000000000000000E+00,-7.0411206485744500E+00
2.10320E+02,7.1007324694749200E+00,0.0000000000000000E+00,-7.0412781792047100E+00
2.10330E+02,7.1005770778281800E+00,0.0000000000000000E+00,-7.0414348794702900E+00
2.10340E+02,7.1004224984487700E+00,0.0000000000000000E+00,-7.0415907537659600E+00
2.10350E+02,7.1002687271088500E+00,0.0000000000000000E+00,-7.0417458064630500E+00
2.10360E+02,7.1001157596023800E+00,0.0000000000000000E+00,-7.0419000419095500E+00
2.10370E+02,7.0999635917450500E+00,0.0000000000000000E+00,-7.0420534644302700E+00
2.10380E+02,7.0998122193741400E+00,0.0000000000000000E+00,-7.0422060783269700E+00
2.10390E+02,7.0996616383484100E+00,0.0000000000000000E+00,-7.0423578878784500E+00
2.10400E+02,7.0995118445479800E+00,0.0000000000000000E+00,-7.0425088973406900E+00
2.10410E+02,7.0993628338742600E+00,0.0000000000000000E+00,-7.0426591109469800E+00
2.10420E+02,7.0992146022498200E+00,0.0000000000000000E+00,-7.0428085329080700E+00
2.10430E+02,7.0990671456182700E+00,0.0000000000000000E+00,-7.0429571674122100E+00
2.10440E+02,7.0989204599441700E+00,0.0000000000000000E+00,-7.0431050186253600E+00
2.10450E+02,7.0987745412129300E+00,0.0000000000000000E+00,-7.0432520906912700E+00
2.10460E+02,7.0986293854306700E+00,0.0000000000000000E+00,-7.0433983877315900E+00
2.10470E+02,7.0984849886241600E+00,0.0000000000000000E+00,-7.0435439138460100E+00
2.10480E+02,7.0983413468406900E+00,0.0000000000000000E+00,-7.0436886731123800E+00
2.10490E+02,7.0981984561479700E+00,0.0000000000000000E+00,-7.0438326695868000E+00
2.10500E+02,7.0980563126340100E+00,0.0000000000000000E+00,-7.0439759073037900E+00
2.10510E+02,7.0979149124070500E+00,0.0000000000000000E+00,-7.0441183902763500E+00
2.10520E+02,7.0977742515954300E+00,0.0000000000000000E+00,-7.0442601224960900E+00
2.10530E+02,7.0976343263475100E+00,0.0000000000000000E+00,-7.0444011079334000E+00
2.10540E+02,7.0974951328315400E+00,0.0000000000000000E+00,-7.0445413505374700E+00
2.10550E+02,7.0973566672355900E+00,0.0000000000000000E+00,-7.0446808542364900E+00
2.10560E+02,7.0972189257674200E+00,0.0000000000000000E+00,-7.0448196229377300E+00
2.10570E+02,7.0970819046544100E+00,0.0000000000000000E+00,-7.0449576605276100E+00
2.10580E+02,7.0969456001434200E+00,0.0000000000000000E+00,-7.0450949708719100E+00
2.10590E+02,7.0968100085007300E+00,0.0000000000000000E+00,-7.0452315578157900E+00
2.10600E+02,7.0966751260119400E+00,0.0000000000000000E+00,-7.0453674251839500E+00
2.10610E+02,7.0965409489818300E+00,0.0000000000000000E+00,-7.0455025767807200E+00
2.10620E+02,7.0964074737343100E+00,0.0000000000000000E+00,-7.0456370163901900E+00
2.10630E+02,7.0962746966122900E+00,0.0000000000000000E+00,-7.0457707477762800E+00
2.10640E+02,7.0961426139776000E+00,0.0000000000000000E+00,-7.0459037746829100E+00
2.10650E+02,7.0960112222109000E+00,0.0000000000000000E+00,-7.0460361008340600E+00
2.10660E+02,7.0958805177115500E+00,0.0000000000000000E+00,-7.0461677299338700E+00
2.10670E+02,7.0957504968975700E+00,0.0000000000000000E+00,-7.0462986656667900E+00
2.10680E+02,7.0956211562054900E+00,0.0000000000000000E+00,-7.0464289116976700E+00
2.10690E+02,7.0954924920902800E+00,0.0000000000000000E+00,-7.0465584716718400E+00
2.10700E+02,7.0953645010252700E+00,0.0000000000000000E+00,-7.0466873492152400E+00
2.10710E+02,7.0952371795020300E+00,0.0000000000000000E+00,-7.0468155479345300E+00
2.10720E+02,7.0951105240302800E+00,0.0000000000000000E+00,-7.0469430714171700E+00
2.10730E+02,7.0949845311378300E+00,0.0000000000000000E+00,-7.0470699232315400E+00
2.10740E+02,7.0948591973704400E+00,0.0000000000000000E+00,-7.0471961069270500E+00
2.10750E+02,7.0947345192917700E+00,0.0000000000000000E+00,-7.0473216260342100E+00
2.10760E+02,7.0946104934832600E+00,0.0000000000000000E+00,-7.0474464840647800E+00
2.10770E+02,7.0944871165440400E+00,0.0000000000000000E+00,-7.0475706845118200E+00
2.10780E+02,7.0943643850908800E+00,0.0000000000000000E+00,-7.0476942308498200E+00
2.10790E+02,7.0942422957580400E+00,0.0000000000000000E+00,-7.0478171265348100E+00
2.10800E+02,7.0941208451972300E+00,0.0000000000000000E+00,-7.0479393750044400E+00
2.10810E+02,7.0940000300774800E+00,0.0000000000000000E+00,-7.0480609796780600E+00
2.10820E+02,7.0938798470851000E+00,0.0000000000000000E+00,-7.0481819439568700E+00
2.10830E+02,7.0937602929235400E+00,0.0000000000000000E+00,-7.0483022712239800E+00
2.10840E+02,7.0936413643133500E+00,0.0000000000000000E+00,-7.0484219648445000E+00
2.10850E+02,7.0935230579920400E+00,0.0000000000000000E+00,-7.0485410281656900E+00
2.10860E+02,7.0934053707140500E+00,0.0000000000000000E+00,-7.0486594645169800E+00
2.10870E+02,7.0932882992506300E+00,0.0000000000000000E+00,-7.0487772772101300E+00
2.10880E+02,7.0931718403897500E+00,0.0000000000000000E+00,-7.0488944695393000E+00
2.10890E+02,7.0930559909360200E+00,0.0000000000000000E+00,-7.0490110447811300E+00
2.10900E+02,7.0929407477106500E+00,0.0000000000000000E+00,-7.0491270061948600E+00
2.10910E+02,7.0928261075512700E+00,0.0000000000000000E+00,-7.0492423570224100E+00
2.10920E+02,7.0927120673119400E+00,0.0000000000000000E+00,-7.0493571004884800E+00
2.10930E+02,7.0925986238630200E+00,0.0000000000000000E+00,-7.0494712398006300E+00
2.10940E+02,7.0924857740910700E+00,0.0000000000000000E+00,-7.0495847781493900E+00
2.10950E+02,7.0923735148988200E+00,0.0000000000000000E+00,-7.0496977187083300E+00
2.10960E+02,7.0922618432050500E+00,0.0000000000000000E+00,-7.0498100646341800E+00
2.10970E+02,7.0921507559445100E+00,0.0000000000000000E+00,-7.0499218190668900E+00
2.10980E+02,7.0920402500678400E+00,0.0000000000000000E+00,-7.0500329851297400E+00
2.10990E+02,7.0919303225415100E+00,0.0000000000000000E+00,-7.0501435659294200E+00
2.11000E+02,7.0918209703477000E+00,0.0000000000000000E+00,-7.0502535645561300E+00
2.11010E+02,7.0917121904842600E+00,0.0000000000000000E+00,-7.0503629840836400E+00
2.11020E+02,7.0916039799646000E+00,0.0000000000000000E+00,-7.0504718275694200E+00
2.11030E+02,7.0914963358176200E+00,0.0000000000000000E+00,-7.0505800980547000E+00
2.11040E+02,7.0913892550876500E+00,0.0000000000000000E+00,-7.0506877985645600E+00
2.11050E+02,7.0912827348343300E+00,0.0000000000000000E+00,-7.0507949321080300E+00
2.11060E+02,7.0911767721325600E+00,0.0000000000000000E+00,-7.0509015016781700E+00
2.11070E+02,7.0910713640724300E+00,0.0000000000000000E+00,-7.0510075102521200E+00
2.11080E+02,7.0909665077591000E+00,0.0000000000000000E+00,-7.0511129607912600E+00
2.11090E+02,7.0908622003127900E+00,0.0000000000000000E+00,-7.0512178562412200E+00
2.11100E+02,7.0907584388686300E+00,0.0000000000000000E+00,-7.0513221995320100E+00
2.11110E+02,7.0906552205766400E+00,0.0000000000000000E+00,-7.0514259935781100E+00
2.11120E+02,7.0905525426016100E+00,0.0000000000000000E+00,-7.0515292412784900E+00
2.11130E+02,7.0904504021230700E+00,0.0000000000000000E+00,-7.0516319455167600E+00
2.11140E+02,7.0903487963351700E+00,0.0000000000000000E+00,-7.0517341091612500E+00
2.11150E+02,7.0902477224466200E+00,0.0000000000000000E+00,-7.0518357350650400E+00
2.11160E+02,7.0901471776806500E+00,0.0000000000000000E+00,-7.0519368260660800E+00
2.11170E+02,7.0900471592748700E+00,0.0000000000000000E+00,-7.0520373849872700E+00
2.11180E+02,7.0899476644812600E+00,0.0000000000000000E+00,-7.0521374146365300E+00
2.11190E+02,7.0898486905660500E+00,0.0000000000000000E+00,-7.0522369178069000E+00
2.11200E+02,7.0897502348096800E+00,0.0000000000000000E+00,-7.0523358972765800E+00
2.11210E+02,7.0896522945066900E+00,0.0000000000000000E+00,-7.0524343558090500E+00
2.11220E+02,7.0895548669656900E+00,0.0000000000000000E+00,-7.0525322961531300E+00
2.11230E+02,7.0894579495092500E+00,0.0000000000000000E+00,-7.0526297210430600E+00
2.11240E+02,7.0893615394738600E+00,0.0000000000000000E+00,-7.0527266331985800E+00
2.11250E+02,7.0892656342098400E+00,0.0000000000000000E+00,-7.0528230353250100E+00
2.11260E+02,7.0891702310812700E+00,0.0000000000000000E+00,-7.0529189301133200E+00
2.11270E+02,7.0890753274659300E+00,0.0000000000000000E+00,-7.0530143202402200E+00
2.11280E+02,7.0889809207552000E+00,0.0000000000000000E+00,-7.0531092083682100E+00
2.11290E+02,7.0888870083540400E+00,0.0000000000000000E+00,-7.0532035971457000E+00
2.11300E+02,7.0887935876808700E+00,0.0000000000000000E+00,-7.0532974892070300E+00
2.11310E+02,7.0887006561675500E+00,0.0000000000000000E+00,-7.0533908871726100E+00
2.11320E+02,7.0886082112592400E+00,0.0000000000000000E+00,-7.0534837936489100E+00
2.11330E+02,7.0885162504144200E+00,0.0000000000000000E+00,-7.0535762112286300E+00
2.11340E+02,7.0884247711047500E+00,0.0000000000000000E+00,-7.0536681424907100E+00
2.11350E+02,7.0883337708150400E+00,0.0000000000000000E+00,-7.0537595900004100E+00
2.11360E+02,7.0882432470431700E+00,0.0000000000000000E+00,-7.0538505563094200E+00
2.11370E+02,7.0881531973000200E+00,0.0000000000000000E+00,-7.0539410439558700E+00
2.11380E+02,7.0880636191094100E+00,0.0000000000000000E+00,-7.0540310554644800E+00
2.11390E+02,7.0879745100080500E+00,0.0000000000000000E+00,-7.0541205933465600E+00
2.11400E+02,7.0878858675454000E+00,0.0000000000000000E+00,-7.0542096601001200E+00
2.11410E+02,7.0877976892837300E+00,0.0000000000000000E+00,-7.0542982582099500E+00
2.11420E+02,7.0877099727979300E+00,0.0000000000000000E+00,-7.0543863901476600E+00
2.11430E+02,7.0876227156755200E+00,0.0000000000000000E+00,-7.0544740583717600E+00
2.11440E+02,7.0875359155165600E+00,0.0000000000000000E+00,-7.0545612653277500E+00
2.11450E+02,7.0874495699335800E+00,0.0000000000000000E+00,-7.0546480134481600E+00
2.11460E+02,7.0873636765515400E+00,0.0000000000000000E+00,-7.0547343051526400E+00
2.11470E+02,7.0872782330077400E+00,0.0000000000000000E+00,-7.0548201428480400E+00
2.11480E+02,7.0871932369517800E+00,0.0000000000000000E+00,-7.0549055289284200E+00
2.11490E+02,7.0871086860454500E+00,0.0000000000000000E+00,-7.0549904657752000E+00
2.11500E+02,7.0870245779627300E+00,0.0000000000000000E+00,-7.0550749557571600E+00
2.11510E+02,7.0869409103897000E+00,0.0000000000000000E+00,-7.0551590012305500E+00
2.11520E+02,7.0868576810244600E+00,0.0000000000000000E+00,-7.0552426045391500E+00
2.11530E+02,7.0867748875770900E+00,0.0000000000000000E+00,-7.0553257680142900E+00
2.11540E+02,7.0866925277695800E+00,0.0000000000000000E+00,-7.0554084939750000E+00
2.11550E+02,7.0866105993357700E+00,0.0000000000000000E+00,-7.0554907847279900E+00
2.11560E+02,7.0865291000213000E+00,0.0000000000000000E+00,-7.0555726425677900E+00
2.11570E+02,7.0864480275835200E+00,0.0000000000000000E+00,-7.0556540697767700E+00
2.11580E+02,7.0863673797914500E+00,0.0000000000000000E+00,-7.0557350686251900E+00
2.11590E+02,7.0862871544257400E+00,0.0000000000000000E+00,-7.0558156413713400E+00
2.11600E+02,7.0862073492785800E+00,0.0000000000000000E+00,-7.0558957902615100E+00
2.11610E+02,7.0861279621536200E+00,0.0000000000000000E+00,-7.0559755175301200E+00
2.11620E+02,7.0860489908659700E+00,0.0000000000000000E+00,-7.0560548253997500E+00
2.11630E+02,7.0859704332421100E+00,0.0000000000000000E+00,-7.0561337160812400E+00
2.11640E+02,7.0858922871198100E+00,0.0000000000000000E+00,-7.0562121917737000E+00
2.11650E+02,7.0858145503481100E+00,0.0000000000000000E+00,-7.0562902546646100E+00
2.11660E+02,7.0857372207872500E+00,0.0000000000000000E+00,-7.0563679069298700E+00
2.11670E+02,7.0856602963086000E+00,0.0000000000000000E+00,-7.0564451507338800E+00
2.11680E+02,7.0855837747946000E+00,0.0000000000000000E+00,-7.0565219882295600E+00
2.11690E+02,7.0855076541387200E+00,0.0000000000000000E+00,-7.0565984215584600E+00
2.11700E+02,7.0854319322454100E+00,0.0000000000000000E+00,-7.0566744528507800E+00
2.11710E+02,7.0853566070300100E+00,0.0000000000000000E+00,-7.0567500842254500E+00
2.11720E+02,7.0852816764187300E+00,0.0000000000000000E+00,-7.0568253177902000E+00
2.11730E+02,7.0852071383485500E+00,0.0000000000000000E+00,-7.0569001556416000E+00
2.11740E+02,7.0851329907672200E+00,0.0000000000000000E+00,-7.0569745998651300E+00
2.11750E+02,7.0850592316331700E+00,0.0000000000000000E+00,-7.0570486525352300E+00
2.11760E+02,7.0849858589154500E+00,0.0000000000000000E+00,-7.0571223157153700E+00
2.11770E+02,7.0849128705936900E+00,0.0000000000000000E+00,-7.0571955914581000E+00
2.11780E+02,7.0848402646580400E+00,0.0000000000000000E+00,-7.0572684818051200E+00
2.11790E+02,7.0847680391091200E+00,0.0000000000000000E+00,-7.0573409887873200E+00
2.11800E+02,7.0846961919579700E+00,0.0000000000000000E+00,-7.0574131144248600E+00
2.11810E+02,7.0846247212259700E+00,0.0000000000000000E+00,-7.0574848607271900E+00
2.11820E+02,7.0845536249448300E+00,0.0000000000000000E+00,-7.0575562296931700E+00
2.11830E+02,7.0844829011564800E+00,0.0000000000000000E+00,-7.0576272233110500E+00
2.11840E+02,7.0844125479130800E+00,0.0000000000000000E+00,-7.0576978435585800E+00
2.11850E+02,7.0843425632769300E+00,0.0000000000000000E+00,-7.0577680924030600E+00
2.11860E+02,7.0842729453204000E+00,0.0000000000000000E+00,-7.0578379718013700E+00
2.11870E+02,7.0842036921259300E+00,0.0000000000000000E+00,-7.0579074837000500E+00
2.11880E+02,7.0841348017859400E+00,0.0000000000000000E+00,-7.0579766300353400E+00
2.11890E+02,7.0840662724027900E+00,0.0000000000000000E+00,-7.0580454127332600E+00
2.11900E+02,7.0839981020887200E+00,0.0000000000000000E+00,-7.0581138337096300E+00
2.11910E+02,7.0839302889658100E+00,0.0000000000000000E+00,-7.0581818948701300E+00
2.11920E+02,7.0838628311659400E+00,0.0000000000000000E+00,-7.0582495981103900E+00
2.11930E+02,7.0837957268306900E+00,0.0000000000000000E+00,-7.0583169453160000E+00
2.11940E+02,7.0837289741113600E+00,0.0000000000000000E+00,-7.0583839383625900E+00
2.11950E+02,7.0836625711688600E+00,0.0000000000000000E+00,-7.0584505791158700E+00
2.11960E+02,7.0835965161736900E+00,0.0000000000000000E+00,-7.0585168694316900E+00
2.11970E+02,7.0835308073059000E+00,0.0000000000000000E+00,-7.0585828111560700E+00
2.11980E+02,7.0834654427550000E+00,0.0000000000000000E+00,-7.0586484061253200E+00
2.11990E+02,7.0834004207199500E+00,0.0000000000000000E+00,-7.0587136561659800E+00
2.12000E+02,7.0833357394091000E+00,0.0000000000000000E+00,-7.0587785630950000E+00
2.12010E+02,7.0832713970401400E+00,0.0000000000000000E+00,-7.0588431287196700E+00
2.12020E+02,7.0832073918400200E+00,0.0000000000000000E+00,-7.0589073548377600E+00
2.12030E+02,7.0831437220449800E+00,0.0000000000000000E+00,-7.0589712432375400E+00
2.12040E+02,7.0830803859004300E+00,0.0000000000000000E+00,-7.0590347956978100E+00
2.12050E+02,7.0830173816609200E+00,0.0000000000000000E+00,-7.0590980139879800E+00
2.12060E+02,7.0829547075901100E+00,0.0000000000000000E+00,-7.0591608998681200E+00
2.12070E+02,7.0828923619607100E+00,0.0000000000000000E+00,-7.0592234550889800E+00
2.12080E+02,7.0828303430544300E+00,0.0000000000000000E+00,-7.0592856813920800E+00
2.12090E+02,7.0827686491619600E+00,0.0000000000000000E+00,-7.0593475805097100E+00
2.12100E+02,7.0827072785828800E+00,0.0000000000000000E+00,-7.0594091541650200E+00
2.12110E+02,7.0826462296256300E+00,0.0000000000000000E+00,-7.0594704040720800E+00
2.12120E+02,7.0825855006075100E+00,0.0000000000000000E+00,-7.0595313319358600E+00
2.12130E+02,7.0825250898545500E+00,0.0000000000000000E+00,-7.0595919394523500E+00
2.12140E+02,7.0824649957015300E+00,0.0000000000000000E+00,-7.0596522283085800E+00
2.12150E+02,7.0824052164919200E+00,0.0000000000000000E+00,-7.0597122001826500E+00
2.12160E+02,7.0823457505778200E+00,0.0000000000000000E+00,-7.0597718567438200E+00
2.12170E+02,7.0822865963199200E+00,0.0000000000000000E+00,-7.0598311996525000E+00
2.12180E+02,7.0822277520874700E+00,0.0000000000000000E+00,-7.0598902305603700E+00
2.12190E+02,7.0821692162582300E+00,0.0000000000000000E+00,-7.0599489511103500E+00
2.12200E+02,7.0821109872183900E+00,0.0000000000000000E+00,-7.0600073629366900E+00
2.12210E+02,7.0820530633626000E+00,0.0000000000000000E+00,-7.0600654676650200E+00
2.12220E+02,7.0819954430938600E+00,0.0000000000000000E+00,-7.0601232669123800E+00
2.12230E+02,7.0819381248235100E+00,0.0000000000000000E+00,-7.0601807622872600E+00
2.12240E+02,7.0818811069711600E+00,0.0000000000000000E+00,-7.0602379553896600E+00
2.12250E+02,7.0818243879646800E+00,0.0000000000000000E+00,-7.0602948478111300E+00
2.12260E+02,7.0817679662401500E+00,0.0000000000000000E+00,-7.0603514411348300E+00
2.12270E+02,7.0817118402417800E+00,0.0000000000000000E+00,-7.0604077369355300E+00
2.12280E+02,7.0816560084219300E+00,0.0000000000000000E+00,-7.0604637367797100E+00
2.12290E+02,7.0816004692410200E+00,0.0000000000000000E+00,-7.0605194422255600E+00
2.12300E+02,7.0815452211674900E+00,0.0000000000000000E+00,-7.0605748548230600E+00
2.12310E+02,7.0814902626778000E+00,0.0000000000000000E+00,-7.0606299761139800E+00
2.12320E+02,7.0814355922563300E+00,0.0000000000000000E+00,-7.0606848076319800E+00
2.12330E+02,7.0813812083953800E+00,0.0000000000000000E+00,-7.0607393509026000E+00
2.12340E+02,7.0813271095951400E+00,0.0000000000000000E+00,-7.0607936074433400E+00
2.12350E+02,7.0812732943635900E+00,0.0000000000000000E+00,-7.0608475787636700E+00
2.12360E+02,7.0812197612165200E+00,0.0000000000000000E+00,-7.0609012663651100E+00
2.12370E+02,7.0811665086774500E+00,0.0000000000000000E+00,-7.0609546717412500E+00
2.12380E+02,7.0811135352776200E+00,0.0000000000000000E+00,-7.0610077963777800E+00
2.12390E+02,7.0810608395559400E+00,0.0000000000000000E+00,-7.0610606417525600E+00
2.12400E+02,7.0810084200589200E+00,0.0000000000000000E+00,-7.0611132093356500E+00
2.12410E+02,7.0809562753406900E+00,0.0000000000000000E+00,-7.0611655005893400E+00
2.12420E+02,7.0809044039628900E+00,0.0000000000000000E+00,-7.0612175169682100E+00
2.12430E+02,7.0808528044946900E+00,0.0000000000000000E+00,-7.0612692599191700E+00
2.12440E+02,7.0808014755127400E+00,0.0000000000000000E+00,-7.0613207308814700E+00
2.12450E+02,7.0807504156011000E+00,0.0000000000000000E+00,-7.0613719312867700E+00
2.12460E+02,7.0806996233512100E+00,0.0000000000000000E+00,-7.0614228625592000E+00
2.12470E+02,7.0806490973619100E+00,0.0000000000000000E+00,-7.0614735261153400E+00
2.12480E+02,7.0805988362393000E+00,0.0000000000000000E+00,-7.0615239233643100E+00
2.12490E+02,7.0805488385968000E+00,0.0000000000000000E+00,-7.0615740557077900E+00
2.12500E+02,7.0804991030550300E+00,0.0000000000000000E+00,-7.0616239245400600E+00
2.12510E+02,7.0804496282418600E+00,0.0000000000000000E+00,-7.0616735312480600E+00
2.12520E+02,7.0804004127922800E+00,0.0000000000000000E+00,-7.0617228772113900E+00
2.12530E+02,7.0803514553484300E+00,0.0000000000000000E+00,-7.0617719638023700E+00
2.12540E+02,7.0803027545595300E+00,0.0000000000000000E+00,-7.0618207923860900E+00
2.12550E+02,7.0802543090818600E+00,0.0000000000000000E+00,-7.0618693643204300E+00
2.12560E+02,7.0802061175787200E+00,0.0000000000000000E+00,-7.0619176809561200E+00
2.12570E+02,7.0801581787203700E+00,0.0000000000000000E+00,-7.0619657436367400E+00
2.12580E+02,7.0801104911840400E+00,0.0000000000000000E+00,-7.0620135536988000E+00
2.12590E+02,7.0800630536538400E+00,0.0000000000000000E+00,-7.0620611124717400E+00
2.12600E+02,7.0800158648207900E+00,0.0000000000000000E+00,-7.0621084212780000E+00
2.12610E+02,7.0799689233827100E+00,0.0000000000000000E+00,-7.0621554814330500E+00
2.12620E+02,7.0799222280442400E+00,0.0000000000000000E+00,-7.0622022942453900E+00
2.12630E+02,7.0798757775167700E+00,0.0000000000000000E+00,-7.0622488610166600E+00
2.12640E+02,7.0798295705184400E+00,0.0000000000000000E+00,-7.0622951830415900E+00
2.12650E+02,7.0797836057740600E+00,0.0000000000000000E+00,-7.0623412616081200E+00
2.12660E+02,7.0797378820151400E+00,0.0000000000000000E+00,-7.0623870979973600E+00
2.12670E+02,7.0796923979797700E+00,0.0000000000000000E+00,-7.0624326934836800E+00
2.12680E+02,7.0796471524126700E+00,0.0000000000000000E+00,-7.0624780493347400E+00
2.12690E+02,7.0796021440650800E+00,0.0000000000000000E+00,-7.0625231668114800E+00
2.12700E+02,7.0795573716948000E+00,0.0000000000000000E+00,-7.0625680471682300E+00
2.12710E+02,7.0795128340660900E+00,0.0000000000000000E+00,-7.0626126916526700E+00
2.12720E+02,7.0794685299496800E+00,0.0000000000000000E+00,-7.0626571015059100E+00
2.12730E+02,7.0794244581227200E+00,0.0000000000000000E+00,-7.0627012779625300E+00
2.12740E+02,7.0793806173687500E+00,0.0000000000000000E+00,-7.0627452222505800E+00
2.12750E+02,7.0793370064776700E+00,0.0000000000000000E+00,-7.0627889355916300E+00
2.12760E+02,7.0792936242456800E+00,0.0000000000000000E+00,-7.0628324192008300E+00
2.12770E+02,7.0792504694752900E+00,0.0000000000000000E+00,-7.0628756742869000E+00
2.12780E+02,7.0792075409752600E+00,0.0000000000000000E+00,-7.0629187020522100E+00
2.12790E+02,7.0791648375605700E+00,0.0000000000000000E+00,-7.0629615036927500E+00
2.12800E+02,7.0791223580524100E+00,0.0000000000000000E+00,-7.0630040803982400E+00
2.12810E+02,7.0790801012781100E+00,0.0000000000000000E+00,-7.0630464333521100E+00
2.12820E+02,7.0790380660711400E+00,0.0000000000000000E+00,-7.0630885637315600E+00
2.12830E+02,7.0789962512710400E+00,0.0000000000000000E+00,-7.0631304727075700E+00
2.12840E+02,7.0789546557234500E+00,0.0000000000000000E+00,-7.0631721614449600E+00
2.12850E+02,7.0789132782800200E+00,0.0000000000000000E+00,-7.0632136311023900E+00
2.12860E+02,7.0788721177984100E+00,0.0000000000000000E+00,-7.0632548828324200E+00
2.12870E+02,7.0788311731422400E+00,0.0000000000000000E+00,-7.0632959177815400E+00
2.12880E+02,7.0787904431810800E+00,0.0000000000000000E+00,-7.0633367370902000E+00
2.12890E+02,7.0787499267904000E+00,0.0000000000000000E+00,-7.0633773418928000E+00
2.12900E+02,7.0787096228515600E+00,0.0000000000000000E+00,-7.0634177333178100E+00
2.12910E+02,7.0786695302517400E+00,0.0000000000000000E+00,-7.0634579124877200E+00
2.12920E+02,7.0786296478839600E+00,0.0000000000000000E+00,-7.0634978805191100E+00
2.12930E+02,7.0785899746470200E+00,0.0000000000000000E+00,-7.0635376385226700E+00
2.12940E+02,7.0785505094454800E+00,0.0000000000000000E+00,-7.0635771876032400E+00
2.12950E+02,7.0785112511896000E+00,0.0000000000000000E+00,-7.0636165288598400E+00
2.12960E+02,7.0784721987953700E+00,0.0000000000000000E+00,-7.0636556633856900E+00
2.12970E+02,7.0784333511844400E+00,0.0000000000000000E+00,-7.0636945922682400E+00
2.12980E+02,7.0783947072840700E+00,0.0000000000000000E+00,-7.0637333165892200E+00
2.12990E+02,7.0783562660271600E+00,0.0000000000000000E+00,-7.0637718374246600E+00
2.13000E+02,7.0783180263521700E+00,0.0000000000000000E+00,-7.0638101558449100E+00
2.13010E+02,7.0782799872031100E+00,0.0000000000000000E+00,-7.0638482729146800E+00
2.13020E+02,7.0782421475295200E+00,0.0000000000000000E+00,-7.0638861896930600E+00
2.13030E+02,7.0782045062864300E+00,0.0000000000000000E+00,-7.0639239072335900E+00
2.13040E+02,7.0781670624343100E+00,0.0000000000000000E+00,-7.0639614265842200E+00
2.13050E+02,7.0781298149391100E+00,0.0000000000000000E+00,-7.0639987487873900E+00
2.13060E+02,7.0780927627721300E+00,0.0000000000000000E+00,-7.0640358748800600E+00
2.13070E+02,7.0780559049101100E+00,0.0000000000000000E+00,-7.0640728058937000E+00
2.13080E+02,7.0780192403350800E+00,0.0000000000000000E+00,-7.0641095428543700E+00
2.13090E+02,7.0779827680344400E+00,0.0000000000000000E+00,-7.0641460867827000E+00
2.13100E+02,7.0779464870008500E+00,0.0000000000000000E+00,-7.0641824386939600E+00
2.13110E+02,7.0779103962322600E+00,0.0000000000000000E+00,-7.0642185995980500E+00
2.13120E+02,7.0778744947318500E+00,0.0000000000000000E+00,-7.0642545704995700E+00
2.13130E+02,7.0778387815080100E+00,0.0000000000000000E+00,-7.0642903523978200E+00
2.13140E+02,7.0778032555743300E+00,0.0000000000000000E+00,-7.0643259462868200E+00
2.13150E+02,7.0777679159495400E+00,0.0000000000000000E+00,-7.0643613531553700E+00
2.13160E+02,7.0777327616575000E+00,0.0000000000000000E+00,-7.0643965739870400E+00
2.13170E+02,7.0776977917271900E+00,0.0000000000000000E+00,-7.0644316097602500E+00
2.13180E+02,7.0776630051926700E+00,0.0000000000000000E+00,-7.0644664614482300E+00
2.13190E+02,7.0776284010930300E+00,0.0000000000000000E+00,-7.0645011300191000E+00
2.13200E+02,7.0775939784723900E+00,0.0000000000000000E+00,-7.0645356164358800E+00
2.13210E+02,7.0775597363799000E+00,0.0000000000000000E+00,-7.0645699216565100E+00
2.13220E+02,7.0775256738696400E+00,0.0000000000000000E+00,-7.0646040466338900E+00
2.13230E+02,7.0774917900006600E+00,0.0000000000000000E+00,-7.0646379923158800E+00
2.13240E+02,7.0774580838369300E+00,0.0000000000000000E+00,-7.0646717596453900E+00
2.13250E+02,7.0774245544473100E+00,0.0000000000000000E+00,-7.0647053495603100E+00
2.13260E+02,7.0773912009055400E+00,0.0000000000000000E+00,-7.0647387629936200E+00
2.13270E+02,7.0773580222901900E+00,0.0000000000000000E+00,-7.0647720008733800E+00
2.13280E+02,7.0773250176846600E+00,0.0000000000000000E+00,-7.0648050641227600E+00
2.13290E+02,7.0772921861771500E+00,0.0000000000000000E+00,-7.0648379536600600E+00
2.13300E+02,7.0772595268606000E+00,0.0000000000000000E+00,-7.0648706703987600E+00
2.13310E+02,7.0772270388327400E+00,0.0000000000000000E+00,-7.0649032152475000E+00
2.13320E+02,7.0771947211959800E+00,0.0000000000000000E+00,-7.0649355891101800E+00
2.13330E+02,7.0771625730574400E+00,0.0000000000000000E+00,-7.0649677928858800E+00
2.13340E+02,7.0771305935289200E+00,0.0000000000000000E+00,-7.0649998274689800E+00
2.13350E+02,7.0770987817268500E+00,0.0000000000000000E+00,-7.0650316937491600E+00
2.13360E+02,7.0770671367723000E+00,0.0000000000000000E+00,-7.0650633926113700E+00
2.13370E+02,7.0770356577909100E+00,0.0000000000000000E+00,-7.0650949249359500E+00
2.13380E+02,7.0770043439129300E+00,0.0000000000000000E+00,-7.0651262915985700E+00
2.13390E+02,7.0769731942731300E+00,0.0000000000000000E+00,-7.0651574934702900E+00
2.13400E+02,7.0769422080108200E+00,0.0000000000000000E+00,-7.0651885314175900E+00
2.13410E+02,7.0769113842698200E+00,0.0000000000000000E+00,-7.0652194063024000E+00
2.13420E+02,7.0768807221984100E+00,0.0000000000000000E+00,-7.0652501189820800E+00
2.13430E+02,7.0768502209493400E+00,0.0000000000000000E+00,-7.0652806703094900E+00
2.13440E+02,7.0768198796798000E+00,0.0000000000000000E+00,-7.0653110611330200E+00
2.13450E+02,7.0767896975513600E+00,0.0000000000000000E+00,-7.0653412922965500E+00
2.13460E+02,7.0767596737300100E+00,0.0000000000000000E+00,-7.0653713646395400E+00
2.13470E+02,7.0767298073860900E+00,0.0000000000000000E+00,-7.0654012789970400E+00
2.13480E+02,7.0767000976942700E+00,0.0000000000000000E+00,-7.0654310361996700E+00
2.13490E+02,7.0766705438335700E+00,0.0000000000000000E+00,-7.0654606370737100E+00
2.13500E+02,7.0766411449872600E+00,0.0000000000000000E+00,-7.0654900824410700E+00
2.13510E+02,7.0766119003429300E+00,0.0000000000000000E+00,-7.0655193731193300E+00
2.13520E+02,7.0765828090923800E+00,0.0000000000000000E+00,-7.0655485099217800E+00
2.13530E+02,7.0765538704316800E+00,0.0000000000000000E+00,-7.0655774936574100E+00
2.13540E+02,7.0765250835610700E+00,0.0000000000000000E+00,-7.0656063251309700E+00
2.13550E+02,7.0764964476850000E+00,0.0000000000000000E+00,-7.0656350051429400E+00
2.13560E+02,7.0764679620120700E+00,0.0000000000000000E+00,-7.0656635344896300E+00
2.13570E+02,7.0764396257550300E+00,0.0000000000000000E+00,-7.0656919139631100E+00
2.13580E+02,7.0764114381307400E+00,0.0000000000000000E+00,-7.0657201443513300E+00
2.13590E+02,7.0763833983601700E+00,0.0000000000000000E+00,-7.0657482264380400E+00
2.13600E+02,7.0763555056683600E+00,0.0000000000000000E+00,-7.0657761610029000E+00
2.13610E+02,7.0763277592844000E+00,0.0000000000000000E+00,-7.0658039488214500E+00
2.13620E+02,7.0763001584414300E+00,0.0000000000000000E+00,-7.0658315906651400E+00
2.13630E+02,7.0762727023765900E+00,0.0000000000000000E+00,-7.0658590873013900E+00
2.13640E+02,7.0762453903310200E+00,0.0000000000000000E+00,-7.0658864394935400E+00
2.13650E+02,7.0762182215498300E+00,0.0000000000000000E+00,-7.0659136480009400E+00
2.13660E+02,7.0761911952820800E+00,0.0000000000000000E+00,-7.0659407135789200E+00
2.13670E+02,7.0761643107807500E+00,0.0000000000000000E+00,-7.0659676369788500E+00
2.13680E+02,7.0761375673027600E+00,0.0000000000000000E+00,-7.0659944189481500E+00
2.13690E+02,7.0761109641088800E+00,0.0000000000000000E+00,-7.0660210602302800E+00
2.13700E+02,7.0760845004637900E+00,0.0000000000000000E+00,-7.0660475615648000E+00
2.13710E+02,7.0760581756359800E+00,0.0000000000000000E+00,-7.0660739236873900E+00
2.13720E+02,7.0760319888977900E+00,0.0000000000000000E+00,-7.0661001473298500E+00
2.13730E+02,7.0760059395253800E+00,0.0000000000000000E+00,-7.0661262332201000E+00
2.13740E+02,7.0759800267986700E+00,0.0000000000000000E+00,-7.0661521820822700E+00
2.13750E+02,7.0759542500013700E+00,0.0000000000000000E+00,-7.0661779946366500E+00
2.13760E+02,7.0759286084209400E+00,0.0000000000000000E+00,-7.0662036715997600E+00
2.13770E+02,7.0759031013485500E+00,0.0000000000000000E+00,-7.0662292136843200E+00
2.13780E+02,7.0758777280791000E+00,0.0000000000000000E+00,-7.0662546215993300E+00
2.13790E+02,7.0758524879111800E+00,0.0000000000000000E+00,-7.0662798960500300E+00
2.13800E+02,7.0758273801470500E+00,0.0000000000000000E+00,-7.0663050377379800E+00
2.13810E+02,7.0758024040926100E+00,0.0000000000000000E+00,-7.0663300473610000E+00
2.13820E+02,7.0757775590574100E+00,0.0000000000000000E+00,-7.0663549256132900E+00
2.13830E+02,7.0757528443546100E+00,0.0000000000000000E+00,-7.0663796731853700E+00
2.13840E+02,7.0757282593009600E+00,0.0000000000000000E+00,-7.0664042907641100E+00
2.13850E+02,7.0757038032168000E+00,0.0000000000000000E+00,-7.0664287790328000E+00
2.13860E+02,7.0756794754260100E+00,0.0000000000000000E+00,-7.0664531386711200E+00
2.13870E+02,7.0756552752560200E+00,0.0000000000000000E+00,-7.0664773703551500E+00
2.13880E+02,7.0756312020377900E+00,0.0000000000000000E+00,-7.0665014747574400E+00
2.13890E+02,7.0756072551057700E+00,0.0000000000000000E+00,-7.0665254525469900E+00
2.13900E+02,7.0755834337978900E+00,0.0000000000000000E+00,-7.0665493043892800E+00
2.13910E+02,7.0755597374555600E+00,0.0000000000000000E+00,-7.0665730309463000E+00
2.13920E+02,7.0755361654236400E+00,0.0000000000000000E+00,-7.0665966328765300E+00
2.13930E+02,7.0755127170504000E+00,0.0000000000000000E+00,-7.0666201108350100E+00
2.13940E+02,7.0754893916875500E+00,0.0000000000000000E+00,-7.0666434654733100E+00
2.13950E+02,7.0754661886901800E+00,0.0000000000000000E+00,-7.0666666974395900E+00
2.13960E+02,7.0754431074167500E+00,0.0000000000000000E+00,-7.0666898073786000E+00
2.13970E+02,7.0754201472290800E+00,0.0000000000000000E+00,-7.0667127959316800E+00
2.13980E+02,7.0753973074923500E+00,0.0000000000000000E+00,-7.0667356637368100E+00
2.13990E+02,7.0753745875750500E+00,0.0000000000000000E+00,-7.0667584114286000E+00
2.14000E+02,7.0753519868489800E+00,0.0000000000000000E+00,-7.0667810396383400E+00
2.14010E+02,7.0753295046892300E+00,0.0000000000000000E+00,-7.0668035489939700E+00
2.14020E+02,7.0753071404741500E+00,0.0000000000000000E+00,-7.0668259401201600E+00
2.14030E+02,7.0752848935853700E+00,0.0000000000000000E+00,-7.0668482136382700E+00
2.14040E+02,7.0752627634077400E+00,0.0000000000000000E+00,-7.0668703701663800E+00
2.14050E+02,7.0752407493293400E+00,0.0000000000000000E+00,-7.0668924103193600E+00
2.14060E+02,7.0752188507414400E+00,0.0000000000000000E+00,-7.0669143347088000E+00
2.14070E+02,7.0751970670385200E+00,0.0000000000000000E+00,-7.0669361439431000E+00
2.14080E+02,7.0751753976182100E+00,0.0000000000000000E+00,-7.0669578386274400E+00
2.14090E+02,7.0751538418813100E+00,0.0000000000000000E+00,-7.0669794193638300E+00
2.14100E+02,7.0751323992317500E+00,0.0000000000000000E+00,-7.0670008867511100E+00
2.14110E+02,7.0751110690765900E+00,0.0000000000000000E+00,-7.0670222413849600E+00
2.14120E+02,7.0750898508259800E+00,0.0000000000000000E+00,-7.0670434838579400E+00
2.14130E+02,7.0750687438931700E+00,0.0000000000000000E+00,-7.0670646147594900E+00
2.14140E+02,7.0750477476944900E+00,0.0000000000000000E+00,-7.0670856346759300E+00
2.14150E+02,7.0750268616493200E+00,0.0000000000000000E+00,-7.0671065441905100E+00
2.14160E+02,7.0750060851800600E+00,0.0000000000000000E+00,-7.0671273438834300E+00
2.14170E+02,7.0749854177121800E+00,0.0000000000000000E+00,-7.0671480343318000E+00
2.14180E+02,7.0749648586741100E+00,0.0000000000000000E+00,-7.0671686161097200E+00
2.14190E+02,7.0749444074973200E+00,0.0000000000000000E+00,-7.0671890897882600E+00
2.14200E+02,7.0749240636162200E+00,0.0000000000000000E+00,-7.0672094559354800E+00
2.14210E+02,7.0749038264682000E+00,0.0000000000000000E+00,-7.0672297151164800E+00
2.14220E+02,7.0748836954936000E+00,0.0000000000000000E+00,-7.0672498678933500E+00
2.14230E+02,7.0748636701356800E+00,0.0000000000000000E+00,-7.0672699148252400E+00
2.14240E+02,7.0748437498406300E+00,0.0000000000000000E+00,-7.0672898564683700E+00
2.14250E+02,7.0748239340575300E+00,0.0000000000000000E+00,-7.0673096933760100E+00
2.14260E+02,7.0748042222383400E+00,0.0000000000000000E+00,-7.0673294260985400E+00
2.14270E+02,7.0747846138379100E+00,0.0000000000000000E+00,-7.0673490551834300E+00
2.14280E+02,7.0747651083139400E+00,0.0000000000000000E+00,-7.0673685811752800E+00
2.14290E+02,7.0747457051269500E+00,0.0000000000000000E+00,-7.0673880046158200E+00
2.14300E+02,7.0747264037403100E+00,0.0000000000000000E+00,-7.0674073260439300E+00
2.14310E+02,7.0747072036202000E+00,0.0000000000000000E+00,-7.0674265459956700E+00
2.14320E+02,7.0746881042355800E+00,0.0000000000000000E+00,-7.0674456650042500E+00
2.14330E+02,7.0746691050582000E+00,0.0000000000000000E+00,-7.0674646836001100E+00
2.14340E+02,7.0746502055625900E+00,0.0000000000000000E+00,-7.0674836023108700E+00
2.14350E+02,7.0746314052260000E+00,0.0000000000000000E+00,-7.0675024216614000E+00
2.14360E+02,7.0746127035284700E+00,0.0000000000000000E+00,-7.0675211421737800E+00
2.14370E+02,7.0745940999527000E+00,0.0000000000000000E+00,-7.0675397643673800E+00
2.14380E+02,7.0745755939841600E+00,0.0000000000000000E+00,-7.0675582887588100E+00
2.14390E+02,7.0745571851109800E+00,0.0000000000000000E+00,-7.0675767158619700E+00
2.14400E+02,7.0745388728239800E+00,0.0000000000000000E+00,-7.0675950461880700E+00
2.14410E+02,7.0745206566166500E+00,0.0000000000000000E+00,-7.0676132802456000E+00
2.14420E+02,7.0745025359851300E+00,0.0000000000000000E+00,-7.0676314185404200E+00
2.14430E+02,7.0744845104282100E+00,0.0000000000000000E+00,-7.0676494615756900E+00
2.14440E+02,7.0744665794472800E+00,0.0000000000000000E+00,-7.0676674098519400E+00
2.14450E+02,7.0744487425463700E+00,0.0000000000000000E+00,-7.0676852638670700E+00
2.14460E+02,7.0744309992321100E+00,0.0000000000000000E+00,-7.0677030241163600E+00
2.14470E+02,7.0744133490136800E+00,0.0000000000000000E+00,-7.0677206910924800E+00
2.14480E+02,7.0743957914028700E+00,0.0000000000000000E+00,-7.0677382652855200E+00
2.14490E+02,7.0743783259140100E+00,0.0000000000000000E+00,-7.0677557471829600E+00
2.14500E+02,7.0743609520639800E+00,0.0000000000000000E+00,-7.0677731372697700E+00
2.14510E+02,7.0743436693721800E+00,0.0000000000000000E+00,-7.0677904360283300E+00
2.14520E+02,7.0743264773605500E+00,0.0000000000000000E+00,-7.0678076439384800E+00
2.14530E+02,7.0743093755535100E+00,0.0000000000000000E+00,-7.0678247614775700E+00
2.14540E+02,7.0742923634779900E+00,0.0000000000000000E+00,-7.0678417891204100E+00
2.14550E+02,7.0742754406633800E+00,0.0000000000000000E+00,-7.0678587273393200E+00
2.14560E+02,7.0742586066415700E+00,0.0000000000000000E+00,-7.0678755766041500E+00
2.14570E+02,7.0742418609468600E+00,0.0000000000000000E+00,-7.0678923373822600E+00
2.14580E+02,7.0742252031160200E+00,0.0000000000000000E+00,-7.0679090101385600E+00
2.14590E+02,7.0742086326882500E+00,0.0000000000000000E+00,-7.0679255953355100E+00
2.14600E+02,7.0741921492051300E+00,0.0000000000000000E+00,-7.0679420934331600E+00
2.14610E+02,7.0741757522106800E+00,0.0000000000000000E+00,-7.0679585048891100E+00
2.14620E+02,7.0741594412512900E+00,0.0000000000000000E+00,-7.0679748301585700E+00
2.14630E+02,7.0741432158757300E+00,0.0000000000000000E+00,-7.0679910696943600E+00
2.14640E+02,7.0741270756351300E+00,0.0000000000000000E+00,-7.0680072239469100E+00
2.14650E+02,7.0741110200830000E+00,0.0000000000000000E+00,-7.0680232933642800E+00
2.14660E+02,7.0740950487751500E+00,0.0000000000000000E+00,-7.0680392783921900E+00
2.14670E+02,7.0740791612697300E+00,0.0000000000000000E+00,-7.0680551794739900E+00
2.14680E+02,7.0740633571272200E+00,0.0000000000000000E+00,-7.0680709970507300E+00
2.14690E+02,7.0740476359104000E+00,0.0000000000000000E+00,-7.0680867315611100E+00
2.14700E+02,7.0740319971843300E+00,0.0000000000000000E+00,-7.0681023834415500E+00
2.14710E+02,7.0740164405163500E+00,0.0000000000000000E+00,-7.0681179531261500E+00
2.14720E+02,7.0740009654760700E+00,0.0000000000000000E+00,-7.0681334410467500E+00
2.14730E+02,7.0739855716353700E+00,0.0000000000000000E+00,-7.0681488476329100E+00
2.14740E+02,7.0739702585683500E+00,0.0000000000000000E+00,-7.0681641733119200E+00
2.14750E+02,7.0739550258513500E+00,0.0000000000000000E+00,-7.0681794185088500E+00
2.14760E+02,7.0739398730629500E+00,0.0000000000000000E+00,-7.0681945836465200E+00
2.14770E+02,7.0739247997839000E+00,0.0000000000000000E+00,-7.0682096691455100E+00
2.14780E+02,7.0739098055971900E+00,0.0000000000000000E+00,-7.0682246754242100E+00
2.14790E+02,7.0738948900879500E+00,0.0000000000000000E+00,-7.0682396028988200E+00
2.14800E+02,7.0738800528435400E+00,0.0000000000000000E+00,-7.0682544519833200E+00
2.14810E+02,7.0738652934534200E+00,0.0000000000000000E+00,-7.0682692230895400E+00
2.14820E+02,7.0738506115092600E+00,0.0000000000000000E+00,-7.0682839166271400E+00
2.14830E+02,7.0738360066048200E+00,0.0000000000000000E+00,-7.0682985330036000E+00
2.14840E+02,7.0738214783360300E+00,0.0000000000000000E+00,-7.0683130726243000E+00
2.14850E+02,7.0738070263009100E+00,0.0000000000000000E+00,-7.0683275358924700E+00
2.14860E+02,7.0737926500995900E+00,0.0000000000000000E+00,-7.0683419232092000E+00
2.14870E+02,7.0737783493343200E+00,0.0000000000000000E+00,-7.0683562349735000E+00
2.14880E+02,7.0737641236094100E+00,0.0000000000000000E+00,-7.0683704715822700E+00
2.14890E+02,7.0737499725312500E+00,0.0000000000000000E+00,-7.0683846334303200E+00
2.14900E+02,7.0737358957082900E+00,0.0000000000000000E+00,-7.0683987209104000E+00
2.14910E+02,7.0737218927510400E+00,0.0000000000000000E+00,-7.0684127344131800E+00
2.14920E+02,7.0737079632720500E+00,0.0000000000000000E+00,-7.0684266743272800E+00
2.14930E+02,7.0736941068858900E+00,0.0000000000000000E+00,-7.0684405410392700E+00
2.14940E+02,7.0736803232091800E+00,0.0000000000000000E+00,-7.0684543349337000E+00
2.14950E+02,7.0736666118605000E+00,0.0000000000000000E+00,-7.0684680563931100E+00
2.14960E+02,7.0736529724604800E+00,0.0000000000000000E+00,-7.0684817057979900E+00
2.14970E+02,7.0736394046317000E+00,0.0000000000000000E+00,-7.0684952835268600E+00
2.14980E+02,7.0736259079987500E+00,0.0000000000000000E+00,-7.0685087899562400E+00
2.14990E+02,7.0736124821881500E+00,0.0000000000000000E+00,-7.0685222254606900E+00
2.15000E+02,7.0735991268284300E+00,0.0000000000000000E+00,-7.0685355904127600E+00
2.15010E+02,7.0735858415500100E+00,0.0000000000000000E+00,-7.0685488851830800E+00
2.15020E+02,7.0735726259852900E+00,0.0000000000000000E+00,-7.0685621101403200E+00
2.15030E+02,7.0735594797685700E+00,0.0000000000000000E+00,-7.0685752656512000E+00
2.15040E+02,7.0735464025360900E+00,0.0000000000000000E+00,-7.0685883520805200E+00
2.15050E+02,7.0735333939259800E+00,0.0000000000000000E+00,-7.0686013697911800E+00
2.15060E+02,7.0735204535782700E+00,0.0000000000000000E+00,-7.0686143191441500E+00
2.15070E+02,7.0735075811348800E+00,0.0000000000000000E+00,-7.0686272004985000E+00
2.15080E+02,7.0734947762396000E+00,0.0000000000000000E+00,-7.0686400142114200E+00
2.15090E+02,7.0734820385381000E+00,0.0000000000000000E+00,-7.0686527606382400E+00
2.15100E+02,7.0734693676779000E+00,0.0000000000000000E+00,-7.0686654401324000E+00
2.15110E+02,7.0734567633083700E+00,0.0000000000000000E+00,-7.0686780530454800E+00
2.15120E+02,7.0734442250807100E+00,0.0000000000000000E+00,-7.0686905997272300E+00
2.15130E+02,7.0734317526479600E+00,0.0000000000000000E+00,-7.0687030805255500E+00
2.15140E+02,7.0734193456649700E+00,0.0000000000000000E+00,-7.0687154957865100E+00
2.15150E+02,7.0734070037884000E+00,0.0000000000000000E+00,-7.0687278458543700E+00
2.15160E+02,7.0733947266767200E+00,0.0000000000000000E+00,-7.0687401310715600E+00
2.15170E+02,7.0733825139901900E+00,0.0000000000000000E+00,-7.0687523517787500E+00
2.15180E+02,7.0733703653908300E+00,0.0000000000000000E+00,-7.0687645083147700E+00
2.15190E+02,7.0733582805424500E+00,0.0000000000000000E+00,-7.0687766010167100E+00
2.15200E+02,7.0733462591106200E+00,0.0000000000000000E+00,-7.0687886302198600E+00
2.15210E+02,7.0733343007626700E+00,0.0000000000000000E+00,-7.0688005962577600E+00
2.15220E+02,7.0733224051676500E+00,0.0000000000000000E+00,-7.0688124994622000E+00
2.15230E+02,7.0733105719963700E+00,0.0000000000000000E+00,-7.0688243401632300E+00
2.15240E+02,7.0732988009213600E+00,0.0000000000000000E+00,-7.0688361186891400E+00
2.15250E+02,7.0732870916168600E+00,0.0000000000000000E+00,-7.0688478353665300E+00
2.15260E+02,7.0732754437588200E+00,0.0000000000000000E+00,-7.0688594905202500E+00
2.15270E+02,7.0732638570248900E+00,0.0000000000000000E+00,-7.0688710844734700E+00
2.15280E+02,7.0732523310944200E+00,0.0000000000000000E+00,-7.0688826175476400E+00
2.15290E+02,7.0732408656484200E+00,0.0000000000000000E+00,-7.0688940900625300E+00
2.15300E+02,7.0732294603695800E+00,0.0000000000000000E+00,-7.0689055023362400E+00
2.15310E+02,7.0732181149422700E+00,0.0000000000000000E+00,-7.0689168546851800E+00
2.15320E+02,7.0732068290525000E+00,0.0000000000000000E+00,-7.0689281474241000E+00
2.15330E+02,7.0731956023879300E+00,0.0000000000000000E+00,-7.0689393808661200E+00
2.15340E+02,7.0731844346378500E+00,0.0000000000000000E+00,-7.0689505553226700E+00
2.15350E+02,7.0731733254931800E+00,0.0000000000000000E+00,-7.0689616711035800E+00
2.15360E+02,7.0731622746464800E+00,0.0000000000000000E+00,-7.0689727285170400E+00
2.15370E+02,7.0731512817919000E+00,0.0000000000000000E+00,-7.0689837278696100E+00
2.15380E+02,7.0731403466252000E+00,0.0000000000000000E+00,-7.0689946694662700E+00
2.15390E+02,7.0731294688437400E+00,0.0000000000000000E+00,-7.0690055536103500E+00
2.15400E+02,7.0731186481464600E+00,0.0000000000000000E+00,-7.0690163806036300E+00
2.15410E+02,7.0731078842338900E+00,0.0000000000000000E+00,-7.0690271507462800E+00
2.15420E+02,7.0730971768081100E+00,0.0000000000000000E+00,-7.0690378643369000E+00
2.15430E+02,7.0730865255727800E+00,0.0000000000000000E+00,-7.0690485216725200E+00
2.15440E+02,7.0730759302331100E+00,0.0000000000000000E+00,-7.0690591230486100E+00
2.15450E+02,7.0730653904958500E+00,0.0000000000000000E+00,-7.0690696687590800E+00
2.15460E+02,7.0730549060692900E+00,0.0000000000000000E+00,-7.0690801590963000E+00
2.15470E+02,7.0730444766632500E+00,0.0000000000000000E+00,-7.0690905943511000E+00
2.15480E+02,7.0730341019890800E+00,0.0000000000000000E+00,-7.0691009748128000E+00
2.15490E+02,7.0730237817596300E+00,0.0000000000000000E+00,-7.0691113007691800E+00
2.15500E+02,7.0730135156892600E+00,0.0000000000000000E+00,-7.0691215725065100E+00
2.15510E+02,7.0730033034938300E+00,0.0000000000000000E+00,-7.0691317903095600E+00
2.15520E+02,7.0729931448906800E+00,0.0000000000000000E+00,-7.0691419544616000E+00
2.15530E+02,7.0729830395986600E+00,0.0000000000000000E+00,-7.0691520652444200E+00
2.15540E+02,7.0729729873380700E+00,0.0000000000000000E+00,-7.0691621229383200E+00
2.15550E+02,7.0729629878306700E+00,0.0000000000000000E+00,-7.0691721278221200E+00
2.15560E+02,7.0729530407997000E+00,0.0000000000000000E+00,-7.0691820801732100E+00
2.15570E+02,7.0729431459698500E+00,0.0000000000000000E+00,-7.0691919802674700E+00
2.15580E+02,7.0729333030672300E+00,0.0000000000000000E+00,-7.0692018283793700E+00
2.15590E+02,7.0729235118194100E+00,0.0000000000000000E+00,-7.0692116247819300E+00
2.15600E+02,7.0729137719553800E+00,0.0000000000000000E+00,-7.0692213697467200E+00
2.15610E+02,7.0729040832055400E+00,0.0000000000000000E+00,-7.0692310635439000E+00
2.15620E+02,7.0728944453017400E+00,0.0000000000000000E+00,-7.0692407064422100E+00
2.15630E+02,7.0728848579772000E+00,0.0000000000000000E+00,-7.0692502987089500E+00
2.15640E+02,7.0728753209665400E+00,0.0000000000000000E+00,-7.0692598406100600E+00
2.15650E+02,7.0728658340058000E+00,0.0000000000000000E+00,-7.0692693324100500E+00
2.15660E+02,7.0728563968323700E+00,0.0000000000000000E+00,-7.0692787743720400E+00
2.15670E+02,7.0728470091850500E+00,0.0000000000000000E+00,-7.0692881667578000E+00
2.15680E+02,7.0728376708039800E+00,0.0000000000000000E+00,-7.0692975098276800E+00
2.15690E+02,7.0728283814306800E+00,0.0000000000000000E+00,-7.0693068038407000E+00
2.15700E+02,7.0728191408080300E+00,0.0000000000000000E+00,-7.0693160490544900E+00
2.15710E+02,7.0728099486802300E+00,0.0000000000000000E+00,-7.0693252457253400E+00
2.15720E+02,7.0728008047928600E+00,0.0000000000000000E+00,-7.0693343941082000E+00
2.15730E+02,7.0727917088928100E+00,0.0000000000000000E+00,-7.0693434944566700E+00
2.15740E+02,7.0727826607283000E+00,0.0000000000000000E+00,-7.0693525470230200E+00
2.15750E+02,7.0727736600488700E+00,0.0000000000000000E+00,-7.0693615520581900E+00
2.15760E+02,7.0727647066053900E+00,0.0000000000000000E+00,-7.0693705098118100E+00
2.15770E+02,7.0727558001500100E+00,0.0000000000000000E+00,-7.0693794205322000E+00
2.15780E+02,7.0727469404362000E+00,0.0000000000000000E+00,-7.0693882844663600E+00
2.15790E+02,7.0727381272187100E+00,0.0000000000000000E+00,-7.0693971018600000E+00
2.15800E+02,7.0727293602535900E+00,0.0000000000000000E+00,-7.0694058729575500E+00
2.15810E+02,7.0727206392981500E+00,0.0000000000000000E+00,-7.0694145980021400E+00
2.15820E+02,7.0727119641109900E+00,0.0000000000000000E+00,-7.0694232772356300E+00
2.15830E+02,7.0727033344519800E+00,0.0000000000000000E+00,-7.0694319108986100E+00
2.15840E+02,7.0726947500822300E+00,0.0000000000000000E+00,-7.0694404992304100E+00
2.15850E+02,7.0726862107641100E+00,0.0000000000000000E+00,-7.0694490424690800E+00
2.15860E+02,7.0726777162612400E+00,0.0000000000000000E+00,-7.0694575408514500E+00
2.15870E+02,7.0726692663384800E+00,0.0000000000000000E+00,-7.0694659946130900E+00
2.15880E+02,7.0726608607619300E+00,0.0000000000000000E+00,-7.0694744039883300E+00
2.15890E+02,7.0726524992988900E+00,0.0000000000000000E+00,-7.0694827692102700E+00
2.15900E+02,7.0726441817179100E+00,0.0000000000000000E+00,-7.0694910905108000E+00
2.15910E+02,7.0726359077887400E+00,0.0000000000000000E+00,-7.0694993681205600E+00
2.15920E+02,7.0726276772823500E+00,0.0000000000000000E+00,-7.0695076022690200E+00
2.15930E+02,7.0726194899708800E+00,0.0000000000000000E+00,-7.0695157931844100E+00
2.15940E+02,7.0726113456277100E+00,0.0000000000000000E+00,-7.0695239410937700E+00
2.15950E+02,7.0726032440273600E+00,0.0000000000000000E+00,-7.0695320462229600E+00
2.15960E+02,7.0725951849455800E+00,0.0000000000000000E+00,-7.0695401087966400E+00
2.15970E+02,7.0725871681592600E+00,0.0000000000000000E+00,-7.0695481290382900E+00
2.15980E+02,7.0725791934464700E+00,0.0000000000000000E+00,-7.0695561071702200E+00
2.15990E+02,7.0725712605864700E+00,0.0000000000000000E+00,-7.0695640434135800E+00
2.16000E+02,7.0725633693596300E+00,0.0000000000000000E+00,-7.0695719379883300E+00
2.16010E+02,7.0725555195475100E+00,0.0000000000000000E+00,-7.0695797911133100E+00
2.16020E+02,7.0725477109328100E+00,0.0000000000000000E+00,-7.0695876030062000E+00
2.16030E+02,7.0725399432993400E+00,0.0000000000000000E+00,-7.0695953738835100E+00
2.16040E+02,7.0725322164320900E+00,0.0000000000000000E+00,-7.0696031039606400E+00
2.16050E+02,7.0725245301171400E+00,0.0000000000000000E+00,-7.0696107934518600E+00
2.16060E+02,7.0725168841417200E+00,0.0000000000000000E+00,-7.0696184425703000E+00
2.16070E+02,7.0725092782941400E+00,0.0000000000000000E+00,-7.0696260515279700E+00
2.16080E+02,7.0725017123638700E+00,0.0000000000000000E+00,-7.0696336205357900E+00
2.16090E+02,7.0724941861414300E+00,0.0000000000000000E+00,-7.0696411498035300E+00
2.16100E+02,7.0724866994184900E+00,0.0000000000000000E+00,-7.0696486395399000E+00
2.16110E+02,7.0724792519877700E+00,0.0000000000000000E+00,-7.0696560899524900E+00
2.16120E+02,7.0724718436431000E+00,0.0000000000000000E+00,-7.0696635012478000E+00
2.16130E+02,7.0724644741794000E+00,0.0000000000000000E+00,-7.0696708736312500E+00
2.16140E+02,7.0724571433926400E+00,0.0000000000000000E+00,-7.0696782073071900E+00
2.16150E+02,7.0724498510798700E+00,0.0000000000000000E+00,-7.0696855024788800E+00
2.16160E+02,7.0724425970392100E+00,0.0000000000000000E+00,-7.0696927593485300E+00
2.16170E+02,7.0724353810698400E+00,0.0000000000000000E+00,-7.0696999781172600E+00
2.16180E+02,7.0724282029719900E+00,0.0000000000000000E+00,-7.0697071589851600E+00
2.16190E+02,7.0724210625469400E+00,0.0000000000000000E+00,-7.0697143021512700E+00
2.16200E+02,7.0724139595970000E+00,0.0000000000000000E+00,-7.0697214078135500E+00
2.16210E+02,7.0724068939255300E+00,0.0000000000000000E+00,-7.0697284761689600E+00
2.16220E+02,7.0723998653369200E+00,0.0000000000000000E+00,-7.0697355074134100E+00
2.16230E+02,7.0723928736365900E+00,0.0000000000000000E+00,-7.0697425017417800E+00
2.16240E+02,7.0723859186309700E+00,0.0000000000000000E+00,-7.0697494593479200E+00
2.16250E+02,7.0723790001275000E+00,0.0000000000000000E+00,-7.0697563804246700E+00
2.16260E+02,7.0723721179346500E+00,0.0000000000000000E+00,-7.0697632651638500E+00
2.16270E+02,7.0723652718618900E+00,0.0000000000000000E+00,-7.0697701137562900E+00
2.16280E+02,7.0723584617196700E+00,0.0000000000000000E+00,-7.0697769263918000E+00
2.16290E+02,7.0723516873194600E+00,0.0000000000000000E+00,-7.0697837032592000E+00
2.16300E+02,7.0723449484737100E+00,0.0000000000000000E+00,-7.0697904445463000E+00
2.16310E+02,7.0723382449958400E+00,0.0000000000000000E+00,-7.0697971504399600E+00
2.16320E+02,7.0723315767002600E+00,0.0000000000000000E+00,-7.0698038211260200E+00
2.16330E+02,7.0723249434023700E+00,0.0000000000000000E+00,-7.0698104567893800E+00
2.16340E+02,7.0723183449185000E+00,0.0000000000000000E+00,-7.0698170576139400E+00
2.16350E+02,7.0723117810659800E+00,0.0000000000000000E+00,-7.0698236237826400E+00
2.16360E+02,7.0723052516630800E+00,0.0000000000000000E+00,-7.0698301554774700E+00
2.16370E+02,7.0722987565290300E+00,0.0000000000000000E+00,-7.0698366528794500E+00
2.16380E+02,7.0722922954839900E+00,0.0000000000000000E+00,-7.0698431161686700E+00
2.16390E+02,7.0722858683491000E+00,0.0000000000000000E+00,-7.0698495455242500E+00
2.16400E+02,7.0722794749464000E+00,0.0000000000000000E+00,-7.0698559411243800E+00
2.16410E+02,7.0722731150988900E+00,0.0000000000000000E+00,-7.0698623031463100E+00
2.16420E+02,7.0722667886304800E+00,0.0000000000000000E+00,-7.0698686317663700E+00
2.16430E+02,7.0722604953660200E+00,0.0000000000000000E+00,-7.0698749271599500E+00
2.16440E+02,7.0722542351312700E+00,0.0000000000000000E+00,-7.0698811895015300E+00
2.16450E+02,7.0722480077529000E+00,0.0000000000000000E+00,-7.0698874189646700E+00
2.16460E+02,7.0722418130585000E+00,0.0000000000000000E+00,-7.0698936157220000E+00
2.16470E+02,7.0722356508765600E+00,0.0000000000000000E+00,-7.0698997799452900E+00
2.16480E+02,7.0722295210364600E+00,0.0000000000000000E+00,-7.0699059118053500E+00
2.16490E+02,7.0722234233684900E+00,0.0000000000000000E+00,-7.0699120114721300E+00
2.16500E+02,7.0722173577038200E+00,0.0000000000000000E+00,-7.0699180791146700E+00
2.16510E+02,7.0722113238745200E+00,0.0000000000000000E+00,-7.0699241149011500E+00
2.16520E+02,7.0722053217135200E+00,0.0000000000000000E+00,-7.0699301189988300E+00
2.16530E+02,7.0721993510546400E+00,0.0000000000000000E+00,-7.0699360915741100E+00
2.16540E+02,7.0721934117325600E+00,0.0000000000000000E+00,-7.0699420327925100E+00
2.16550E+02,7.0721875035828600E+00,0.0000000000000000E+00,-7.0699479428186900E+00
2.16560E+02,7.0721816264419300E+00,0.0000000000000000E+00,-7.0699538218164400E+00
2.16570E+02,7.0721757801470700E+00,0.0000000000000000E+00,-7.0699596699486900E+00
2.16580E+02,7.0721699645363900E+00,0.0000000000000000E+00,-7.0699654873775100E+00
2.16590E+02,7.0721641794488800E+00,0.0000000000000000E+00,-7.0699712742641200E+00
2.16600E+02,7.0721584247243700E+00,0.0000000000000000E+00,-7.0699770307689000E+00
2.16610E+02,7.0721527002035200E+00,0.0000000000000000E+00,-7.0699827570513800E+00
2.16620E+02,7.0721470057278300E+00,0.0000000000000000E+00,-7.0699884532702500E+00
2.16630E+02,7.0721413411396300E+00,0.0000000000000000E+00,-7.0699941195833800E+00
2.16640E+02,7.0721357062820700E+00,0.0000000000000000E+00,-7.0699997561478000E+00
2.16650E+02,7.0721301009991500E+00,0.0000000000000000E+00,-7.0700053631197100E+00
2.16660E+02,7.0721245251356600E+00,0.0000000000000000E+00,-7.0700109406545000E+00
2.16670E+02,7.0721189785372200E+00,0.0000000000000000E+00,-7.0700164889067500E+00
2.16680E+02,7.0721134610502600E+00,0.0000000000000000E+00,-7.0700220080302100E+00
2.16690E+02,7.0721079725219900E+00,0.0000000000000000E+00,-7.0700274981778300E+00
2.16700E+02,7.0721025128004500E+00,0.0000000000000000E+00,-7.0700329595017600E+00
2.16710E+02,7.0720970817344800E+00,0.0000000000000000E+00,-7.0700383921533500E+00
2.16720E+02,7.0720916791736900E+00,0.0000000000000000E+00,-7.0700437962831600E+00
2.16730E+02,7.0720863049685000E+00,0.0000000000000000E+00,-7.0700491720409400E+00
2.16740E+02,7.0720809589701000E+00,0.0000000000000000E+00,-7.0700545195756700E+00
2.16750E+02,7.0720756410304700E+00,0.0000000000000000E+00,-7.0700598390355400E+00
2.16760E+02,7.0720703510023500E+00,0.0000000000000000E+00,-7.0700651305679800E+00
2.16770E+02,7.0720650887392800E+00,0.0000000000000000E+00,-7.0700703943196200E+00
2.16780E+02,7.0720598540955600E+00,0.0000000000000000E+00,-7.0700756304363300E+00
2.16790E+02,7.0720546469262300E+00,0.0000000000000000E+00,-7.0700808390632200E+00
2.16800E+02,7.0720494670871100E+00,0.0000000000000000E+00,-7.0700860203446300E+00
2.16810E+02,7.0720443144347900E+00,0.0000000000000000E+00,-7.0700911744241500E+00
2.16820E+02,7.0720391888265900E+00,0.0000000000000000E+00,-7.0700963014446100E+00
2.16830E+02,7.0720340901205900E+00,0.0000000000000000E+00,-7.0701014015480700E+00
2.16840E+02,7.0720290181756000E+00,0.0000000000000000E+00,-7.0701064748758900E+00
2.16850E+02,7.0720239728511900E+00,0.0000000000000000E+00,-7.0701115215686600E+00
2.16860E+02,7.0720189540076500E+00,0.0000000000000000E+00,-7.0701165417662100E+00
2.16870E+02,7.0720139615060300E+00,0.0000000000000000E+00,-7.0701215356076900E+00
2.16880E+02,7.0720089952080700E+00,0.0000000000000000E+00,-7.0701265032314600E+00
2.16890E+02,7.0720040549762600E+00,0.0000000000000000E+00,-7.0701314447752000E+00
2.16900E+02,7.0719991406738200E+00,0.0000000000000000E+00,-7.0701363603758400E+00
2.16910E+02,7.0719942521646600E+00,0.0000000000000000E+00,-7.0701412501696000E+00
2.16920E+02,7.0719893893134200E+00,0.0000000000000000E+00,-7.0701461142919900E+00
2.16930E+02,7.0719845519854600E+00,0.0000000000000000E+00,-7.0701509528777900E+00
2.16940E+02,7.0719797400468300E+00,0.0000000000000000E+00,-7.0701557660611000E+00
2.16950E+02,7.0719749533642800E+00,0.0000000000000000E+00,-7.0701605539752800E+00
2.16960E+02,7.0719701918052700E+00,0.0000000000000000E+00,-7.0701653167530300E+00
2.16970E+02,7.0719654552379600E+00,0.0000000000000000E+00,-7.0701700545263100E+00
2.16980E+02,7.0719607435312000E+00,0.0000000000000000E+00,-7.0701747674264400E+00
2.16990E+02,7.0719560565545000E+00,0.0000000000000000E+00,-7.0701794555839900E+00
2.17000E+02,7.0719513941780900E+00,0.0000000000000000E+00,-7.0701841191288900E+00
2.17010E+02,7.0719467562728700E+00,0.0000000000000000E+00,-7.0701887581903600E+00
2.17020E+02,7.0719421427104100E+00,0.0000000000000000E+00,-7.0701933728969700E+00
2.17030E+02,7.0719375533629700E+00,0.0000000000000000E+00,-7.0701979633765800E+00
2.17040E+02,7.0719329881034500E+00,0.0000000000000000E+00,-7.0702025297564100E+00
2.17050E+02,7.0719284468054500E+00,0.0000000000000000E+00,-7.0702070721629900E+00
2.17060E+02,7.0719239293432200E+00,0.0000000000000000E+00,-7.0702115907222000E+00
2.17070E+02,7.0719194355916600E+00,0.0000000000000000E+00,-7.0702160855592400E+00
2.17080E+02,7.0719149654263500E+00,0.0000000000000000E+00,-7.0702205567986800E+00
2.17090E+02,7.0719105187234900E+00,0.0000000000000000E+00,-7.0702250045644100E+00
2.17100E+02,7.0719060953599600E+00,0.0000000000000000E+00,-7.0702294289796900E+00
2.17110E+02,7.0719016952132700E+00,0.0000000000000000E+00,-7.0702338301671100E+00
2.17120E+02,7.0718973181615800E+00,0.0000000000000000E+00,-7.0702382082486400E+00
2.17130E+02,7.0718929640836700E+00,0.0000000000000000E+00,-7.0702425633455900E+00
2.17140E+02,7.0718886328590000E+00,0.0000000000000000E+00,-7.0702468955786400E+00
2.17150E+02,7.0718843243676100E+00,0.0000000000000000E+00,-7.0702512050678500E+00
2.17160E+02,7.0718800384902100E+00,0.0000000000000000E+00,-7.0702554919326300E+00
2.17170E+02,7.0718757751081000E+00,0.0000000000000000E+00,-7.0702597562917700E+00
2.17180E+02,7.0718715341032400E+00,0.0000000000000000E+00,-7.0702639982634300E+00
2.17190E+02,7.0718673153581900E+00,0.0000000000000000E+00,-7.0702682179651700E+00
2.17200E+02,7.0718631187561200E+00,0.0000000000000000E+00,-7.0702724155139000E+00
2.17210E+02,7.0718589441808200E+00,0.0000000000000000E+00,-7.0702765910259400E+00
2.17220E+02,7.0718547915167000E+00,0.0000000000000000E+00,-7.0702807446170100E+00
2.17230E+02,7.0718506606487700E+00,0.0000000000000000E+00,-7.0702848764021800E+00
2.17240E+02,7.0718465514626200E+00,0.0000000000000000E+00,-7.0702889864959500E+00
2.17250E+02,7.0718424638444800E+00,0.0000000000000000E+00,-7.0702930750122200E+00
2.17260E+02,7.0718383976811500E+00,0.0000000000000000E+00,-7.0702971420642700E+00
2.17270E+02,7.0718343528600400E+00,0.0000000000000000E+00,-7.0703011877648000E+00
2.17280E+02,7.0718303292691300E+00,0.0000000000000000E+00,-7.0703052122259200E+00
2.17290E+02,7.0718263267970000E+00,0.0000000000000000E+00,-7.0703092155591400E+00
2.17300E+02,7.0718223453328300E+00,0.0000000000000000E+00,-7.0703131978754000E+00
2.17310E+02,7.0718183847663500E+00,0.0000000000000000E+00,-7.0703171592850300E+00
2.17320E+02,7.0718144449879000E+00,0.0000000000000000E+00,-7.0703210998978200E+00
2.17330E+02,7.0718105258883700E+00,0.0000000000000000E+00,-7.0703250198229400E+00
2.17340E+02,7.0718066273592300E+00,0.0000000000000000E+00,-7.0703289191690200E+00
2.17350E+02,7.0718027492925300E+00,0.0000000000000000E+00,-7.0703327980441200E+00
2.17360E+02,7.0717988915808800E+00,0.0000000000000000E+00,-7.0703366565557000E+00
2.17370E+02,7.0717950541174400E+00,0.0000000000000000E+00,-7.0703404948106900E+00
2.17380E+02,7.0717912367959600E+00,0.0000000000000000E+00,-7.0703443129154300E+00
2.17390E+02,7.0717874395107200E+00,0.0000000000000000E+00,-7.0703481109757400E+00
2.17400E+02,7.0717836621565600E+00,0.0000000000000000E+00,-7.0703518890968400E+00
2.17410E+02,7.0717799046288900E+00,0.0000000000000000E+00,-7.0703556473834300E+00
2.17420E+02,7.0717761668236500E+00,0.0000000000000000E+00,-7.0703593859396400E+00
2.17430E+02,7.0717724486373300E+00,0.0000000000000000E+00,-7.0703631048690700E+00
2.17440E+02,7.0717687499669600E+00,0.0000000000000000E+00,-7.0703668042747600E+00
2.17450E+02,7.0717687499669600E+00,0.0000000000000000E+00,-7.0703668042747600E+00
2.17460E+02,7.0717687499669600E+00,0.0000000000000000E+00,-7.0703668042747600E+00
2.17470E+02,7.0717687499669600E+00,0.0000000000000000E+00,-7.0703668042747600E+00
2.17480E+02,7.0717687499669600E+00,0.0000000000000000E+00,-7.0703668042747600E+00
2.17490E+02,7.0717687499669600E+00,0.0000000000000000E+00,-7.0703668042747600E+00
2.17500E+02,7.0717687499669600E+00,0.0000000000000000E+00,-7.0703668042747600E+00
2.17510E+02,7.0717687499669600E+00,0.0000000000000000E+00,-7.0703668042747600E+00
2.17520E+02,7.0717687499669600E+00,0.0000000000000000E+00,-7.0703668042747600E+00
2.17530E+02,7.0717687499669600E+00,0.0000000000000000E+00,-7.0703668042747600E+00
2.17540E+02,7.0717687499669600E+00,0.0000000000000000E+00,-7.0703668042747600E+00
2.17550E+02,7.0717687499669600E+00,0.0000000000000000E+00,-7.0703668042747600E+00
2.17560E+02,7.0717687499669600E+00,0.0000000000000000E+00,-7.0703668042747600E+00
2.17570E+02,7.0717687499669600E+00,0.0000000000000000E+00,-7.0703668042747600E+00
2.17580E+02,7.0717687499669600E+00,0.0000000000000000E+00,-7.0703668042747600E+00
2.17590E+02,7.0717687499669600E+00,0.0000000000000000E+00,-7.0703668042747600E+00
2.17600E+02,7.0717687499669600E+00,0.0000000000000000E+00,-7.0703668042747600E+00
2.17610E+02,7.0717687499669600E+00,0.0000000000000000E+00,-7.0703668042747600E+00
2.17620E+02,7.0717687499669600E+00,0.0000000000000000E+00,-7.0703668042747600E+00
2.17630E+02,7.0717687499669600E+00,0.0000000000000000E+00,-7.0703668042747600E+00
2.17640E+02,7.0717687499669600E+00,0.0000000000000000E+00,-7.0703668042747600E+00
2.17650E+02,7.0717687499669600E+00,0.0000000000000000E+00,-7.0703668042747600E+00
2.17660E+02,7.0717687499669600E+00,0.0000000000000000E+00,-7.0703668042747600E+00
2.17670E+02,7.0717687499669600E+00,0.0000000000000000E+00,-7.0703668042747600E+00
2.17680E+02,7.0717687499669600E+00,0.0000000000000000E+00,-7.0703668042747600E+00
2.17690E+02,7.0717687499669600E+00,0.0000000000000000E+00,-7.0703668042747600E+00
2.17700E+02,7.0717687499669600E+00,0.0000000000000000E+00,-7.0703668042747600E+00
2.17710E+02,7.0717687499669600E+00,0.0000000000000000E+00,-7.0703668042747600E+00
2.17720E+02,7.0717687499669600E+00,0.0000000000000000E+00,-7.0703668042747600E+00
2.17730E+02,7.0717687499669600E+00,0.0000000000000000E+00,-7.0703668042747600E+00
2.17740E+02,7.0717687499669600E+00,0.0000000000000000E+00,-7.0703668042747600E+00
2.17750E+02,7.0717687499669600E+00,0.0000000000000000E+00,-7.0703668042747600E+00
2.17760E+02,7.0717687499669600E+00,0.0000000000000000E+00,-7.0703668042747600E+00
2.17770E+02,7.0717687499669600E+00,0.0000000000000000E+00,-7.0703668042747600E+00
2.17780E+02,7.0717687499669600E+00,0.0000000000000000E+00,-7.0703668042747600E+00
2.17790E+02,7.0717687499669600E+00,0.0000000000000000E+00,-7.0703668042747600E+00
2.17800E+02,7.0717687499669600E+00,0.0000000000000000E+00,-7.0703668042747600E+00
2.17810E+02,7.0717687499669600E+00,0.0000000000000000E+00,-7.0703668042747600E+00
2.17820E+02,7.0717687499669600E+00,0.0000000000000000E+00,-7.0703668042747600E+00
2.17830E+02,7.0717687499669600E+00,0.0000000000000000E+00,-7.0703668042747600E+00
2.17840E+02,7.0717687499669600E+00,0.0000000000000000E+00,-7.0703668042747600E+00
2.17850E+02,7.0717687499669600E+00,0.0000000000000000E+00,-7.0703668042747600E+00
2.17860E+02,7.0717687499669600E+00,0.0000000000000000E+00,-7.0703668042747600E+00
2.17870E+02,7.0717687499669600E+00,0.0000000000000000E+00,-7.0703668042747600E+00
2.17880E+02,7.0717687499669600E+00,0.0000000000000000E+00,-7.0703668042747600E+00
2.17890E+02,7.0717687499669600E+00,0.0000000000000000E+00,-7.0703668042747600E+00
2.17900E+02,7.0717687499669600E+00,0.0000000000000000E+00,-7.0703668042747600E+00
2.17910E+02,7.0717687499669600E+00,0.0000000000000000E+00,-7.0703668042747600E+00
2.17920E+02,7.0717687499669600E+00,0.0000000000000000E+00,-7.0703668042747600E+00
2.17930E+02,7.0717687499669600E+00,0.0000000000000000E+00,-7.0703668042747600E+00
2.17940E+02,7.0717687499669600E+00,0.0000000000000000E+00,-7.0703668042747600E+00
2.17950E+02,7.0717687499669600E+00,0.0000000000000000E+00,-7.0703668042747600E+00
2.17960E+02,7.0717687499669600E+00,0.0000000000000000E+00,-7.0703668042747600E+00
2.17970E+02,7.0717687499669600E+00,0.0000000000000000E+00,-7.0703668042747600E+00
2.17980E+02,7.0717687499669600E+00,0.0000000000000000E+00,-7.0703668042747600E+00
2.17990E+02,7.0717687499669600E+00,0.0000000000000000E+00,-7.0703668042747600E+00
2.18000E+02,7.0717687499669600E+00,0.0000000000000000E+00,-7.0703668042747600E+00
2.18010E+02,7.0717687499669600E+00,0.0000000000000000E+00,-7.0703668042747600E+00
2.18020E+02,7.0717687499669600E+00,0.0000000000000000E+00,-7.0703668042747600E+00
2.18030E+02,7.0717687499669600E+00,0.0000000000000000E+00,-7.0703668042747600E+00
2.18040E+02,7.0717687499669600E+00,0.0000000000000000E+00,-7.0703668042747600E+00
2.18050E+02,7.0717687499669600E+00,0.0000000000000000E+00,-7.0703668042747600E+00
2.18060E+02,7.0717687499669600E+00,0.0000000000000000E+00,-7.0703668042747600E+00
2.18070E+02,7.0717687499669600E+00,0.0000000000000000E+00,-7.0703668042747600E+00
2.18080E+02,7.0717687499669600E+00,0.0000000000000000E+00,-7.0703668042747600E+00
2.18090E+02,7.0717687499669600E+00,0.0000000000000000E+00,-7.0703668042747600E+00
2.18100E+02,7.0717687499669600E+00,0.0000000000000000E+00,-7.0703668042747600E+00
2.18110E+02,7.0717687499669600E+00,0.0000000000000000E+00,-7.0703668042747600E+00
2.18120E+02,7.0717687499669600E+00,0.0000000000000000E+00,-7.0703668042747600E+00
2.18130E+02,7.0717687499669600E+00,0.0000000000000000E+00,-7.0703668042747600E+00
2.18140E+02,7.0717687499669600E+00,0.0000000000000000E+00,-7.0703668042747600E+00
2.18150E+02,7.0717687499669600E+00,0.0000000000000000E+00,-7.0703668042747600E+00
2.18160E+02,7.0717687499669600E+00,0.0000000000000000E+00,-7.0703668042747600E+00
2.18170E+02,7.0717687499669600E+00,0.0000000000000000E+00,-7.0703668042747600E+00
2.18180E+02,7.0717687499669600E+00,0.0000000000000000E+00,-7.0703668042747600E+00
2.18190E+02,7.0717687499669600E+00,0.0000000000000000E+00,-7.0703668042747600E+00
2.18200E+02,7.0717687499669600E+00,0.0000000000000000E+00,-7.0703668042747600E+00
2.18210E+02,7.0717687499669600E+00,0.0000000000000000E+00,-7.0703668042747600E+00
2.18220E+02,7.0717687499669600E+00,0.0000000000000000E+00,-7.0703668042747600E+00
2.18230E+02,7.0717687499669600E+00,0.0000000000000000E+00,-7.0703668042747600E+00
2.18240E+02,7.0717687499669600E+00,0.0000000000000000E+00,-7.0703668042747600E+00
2.18250E+02,7.0717687499669600E+00,0.0000000000000000E+00,-7.0703668042747600E+00
2.18260E+02,7.0717687499669600E+00,0.0000000000000000E+00,-7.0703668042747600E+00
2.18270E+02,7.0717687499669600E+00,0.0000000000000000E+00,-7.0703668042747600E+00
2.18280E+02,7.0717687499669600E+00,0.0000000000000000E+00,-7.0703668042747600E+00
2.18290E+02,7.0717687499669600E+00,0.0000000000000000E+00,-7.0703668042747600E+00
2.18300E+02,7.0717687499669600E+00,0.0000000000000000E+00,-7.0703668042747600E+00
2.18310E+02,7.0717687499669600E+00,0.0000000000000000E+00,-7.0703668042747600E+00
2.18320E+02,7.0717687499669600E+00,0.0000000000000000E+00,-7.0703668042747600E+00
2.18330E+02,7.0717687499669600E+00,0.0000000000000000E+00,-7.0703668042747600E+00
2.18340E+02,7.0717687499669600E+00,0.0000000000000000E+00,-7.0703668042747600E+00
2.18350E+02,7.0717687499669600E+00,0.0000000000000000E+00,-7.0703668042747600E+00
2.18360E+02,7.0717687499669600E+00,0.0000000000000000E+00,-7.0703668042747600E+00
2.18370E+02,7.0717687499669600E+00,0.0000000000000000E+00,-7.0703668042747600E+00
2.18380E+02,7.0717687499669600E+00,0.0000000000000000E+00,-7.0703668042747600E+00
2.18390E+02,7.0717687499669600E+00,0.0000000000000000E+00,-7.0703668042747600E+00
2.18400E+02,7.0717687499669600E+00,0.0000000000000000E+00,-7.0703668042747600E+00
2.18410E+02,7.0717687499669600E+00,0.0000000000000000E+00,-7.0703668042747600E+00
2.18420E+02,7.0717687499669600E+00,0.0000000000000000E+00,-7.0703668042747600E+00
2.18430E+02,7.0717687499669600E+00,0.0000000000000000E+00,-7.0703668042747600E+00
2.18440E+02,7.0717687499669600E+00,0.0000000000000000E+00,-7.0703668042747600E+00
2.18450E+02,7.0717687499669600E+00,0.0000000000000000E+00,-7.0703668042747600E+00
2.18460E+02,7.0717687499669600E+00,0.0000000000000000E+00,-7.0703668042747600E+00
2.18470E+02,7.0717687499669600E+00,0.0000000000000000E+00,-7.0703668042747600E+00
2.18480E+02,7.0717687499669600E+00,0.0000000000000000E+00,-7.0703668042747600E+00
2.18490E+02,7.0717687499669600E+00,0.0000000000000000E+00,-7.0703668042747600E+00
2.18500E+02,7.0717687499669600E+00,0.0000000000000000E+00,-7.0703668042747600E+00
2.18510E+02,7.0717687499669600E+00,0.0000000000000000E+00,-7.0703668042747600E+00
2.18520E+02,7.0717687499669600E+00,0.0000000000000000E+00,-7.0703668042747600E+00
2.18530E+02,7.0717687499669600E+00,0.0000000000000000E+00,-7.0703668042747600E+00
2.18540E+02,7.0717687499669600E+00,0.0000000000000000E+00,-7.0703668042747600E+00
2.18550E+02,7.0717687499669600E+00,0.0000000000000000E+00,-7.0703668042747600E+00
2.18560E+02,7.0717687499669600E+00,0.0000000000000000E+00,-7.0703668042747600E+00
2.18570E+02,7.0717687499669600E+00,0.0000000000000000E+00,-7.0703668042747600E+00
2.18580E+02,7.0717687499669600E+00,0.0000000000000000E+00,-7.0703668042747600E+00
2.18590E+02,7.0717687499669600E+00,0.0000000000000000E+00,-7.0703668042747600E+00
2.18600E+02,7.0717687499669600E+00,0.0000000000000000E+00,-7.0703668042747600E+00
2.18610E+02,7.0717687499669600E+00,0.0000000000000000E+00,-7.0703668042747600E+00
2.18620E+02,7.0717687499669600E+00,0.0000000000000000E+00,-7.0703668042747600E+00
2.18630E+02,7.0717687499669600E+00,0.0000000000000000E+00,-7.0703668042747600E+00
2.18640E+02,7.0717687499669600E+00,0.0000000000000000E+00,-7.0703668042747600E+00
2.18650E+02,7.0717687499669600E+00,0.0000000000000000E+00,-7.0703668042747600E+00
2.18660E+02,7.0717687499669600E+00,0.0000000000000000E+00,-7.0703668042747600E+00
2.18670E+02,7.0717687499669600E+00,0.0000000000000000E+00,-7.0703668042747600E+00
2.18680E+02,7.0717687499669600E+00,0.0000000000000000E+00,-7.0703668042747600E+00
2.18690E+02,7.0717687499669600E+00,0.0000000000000000E+00,-7.0703668042747600E+00
2.18700E+02,7.0717687499669600E+00,0.0000000000000000E+00,-7.0703668042747600E+00
2.18710E+02,7.0717687499669600E+00,0.0000000000000000E+00,-7.0703668042747600E+00
2.18720E+02,7.0717687499669600E+00,0.0000000000000000E+00,-7.0703668042747600E+00
2.18730E+02,7.0717687499669600E+00,0.0000000000000000E+00,-7.0703668042747600E+00
2.18740E+02,7.0717687499669600E+00,0.0000000000000000E+00,-7.0703668042747600E+00
2.18750E+02,7.0717687499669600E+00,0.0000000000000000E+00,-7.0703668042747600E+00
2.18760E+02,7.0717687499669600E+00,0.0000000000000000E+00,-7.0703668042747600E+00
2.18770E+02,7.0717687499669600E+00,0.0000000000000000E+00,-7.0703668042747600E+00
2.18780E+02,7.0717687499669600E+00,0.0000000000000000E+00,-7.0703668042747600E+00
2.18790E+02,7.0717687499669600E+00,0.0000000000000000E+00,-7.0703668042747600E+00
2.18800E+02,7.0717687499669600E+00,0.0000000000000000E+00,-7.0703668042747600E+00
2.18810E+02,7.0717687499669600E+00,0.0000000000000000E+00,-7.0703668042747600E+00
2.18820E+02,7.0717687499669600E+00,0.0000000000000000E+00,-7.0703668042747600E+00
2.18830E+02,7.0717687499669600E+00,0.0000000000000000E+00,-7.0703668042747600E+00
2.18840E+02,7.0717687499669600E+00,0.0000000000000000E+00,-7.0703668042747600E+00
2.18850E+02,7.0717687499669600E+00,0.0000000000000000E+00,-7.0703668042747600E+00
2.18860E+02,7.0717687499669600E+00,0.0000000000000000E+00,-7.0703668042747600E+00
2.18870E+02,7.0717687499669600E+00,0.0000000000000000E+00,-7.0703668042747600E+00
2.18880E+02,7.0717687499669600E+00,0.0000000000000000E+00,-7.0703668042747600E+00
2.18890E+02,7.0717687499669600E+00,0.0000000000000000E+00,-7.0703668042747600E+00
2.18900E+02,7.0717687499669600E+00,0.0000000000000000E+00,-7.0703668042747600E+00
2.18910E+02,7.0717687499669600E+00,0.0000000000000000E+00,-7.0703668042747600E+00
2.18920E+02,7.0717687499669600E+00,0.0000000000000000E+00,-7.0703668042747600E+00
2.18930E+02,7.0717687499669600E+00,0.0000000000000000E+00,-7.0703668042747600E+00
2.18940E+02,7.0717687499669600E+00,0.0000000000000000E+00,-7.0703668042747600E+00
2.18950E+02,7.0717687499669600E+00,0.0000000000000000E+00,-7.0703668042747600E+00
2.18960E+02,7.0717687499669600E+00,0.0000000000000000E+00,-7.0703668042747600E+00
2.18970E+02,7.0717687499669600E+00,0.0000000000000000E+00,-7.0703668042747600E+00
2.18980E+02,7.0717687499669600E+00,0.0000000000000000E+00,-7.0703668042747600E+00
2.18990E+02,7.0717687499669600E+00,0.0000000000000000E+00,-7.0703668042747600E+00
2.19000E+02,7.0717687499669600E+00,0.0000000000000000E+00,-7.0703668042747600E+00
2.19010E+02,7.0717687499669600E+00,0.0000000000000000E+00,-7.0703668042747600E+00
2.19020E+02,7.0717687499669600E+00,0.0000000000000000E+00,-7.0703668042747600E+00
2.19030E+02,7.0717687499669600E+00,0.0000000000000000E+00,-7.0703668042747600E+00
2.19040E+02,7.0717687499669600E+00,0.0000000000000000E+00,-7.0703668042747600E+00
2.19050E+02,7.0717687499669600E+00,0.0000000000000000E+00,-7.0703668042747600E+00
2.19060E+02,7.0717687499669600E+00,0.0000000000000000E+00,-7.0703668042747600E+00
2.19070E+02,7.0717687499669600E+00,0.0000000000000000E+00,-7.0703668042747600E+00
2.19080E+02,7.0717687499669600E+00,0.0000000000000000E+00,-7.0703668042747600E+00
2.19090E+02,7.0717687499669600E+00,0.0000000000000000E+00,-7.0703668042747600E+00
2.19100E+02,7.0717687499669600E+00,0.0000000000000000E+00,-7.0703668042747600E+00
2.19110E+02,7.0717687499669600E+00,0.0000000000000000E+00,-7.0703668042747600E+00
2.19120E+02,7.0717687499669600E+00,0.0000000000000000E+00,-7.0703668042747600E+00
2.19130E+02,7.0717687499669600E+00,0.0000000000000000E+00,-7.0703668042747600E+00
2.19140E+02,7.0717687499669600E+00,0.0000000000000000E+00,-7.0703668042747600E+00
2.19150E+02,7.0717687499669600E+00,0.0000000000000000E+00,-7.0703668042747600E+00
2.19160E+02,7.0717687499669600E+00,0.0000000000000000E+00,-7.0703668042747600E+00
2.19170E+02,7.0717687499669600E+00,0.0000000000000000E+00,-7.0703668042747600E+00
2.19180E+02,7.0717687499669600E+00,0.0000000000000000E+00,-7.0703668042747600E+00
2.19190E+02,7.0717687499669600E+00,0.0000000000000000E+00,-7.0703668042747600E+00
2.19200E+02,7.0717687499669600E+00,0.0000000000000000E+00,-7.0703668042747600E+00
2.19210E+02,7.0717687499669600E+00,0.0000000000000000E+00,-7.0703668042747600E+00
2.19220E+02,7.0717687499669600E+00,0.0000000000000000E+00,-7.0703668042747600E+00
2.19230E+02,7.0717687499669600E+00,0.0000000000000000E+00,-7.0703668042747600E+00
2.19240E+02,7.0717687499669600E+00,0.0000000000000000E+00,-7.0703668042747600E+00
2.19250E+02,7.0717687499669600E+00,0.0000000000000000E+00,-7.0703668042747600E+00
2.19260E+02,7.0717687499669600E+00,0.0000000000000000E+00,-7.0703668042747600E+00
2.19270E+02,7.0717687499669600E+00,0.0000000000000000E+00,-7.0703668042747600E+00
2.19280E+02,7.0717687499669600E+00,0.0000000000000000E+00,-7.0703668042747600E+00
2.19290E+02,7.0717687499669600E+00,0.0000000000000000E+00,-7.0703668042747600E+00
2.19300E+02,7.0717687499669600E+00,0.0000000000000000E+00,-7.0703668042747600E+00
2.19310E+02,7.0717687499669600E+00,0.0000000000000000E+00,-7.0703668042747600E+00
2.19320E+02,7.0717687499669600E+00,0.0000000000000000E+00,-7.0703668042747600E+00
2.19330E+02,7.0717687499669600E+00,0.0000000000000000E+00,-7.0703668042747600E+00
2.19340E+02,7.0717687499669600E+00,0.0000000000000000E+00,-7.0703668042747600E+00
2.19350E+02,7.0717687499669600E+00,0.0000000000000000E+00,-7.0703668042747600E+00
2.19360E+02,7.0717687499669600E+00,0.0000000000000000E+00,-7.0703668042747600E+00
2.19370E+02,7.0717687499669600E+00,0.0000000000000000E+00,-7.0703668042747600E+00
2.19380E+02,7.0717687499669600E+00,0.0000000000000000E+00,-7.0703668042747600E+00
2.19390E+02,7.0717687499669600E+00,0.0000000000000000E+00,-7.0703668042747600E+00
2.19400E+02,7.0717687499669600E+00,0.0000000000000000E+00,-7.0703668042747600E+00
2.19410E+02,7.0717687499669600E+00,0.0000000000000000E+00,-7.0703668042747600E+00
2.19420E+02,7.0717687499669600E+00,0.0000000000000000E+00,-7.0703668042747600E+00
2.19430E+02,7.0717687499669600E+00,0.0000000000000000E+00,-7.0703668042747600E+00
2.19440E+02,7.0717687499669600E+00,0.0000000000000000E+00,-7.0703668042747600E+00
2.19450E+02,7.0717687499669600E+00,0.0000000000000000E+00,-7.0703668042747600E+00
2.19460E+02,7.0717687499669600E+00,0.0000000000000000E+00,-7.0703668042747600E+00
2.19470E+02,7.0717687499669600E+00,0.0000000000000000E+00,-7.0703668042747600E+00
2.19480E+02,7.0717687499669600E+00,0.0000000000000000E+00,-7.0703668042747600E+00
2.19490E+02,7.0717687499669600E+00,0.0000000000000000E+00,-7.0703668042747600E+00
2.19500E+02,7.0717687499669600E+00,0.0000000000000000E+00,-7.0703668042747600E+00
2.19510E+02,7.0717687499669600E+00,0.0000000000000000E+00,-7.0703668042747600E+00
2.19520E+02,7.0717687499669600E+00,0.0000000000000000E+00,-7.0703668042747600E+00
2.19530E+02,7.0717687499669600E+00,0.0000000000000000E+00,-7.0703668042747600E+00
2.19540E+02,7.0717687499669600E+00,0.0000000000000000E+00,-7.0703668042747600E+00
2.19550E+02,7.0717687499669600E+00,0.0000000000000000E+00,-7.0703668042747600E+00
2.19560E+02,7.0717687499669600E+00,0.0000000000000000E+00,-7.0703668042747600E+00
2.19570E+02,7.0717687499669600E+00,0.0000000000000000E+00,-7.0703668042747600E+00
2.19580E+02,7.0717687499669600E+00,0.0000000000000000E+00,-7.0703668042747600E+00
2.19590E+02,7.0717687499669600E+00,0.0000000000000000E+00,-7.0703668042747600E+00
2.19600E+02,7.0717687499669600E+00,0.0000000000000000E+00,-7.0703668042747600E+00
2.19610E+02,7.0717687499669600E+00,0.0000000000000000E+00,-7.0703668042747600E+00
2.19620E+02,7.0717687499669600E+00,0.0000000000000000E+00,-7.0703668042747600E+00
2.19630E+02,7.0717687499669600E+00,0.0000000000000000E+00,-7.0703668042747600E+00
2.19640E+02,7.0717687499669600E+00,0.0000000000000000E+00,-7.0703668042747600E+00
2.19650E+02,7.0717687499669600E+00,0.0000000000000000E+00,-7.0703668042747600E+00
2.19660E+02,7.0717687499669600E+00,0.0000000000000000E+00,-7.0703668042747600E+00
2.19670E+02,7.0717687499669600E+00,0.0000000000000000E+00,-7.0703668042747600E+00
2.19680E+02,7.0717687499669600E+00,0.0000000000000000E+00,-7.0703668042747600E+00
2.19690E+02,7.0717687499669600E+00,0.0000000000000000E+00,-7.0703668042747600E+00
2.19700E+02,7.0717687499669600E+00,0.0000000000000000E+00,-7.0703668042747600E+00
2.19710E+02,7.0717687499669600E+00,0.0000000000000000E+00,-7.0703668042747600E+00
2.19720E+02,7.0717687499669600E+00,0.0000000000000000E+00,-7.0703668042747600E+00
2.19730E+02,7.0717687499669600E+00,0.0000000000000000E+00,-7.0703668042747600E+00
2.19740E+02,7.0717687499669600E+00,0.0000000000000000E+00,-7.0703668042747600E+00
2.19750E+02,7.0717687499669600E+00,0.0000000000000000E+00,-7.0703668042747600E+00
2.19760E+02,7.0717687499669600E+00,0.0000000000000000E+00,-7.0703668042747600E+00
2.19770E+02,7.0717687499669600E+00,0.0000000000000000E+00,-7.0703668042747600E+00
2.19780E+02,7.0717687499669600E+00,0.0000000000000000E+00,-7.0703668042747600E+00
2.19790E+02,7.0717687499669600E+00,0.0000000000000000E+00,-7.0703668042747600E+00
2.19800E+02,7.0717687499669600E+00,0.0000000000000000E+00,-7.0703668042747600E+00
2.19810E+02,7.0717687499669600E+00,0.0000000000000000E+00,-7.0703668042747600E+00
2.19820E+02,7.0717687499669600E+00,0.0000000000000000E+00,-7.0703668042747600E+00
2.19830E+02,7.0717687499669600E+00,0.0000000000000000E+00,-7.0703668042747600E+00
2.19840E+02,7.0717687499669600E+00,0.0000000000000000E+00,-7.0703668042747600E+00
2.19850E+02,7.0717687499669600E+00,0.0000000000000000E+00,-7.0703668042747600E+00
2.19860E+02,7.0717687499669600E+00,0.0000000000000000E+00,-7.0703668042747600E+00
2.19870E+02,7.0717687499669600E+00,0.0000000000000000E+00,-7.0703668042747600E+00
2.19880E+02,7.0717687499669600E+00,0.0000000000000000E+00,-7.0703668042747600E+00
2.19890E+02,7.0717687499669600E+00,0.0000000000000000E+00,-7.0703668042747600E+00
2.19900E+02,7.0717687499669600E+00,0.0000000000000000E+00,-7.0703668042747600E+00
2.19910E+02,7.0717687499669600E+00,0.0000000000000000E+00,-7.0703668042747600E+00
2.19920E+02,7.0717687499669600E+00,0.0000000000000000E+00,-7.0703668042747600E+00
2.19930E+02,7.0717687499669600E+00,0.0000000000000000E+00,-7.0703668042747600E+00
2.19940E+02,7.0717687499669600E+00,0.0000000000000000E+00,-7.0703668042747600E+00
2.19950E+02,7.0717687499669600E+00,0.0000000000000000E+00,-7.0703668042747600E+00
2.19960E+02,7.0717687499669600E+00,0.0000000000000000E+00,-7.0703668042747600E+00
2.19970E+02,7.0717687499669600E+00,0.0000000000000000E+00,-7.0703668042747600E+00
2.19980E+02,7.0717687499669600E+00,0.0000000000000000E+00,-7.0703668042747600E+00
2.19990E+02,7.0717687499669600E+00,0.0000000000000000E+00,-7.0703668042747600E+00
2.20000E+02,7.0717687499669600E+00,0.0000000000000000E+00,-7.0703668042747600E+00
2.20010E+02,7.0717687499669600E+00,0.0000000000000000E+00,-7.0703668042747600E+00
2.20020E+02,7.0717687499669600E+00,0.0000000000000000E+00,-7.0703668042747600E+00
2.20030E+02,7.0717687499669600E+00,0.0000000000000000E+00,-7.0703668042747600E+00
2.20040E+02,7.0717687499669600E+00,0.0000000000000000E+00,-7.0703668042747600E+00
2.20050E+02,7.0717687499669600E+00,0.0000000000000000E+00,-7.0703668042747600E+00
2.20060E+02,7.0717687499669600E+00,0.0000000000000000E+00,-7.0703668042747600E+00
2.20070E+02,7.0717687499669600E+00,0.0000000000000000E+00,-7.0703668042747600E+00
2.20080E+02,7.0717687499669600E+00,0.0000000000000000E+00,-7.0703668042747600E+00
2.20090E+02,7.0717687499669600E+00,0.0000000000000000E+00,-7.0703668042747600E+00
2.20100E+02,7.0717687499669600E+00,0.0000000000000000E+00,-7.0703668042747600E+00
2.20110E+02,7.0717687499669600E+00,0.0000000000000000E+00,-7.0703668042747600E+00
2.20120E+02,7.0717687499669600E+00,0.0000000000000000E+00,-7.0703668042747600E+00
2.20130E+02,7.0717687499669600E+00,0.0000000000000000E+00,-7.0703668042747600E+00
2.20140E+02,7.0717687499669600E+00,0.0000000000000000E+00,-7.0703668042747600E+00
2.20150E+02,7.0717687499669600E+00,0.0000000000000000E+00,-7.0703668042747600E+00
2.20160E+02,7.0717687499669600E+00,0.0000000000000000E+00,-7.0703668042747600E+00
2.20170E+02,7.0717687499669600E+00,0.0000000000000000E+00,-7.0703668042747600E+00
2.20180E+02,7.0717687499669600E+00,0.0000000000000000E+00,-7.0703668042747600E+00
2.20190E+02,7.0717687499669600E+00,0.0000000000000000E+00,-7.0703668042747600E+00
2.20200E+02,7.0717687499669600E+00,0.0000000000000000E+00,-7.0703668042747600E+00
2.20210E+02,7.0717687499669600E+00,0.0000000000000000E+00,-7.0703668042747600E+00
2.20220E+02,7.0717687499669600E+00,0.0000000000000000E+00,-7.0703668042747600E+00
2.20230E+02,7.0717687499669600E+00,0.0000000000000000E+00,-7.0703668042747600E+00
2.20240E+02,7.0717687499669600E+00,0.0000000000000000E+00,-7.0703668042747600E+00
2.20250E+02,7.0717687499669600E+00,0.0000000000000000E+00,-7.0703668042747600E+00
2.20260E+02,7.0717687499669600E+00,0.0000000000000000E+00,-7.0703668042747600E+00
2.20270E+02,7.0717687499669600E+00,0.0000000000000000E+00,-7.0703668042747600E+00
2.20280E+02,7.0717687499669600E+00,0.0000000000000000E+00,-7.0703668042747600E+00
2.20290E+02,7.0717687499669600E+00,0.0000000000000000E+00,-7.0703668042747600E+00
2.20300E+02,7.0717687499669600E+00,0.0000000000000000E+00,-7.0703668042747600E+00
2.20310E+02,7.0717687499669600E+00,0.0000000000000000E+00,-7.0703668042747600E+00
2.20320E+02,7.0717687499669600E+00,0.0000000000000000E+00,-7.0703668042747600E+00
2.20330E+02,7.0717687499669600E+00,0.0000000000000000E+00,-7.0703668042747600E+00
2.20340E+02,7.0717687499669600E+00,0.0000000000000000E+00,-7.0703668042747600E+00
2.20350E+02,7.0717687499669600E+00,0.0000000000000000E+00,-7.0703668042747600E+00
2.20360E+02,7.0717687499669600E+00,0.0000000000000000E+00,-7.0703668042747600E+00
2.20370E+02,7.0717687499669600E+00,0.0000000000000000E+00,-7.0703668042747600E+00
2.20380E+02,7.0717687499669600E+00,0.0000000000000000E+00,-7.0703668042747600E+00
2.20390E+02,7.0717687499669600E+00,0.0000000000000000E+00,-7.0703668042747600E+00
2.20400E+02,7.0717687499669600E+00,0.0000000000000000E+00,-7.0703668042747600E+00
2.20410E+02,7.0717687499669600E+00,0.0000000000000000E+00,-7.0703668042747600E+00
2.20420E+02,7.0717687499669600E+00,0.0000000000000000E+00,-7.0703668042747600E+00
2.20430E+02,7.0717687499669600E+00,0.0000000000000000E+00,-7.0703668042747600E+00
2.20440E+02,7.0717687499669600E+00,0.0000000000000000E+00,-7.0703668042747600E+00
2.20450E+02,7.0717687499669600E+00,0.0000000000000000E+00,-7.0703668042747600E+00
2.20460E+02,7.0717687499669600E+00,0.0000000000000000E+00,-7.0703668042747600E+00
2.20470E+02,7.0717687499669600E+00,0.0000000000000000E+00,-7.0703668042747600E+00
2.20480E+02,7.0717687499669600E+00,0.0000000000000000E+00,-7.0703668042747600E+00
2.20490E+02,7.0717687499669600E+00,0.0000000000000000E+00,-7.0703668042747600E+00
2.20500E+02,7.0717687499669600E+00,0.0000000000000000E+00,-7.0703668042747600E+00
2.20510E+02,7.0717687499669600E+00,0.0000000000000000E+00,-7.0703668042747600E+00
2.20520E+02,7.0717687499669600E+00,0.0000000000000000E+00,-7.0703668042747600E+00
2.20530E+02,7.0717687499669600E+00,0.0000000000000000E+00,-7.0703668042747600E+00
2.20540E+02,7.0717687499669600E+00,0.0000000000000000E+00,-7.0703668042747600E+00
2.20550E+02,7.0717687499669600E+00,0.0000000000000000E+00,-7.0703668042747600E+00
2.20560E+02,7.0717687499669600E+00,0.0000000000000000E+00,-7.0703668042747600E+00
2.20570E+02,7.0717687499669600E+00,0.0000000000000000E+00,-7.0703668042747600E+00
2.20580E+02,7.0717687499669600E+00,0.0000000000000000E+00,-7.0703668042747600E+00
2.20590E+02,7.0717687499669600E+00,0.0000000000000000E+00,-7.0703668042747600E+00
2.20600E+02,7.0717687499669600E+00,0.0000000000000000E+00,-7.0703668042747600E+00
2.20610E+02,7.0717687499669600E+00,0.0000000000000000E+00,-7.0703668042747600E+00
2.20620E+02,7.0717687499669600E+00,0.0000000000000000E+00,-7.0703668042747600E+00
2.20630E+02,7.0717687499669600E+00,0.0000000000000000E+00,-7.0703668042747600E+00
2.20640E+02,7.0717687499669600E+00,0.0000000000000000E+00,-7.0703668042747600E+00
2.20650E+02,7.0717687499669600E+00,0.0000000000000000E+00,-7.0703668042747600E+00
2.20660E+02,7.0717687499669600E+00,0.0000000000000000E+00,-7.0703668042747600E+00
2.20670E+02,7.0717687499669600E+00,0.0000000000000000E+00,-7.0703668042747600E+00
2.20680E+02,7.0717687499669600E+00,0.0000000000000000E+00,-7.0703668042747600E+00
2.20690E+02,7.0717687499669600E+00,0.0000000000000000E+00,-7.0703668042747600E+00
2.20700E+02,7.0717687499669600E+00,0.0000000000000000E+00,-7.0703668042747600E+00
2.20710E+02,7.0717687499669600E+00,0.0000000000000000E+00,-7.0703668042747600E+00
2.20720E+02,7.0717687499669600E+00,0.0000000000000000E+00,-7.0703668042747600E+00
2.20730E+02,7.0717687499669600E+00,0.0000000000000000E+00,-7.0703668042747600E+00
2.20740E+02,7.0717687499669600E+00,0.0000000000000000E+00,-7.0703668042747600E+00
2.20750E+02,7.0717687499669600E+00,0.0000000000000000E+00,-7.0703668042747600E+00
2.20760E+02,7.0717687499669600E+00,0.0000000000000000E+00,-7.0703668042747600E+00
2.20770E+02,7.0717687499669600E+00,0.0000000000000000E+00,-7.0703668042747600E+00
2.20780E+02,7.0717687499669600E+00,0.0000000000000000E+00,-7.0703668042747600E+00
2.20790E+02,7.0717687499669600E+00,0.0000000000000000E+00,-7.0703668042747600E+00
2.20800E+02,7.0717687499669600E+00,0.0000000000000000E+00,-7.0703668042747600E+00
2.20810E+02,7.0717687499669600E+00,0.0000000000000000E+00,-7.0703668042747600E+00
2.20820E+02,7.0717687499669600E+00,0.0000000000000000E+00,-7.0703668042747600E+00
2.20830E+02,7.0717687499669600E+00,0.0000000000000000E+00,-7.0703668042747600E+00
2.20840E+02,7.0717687499669600E+00,0.0000000000000000E+00,-7.0703668042747600E+00
2.20850E+02,7.0717687499669600E+00,0.0000000000000000E+00,-7.0703668042747600E+00
2.20860E+02,7.0717687499669600E+00,0.0000000000000000E+00,-7.0703668042747600E+00
2.20870E+02,7.0717687499669600E+00,0.0000000000000000E+00,-7.0703668042747600E+00
2.20880E+02,7.0717687499669600E+00,0.0000000000000000E+00,-7.0703668042747600E+00
2.20890E+02,7.0717687499669600E+00,0.0000000000000000E+00,-7.0703668042747600E+00
2.20900E+02,7.0717687499669600E+00,0.0000000000000000E+00,-7.0703668042747600E+00
2.20910E+02,7.0717687499669600E+00,0.0000000000000000E+00,-7.0703668042747600E+00
2.20920E+02,7.0717687499669600E+00,0.0000000000000000E+00,-7.0703668042747600E+00
2.20930E+02,7.0717687499669600E+00,0.0000000000000000E+00,-7.0703668042747600E+00
2.20940E+02,7.0717687499669600E+00,0.0000000000000000E+00,-7.0703668042747600E+00
2.20950E+02,7.0717687499669600E+00,0.0000000000000000E+00,-7.0703668042747600E+00
2.20960E+02,7.0717687499669600E+00,0.0000000000000000E+00,-7.0703668042747600E+00
2.20970E+02,7.0717687499669600E+00,0.0000000000000000E+00,-7.0703668042747600E+00
2.20980E+02,7.0717687499669600E+00,0.0000000000000000E+00,-7.0703668042747600E+00
2.20990E+02,7.0717687499669600E+00,0.0000000000000000E+00,-7.0703668042747600E+00
2.21000E+02,7.0717687499669600E+00,0.0000000000000000E+00,-7.0703668042747600E+00
2.21010E+02,7.0717687499669600E+00,0.0000000000000000E+00,-7.0703668042747600E+00
2.21020E+02,7.0717687499669600E+00,0.0000000000000000E+00,-7.0703668042747600E+00
2.21030E+02,7.0717687499669600E+00,0.0000000000000000E+00,-7.0703668042747600E+00
2.21040E+02,7.0717687499669600E+00,0.0000000000000000E+00,-7.0703668042747600E+00
2.21050E+02,7.0717687499669600E+00,0.0000000000000000E+00,-7.0703668042747600E+00
2.21060E+02,7.0717687499669600E+00,0.0000000000000000E+00,-7.0703668042747600E+00
2.21070E+02,7.0717687499669600E+00,0.0000000000000000E+00,-7.0703668042747600E+00
2.21080E+02,7.0717687499669600E+00,0.0000000000000000E+00,-7.0703668042747600E+00
2.21090E+02,7.0717687499669600E+00,0.0000000000000000E+00,-7.0703668042747600E+00
2.21100E+02,7.0717687499669600E+00,0.0000000000000000E+00,-7.0703668042747600E+00
2.21110E+02,7.0717687499669600E+00,0.0000000000000000E+00,-7.0703668042747600E+00
2.21120E+02,7.0717687499669600E+00,0.0000000000000000E+00,-7.0703668042747600E+00
2.21130E+02,7.0717687499669600E+00,0.0000000000000000E+00,-7.0703668042747600E+00
2.21140E+02,7.0717687499669600E+00,0.0000000000000000E+00,-7.0703668042747600E+00
2.21150E+02,7.0717687499669600E+00,0.0000000000000000E+00,-7.0703668042747600E+00
2.21160E+02,7.0717687499669600E+00,0.0000000000000000E+00,-7.0703668042747600E+00
2.21170E+02,7.0717687499669600E+00,0.0000000000000000E+00,-7.0703668042747600E+00
2.21180E+02,7.0717687499669600E+00,0.0000000000000000E+00,-7.0703668042747600E+00
2.21190E+02,7.0717687499669600E+00,0.0000000000000000E+00,-7.0703668042747600E+00
2.21200E+02,7.0717687499669600E+00,0.0000000000000000E+00,-7.0703668042747600E+00
2.21210E+02,7.0717687499669600E+00,0.0000000000000000E+00,-7.0703668042747600E+00
2.21220E+02,7.0717687499669600E+00,0.0000000000000000E+00,-7.0703668042747600E+00
2.21230E+02,7.0717687499669600E+00,0.0000000000000000E+00,-7.0703668042747600E+00
2.21240E+02,7.0717687499669600E+00,0.0000000000000000E+00,-7.0703668042747600E+00
2.21250E+02,7.0717687499669600E+00,0.0000000000000000E+00,-7.0703668042747600E+00
2.21260E+02,7.0717687499669600E+00,0.0000000000000000E+00,-7.0703668042747600E+00
2.21270E+02,7.0717687499669600E+00,0.0000000000000000E+00,-7.0703668042747600E+00
2.21280E+02,7.0717687499669600E+00,0.0000000000000000E+00,-7.0703668042747600E+00
2.21290E+02,7.0717687499669600E+00,0.0000000000000000E+00,-7.0703668042747600E+00
2.21300E+02,7.0717687499669600E+00,0.0000000000000000E+00,-7.0703668042747600E+00
2.21310E+02,7.0717687499669600E+00,0.0000000000000000E+00,-7.0703668042747600E+00
2.21320E+02,7.0717687499669600E+00,0.0000000000000000E+00,-7.0703668042747600E+00
2.21330E+02,7.0717687499669600E+00,0.0000000000000000E+00,-7.0703668042747600E+00
2.21340E+02,7.0717687499669600E+00,0.0000000000000000E+00,-7.0703668042747600E+00
2.21350E+02,7.0717687499669600E+00,0.0000000000000000E+00,-7.0703668042747600E+00
2.21360E+02,7.0717687499669600E+00,0.0000000000000000E+00,-7.0703668042747600E+00
2.21370E+02,7.0717687499669600E+00,0.0000000000000000E+00,-7.0703668042747600E+00
2.21380E+02,7.0717687499669600E+00,0.0000000000000000E+00,-7.0703668042747600E+00
2.21390E+02,7.0717687499669600E+00,0.0000000000000000E+00,-7.0703668042747600E+00
2.21400E+02,7.0717687499669600E+00,0.0000000000000000E+00,-7.0703668042747600E+00
2.21410E+02,7.0717687499669600E+00,0.0000000000000000E+00,-7.0703668042747600E+00
2.21420E+02,7.0717687499669600E+00,0.0000000000000000E+00,-7.0703668042747600E+00
2.21430E+02,7.0717687499669600E+00,0.0000000000000000E+00,-7.0703668042747600E+00
2.21440E+02,7.0717687499669600E+00,0.0000000000000000E+00,-7.0703668042747600E+00
2.21450E+02,7.0717687499669600E+00,0.0000000000000000E+00,-7.0703668042747600E+00
2.21460E+02,7.0717687499669600E+00,0.0000000000000000E+00,-7.0703668042747600E+00
2.21470E+02,7.0717687499669600E+00,0.0000000000000000E+00,-7.0703668042747600E+00
2.21480E+02,7.0717687499669600E+00,0.0000000000000000E+00,-7.0703668042747600E+00
2.21490E+02,7.0717687499669600E+00,0.0000000000000000E+00,-7.0703668042747600E+00
2.21500E+02,7.0717687499669600E+00,0.0000000000000000E+00,-7.0703668042747600E+00
2.21510E+02,7.0717687499669600E+00,0.0000000000000000E+00,-7.0703668042747600E+00
2.21520E+02,7.0717687499669600E+00,0.0000000000000000E+00,-7.0703668042747600E+00
2.21530E+02,7.0717687499669600E+00,0.0000000000000000E+00,-7.0703668042747600E+00
2.21540E+02,7.0717687499669600E+00,0.0000000000000000E+00,-7.0703668042747600E+00
2.21550E+02,7.0717687499669600E+00,0.0000000000000000E+00,-7.0703668042747600E+00
2.21560E+02,7.0717687499669600E+00,0.0000000000000000E+00,-7.0703668042747600E+00
2.21570E+02,7.0717687499669600E+00,0.0000000000000000E+00,-7.0703668042747600E+00
2.21580E+02,7.0717687499669600E+00,0.0000000000000000E+00,-7.0703668042747600E+00
2.21590E+02,7.0717687499669600E+00,0.0000000000000000E+00,-7.0703668042747600E+00
2.21600E+02,7.0717687499669600E+00,0.0000000000000000E+00,-7.0703668042747600E+00
2.21610E+02,7.0717687499669600E+00,0.0000000000000000E+00,-7.0703668042747600E+00
2.21620E+02,7.0717687499669600E+00,0.0000000000000000E+00,-7.0703668042747600E+00
2.21630E+02,7.0717687499669600E+00,0.0000000000000000E+00,-7.0703668042747600E+00
2.21640E+02,7.0717687499669600E+00,0.0000000000000000E+00,-7.0703668042747600E+00
2.21650E+02,7.0717687499669600E+00,0.0000000000000000E+00,-7.0703668042747600E+00
2.21660E+02,7.0717687499669600E+00,0.0000000000000000E+00,-7.0703668042747600E+00
2.21670E+02,7.0717687499669600E+00,0.0000000000000000E+00,-7.0703668042747600E+00
2.21680E+02,7.0717687499669600E+00,0.0000000000000000E+00,-7.0703668042747600E+00
2.21690E+02,7.0717687499669600E+00,0.0000000000000000E+00,-7.0703668042747600E+00
2.21700E+02,7.0717687499669600E+00,0.0000000000000000E+00,-7.0703668042747600E+00
2.21710E+02,7.0717687499669600E+00,0.0000000000000000E+00,-7.0703668042747600E+00
2.21720E+02,7.0717687499669600E+00,0.0000000000000000E+00,-7.0703668042747600E+00
2.21730E+02,7.0717687499669600E+00,0.0000000000000000E+00,-7.0703668042747600E+00
2.21740E+02,7.0717687499669600E+00,0.0000000000000000E+00,-7.0703668042747600E+00
2.21750E+02,7.0717687499669600E+00,0.0000000000000000E+00,-7.0703668042747600E+00
2.21760E+02,7.0717687499669600E+00,0.0000000000000000E+00,-7.0703668042747600E+00
2.21770E+02,7.0717687499669600E+00,0.0000000000000000E+00,-7.0703668042747600E+00
2.21780E+02,7.0717687499669600E+00,0.0000000000000000E+00,-7.0703668042747600E+00
2.21790E+02,7.0717687499669600E+00,0.0000000000000000E+00,-7.0703668042747600E+00
2.21800E+02,7.0717687499669600E+00,0.0000000000000000E+00,-7.0703668042747600E+00
2.21810E+02,7.0717687499669600E+00,0.0000000000000000E+00,-7.0703668042747600E+00
2.21820E+02,7.0717687499669600E+00,0.0000000000000000E+00,-7.0703668042747600E+00
2.21830E+02,7.0717687499669600E+00,0.0000000000000000E+00,-7.0703668042747600E+00
2.21840E+02,7.0717687499669600E+00,0.0000000000000000E+00,-7.0703668042747600E+00
2.21850E+02,7.0717687499669600E+00,0.0000000000000000E+00,-7.0703668042747600E+00
2.21860E+02,7.0717687499669600E+00,0.0000000000000000E+00,-7.0703668042747600E+00
2.21870E+02,7.0717687499669600E+00,0.0000000000000000E+00,-7.0703668042747600E+00
2.21880E+02,7.0717687499669600E+00,0.0000000000000000E+00,-7.0703668042747600E+00
2.21890E+02,7.0717687499669600E+00,0.0000000000000000E+00,-7.0703668042747600E+00
2.21900E+02,7.0717687499669600E+00,0.0000000000000000E+00,-7.0703668042747600E+00
2.21910E+02,7.0717687499669600E+00,0.0000000000000000E+00,-7.0703668042747600E+00
2.21920E+02,7.0717687499669600E+00,0.0000000000000000E+00,-7.0703668042747600E+00
2.21930E+02,7.0717687499669600E+00,0.0000000000000000E+00,-7.0703668042747600E+00
2.21940E+02,7.0717687499669600E+00,0.0000000000000000E+00,-7.0703668042747600E+00
2.21950E+02,7.0717687499669600E+00,0.0000000000000000E+00,-7.0703668042747600E+00
2.21960E+02,7.0717687499669600E+00,0.0000000000000000E+00,-7.0703668042747600E+00
2.21970E+02,7.0717687499669600E+00,0.0000000000000000E+00,-7.0703668042747600E+00
2.21980E+02,7.0717687499669600E+00,0.0000000000000000E+00,-7.0703668042747600E+00
2.21990E+02,7.0717687499669600E+00,0.0000000000000000E+00,-7.0703668042747600E+00
2.22000E+02,7.0717687499669600E+00,0.0000000000000000E+00,-7.0703668042747600E+00
2.22010E+02,7.0717687499669600E+00,0.0000000000000000E+00,-7.0703668042747600E+00
2.22020E+02,7.0717687499669600E+00,0.0000000000000000E+00,-7.0703668042747600E+00
2.22030E+02,7.0717687499669600E+00,0.0000000000000000E+00,-7.0703668042747600E+00
2.22040E+02,7.0717687499669600E+00,0.0000000000000000E+00,-7.0703668042747600E+00
2.22050E+02,7.0717687499669600E+00,0.0000000000000000E+00,-7.0703668042747600E+00
2.22060E+02,7.0717687499669600E+00,0.0000000000000000E+00,-7.0703668042747600E+00
2.22070E+02,7.0717687499669600E+00,0.0000000000000000E+00,-7.0703668042747600E+00
2.22080E+02,7.0717687499669600E+00,0.0000000000000000E+00,-7.0703668042747600E+00
2.22090E+02,7.0717687499669600E+00,0.0000000000000000E+00,-7.0703668042747600E+00
2.22100E+02,7.0717687499669600E+00,0.0000000000000000E+00,-7.0703668042747600E+00
2.22110E+02,7.0717687499669600E+00,0.0000000000000000E+00,-7.0703668042747600E+00
2.22120E+02,7.0717687499669600E+00,0.0000000000000000E+00,-7.0703668042747600E+00
2.22130E+02,7.0717687499669600E+00,0.0000000000000000E+00,-7.0703668042747600E+00
2.22140E+02,7.0717687499669600E+00,0.0000000000000000E+00,-7.0703668042747600E+00
2.22150E+02,7.0717687499669600E+00,0.0000000000000000E+00,-7.0703668042747600E+00
2.22160E+02,7.0717687499669600E+00,0.0000000000000000E+00,-7.0703668042747600E+00
2.22170E+02,7.0717687499669600E+00,0.0000000000000000E+00,-7.0703668042747600E+00
2.22180E+02,7.0717687499669600E+00,0.0000000000000000E+00,-7.0703668042747600E+00
2.22190E+02,7.0717687499669600E+00,0.0000000000000000E+00,-7.0703668042747600E+00
2.22200E+02,7.0717687499669600E+00,0.0000000000000000E+00,-7.0703668042747600E+00
2.22210E+02,7.0717687499669600E+00,0.0000000000000000E+00,-7.0703668042747600E+00
2.22220E+02,7.0717687499669600E+00,0.0000000000000000E+00,-7.0703668042747600E+00
2.22230E+02,7.0717687499669600E+00,0.0000000000000000E+00,-7.0703668042747600E+00
2.22240E+02,7.0717687499669600E+00,0.0000000000000000E+00,-7.0703668042747600E+00
2.22250E+02,7.0717687499669600E+00,0.0000000000000000E+00,-7.0703668042747600E+00
2.22260E+02,7.0717687499669600E+00,0.0000000000000000E+00,-7.0703668042747600E+00
2.22270E+02,7.0717687499669600E+00,0.0000000000000000E+00,-7.0703668042747600E+00
2.22280E+02,7.0717687499669600E+00,0.0000000000000000E+00,-7.0703668042747600E+00
2.22290E+02,7.0717687499669600E+00,0.0000000000000000E+00,-7.0703668042747600E+00
2.22300E+02,7.0717687499669600E+00,0.0000000000000000E+00,-7.0703668042747600E+00
2.22310E+02,7.0717687499669600E+00,0.0000000000000000E+00,-7.0703668042747600E+00
2.22320E+02,7.0717687499669600E+00,0.0000000000000000E+00,-7.0703668042747600E+00
2.22330E+02,7.0717687499669600E+00,0.0000000000000000E+00,-7.0703668042747600E+00
2.22340E+02,7.0717687499669600E+00,0.0000000000000000E+00,-7.0703668042747600E+00
2.22350E+02,7.0717687499669600E+00,0.0000000000000000E+00,-7.0703668042747600E+00
2.22360E+02,7.0717687499669600E+00,0.0000000000000000E+00,-7.0703668042747600E+00
2.22370E+02,7.0717687499669600E+00,0.0000000000000000E+00,-7.0703668042747600E+00
2.22380E+02,7.0717687499669600E+00,0.0000000000000000E+00,-7.0703668042747600E+00
2.22390E+02,7.0717687499669600E+00,0.0000000000000000E+00,-7.0703668042747600E+00
2.22400E+02,7.0717687499669600E+00,0.0000000000000000E+00,-7.0703668042747600E+00
2.22410E+02,7.0717687499669600E+00,0.0000000000000000E+00,-7.0703668042747600E+00
2.22420E+02,7.0717687499669600E+00,0.0000000000000000E+00,-7.0703668042747600E+00
2.22430E+02,7.0717687499669600E+00,0.0000000000000000E+00,-7.0703668042747600E+00
2.22440E+02,7.0717687499669600E+00,0.0000000000000000E+00,-7.0703668042747600E+00
2.22450E+02,7.0717687499669600E+00,0.0000000000000000E+00,-7.0703668042747600E+00
2.22460E+02,7.0717687499669600E+00,0.0000000000000000E+00,-7.0703668042747600E+00
2.22470E+02,7.0717687499669600E+00,0.0000000000000000E+00,-7.0703668042747600E+00
2.22480E+02,7.0717687499669600E+00,0.0000000000000000E+00,-7.0703668042747600E+00
2.22490E+02,7.0717687499669600E+00,0.0000000000000000E+00,-7.0703668042747600E+00
2.22500E+02,7.0717687499669600E+00,0.0000000000000000E+00,-7.0703668042747600E+00
2.22510E+02,7.0717687499669600E+00,0.0000000000000000E+00,-7.0703668042747600E+00
2.22520E+02,7.0717687499669600E+00,0.0000000000000000E+00,-7.0703668042747600E+00
2.22530E+02,7.0717687499669600E+00,0.0000000000000000E+00,-7.0703668042747600E+00
2.22540E+02,7.0717687499669600E+00,0.0000000000000000E+00,-7.0703668042747600E+00
2.22550E+02,7.0717687499669600E+00,0.0000000000000000E+00,-7.0703668042747600E+00
2.22560E+02,7.0717687499669600E+00,0.0000000000000000E+00,-7.0703668042747600E+00
2.22570E+02,7.0717687499669600E+00,0.0000000000000000E+00,-7.0703668042747600E+00
2.22580E+02,7.0717687499669600E+00,0.0000000000000000E+00,-7.0703668042747600E+00
2.22590E+02,7.0717687499669600E+00,0.0000000000000000E+00,-7.0703668042747600E+00
2.22600E+02,7.0717687499669600E+00,0.0000000000000000E+00,-7.0703668042747600E+00
2.22610E+02,7.0717687499669600E+00,0.0000000000000000E+00,-7.0703668042747600E+00
2.22620E+02,7.0717687499669600E+00,0.0000000000000000E+00,-7.0703668042747600E+00
2.22630E+02,7.0717687499669600E+00,0.0000000000000000E+00,-7.0703668042747600E+00
2.22640E+02,7.0717687499669600E+00,0.0000000000000000E+00,-7.0703668042747600E+00
2.22650E+02,7.0717687499669600E+00,0.0000000000000000E+00,-7.0703668042747600E+00
2.22660E+02,7.0717687499669600E+00,0.0000000000000000E+00,-7.0703668042747600E+00
2.22670E+02,7.0717687499669600E+00,0.0000000000000000E+00,-7.0703668042747600E+00
2.22680E+02,7.0717687499669600E+00,0.0000000000000000E+00,-7.0703668042747600E+00
2.22690E+02,7.0717687499669600E+00,0.0000000000000000E+00,-7.0703668042747600E+00
2.22700E+02,7.0717687499669600E+00,0.0000000000000000E+00,-7.0703668042747600E+00
2.22710E+02,7.0717687499669600E+00,0.0000000000000000E+00,-7.0703668042747600E+00
2.22720E+02,7.0717687499669600E+00,0.0000000000000000E+00,-7.0703668042747600E+00
2.22730E+02,7.0717687499669600E+00,0.0000000000000000E+00,-7.0703668042747600E+00
2.22740E+02,7.0717687499669600E+00,0.0000000000000000E+00,-7.0703668042747600E+00
2.22750E+02,7.0717687499669600E+00,0.0000000000000000E+00,-7.0703668042747600E+00
2.22760E+02,7.0717687499669600E+00,0.0000000000000000E+00,-7.0703668042747600E+00
2.22770E+02,7.0717687499669600E+00,0.0000000000000000E+00,-7.0703668042747600E+00
2.22780E+02,7.0717687499669600E+00,0.0000000000000000E+00,-7.0703668042747600E+00
2.22790E+02,7.0717687499669600E+00,0.0000000000000000E+00,-7.0703668042747600E+00
2.22800E+02,7.0717687499669600E+00,0.0000000000000000E+00,-7.0703668042747600E+00
2.22810E+02,7.0717687499669600E+00,0.0000000000000000E+00,-7.0703668042747600E+00
2.22820E+02,7.0717687499669600E+00,0.0000000000000000E+00,-7.0703668042747600E+00
2.22830E+02,7.0717687499669600E+00,0.0000000000000000E+00,-7.0703668042747600E+00
2.22840E+02,7.0717687499669600E+00,0.0000000000000000E+00,-7.0703668042747600E+00
2.22850E+02,7.0717687499669600E+00,0.0000000000000000E+00,-7.0703668042747600E+00
2.22860E+02,7.0717687499669600E+00,0.0000000000000000E+00,-7.0703668042747600E+00
2.22870E+02,7.0717687499669600E+00,0.0000000000000000E+00,-7.0703668042747600E+00
2.22880E+02,7.0717687499669600E+00,0.0000000000000000E+00,-7.0703668042747600E+00
2.22890E+02,7.0717687499669600E+00,0.0000000000000000E+00,-7.0703668042747600E+00
2.22900E+02,7.0717687499669600E+00,0.0000000000000000E+00,-7.0703668042747600E+00
2.22910E+02,7.0717687499669600E+00,0.0000000000000000E+00,-7.0703668042747600E+00
2.22920E+02,7.0717687499669600E+00,0.0000000000000000E+00,-7.0703668042747600E+00
2.22930E+02,7.0717687499669600E+00,0.0000000000000000E+00,-7.0703668042747600E+00
2.22940E+02,7.0717687499669600E+00,0.0000000000000000E+00,-7.0703668042747600E+00
2.22950E+02,7.0717687499669600E+00,0.0000000000000000E+00,-7.0703668042747600E+00
2.22960E+02,7.0717687499669600E+00,0.0000000000000000E+00,-7.0703668042747600E+00
2.22970E+02,7.0717687499669600E+00,0.0000000000000000E+00,-7.0703668042747600E+00
2.22980E+02,7.0717687499669600E+00,0.0000000000000000E+00,-7.0703668042747600E+00
2.22990E+02,7.0717687499669600E+00,0.0000000000000000E+00,-7.0703668042747600E+00
2.23000E+02,7.0717687499669600E+00,0.0000000000000000E+00,-7.0703668042747600E+00
2.23010E+02,7.0717687499669600E+00,0.0000000000000000E+00,-7.0703668042747600E+00
2.23020E+02,7.0717687499669600E+00,0.0000000000000000E+00,-7.0703668042747600E+00
2.23030E+02,7.0717687499669600E+00,0.0000000000000000E+00,-7.0703668042747600E+00
2.23040E+02,7.0717687499669600E+00,0.0000000000000000E+00,-7.0703668042747600E+00
2.23050E+02,7.0717687499669600E+00,0.0000000000000000E+00,-7.0703668042747600E+00
2.23060E+02,7.0717687499669600E+00,0.0000000000000000E+00,-7.0703668042747600E+00
2.23070E+02,7.0717687499669600E+00,0.0000000000000000E+00,-7.0703668042747600E+00
2.23080E+02,7.0717687499669600E+00,0.0000000000000000E+00,-7.0703668042747600E+00
2.23090E+02,7.0717687499669600E+00,0.0000000000000000E+00,-7.0703668042747600E+00
2.23100E+02,7.0717687499669600E+00,0.0000000000000000E+00,-7.0703668042747600E+00
2.23110E+02,7.0717687499669600E+00,0.0000000000000000E+00,-7.0703668042747600E+00
2.23120E+02,7.0717687499669600E+00,0.0000000000000000E+00,-7.0703668042747600E+00
2.23130E+02,7.0717687499669600E+00,0.0000000000000000E+00,-7.0703668042747600E+00
2.23140E+02,7.0717687499669600E+00,0.0000000000000000E+00,-7.0703668042747600E+00
2.23150E+02,7.0717687499669600E+00,0.0000000000000000E+00,-7.0703668042747600E+00
2.23160E+02,7.0717687499669600E+00,0.0000000000000000E+00,-7.0703668042747600E+00
2.23170E+02,7.0717687499669600E+00,0.0000000000000000E+00,-7.0703668042747600E+00
2.23180E+02,7.0717687499669600E+00,0.0000000000000000E+00,-7.0703668042747600E+00
2.23190E+02,7.0717687499669600E+00,0.0000000000000000E+00,-7.0703668042747600E+00
2.23200E+02,7.0717687499669600E+00,0.0000000000000000E+00,-7.0703668042747600E+00
2.23210E+02,7.0717687499669600E+00,0.0000000000000000E+00,-7.0703668042747600E+00
2.23220E+02,7.0717687499669600E+00,0.0000000000000000E+00,-7.0703668042747600E+00
2.23230E+02,7.0717687499669600E+00,0.0000000000000000E+00,-7.0703668042747600E+00
2.23240E+02,7.0717687499669600E+00,0.0000000000000000E+00,-7.0703668042747600E+00
2.23250E+02,7.0717687499669600E+00,0.0000000000000000E+00,-7.0703668042747600E+00
2.23260E+02,7.0717687499669600E+00,0.0000000000000000E+00,-7.0703668042747600E+00
2.23270E+02,7.0717687499669600E+00,0.0000000000000000E+00,-7.0703668042747600E+00
2.23280E+02,7.0717687499669600E+00,0.0000000000000000E+00,-7.0703668042747600E+00
2.23290E+02,7.0717687499669600E+00,0.0000000000000000E+00,-7.0703668042747600E+00
2.23300E+02,7.0717687499669600E+00,0.0000000000000000E+00,-7.0703668042747600E+00
2.23310E+02,7.0717687499669600E+00,0.0000000000000000E+00,-7.0703668042747600E+00
2.23320E+02,7.0717687499669600E+00,0.0000000000000000E+00,-7.0703668042747600E+00
2.23330E+02,7.0717687499669600E+00,0.0000000000000000E+00,-7.0703668042747600E+00
2.23340E+02,7.0717687499669600E+00,0.0000000000000000E+00,-7.0703668042747600E+00
2.23350E+02,7.0717687499669600E+00,0.0000000000000000E+00,-7.0703668042747600E+00
2.23360E+02,7.0717687499669600E+00,0.0000000000000000E+00,-7.0703668042747600E+00
2.23370E+02,7.0717687499669600E+00,0.0000000000000000E+00,-7.0703668042747600E+00
2.23380E+02,7.0717687499669600E+00,0.0000000000000000E+00,-7.0703668042747600E+00
2.23390E+02,7.0717687499669600E+00,0.0000000000000000E+00,-7.0703668042747600E+00
2.23400E+02,7.0717687499669600E+00,0.0000000000000000E+00,-7.0703668042747600E+00
2.23410E+02,7.0717687499669600E+00,0.0000000000000000E+00,-7.0703668042747600E+00
2.23420E+02,7.0717687499669600E+00,0.0000000000000000E+00,-7.0703668042747600E+00
2.23430E+02,7.0717687499669600E+00,0.0000000000000000E+00,-7.0703668042747600E+00
2.23440E+02,7.0717687499669600E+00,0.0000000000000000E+00,-7.0703668042747600E+00
2.23450E+02,7.0717687499669600E+00,0.0000000000000000E+00,-7.0703668042747600E+00
2.23460E+02,7.0717687499669600E+00,0.0000000000000000E+00,-7.0703668042747600E+00
2.23470E+02,7.0717687499669600E+00,0.0000000000000000E+00,-7.0703668042747600E+00
2.23480E+02,7.0717687499669600E+00,0.0000000000000000E+00,-7.0703668042747600E+00
2.23490E+02,7.0717687499669600E+00,0.0000000000000000E+00,-7.0703668042747600E+00
2.23500E+02,7.0717687499669600E+00,0.0000000000000000E+00,-7.0703668042747600E+00
2.23510E+02,7.0717687499669600E+00,0.0000000000000000E+00,-7.0703668042747600E+00
2.23520E+02,7.0717687499669600E+00,0.0000000000000000E+00,-7.0703668042747600E+00
2.23530E+02,7.0717687499669600E+00,0.0000000000000000E+00,-7.0703668042747600E+00
2.23540E+02,7.0717687499669600E+00,0.0000000000000000E+00,-7.0703668042747600E+00
2.23550E+02,7.0717687499669600E+00,0.0000000000000000E+00,-7.0703668042747600E+00
2.23560E+02,7.0717687499669600E+00,0.0000000000000000E+00,-7.0703668042747600E+00
2.23570E+02,7.0717687499669600E+00,0.0000000000000000E+00,-7.0703668042747600E+00
2.23580E+02,7.0717687499669600E+00,0.0000000000000000E+00,-7.0703668042747600E+00
2.23590E+02,7.0717687499669600E+00,0.0000000000000000E+00,-7.0703668042747600E+00
2.23600E+02,7.0717687499669600E+00,0.0000000000000000E+00,-7.0703668042747600E+00
2.23610E+02,7.0717687499669600E+00,0.0000000000000000E+00,-7.0703668042747600E+00
2.23620E+02,7.0717687499669600E+00,0.0000000000000000E+00,-7.0703668042747600E+00
2.23630E+02,7.0717687499669600E+00,0.0000000000000000E+00,-7.0703668042747600E+00
2.23640E+02,7.0717687499669600E+00,0.0000000000000000E+00,-7.0703668042747600E+00
2.23650E+02,7.0717687499669600E+00,0.0000000000000000E+00,-7.0703668042747600E+00
2.23660E+02,7.0717687499669600E+00,0.0000000000000000E+00,-7.0703668042747600E+00
2.23670E+02,7.0717687499669600E+00,0.0000000000000000E+00,-7.0703668042747600E+00
2.23680E+02,7.0717687499669600E+00,0.0000000000000000E+00,-7.0703668042747600E+00
2.23690E+02,7.0717687499669600E+00,0.0000000000000000E+00,-7.0703668042747600E+00
2.23700E+02,7.0717687499669600E+00,0.0000000000000000E+00,-7.0703668042747600E+00
2.23710E+02,7.0717687499669600E+00,0.0000000000000000E+00,-7.0703668042747600E+00
2.23720E+02,7.0717687499669600E+00,0.0000000000000000E+00,-7.0703668042747600E+00
2.23730E+02,7.0717687499669600E+00,0.0000000000000000E+00,-7.0703668042747600E+00
2.23740E+02,7.0717687499669600E+00,0.0000000000000000E+00,-7.0703668042747600E+00
2.23750E+02,7.0717687499669600E+00,0.0000000000000000E+00,-7.0703668042747600E+00
2.23760E+02,7.0717687499669600E+00,0.0000000000000000E+00,-7.0703668042747600E+00
2.23770E+02,7.0717687499669600E+00,0.0000000000000000E+00,-7.0703668042747600E+00
2.23780E+02,7.0717687499669600E+00,0.0000000000000000E+00,-7.0703668042747600E+00
2.23790E+02,7.0717687499669600E+00,0.0000000000000000E+00,-7.0703668042747600E+00
2.23800E+02,7.0717687499669600E+00,0.0000000000000000E+00,-7.0703668042747600E+00
2.23810E+02,7.0717687499669600E+00,0.0000000000000000E+00,-7.0703668042747600E+00
2.23820E+02,7.0717687499669600E+00,0.0000000000000000E+00,-7.0703668042747600E+00
2.23830E+02,7.0717687499669600E+00,0.0000000000000000E+00,-7.0703668042747600E+00
2.23840E+02,7.0717687499669600E+00,0.0000000000000000E+00,-7.0703668042747600E+00
2.23850E+02,7.0717687499669600E+00,0.0000000000000000E+00,-7.0703668042747600E+00
2.23860E+02,7.0717687499669600E+00,0.0000000000000000E+00,-7.0703668042747600E+00
2.23870E+02,7.0717687499669600E+00,0.0000000000000000E+00,-7.0703668042747600E+00
2.23880E+02,7.0717687499669600E+00,0.0000000000000000E+00,-7.0703668042747600E+00
2.23890E+02,7.0717687499669600E+00,0.0000000000000000E+00,-7.0703668042747600E+00
2.23900E+02,7.0717687499669600E+00,0.0000000000000000E+00,-7.0703668042747600E+00
2.23910E+02,7.0717687499669600E+00,0.0000000000000000E+00,-7.0703668042747600E+00
2.23920E+02,7.0717687499669600E+00,0.0000000000000000E+00,-7.0703668042747600E+00
2.23930E+02,7.0717687499669600E+00,0.0000000000000000E+00,-7.0703668042747600E+00
2.23940E+02,7.0717687499669600E+00,0.0000000000000000E+00,-7.0703668042747600E+00
2.23950E+02,7.0717687499669600E+00,0.0000000000000000E+00,-7.0703668042747600E+00
2.23960E+02,7.0717687499669600E+00,0.0000000000000000E+00,-7.0703668042747600E+00
2.23970E+02,7.0717687499669600E+00,0.0000000000000000E+00,-7.0703668042747600E+00
2.23980E+02,7.0717687499669600E+00,0.0000000000000000E+00,-7.0703668042747600E+00
2.23990E+02,7.0717687499669600E+00,0.0000000000000000E+00,-7.0703668042747600E+00
2.24000E+02,7.0717687499669600E+00,0.0000000000000000E+00,-7.0703668042747600E+00
2.24010E+02,7.0717687499669600E+00,0.0000000000000000E+00,-7.0703668042747600E+00
2.24020E+02,7.0717687499669600E+00,0.0000000000000000E+00,-7.0703668042747600E+00
2.24030E+02,7.0717687499669600E+00,0.0000000000000000E+00,-7.0703668042747600E+00
2.24040E+02,7.0717687499669600E+00,0.0000000000000000E+00,-7.0703668042747600E+00
2.24050E+02,7.0717687499669600E+00,0.0000000000000000E+00,-7.0703668042747600E+00
2.24060E+02,7.0717687499669600E+00,0.0000000000000000E+00,-7.0703668042747600E+00
2.24070E+02,7.0717687499669600E+00,0.0000000000000000E+00,-7.0703668042747600E+00
2.24080E+02,7.0717687499669600E+00,0.0000000000000000E+00,-7.0703668042747600E+00
2.24090E+02,7.0717687499669600E+00,0.0000000000000000E+00,-7.0703668042747600E+00
2.24100E+02,7.0717687499669600E+00,0.0000000000000000E+00,-7.0703668042747600E+00
2.24110E+02,7.0717687499669600E+00,0.0000000000000000E+00,-7.0703668042747600E+00
2.24120E+02,7.0717687499669600E+00,0.0000000000000000E+00,-7.0703668042747600E+00
2.24130E+02,7.0717687499669600E+00,0.0000000000000000E+00,-7.0703668042747600E+00
2.24140E+02,7.0717687499669600E+00,0.0000000000000000E+00,-7.0703668042747600E+00
2.24150E+02,7.0717687499669600E+00,0.0000000000000000E+00,-7.0703668042747600E+00
2.24160E+02,7.0717687499669600E+00,0.0000000000000000E+00,-7.0703668042747600E+00
2.24170E+02,7.0717687499669600E+00,0.0000000000000000E+00,-7.0703668042747600E+00
2.24180E+02,7.0717687499669600E+00,0.0000000000000000E+00,-7.0703668042747600E+00
2.24190E+02,7.0717687499669600E+00,0.0000000000000000E+00,-7.0703668042747600E+00
2.24200E+02,7.0717687499669600E+00,0.0000000000000000E+00,-7.0703668042747600E+00
2.24210E+02,7.0717687499669600E+00,0.0000000000000000E+00,-7.0703668042747600E+00
2.24220E+02,7.0717687499669600E+00,0.0000000000000000E+00,-7.0703668042747600E+00
2.24230E+02,7.0717687499669600E+00,0.0000000000000000E+00,-7.0703668042747600E+00
2.24240E+02,7.0717687499669600E+00,0.0000000000000000E+00,-7.0703668042747600E+00
2.24250E+02,7.0717687499669600E+00,0.0000000000000000E+00,-7.0703668042747600E+00
2.24260E+02,7.0717687499669600E+00,0.0000000000000000E+00,-7.0703668042747600E+00
2.24270E+02,7.0717687499669600E+00,0.0000000000000000E+00,-7.0703668042747600E+00
2.24280E+02,7.0717687499669600E+00,0.0000000000000000E+00,-7.0703668042747600E+00
2.24290E+02,7.0717687499669600E+00,0.0000000000000000E+00,-7.0703668042747600E+00
2.24300E+02,7.0717687499669600E+00,0.0000000000000000E+00,-7.0703668042747600E+00
2.24310E+02,7.0717687499669600E+00,0.0000000000000000E+00,-7.0703668042747600E+00
2.24320E+02,7.0717687499669600E+00,0.0000000000000000E+00,-7.0703668042747600E+00
2.24330E+02,7.0717687499669600E+00,0.0000000000000000E+00,-7.0703668042747600E+00
2.24340E+02,7.0717687499669600E+00,0.0000000000000000E+00,-7.0703668042747600E+00
2.24350E+02,7.0717687499669600E+00,0.0000000000000000E+00,-7.0703668042747600E+00
2.24360E+02,7.0717687499669600E+00,0.0000000000000000E+00,-7.0703668042747600E+00
2.24370E+02,7.0717687499669600E+00,0.0000000000000000E+00,-7.0703668042747600E+00
2.24380E+02,7.0717687499669600E+00,0.0000000000000000E+00,-7.0703668042747600E+00
2.24390E+02,7.0717687499669600E+00,0.0000000000000000E+00,-7.0703668042747600E+00
2.24400E+02,7.0717687499669600E+00,0.0000000000000000E+00,-7.0703668042747600E+00
2.24410E+02,7.0717687499669600E+00,0.0000000000000000E+00,-7.0703668042747600E+00
2.24420E+02,7.0717687499669600E+00,0.0000000000000000E+00,-7.0703668042747600E+00
2.24430E+02,7.0717687499669600E+00,0.0000000000000000E+00,-7.0703668042747600E+00
2.24440E+02,7.0717687499669600E+00,0.0000000000000000E+00,-7.0703668042747600E+00
2.24450E+02,7.0717687499669600E+00,0.0000000000000000E+00,-7.0703668042747600E+00
2.24460E+02,7.0717687499669600E+00,0.0000000000000000E+00,-7.0703668042747600E+00
2.24470E+02,7.0717687499669600E+00,0.0000000000000000E+00,-7.0703668042747600E+00
2.24480E+02,7.0717687499669600E+00,0.0000000000000000E+00,-7.0703668042747600E+00
2.24490E+02,7.0717687499669600E+00,0.0000000000000000E+00,-7.0703668042747600E+00
2.24500E+02,7.0717687499669600E+00,0.0000000000000000E+00,-7.0703668042747600E+00
2.24510E+02,7.0717687499669600E+00,0.0000000000000000E+00,-7.0703668042747600E+00
2.24520E+02,7.0717687499669600E+00,0.0000000000000000E+00,-7.0703668042747600E+00
2.24530E+02,7.0717687499669600E+00,0.0000000000000000E+00,-7.0703668042747600E+00
2.24540E+02,7.0717687499669600E+00,0.0000000000000000E+00,-7.0703668042747600E+00
2.24550E+02,7.0717687499669600E+00,0.0000000000000000E+00,-7.0703668042747600E+00
2.24560E+02,7.0717687499669600E+00,0.0000000000000000E+00,-7.0703668042747600E+00
2.24570E+02,7.0717687499669600E+00,0.0000000000000000E+00,-7.0703668042747600E+00
2.24580E+02,7.0717687499669600E+00,0.0000000000000000E+00,-7.0703668042747600E+00
2.24590E+02,7.0717687499669600E+00,0.0000000000000000E+00,-7.0703668042747600E+00
2.24600E+02,7.0717687499669600E+00,0.0000000000000000E+00,-7.0703668042747600E+00
2.24610E+02,7.0717687499669600E+00,0.0000000000000000E+00,-7.0703668042747600E+00
2.24620E+02,7.0717687499669600E+00,0.0000000000000000E+00,-7.0703668042747600E+00
2.24630E+02,7.0717687499669600E+00,0.0000000000000000E+00,-7.0703668042747600E+00
2.24640E+02,7.0717687499669600E+00,0.0000000000000000E+00,-7.0703668042747600E+00
2.24650E+02,7.0717687499669600E+00,0.0000000000000000E+00,-7.0703668042747600E+00
2.24660E+02,7.0717687499669600E+00,0.0000000000000000E+00,-7.0703668042747600E+00
2.24670E+02,7.0717687499669600E+00,0.0000000000000000E+00,-7.0703668042747600E+00
2.24680E+02,7.0717687499669600E+00,0.0000000000000000E+00,-7.0703668042747600E+00
2.24690E+02,7.0717687499669600E+00,0.0000000000000000E+00,-7.0703668042747600E+00
2.24700E+02,7.0717687499669600E+00,0.0000000000000000E+00,-7.0703668042747600E+00
2.24710E+02,7.0717687499669600E+00,0.0000000000000000E+00,-7.0703668042747600E+00
2.24720E+02,7.0717687499669600E+00,0.0000000000000000E+00,-7.0703668042747600E+00
2.24730E+02,7.0717687499669600E+00,0.0000000000000000E+00,-7.0703668042747600E+00
2.24740E+02,7.0717687499669600E+00,0.0000000000000000E+00,-7.0703668042747600E+00
2.24750E+02,7.0717687499669600E+00,0.0000000000000000E+00,-7.0703668042747600E+00
2.24760E+02,7.0717687499669600E+00,0.0000000000000000E+00,-7.0703668042747600E+00
2.24770E+02,7.0717687499669600E+00,0.0000000000000000E+00,-7.0703668042747600E+00
2.24780E+02,7.0717687499669600E+00,0.0000000000000000E+00,-7.0703668042747600E+00
2.24790E+02,7.0717687499669600E+00,0.0000000000000000E+00,-7.0703668042747600E+00
2.24800E+02,7.0717687499669600E+00,0.0000000000000000E+00,-7.0703668042747600E+00
2.24810E+02,7.0717687499669600E+00,0.0000000000000000E+00,-7.0703668042747600E+00
2.24820E+02,7.0717687499669600E+00,0.0000000000000000E+00,-7.0703668042747600E+00
2.24830E+02,7.0717687499669600E+00,0.0000000000000000E+00,-7.0703668042747600E+00
2.24840E+02,7.0717687499669600E+00,0.0000000000000000E+00,-7.0703668042747600E+00
2.24850E+02,7.0717687499669600E+00,0.0000000000000000E+00,-7.0703668042747600E+00
2.24860E+02,7.0717687499669600E+00,0.0000000000000000E+00,-7.0703668042747600E+00
2.24870E+02,7.0717687499669600E+00,0.0000000000000000E+00,-7.0703668042747600E+00
2.24880E+02,7.0717687499669600E+00,0.0000000000000000E+00,-7.0703668042747600E+00
2.24890E+02,7.0717687499669600E+00,0.0000000000000000E+00,-7.0703668042747600E+00
2.24900E+02,7.0717687499669600E+00,0.0000000000000000E+00,-7.0703668042747600E+00
2.24910E+02,7.0717687499669600E+00,0.0000000000000000E+00,-7.0703668042747600E+00
2.24920E+02,7.0717687499669600E+00,0.0000000000000000E+00,-7.0703668042747600E+00
2.24930E+02,7.0717687499669600E+00,0.0000000000000000E+00,-7.0703668042747600E+00
2.24940E+02,7.0717687499669600E+00,0.0000000000000000E+00,-7.0703668042747600E+00
2.24950E+02,7.0717687499669600E+00,0.0000000000000000E+00,-7.0703668042747600E+00
2.24960E+02,7.0717687499669600E+00,0.0000000000000000E+00,-7.0703668042747600E+00
2.24970E+02,7.0717687499669600E+00,0.0000000000000000E+00,-7.0703668042747600E+00
2.24980E+02,7.0717687499669600E+00,0.0000000000000000E+00,-7.0703668042747600E+00
2.24990E+02,7.0717687499669600E+00,0.0000000000000000E+00,-7.0703668042747600E+00
2.25000E+02,7.0717687499669600E+00,0.0000000000000000E+00,-7.0703668042747600E+00
2.25010E+02,7.0717687499669600E+00,0.0000000000000000E+00,-7.0703668042747600E+00
2.25020E+02,7.0717687499669600E+00,0.0000000000000000E+00,-7.0703668042747600E+00
2.25030E+02,7.0717687499669600E+00,0.0000000000000000E+00,-7.0703668042747600E+00
2.25040E+02,7.0717687499669600E+00,0.0000000000000000E+00,-7.0703668042747600E+00
2.25050E+02,7.0717687499669600E+00,0.0000000000000000E+00,-7.0703668042747600E+00
2.25060E+02,7.0717687499669600E+00,0.0000000000000000E+00,-7.0703668042747600E+00
2.25070E+02,7.0717687499669600E+00,0.0000000000000000E+00,-7.0703668042747600E+00
2.25080E+02,7.0717687499669600E+00,0.0000000000000000E+00,-7.0703668042747600E+00
2.25090E+02,7.0717687499669600E+00,0.0000000000000000E+00,-7.0703668042747600E+00
2.25100E+02,7.0717687499669600E+00,0.0000000000000000E+00,-7.0703668042747600E+00
2.25110E+02,7.0717687499669600E+00,0.0000000000000000E+00,-7.0703668042747600E+00
2.25120E+02,7.0717687499669600E+00,0.0000000000000000E+00,-7.0703668042747600E+00
2.25130E+02,7.0717687499669600E+00,0.0000000000000000E+00,-7.0703668042747600E+00
2.25140E+02,7.0717687499669600E+00,0.0000000000000000E+00,-7.0703668042747600E+00
2.25150E+02,7.0717687499669600E+00,0.0000000000000000E+00,-7.0703668042747600E+00
2.25160E+02,7.0717687499669600E+00,0.0000000000000000E+00,-7.0703668042747600E+00
2.25170E+02,7.0717687499669600E+00,0.0000000000000000E+00,-7.0703668042747600E+00
2.25180E+02,7.0717687499669600E+00,0.0000000000000000E+00,-7.0703668042747600E+00
2.25190E+02,7.0717687499669600E+00,0.0000000000000000E+00,-7.0703668042747600E+00
2.25200E+02,7.0717687499669600E+00,0.0000000000000000E+00,-7.0703668042747600E+00
2.25210E+02,7.0717687499669600E+00,0.0000000000000000E+00,-7.0703668042747600E+00
2.25220E+02,7.0717687499669600E+00,0.0000000000000000E+00,-7.0703668042747600E+00
2.25230E+02,7.0717687499669600E+00,0.0000000000000000E+00,-7.0703668042747600E+00
2.25240E+02,7.0717687499669600E+00,0.0000000000000000E+00,-7.0703668042747600E+00
2.25250E+02,7.0717687499669600E+00,0.0000000000000000E+00,-7.0703668042747600E+00
2.25260E+02,7.0717687499669600E+00,0.0000000000000000E+00,-7.0703668042747600E+00
2.25270E+02,7.0717687499669600E+00,0.0000000000000000E+00,-7.0703668042747600E+00
2.25280E+02,7.0717687499669600E+00,0.0000000000000000E+00,-7.0703668042747600E+00
2.25290E+02,7.0717687499669600E+00,0.0000000000000000E+00,-7.0703668042747600E+00
2.25300E+02,7.0717687499669600E+00,0.0000000000000000E+00,-7.0703668042747600E+00
2.25310E+02,7.0717687499669600E+00,0.0000000000000000E+00,-7.0703668042747600E+00
2.25320E+02,7.0717687499669600E+00,0.0000000000000000E+00,-7.0703668042747600E+00
2.25330E+02,7.0717687499669600E+00,0.0000000000000000E+00,-7.0703668042747600E+00
2.25340E+02,7.0717687499669600E+00,0.0000000000000000E+00,-7.0703668042747600E+00
2.25350E+02,7.0717687499669600E+00,0.0000000000000000E+00,-7.0703668042747600E+00
2.25360E+02,7.0717687499669600E+00,0.0000000000000000E+00,-7.0703668042747600E+00
2.25370E+02,7.0717687499669600E+00,0.0000000000000000E+00,-7.0703668042747600E+00
2.25380E+02,7.0717687499669600E+00,0.0000000000000000E+00,-7.0703668042747600E+00
2.25390E+02,7.0717687499669600E+00,0.0000000000000000E+00,-7.0703668042747600E+00
2.25400E+02,7.0717687499669600E+00,0.0000000000000000E+00,-7.0703668042747600E+00
2.25410E+02,7.0717687499669600E+00,0.0000000000000000E+00,-7.0703668042747600E+00
2.25420E+02,7.0717687499669600E+00,0.0000000000000000E+00,-7.0703668042747600E+00
2.25430E+02,7.0717687499669600E+00,0.0000000000000000E+00,-7.0703668042747600E+00
2.25440E+02,7.0717687499669600E+00,0.0000000000000000E+00,-7.0703668042747600E+00
2.25450E+02,7.0717687499669600E+00,0.0000000000000000E+00,-7.0703668042747600E+00
2.25460E+02,7.0717687499669600E+00,0.0000000000000000E+00,-7.0703668042747600E+00
2.25470E+02,7.0717687499669600E+00,0.0000000000000000E+00,-7.0703668042747600E+00
2.25480E+02,7.0717687499669600E+00,0.0000000000000000E+00,-7.0703668042747600E+00
2.25490E+02,7.0717687499669600E+00,0.0000000000000000E+00,-7.0703668042747600E+00
2.25500E+02,7.0717687499669600E+00,0.0000000000000000E+00,-7.0703668042747600E+00
2.25510E+02,7.0717687499669600E+00,0.0000000000000000E+00,-7.0703668042747600E+00
2.25520E+02,7.0717687499669600E+00,0.0000000000000000E+00,-7.0703668042747600E+00
2.25530E+02,7.0717687499669600E+00,0.0000000000000000E+00,-7.0703668042747600E+00
2.25540E+02,7.0717687499669600E+00,0.0000000000000000E+00,-7.0703668042747600E+00
2.25550E+02,7.0717687499669600E+00,0.0000000000000000E+00,-7.0703668042747600E+00
2.25560E+02,7.0717687499669600E+00,0.0000000000000000E+00,-7.0703668042747600E+00
2.25570E+02,7.0717687499669600E+00,0.0000000000000000E+00,-7.0703668042747600E+00
2.25580E+02,7.0717687499669600E+00,0.0000000000000000E+00,-7.0703668042747600E+00
2.25590E+02,7.0717687499669600E+00,0.0000000000000000E+00,-7.0703668042747600E+00
2.25600E+02,7.0717687499669600E+00,0.0000000000000000E+00,-7.0703668042747600E+00
2.25610E+02,7.0717687499669600E+00,0.0000000000000000E+00,-7.0703668042747600E+00
2.25620E+02,7.0717687499669600E+00,0.0000000000000000E+00,-7.0703668042747600E+00
2.25630E+02,7.0717687499669600E+00,0.0000000000000000E+00,-7.0703668042747600E+00
2.25640E+02,7.0717687499669600E+00,0.0000000000000000E+00,-7.0703668042747600E+00
2.25650E+02,7.0717687499669600E+00,0.0000000000000000E+00,-7.0703668042747600E+00
2.25660E+02,7.0717687499669600E+00,0.0000000000000000E+00,-7.0703668042747600E+00
2.25670E+02,7.0717687499669600E+00,0.0000000000000000E+00,-7.0703668042747600E+00
2.25680E+02,7.0717687499669600E+00,0.0000000000000000E+00,-7.0703668042747600E+00
2.25690E+02,7.0717687499669600E+00,0.0000000000000000E+00,-7.0703668042747600E+00
2.25700E+02,7.0717687499669600E+00,0.0000000000000000E+00,-7.0703668042747600E+00
2.25710E+02,7.0717687499669600E+00,0.0000000000000000E+00,-7.0703668042747600E+00
2.25720E+02,7.0717687499669600E+00,0.0000000000000000E+00,-7.0703668042747600E+00
2.25730E+02,7.0717687499669600E+00,0.0000000000000000E+00,-7.0703668042747600E+00
2.25740E+02,7.0717687499669600E+00,0.0000000000000000E+00,-7.0703668042747600E+00
2.25750E+02,7.0717687499669600E+00,0.0000000000000000E+00,-7.0703668042747600E+00
2.25760E+02,7.0717687499669600E+00,0.0000000000000000E+00,-7.0703668042747600E+00
2.25770E+02,7.0717687499669600E+00,0.0000000000000000E+00,-7.0703668042747600E+00
2.25780E+02,7.0717687499669600E+00,0.0000000000000000E+00,-7.0703668042747600E+00
2.25790E+02,7.0717687499669600E+00,0.0000000000000000E+00,-7.0703668042747600E+00
2.25800E+02,7.0717687499669600E+00,0.0000000000000000E+00,-7.0703668042747600E+00
2.25810E+02,7.0717687499669600E+00,0.0000000000000000E+00,-7.0703668042747600E+00
2.25820E+02,7.0717687499669600E+00,0.0000000000000000E+00,-7.0703668042747600E+00
2.25830E+02,7.0717687499669600E+00,0.0000000000000000E+00,-7.0703668042747600E+00
2.25840E+02,7.0717687499669600E+00,0.0000000000000000E+00,-7.0703668042747600E+00
2.25850E+02,7.0717687499669600E+00,0.0000000000000000E+00,-7.0703668042747600E+00
2.25860E+02,7.0717687499669600E+00,0.0000000000000000E+00,-7.0703668042747600E+00
2.25870E+02,7.0717687499669600E+00,0.0000000000000000E+00,-7.0703668042747600E+00
2.25880E+02,7.0717687499669600E+00,0.0000000000000000E+00,-7.0703668042747600E+00
2.25890E+02,7.0717687499669600E+00,0.0000000000000000E+00,-7.0703668042747600E+00
2.25900E+02,7.0717687499669600E+00,0.0000000000000000E+00,-7.0703668042747600E+00
2.25910E+02,7.0717687499669600E+00,0.0000000000000000E+00,-7.0703668042747600E+00
2.25920E+02,7.0717687499669600E+00,0.0000000000000000E+00,-7.0703668042747600E+00
2.25930E+02,7.0717687499669600E+00,0.0000000000000000E+00,-7.0703668042747600E+00
2.25940E+02,7.0717687499669600E+00,0.0000000000000000E+00,-7.0703668042747600E+00
2.25950E+02,7.0717687499669600E+00,0.0000000000000000E+00,-7.0703668042747600E+00
2.25960E+02,7.0717687499669600E+00,0.0000000000000000E+00,-7.0703668042747600E+00
2.25970E+02,7.0717687499669600E+00,0.0000000000000000E+00,-7.0703668042747600E+00
2.25980E+02,7.0717687499669600E+00,0.0000000000000000E+00,-7.0703668042747600E+00
2.25990E+02,7.0717687499669600E+00,0.0000000000000000E+00,-7.0703668042747600E+00
2.26000E+02,7.0717687499669600E+00,0.0000000000000000E+00,-7.0703668042747600E+00
2.26010E+02,7.0717687499669600E+00,0.0000000000000000E+00,-7.0703668042747600E+00
2.26020E+02,7.0717687499669600E+00,0.0000000000000000E+00,-7.0703668042747600E+00
2.26030E+02,7.0717687499669600E+00,0.0000000000000000E+00,-7.0703668042747600E+00
2.26040E+02,7.0717687499669600E+00,0.0000000000000000E+00,-7.0703668042747600E+00
2.26050E+02,7.0717687499669600E+00,0.0000000000000000E+00,-7.0703668042747600E+00
2.26060E+02,7.0717687499669600E+00,0.0000000000000000E+00,-7.0703668042747600E+00
2.26070E+02,7.0717687499669600E+00,0.0000000000000000E+00,-7.0703668042747600E+00
2.26080E+02,7.0717687499669600E+00,0.0000000000000000E+00,-7.0703668042747600E+00
2.26090E+02,7.0717687499669600E+00,0.0000000000000000E+00,-7.0703668042747600E+00
2.26100E+02,7.0717687499669600E+00,0.0000000000000000E+00,-7.0703668042747600E+00
2.26110E+02,7.0717687499669600E+00,0.0000000000000000E+00,-7.0703668042747600E+00
2.26120E+02,7.0717687499669600E+00,0.0000000000000000E+00,-7.0703668042747600E+00
2.26130E+02,7.0717687499669600E+00,0.0000000000000000E+00,-7.0703668042747600E+00
2.26140E+02,7.0717687499669600E+00,0.0000000000000000E+00,-7.0703668042747600E+00
2.26150E+02,7.0717687499669600E+00,0.0000000000000000E+00,-7.0703668042747600E+00
2.26160E+02,7.0717687499669600E+00,0.0000000000000000E+00,-7.0703668042747600E+00
2.26170E+02,7.0717687499669600E+00,0.0000000000000000E+00,-7.0703668042747600E+00
2.26180E+02,7.0717687499669600E+00,0.0000000000000000E+00,-7.0703668042747600E+00
2.26190E+02,7.0717687499669600E+00,0.0000000000000000E+00,-7.0703668042747600E+00
2.26200E+02,7.0717687499669600E+00,0.0000000000000000E+00,-7.0703668042747600E+00
2.26210E+02,7.0717687499669600E+00,0.0000000000000000E+00,-7.0703668042747600E+00
2.26220E+02,7.0717687499669600E+00,0.0000000000000000E+00,-7.0703668042747600E+00
2.26230E+02,7.0717687499669600E+00,0.0000000000000000E+00,-7.0703668042747600E+00
2.26240E+02,7.0717687499669600E+00,0.0000000000000000E+00,-7.0703668042747600E+00
2.26250E+02,7.0717687499669600E+00,0.0000000000000000E+00,-7.0703668042747600E+00
2.26260E+02,7.0717687499669600E+00,0.0000000000000000E+00,-7.0703668042747600E+00
2.26270E+02,7.0717687499669600E+00,0.0000000000000000E+00,-7.0703668042747600E+00
2.26280E+02,7.0717687499669600E+00,0.0000000000000000E+00,-7.0703668042747600E+00
2.26290E+02,7.0717687499669600E+00,0.0000000000000000E+00,-7.0703668042747600E+00
2.26300E+02,7.0717687499669600E+00,0.0000000000000000E+00,-7.0703668042747600E+00
2.26310E+02,7.0717687499669600E+00,0.0000000000000000E+00,-7.0703668042747600E+00
2.26320E+02,7.0717687499669600E+00,0.0000000000000000E+00,-7.0703668042747600E+00
2.26330E+02,7.0717687499669600E+00,0.0000000000000000E+00,-7.0703668042747600E+00
2.26340E+02,7.0717687499669600E+00,0.0000000000000000E+00,-7.0703668042747600E+00
2.26350E+02,7.0717687499669600E+00,0.0000000000000000E+00,-7.0703668042747600E+00
2.26360E+02,7.0717687499669600E+00,0.0000000000000000E+00,-7.0703668042747600E+00
2.26370E+02,7.0717687499669600E+00,0.0000000000000000E+00,-7.0703668042747600E+00
2.26380E+02,7.0717687499669600E+00,0.0000000000000000E+00,-7.0703668042747600E+00
2.26390E+02,7.0717687499669600E+00,0.0000000000000000E+00,-7.0703668042747600E+00
2.26400E+02,7.0717687499669600E+00,0.0000000000000000E+00,-7.0703668042747600E+00
2.26410E+02,7.0717687499669600E+00,0.0000000000000000E+00,-7.0703668042747600E+00
2.26420E+02,7.0717687499669600E+00,0.0000000000000000E+00,-7.0703668042747600E+00
2.26430E+02,7.0717687499669600E+00,0.0000000000000000E+00,-7.0703668042747600E+00
2.26440E+02,7.0717687499669600E+00,0.0000000000000000E+00,-7.0703668042747600E+00
2.26450E+02,7.0717687499669600E+00,0.0000000000000000E+00,-7.0703668042747600E+00
2.26460E+02,7.0717687499669600E+00,0.0000000000000000E+00,-7.0703668042747600E+00
2.26470E+02,7.0717687499669600E+00,0.0000000000000000E+00,-7.0703668042747600E+00
2.26480E+02,7.0717687499669600E+00,0.0000000000000000E+00,-7.0703668042747600E+00
2.26490E+02,7.0717687499669600E+00,0.0000000000000000E+00,-7.0703668042747600E+00
2.26500E+02,7.0717687499669600E+00,0.0000000000000000E+00,-7.0703668042747600E+00
2.26510E+02,7.0717687499669600E+00,0.0000000000000000E+00,-7.0703668042747600E+00
2.26520E+02,7.0717687499669600E+00,0.0000000000000000E+00,-7.0703668042747600E+00
2.26530E+02,7.0717687499669600E+00,0.0000000000000000E+00,-7.0703668042747600E+00
2.26540E+02,7.0717687499669600E+00,0.0000000000000000E+00,-7.0703668042747600E+00
2.26550E+02,7.0717687499669600E+00,0.0000000000000000E+00,-7.0703668042747600E+00
2.26560E+02,7.0717687499669600E+00,0.0000000000000000E+00,-7.0703668042747600E+00
2.26570E+02,7.0717687499669600E+00,0.0000000000000000E+00,-7.0703668042747600E+00
2.26580E+02,7.0717687499669600E+00,0.0000000000000000E+00,-7.0703668042747600E+00
2.26590E+02,7.0717687499669600E+00,0.0000000000000000E+00,-7.0703668042747600E+00
2.26600E+02,7.0717687499669600E+00,0.0000000000000000E+00,-7.0703668042747600E+00
2.26610E+02,7.0717687499669600E+00,0.0000000000000000E+00,-7.0703668042747600E+00
2.26620E+02,7.0717687499669600E+00,0.0000000000000000E+00,-7.0703668042747600E+00
2.26630E+02,7.0717687499669600E+00,0.0000000000000000E+00,-7.0703668042747600E+00
2.26640E+02,7.0717687499669600E+00,0.0000000000000000E+00,-7.0703668042747600E+00
2.26650E+02,7.0717687499669600E+00,0.0000000000000000E+00,-7.0703668042747600E+00
2.26660E+02,7.0717687499669600E+00,0.0000000000000000E+00,-7.0703668042747600E+00
2.26670E+02,7.0717687499669600E+00,0.0000000000000000E+00,-7.0703668042747600E+00
2.26680E+02,7.0717687499669600E+00,0.0000000000000000E+00,-7.0703668042747600E+00
2.26690E+02,7.0717687499669600E+00,0.0000000000000000E+00,-7.0703668042747600E+00
2.26700E+02,7.0717687499669600E+00,0.0000000000000000E+00,-7.0703668042747600E+00
2.26710E+02,7.0717687499669600E+00,0.0000000000000000E+00,-7.0703668042747600E+00
2.26720E+02,7.0717687499669600E+00,0.0000000000000000E+00,-7.0703668042747600E+00
2.26730E+02,7.0717687499669600E+00,0.0000000000000000E+00,-7.0703668042747600E+00
2.26740E+02,7.0717687499669600E+00,0.0000000000000000E+00,-7.0703668042747600E+00
2.26750E+02,7.0717687499669600E+00,0.0000000000000000E+00,-7.0703668042747600E+00
2.26760E+02,7.0717687499669600E+00,0.0000000000000000E+00,-7.0703668042747600E+00
2.26770E+02,7.0717687499669600E+00,0.0000000000000000E+00,-7.0703668042747600E+00
2.26780E+02,7.0717687499669600E+00,0.0000000000000000E+00,-7.0703668042747600E+00
2.26790E+02,7.0717687499669600E+00,0.0000000000000000E+00,-7.0703668042747600E+00
2.26800E+02,7.0717687499669600E+00,0.0000000000000000E+00,-7.0703668042747600E+00
2.26810E+02,7.0717687499669600E+00,0.0000000000000000E+00,-7.0703668042747600E+00
2.26820E+02,7.0717687499669600E+00,0.0000000000000000E+00,-7.0703668042747600E+00
2.26830E+02,7.0717687499669600E+00,0.0000000000000000E+00,-7.0703668042747600E+00
2.26840E+02,7.0717687499669600E+00,0.0000000000000000E+00,-7.0703668042747600E+00
2.26850E+02,7.0717687499669600E+00,0.0000000000000000E+00,-7.0703668042747600E+00
2.26860E+02,7.0717687499669600E+00,0.0000000000000000E+00,-7.0703668042747600E+00
2.26870E+02,7.0717687499669600E+00,0.0000000000000000E+00,-7.0703668042747600E+00
2.26880E+02,7.0717687499669600E+00,0.0000000000000000E+00,-7.0703668042747600E+00
2.26890E+02,7.0717687499669600E+00,0.0000000000000000E+00,-7.0703668042747600E+00
2.26900E+02,7.0717687499669600E+00,0.0000000000000000E+00,-7.0703668042747600E+00
2.26910E+02,7.0717687499669600E+00,0.0000000000000000E+00,-7.0703668042747600E+00
2.26920E+02,7.0717687499669600E+00,0.0000000000000000E+00,-7.0703668042747600E+00
2.26930E+02,7.0717687499669600E+00,0.0000000000000000E+00,-7.0703668042747600E+00
2.26940E+02,7.0717687499669600E+00,0.0000000000000000E+00,-7.0703668042747600E+00
2.26950E+02,7.0717687499669600E+00,0.0000000000000000E+00,-7.0703668042747600E+00
2.26960E+02,7.0717687499669600E+00,0.0000000000000000E+00,-7.0703668042747600E+00
2.26970E+02,7.0717687499669600E+00,0.0000000000000000E+00,-7.0703668042747600E+00
2.26980E+02,7.0717687499669600E+00,0.0000000000000000E+00,-7.0703668042747600E+00
2.26990E+02,7.0717687499669600E+00,0.0000000000000000E+00,-7.0703668042747600E+00
2.27000E+02,7.0717687499669600E+00,0.0000000000000000E+00,-7.0703668042747600E+00
2.27010E+02,7.0717687499669600E+00,0.0000000000000000E+00,-7.0703668042747600E+00
2.27020E+02,7.0717687499669600E+00,0.0000000000000000E+00,-7.0703668042747600E+00
2.27030E+02,7.0717687499669600E+00,0.0000000000000000E+00,-7.0703668042747600E+00
2.27040E+02,7.0717687499669600E+00,0.0000000000000000E+00,-7.0703668042747600E+00
2.27050E+02,7.0717687499669600E+00,0.0000000000000000E+00,-7.0703668042747600E+00
2.27060E+02,7.0717687499669600E+00,0.0000000000000000E+00,-7.0703668042747600E+00
2.27070E+02,7.0717687499669600E+00,0.0000000000000000E+00,-7.0703668042747600E+00
2.27080E+02,7.0717687499669600E+00,0.0000000000000000E+00,-7.0703668042747600E+00
2.27090E+02,7.0717687499669600E+00,0.0000000000000000E+00,-7.0703668042747600E+00
2.27100E+02,7.0717687499669600E+00,0.0000000000000000E+00,-7.0703668042747600E+00
2.27110E+02,7.0717687499669600E+00,0.0000000000000000E+00,-7.0703668042747600E+00
2.27120E+02,7.0717687499669600E+00,0.0000000000000000E+00,-7.0703668042747600E+00
2.27130E+02,7.0717687499669600E+00,0.0000000000000000E+00,-7.0703668042747600E+00
2.27140E+02,7.0717687499669600E+00,0.0000000000000000E+00,-7.0703668042747600E+00
2.27150E+02,7.0717687499669600E+00,0.0000000000000000E+00,-7.0703668042747600E+00
2.27160E+02,7.0717687499669600E+00,0.0000000000000000E+00,-7.0703668042747600E+00
2.27170E+02,7.0717687499669600E+00,0.0000000000000000E+00,-7.0703668042747600E+00
2.27180E+02,7.0717687499669600E+00,0.0000000000000000E+00,-7.0703668042747600E+00
2.27190E+02,7.0717687499669600E+00,0.0000000000000000E+00,-7.0703668042747600E+00
2.27200E+02,7.0717687499669600E+00,0.0000000000000000E+00,-7.0703668042747600E+00
2.27210E+02,7.0717687499669600E+00,0.0000000000000000E+00,-7.0703668042747600E+00
2.27220E+02,7.0717687499669600E+00,0.0000000000000000E+00,-7.0703668042747600E+00
2.27230E+02,7.0717687499669600E+00,0.0000000000000000E+00,-7.0703668042747600E+00
2.27240E+02,7.0717687499669600E+00,0.0000000000000000E+00,-7.0703668042747600E+00
2.27250E+02,7.0717687499669600E+00,0.0000000000000000E+00,-7.0703668042747600E+00
2.27260E+02,7.0717687499669600E+00,0.0000000000000000E+00,-7.0703668042747600E+00
2.27270E+02,7.0717687499669600E+00,0.0000000000000000E+00,-7.0703668042747600E+00
2.27280E+02,7.0717687499669600E+00,0.0000000000000000E+00,-7.0703668042747600E+00
2.27290E+02,7.0717687499669600E+00,0.0000000000000000E+00,-7.0703668042747600E+00
2.27300E+02,7.0717687499669600E+00,0.0000000000000000E+00,-7.0703668042747600E+00
2.27310E+02,7.0717687499669600E+00,0.0000000000000000E+00,-7.0703668042747600E+00
2.27320E+02,7.0717687499669600E+00,0.0000000000000000E+00,-7.0703668042747600E+00
2.27330E+02,7.0717687499669600E+00,0.0000000000000000E+00,-7.0703668042747600E+00
2.27340E+02,7.0717687499669600E+00,0.0000000000000000E+00,-7.0703668042747600E+00
2.27350E+02,7.0717687499669600E+00,0.0000000000000000E+00,-7.0703668042747600E+00
2.27360E+02,7.0717687499669600E+00,0.0000000000000000E+00,-7.0703668042747600E+00
2.27370E+02,7.0717687499669600E+00,0.0000000000000000E+00,-7.0703668042747600E+00
2.27380E+02,7.0717687499669600E+00,0.0000000000000000E+00,-7.0703668042747600E+00
2.27390E+02,7.0717687499669600E+00,0.0000000000000000E+00,-7.0703668042747600E+00
2.27400E+02,7.0717687499669600E+00,0.0000000000000000E+00,-7.0703668042747600E+00
2.27410E+02,7.0717687499669600E+00,0.0000000000000000E+00,-7.0703668042747600E+00
2.27420E+02,7.0717687499669600E+00,0.0000000000000000E+00,-7.0703668042747600E+00
2.27430E+02,7.0717687499669600E+00,0.0000000000000000E+00,-7.0703668042747600E+00
2.27440E+02,7.0717687499669600E+00,0.0000000000000000E+00,-7.0703668042747600E+00
2.27450E+02,7.0721222506271700E+00,3.5360611282603000E-04,-7.0700132069994500E+00
2.27460E+02,7.0728291458569000E+00,1.0609243798354600E-03,-7.0693059594246100E+00
2.27470E+02,7.0738892234218100E+00,2.1221668306915500E-03,-7.0682449555150900E+00
2.27480E+02,7.0753021648378600E+00,3.5376513772232200E-03,-7.0668300362512700E+00
2.27490E+02,7.0770675452124500E+00,5.3078016541221900E-03,-7.0650609896689400E+00
2.27500E+02,7.0791848330327200E+00,7.4331468063660100E-03,-7.0629375509123600E+00
2.27510E+02,7.0816533899012000E+00,9.9143212232190700E-03,-7.0604594023006200E+00
2.27520E+02,7.0844724702190900E+00,1.2752064218626600E-02,-7.0576261734074400E+00
2.27530E+02,7.0876412208171500E+00,1.5947219657780800E-02,-7.0544374411542200E+00
2.27540E+02,7.0911586805348200E+00,1.9500735529599600E-02,-7.0508927299164900E+00
2.27550E+02,7.0950237797474600E+00,2.3413663464826700E-02,-7.0469915116438900E+00
2.27560E+02,7.0992353398424100E+00,2.7687158199419800E-02,-7.0427332059934800E+00
2.27570E+02,7.1037920726440600E+00,3.2322476982864900E-02,-7.0381171804766700E+00
2.27580E+02,7.1086925797883300E+00,3.7320978931012700E-02,-7.0331427506196500E+00
2.27590E+02,7.1139353520471100E+00,4.2684124323003800E-02,-7.0278091801374900E+00
2.27600E+02,7.1195187686031300E+00,4.8413473841811800E-02,-7.0221156811219000E+00
2.27610E+02,7.1254410962757000E+00,5.4510687757899300E-02,-7.0160614142427000E+00
2.27620E+02,7.1317004886980500E+00,6.0977525055451600E-02,-7.0096454889631800E+00
2.27630E+02,7.1382949854467800E+00,6.7815842500614500E-02,-7.0028669637692700E+00
2.27640E+02,7.1452225111240800E+00,7.5027593651135600E-02,-6.9957248464127300E+00
2.27650E+02,7.1524808743934800E+00,8.2614827806772500E-02,-6.9882180941683300E+00
2.27660E+02,7.1600677669698500E+00,9.0579688899802700E-02,-6.9803456141052100E+00
2.27670E+02,7.1679807625643700E+00,9.8924414324938500E-02,-6.9721062633724400E+00
2.27680E+02,7.1762173157854100E+00,1.0765133370791900E-01,-6.9634988494988900E+00
2.27690E+02,7.1847747609961100E+00,1.1676286761202800E-01,-6.9545221307074800E+00
2.27700E+02,7.1936503111296300E+00,1.2626152618174600E-01,-6.9451748162440600E+00
2.27710E+02,7.2028410564630000E+00,1.3614990772273400E-01,-6.9354555667207400E+00
2.27720E+02,7.2123439633506400E+00,1.4643069721730200E-01,-6.9253629944741400E+00
2.27730E+02,7.2221558729184600E+00,1.5710666477451500E-01,-6.9148956639382900E+00
2.27740E+02,7.2322734997199100E+00,1.6818066401402300E-01,-6.9040520920326700E+00
2.27750E+02,7.2426934303548500E+00,1.7965563038272700E-01,-6.8928307485652200E+00
2.27760E+02,7.2534121220526500E+00,1.9153457940333700E-01,-6.8812300566506400E+00
2.27770E+02,7.2644259012206900E+00,2.0382060485386300E-01,-6.8692483931439500E+00
2.27780E+02,7.2757309619595600E+00,2.1651687687707000E-01,-6.8568840890896000E+00
2.27790E+02,7.2873233645463800E+00,2.2962664001889900E-01,-6.8441354301861800E+00
2.27800E+02,7.2991990338876200E+00,2.4315321119484000E-01,-6.8310006572668000E+00
2.27810E+02,7.3113537579428100E+00,2.5709997758322700E-01,-6.8174779667955000E+00
2.27820E+02,7.3237831861208300E+00,2.7147039444441600E-01,-6.8035655113795900E+00
2.27830E+02,7.3364828276502100E+00,2.8626798286478200E-01,-6.7892614002982600E+00
2.27840E+02,7.3494480499251500E+00,3.0149632742446400E-01,-6.7745637000474600E+00
2.27850E+02,7.3626740768288900E+00,3.1715907378778100E-01,-6.7594704349013700E+00
2.27860E+02,7.3761559870362700E+00,3.3325992621522700E-01,-6.7439795874904400E+00
2.27870E+02,7.3898887122972100E+00,3.4980264499594500E-01,-6.7280890993963400E+00
2.27880E+02,7.4038670357029600E+00,3.6679104379957700E-01,-6.7117968717638600E+00
2.27890E+02,7.4180855899372200E+00,3.8422898694638100E-01,-6.6951007659299400E+00
2.27900E+02,7.4325388555138500E+00,4.0212038659450700E-01,-6.6779986040700700E+00
2.27910E+02,7.4472211590034500E+00,4.2046919984332000E-01,-6.6604881698622000E+00
2.27920E+02,7.4621266712508700E+00,4.3927942575165700E-01,-6.6425672091682600E+00
2.27930E+02,7.4772494055857700E+00,4.5855510226992000E-01,-6.6242334307336400E+00
2.27940E+02,7.4925832160285300E+00,4.7830030308489000E-01,-6.6054845069045700E+00
2.27950E+02,7.5081217954937900E+00,4.9851913437619200E-01,-6.5863180743638400E+00
2.27960E+02,7.5238586739941100E+00,5.1921573148330000E-01,-6.5667317348848300E+00
2.27970E+02,7.5397872168460700E+00,5.4039425548203200E-01,-6.5467230561042100E+00
2.27980E+02,7.5559006228812900E+00,5.6205888966947200E-01,-6.5262895723133000E+00
2.27990E+02,7.5721919226652500E+00,5.8421383595627100E-01,-6.5054287852685100E+00
2.28000E+02,7.5886539767261400E+00,6.0686331116531900E-01,-6.4841381650208400E+00
2.28010E+02,7.6052794737968400E+00,6.3001154323577600E-01,-6.4624151507647600E+00
2.28020E+02,7.6220609290726300E+00,6.5366276733149500E-01,-6.4402571517066600E+00
2.28030E+02,7.6389906824875700E+00,6.7782122185288600E-01,-6.4176615479529400E+00
2.28040E+02,7.6560608970124500E+00,7.0249114435129700E-01,-6.3946256914181200E+00
2.28050E+02,7.6732442059126100E+00,7.2767493223013300E-01,-6.3711704222562000E+00
2.28060E+02,7.6904933662758600E+00,7.5337280195340000E-01,-6.3473412705276500E+00
2.28070E+02,7.7077653954520400E+00,7.7958490262588900E-01,-6.3231795789989600E+00
2.28080E+02,7.7250211579037700E+00,8.0631131981795400E-01,-6.2987228995624300E+00
2.28090E+02,7.7422249898409000E+00,8.3355207861756600E-01,-6.2740053505647500E+00
2.28100E+02,7.7593443584615900E+00,8.6130714599692200E-01,-6.2490579391668800E+00
2.28110E+02,7.7763495528373600E+00,8.8957643257301000E-01,-6.2239088523769900E+00
2.28120E+02,7.7932134036903400E+00,9.1835979383411300E-01,-6.1985837199807100E+00
2.28130E+02,7.8099110295162100E+00,9.4765703089732000E-01,-6.1731058522296300E+00
2.28140E+02,7.8264196067028600E+00,9.7746789085564900E-01,-6.1474964548312700E+00
2.28150E+02,7.8427181614823800E+00,1.0077920667674800E+00,-6.1217748235062300E+00
2.28160E+02,7.8587873817304500E+00,1.0386291973354500E+00,-6.0959585201341700E+00
2.28170E+02,7.8746094467933600E+00,1.0699788663170000E+00,-6.0700635322958200E+00
2.28180E+02,7.8901678736780300E+00,1.1018406017039900E+00,-6.0441044178286200E+00
2.28190E+02,7.9054473780841400E+00,1.1342138747049200E+00,-6.0180944358467100E+00
2.28200E+02,7.9204337488913900E+00,1.1670980985590700E+00,-5.9920456655270800E+00
2.28210E+02,7.9351137348379900E+00,1.2004926272087100E+00,-5.9659691138324500E+00
2.28220E+02,7.9494749422402800E+00,1.2343967538523600E+00,-5.9398748132239600E+00
2.28230E+02,7.9635057427075500E+00,1.2688097093990500E+00,-5.9137719103122600E+00
2.28240E+02,7.9771951899020900E+00,1.3037306608413100E+00,-5.8876687463023000E+00
2.28250E+02,7.9905329444820100E+00,1.3391587095621700E+00,-5.8615729300036100E+00
2.28260E+02,8.0035092064444500E+00,1.3750928895893100E+00,-5.8354914041029600E+00
2.28270E+02,8.0161146541600400E+00,1.4115321658080500E+00,-5.8094305053292200E+00
2.28280E+02,8.0283403894559300E+00,1.4484754321427700E+00,-5.7833960190799000E+00
2.28290E+02,8.0401778881655700E+00,1.4859215097154400E+00,-5.7573932290245800E+00
2.28300E+02,8.0516189556184300E+00,1.5238691449881900E+00,-5.7314269621516300E+00
2.28310E+02,8.0626556865931000E+00,1.5623170078961100E+00,-5.7055016296804500E+00
2.28320E+02,8.0732804293027800E+00,1.6012636899753300E+00,-5.6796212642220200E+00
2.28330E+02,8.0834857530235200E+00,1.6407077024904900E+00,-5.6537895535343200E+00
2.28340E+02,8.0932644190128300E+00,1.6806474745651400E+00,-5.6280098711870100E+00
2.28350E+02,8.1026093544006200E+00,1.7210813513178700E+00,-5.6022853044204300E+00
2.28360E+02,8.1115136287648500E+00,1.7620075920063700E+00,-5.5766186794574500E+00
2.28370E+02,8.1199704331323800E+00,1.8034243681811800E+00,-5.5510125845025800E+00
2.28380E+02,8.1279730611705900E+00,1.8453297618505400E+00,-5.5254693906412700E+00
2.28390E+02,8.1355148923581400E+00,1.8877217636571800E+00,-5.4999912708324900E+00
2.28400E+02,8.1425893769440700E+00,1.9305982710679000E+00,-5.4745802171698000E+00
2.28410E+02,8.1491900225227200E+00,1.9739570865762200E+00,-5.4492380565700500E+00
2.28420E+02,8.1553103820692600E+00,2.0177959159184800E+00,-5.4239664650342100E+00
2.28430E+02,8.1609440432954300E+00,2.0621123663032800E+00,-5.3987669806113800E+00
2.28440E+02,8.1660846191991600E+00,2.1069039446542900E+00,-5.3736410151850300E+00
2.28450E+02,8.1707257396940000E+00,2.1521680558662800E+00,-5.3485898651897500E+00
2.28460E+02,8.1748610442154900E+00,2.1979020010738800E+00,-5.3236147213564600E+00
2.28470E+02,8.1784841752119700E+00,2.2441029759330800E+00,-5.2987166775753700E+00
2.28480E+02,8.1815887724360900E+00,2.2907680689147100E+00,-5.2738967389576600E+00
2.28490E+02,8.1841684679618500E+00,2.3378942596098100E+00,-5.2491558291693100E+00
2.28500E+02,8.1862168818593600E+00,2.3854784170463900E+00,-5.2244947971039600E+00
2.28510E+02,8.1877276184661400E+00,2.4335172980169800E+00,-5.1999144229553100E+00
2.28520E+02,8.1886942631999000E+00,2.4820075454169400E+00,-5.1754154237442800E+00
2.28530E+02,8.1891103798632700E+00,2.5309456865927800E+00,-5.1509984583508400E+00
2.28540E+02,8.1889695083958000E+00,2.5803281317004200E+00,-5.1266641320959400E+00
2.28550E+02,8.1882651630329600E+00,2.6301511720728500E+00,-5.1024130009148000E+00
2.28560E+02,8.1869908308360000E+00,2.6804109785971300E+00,-5.0782455751591000E+00
2.28570E+02,8.1851399705601100E+00,2.7311036001002800E+00,-5.0541623230618800E+00
2.28580E+02,8.1827060118314400E+00,2.7822249617440300E+00,-5.0301636738962800E+00
2.28590E+02,8.1796823546067100E+00,2.8337708634281600E+00,-5.0062500208560300E+00
2.28600E+02,8.1760806984563800E+00,2.8856850451320300E+00,-4.9824217236832000E+00
2.28610E+02,8.1719167147816600E+00,2.9379037901447100E+00,-4.9586791110663000E+00
2.28620E+02,8.1672054691098500E+00,2.9903691944817800E+00,-4.9350224828298800E+00
2.28630E+02,8.1619614595913900E+00,3.0430286367891300E+00,-4.9114521119345000E+00
2.28640E+02,8.1561986508078700E+00,3.0958342965472300E+00,-4.8879682463045400E+00
2.28650E+02,8.1499305038631000E+00,3.1487427162432500E+00,-4.8645711104995200E+00
2.28660E+02,8.1431700035096500E+00,3.2017144035562000E+00,-4.8412609072431900E+00
2.28670E+02,8.1359296828900100E+00,3.2547134699472300E+00,-4.8180378188234400E+00
2.28680E+02,8.1282216463361900E+00,3.3077073023646300E+00,-4.7949020083746600E+00
2.28690E+02,8.1200575905655900E+00,3.3606662650638000E+00,-4.7718536210533600E+00
2.28700E+02,8.1114488245298100E+00,3.4135634288086500E+00,-4.7488927851167400E+00
2.28710E+02,8.1024062881093500E+00,3.4663743249637600E+00,-4.7260196129129500E+00
2.28720E+02,8.0929405697996100E+00,3.5190767222091100E+00,-4.7032342017910700E+00
2.28730E+02,8.0830619234969700E+00,3.5716504238118700E+00,-4.6805366349381100E+00
2.28740E+02,8.0727802844662600E+00,3.6240770835752800E+00,-4.6579269821495800E+00
2.28750E+02,8.0621052845510900E+00,3.6763400387534600E+00,-4.6354053005396700E+00
2.28760E+02,8.0510462666733600E+00,3.7284241583755800E+00,-4.6129716351963400E+00
2.28770E+02,8.0396122986579800E+00,3.7803157055630500E+00,-4.5906260197864600E+00
2.28780E+02,8.0278121864113800E+00,3.8320022125521100E+00,-4.5683684771152600E+00
2.28790E+02,8.0156544864773200E+00,3.8834723672507700E+00,-4.5461990196443700E+00
2.28800E+02,8.0031475179903300E+00,3.9347159102656200E+00,-4.5241176499719300E+00
2.28810E+02,7.9902993740451200E+00,3.9857235414310800E+00,-4.5021243612783400E+00
2.28820E+02,7.9771179324993000E+00,4.0364868349620300E+00,-4.4802191377404800E+00
2.28830E+02,7.9636108662261400E+00,4.0869981624309900E+00,-4.4584019549173000E+00
2.28840E+02,7.9497856528342500E+00,4.1372506228445500E+00,-4.4366727801093100E+00
2.28850E+02,7.9356495838711700E+00,4.1872379791598800E+00,-4.4150315726941400E+00
2.28860E+02,7.9212097735281900E+00,4.2369546006433800E+00,-4.3934782844402600E+00
2.28870E+02,7.9064731668640400E+00,4.2863954105278600E+00,-4.3720128598009000E+00
2.28880E+02,7.8914465475656700E+00,4.3355558384755200E+00,-4.3506352361896000E+00
2.28890E+02,7.8761365452643000E+00,4.3844317773990200E+00,-4.3293453442391800E+00
2.28900E+02,7.8605496424254300E+00,4.4330195442345400E+00,-4.3081431080454800E+00
2.28910E+02,7.8446921808313900E+00,4.4813158442983600E+00,-4.2870284453970100E+00
2.28920E+02,7.8285703676752700E+00,4.5293177388927100E+00,-4.2660012679918800E+00
2.28930E+02,7.8121902812847800E+00,4.5770226158574900E+00,-4.2450614816429200E+00
2.28940E+02,7.7955578764944800E+00,4.6244281627930400E+00,-4.2242089864720400E+00
2.28950E+02,7.7786789896845900E+00,4.6715323427043400E+00,-4.2034436770945900E+00
2.28960E+02,7.7615593435042200E+00,4.7183333718406100E+00,-4.1827654427946800E+00
2.28970E+02,7.7442045512964600E+00,4.7648296995251100E+00,-4.1621741676919600E+00
2.28980E+02,7.7266201212422900E+00,4.8110199897894200E+00,-4.1416697309008200E+00
2.28990E+02,7.7088114602396200E+00,4.8569031046435200E+00,-4.1212520066822200E+00
2.29000E+02,7.6907838775334800E+00,4.9024780888290400E+00,-4.1009208645890600E+00
2.29010E+02,7.6725425881125800E+00,4.9477441559172300E+00,-4.0806761696053900E+00
2.29020E+02,7.6540927158867800E+00,4.9927006756261200E+00,-4.0605177822798800E+00
2.29030E+02,7.6354392966596400E+00,5.0373471622434200E+00,-4.0404455588540700E+00
2.29040E+02,7.6165872809092700E+00,5.0816832640519200E+00,-4.0204593513857800E+00
2.29050E+02,7.5975415363903800E+00,5.1257087536642100E+00,-4.0005590078678700E+00
2.29060E+02,7.5783068505693700E+00,5.1694235191822200E+00,-3.9807443723427900E+00
2.29070E+02,7.5588879329041700E+00,5.2128275561049200E+00,-3.9610152850132500E+00
2.29080E+02,7.5392894169794600E+00,5.2559209599149000E+00,-3.9413715823490300E+00
2.29090E+02,7.5195158625075400E+00,5.2987039192808500E+00,-3.9218130971905200E+00
2.29100E+02,7.4995717572045100E+00,5.3411767098193100E+00,-3.9023396588487800E+00
2.29110E+02,7.4794615185507600E+00,5.3833396883638600E+00,-3.8829510932027700E+00
2.29120E+02,7.4591894954442500E+00,5.4251932876952400E+00,-3.8636472227935700E+00
2.29130E+02,7.4387599697545400E+00,5.4667380116901400E+00,-3.8444278669158700E+00
2.29140E+02,7.4181771577850700E+00,5.5079744308502700E+00,-3.8252928417070400E+00
2.29150E+02,7.3974452116505800E+00,5.5489031781771600E+00,-3.8062419602336100E+00
2.29160E+02,7.3765682205761500E+00,5.5895249453612100E+00,-3.7872750325755900E+00
2.29170E+02,7.3555502121240200E+00,5.6298404792566500E+00,-3.7683918659084900E+00
2.29180E+02,7.3343951533536400E+00,5.6698505786165800E+00,-3.7495922645833900E+00
2.29190E+02,7.3131069519204300E+00,5.7095560910647900E+00,-3.7308760302049500E+00
2.29200E+02,7.2916894571178300E+00,5.7489579102833300E+00,-3.7122429617075500E+00
2.29210E+02,7.2701464608673900E+00,5.7880569733965900E+00,-3.6936928554296600E+00
2.29220E+02,7.2484816986609600E+00,5.8268542585346900E+00,-3.6752255051864500E+00
2.29230E+02,7.2266988504588200E+00,5.8653507825603000E+00,-3.6568407023407600E+00
2.29240E+02,7.2048015415474200E+00,5.9035475989450000E+00,-3.6385382358725300E+00
2.29250E+02,7.1827933433599600E+00,5.9414457957819200E+00,-3.6203178924466000E+00
2.29260E+02,7.1606777742629000E+00,5.9790464939233200E+00,-3.6021794564791200E+00
2.29270E+02,7.1384583003111700E+00,6.0163508452324000E+00,-3.5841227102025600E+00
2.29280E+02,7.1161383359746400E+00,6.0533600309396900E+00,-3.5661474337292500E+00
2.29290E+02,7.0937212448383500E+00,6.0900752600955200E+00,-3.5482534051137200E+00
2.29300E+02,7.0712103402785600E+00,6.1264977681105900E+00,-3.5304404004136900E+00
2.29310E+02,7.0486088861166300E+00,6.1626288153774400E+00,-3.5127081937498100E+00
2.29320E+02,7.0259200972526700E+00,6.1984696859665300E+00,-3.4950565573642300E+00
2.29330E+02,7.0031471402806000E+00,6.2340216863908700E+00,-3.4774852616779900E+00
2.29340E+02,6.9802931340860400E+00,6.2692861444340400E+00,-3.4599940753472900E+00
2.29350E+02,6.9573611504286800E+00,6.3042644080365600E+00,-3.4425827653186300E+00
2.29360E+02,6.9343542145101800E+00,6.3389578442364900E+00,-3.4252510968828700E+00
2.29370E+02,6.9112753055289700E+00,6.3733678381599600E+00,-3.4079988337282800E+00
2.29380E+02,6.8881273572228800E+00,6.4074957920583000E+00,-3.3908257379925400E+00
2.29390E+02,6.8649132584006300E+00,6.4413431243882300E+00,-3.3737315703137300E+00
2.29400E+02,6.8416358534630800E+00,6.4749112689322800E+00,-3.3567160898804000E+00
2.29410E+02,6.8182979429150700E+00,6.5082016739566700E+00,-3.3397790544806300E+00
2.29420E+02,6.7949022838684700E+00,6.5412158014040100E+00,-3.3229202205501700E+00
2.29430E+02,6.7714515905372500E+00,6.5739551261188900E+00,-3.3061393432197300E+00
2.29440E+02,6.7479485347250100E+00,6.6064211351039300E+00,-3.2894361763612900E+00
2.29450E+02,6.7243957463057000E+00,6.6386153268046300E+00,-3.2728104726335900E+00
2.29460E+02,6.7007958136978400E+00,6.6705392104212500E+00,-3.2562619835268000E+00
2.29470E+02,6.6771512843327500E+00,6.7021943052461200E+00,-3.2397904594062300E+00
2.29480E+02,6.6534646651172700E+00,6.7335821400249500E+00,-3.2233956495554000E+00
2.29490E+02,6.6297384228911200E+00,6.7647042523408200E+00,-3.2070773022181500E+00
2.29500E+02,6.6059749848794700E+00,6.7955621880197200E+00,-3.1908351646400000E+00
2.29510E+02,6.5821767391407500E+00,6.8261575005562900E+00,-3.1746689831088300E+00
2.29520E+02,6.5583460350102000E+00,6.8564917505591500E+00,-3.1585785029946600E+00
2.29530E+02,6.5344851835391700E+00,6.8865665052144100E+00,-3.1425634687888000E+00
2.29540E+02,6.5105964579304800E+00,6.9163833377668500E+00,-3.1266236241421600E+00
2.29550E+02,6.4866820939700500E+00,6.9459438270178800E+00,-3.1107587119029800E+00
2.29560E+02,6.4627442904548400E+00,6.9752495568393600E+00,-3.0949684741537200E+00
2.29570E+02,6.4387852096173000E+00,7.0043021157029600E+00,-3.0792526522473200E+00
2.29580E+02,6.4148069775465600E+00,7.0331030962240200E+00,-3.0636109868427900E+00
2.29590E+02,6.3908116846061600E+00,7.0616540947196300E+00,-3.0480432179401000E+00
2.29600E+02,6.3668013858487800E+00,7.0899567107802900E+00,-3.0325490849144200E+00
2.29610E+02,6.3427781014278000E+00,7.1180125468545600E+00,-3.0171283265497200E+00
2.29620E+02,6.3187438170058000E+00,7.1458232078463200E+00,-3.0017806810717600E+00
2.29630E+02,6.2947004841601300E+00,7.1733903007242000E+00,-2.9865058861803600E+00
2.29640E+02,6.2706500207855300E+00,7.2007154341426900E+00,-2.9713036790812000E+00
2.29650E+02,6.2465943114938600E+00,7.2278002180746100E+00,-2.9561737965168700E+00
2.29660E+02,6.2225352080109700E+00,7.2546462634545400E+00,-2.9411159747974500E+00
2.29670E+02,6.1984745295707700E+00,7.2812551818328500E+00,-2.9261299498304000E+00
2.29680E+02,6.1744140633064000E+00,7.3076285850400900E+00,-2.9112154571499600E+00
2.29690E+02,6.1503555646387100E+00,7.3337680848612800E+00,-2.8963722319459400E+00
2.29700E+02,6.1263007576619000E+00,7.3596752927199300E+00,-2.8816000090919500E+00
2.29710E+02,6.1022513355263400E+00,7.3853518193715400E+00,-2.8668985231731300E+00
2.29720E+02,6.0782089608187000E+00,7.4107992746061200E+00,-2.8522675085132600E+00
2.29730E+02,6.0541752659392600E+00,7.4360192669597300E+00,-2.8377066992014300E+00
2.29740E+02,6.0301518534764300E+00,7.4610134034346400E+00,-2.8232158291181500E+00
2.29750E+02,6.0061402965784900E+00,7.4857832892278800E+00,-2.8087946319609100E+00
2.29760E+02,5.9821421393226100E+00,7.5103305274680800E+00,-2.7944428412693300E+00
2.29770E+02,5.9581588970810100E+00,7.5346567189602500E+00,-2.7801601904497000E+00
2.29780E+02,5.9341920568843400E+00,7.5587634619383400E+00,-2.7659464127991400E+00
2.29790E+02,5.9102430777822400E+00,7.5826523518255200E+00,-2.7518012415292100E+00
2.29800E+02,5.8863133912011600E+00,7.6063249810017100E+00,-2.7377244097890800E+00
2.29810E+02,5.8624044012992300E+00,7.6297829385784700E+00,-2.7237156506882200E+00
2.29820E+02,5.8385174853184400E+00,7.6530278101809000E+00,-2.7097746973186300E+00
2.29830E+02,5.8146539939338200E+00,7.6760611777364300E+00,-2.6959012827766700E+00
2.29840E+02,5.7908152515999300E+00,7.6988846192703100E+00,-2.6820951401843600E+00
2.29850E+02,5.7670025568943400E+00,7.7214997087077300E+00,-2.6683560027103400E+00
2.29860E+02,5.7432171828583600E+00,7.7439080156823100E+00,-2.6546836035903500E+00
2.29870E+02,5.7194603773348100E+00,7.7661111053508300E+00,-2.6410776761472500E+00
2.29880E+02,5.6957333633029100E+00,7.7881105382141200E+00,-2.6275379538107600E+00
2.29890E+02,5.6720373392103300E+00,7.8099078699438800E+00,-2.6140641701366300E+00
2.29900E+02,5.6483734793022700E+00,7.8315046512154100E+00,-2.6006560588255300E+00
2.29910E+02,5.6247429339476600E+00,7.8529024275459200E+00,-2.5873133537415000E+00
2.29920E+02,5.6011468299624400E+00,7.8741027391385300E+00,-2.5740357889300000E+00
2.29930E+02,5.5775862709299500E+00,7.8951071207316600E+00,-2.5608230986356100E+00
2.29940E+02,5.5540623375183100E+00,7.9159171014537200E+00,-2.5476750173193300E+00
2.29950E+02,5.5305760877949400E+00,7.9365342046830000E+00,-2.5345912796755400E+00
2.29960E+02,5.5071285575381600E+00,7.9569599479127100E+00,-2.5215716206485800E+00
2.29970E+02,5.4837207605458000E+00,7.9771958426208600E+00,-2.5086157754489400E+00
2.29980E+02,5.4603536889408700E+00,7.9972433941450500E+00,-2.4957234795691900E+00
2.29990E+02,5.4370283134743800E+00,8.0171041015620300E+00,-2.4828944687994500E+00
2.30000E+02,5.4137455838251100E+00,8.0367794575718200E+00,-2.4701284792426200E+00
2.30010E+02,5.3905064288965200E+00,8.0562709483863500E+00,-2.4574252473292200E+00
2.30020E+02,5.3673117571107000E+00,8.0755800536225800E+00,-2.4447845098319200E+00
2.30030E+02,5.3441624566993800E+00,8.0947082461998500E+00,-2.4322060038797500E+00
2.30040E+02,5.3210593959920100E+00,8.1136569922415200E+00,-2.4196894669719800E+00
2.30050E+02,5.2980034237009600E+00,8.1324277509806400E+00,-2.4072346369917000E+00
2.30060E+02,5.2749953692037300E+00,8.1510219746697200E+00,-2.3948412522191000E+00
2.30070E+02,5.2520360428222800E+00,8.1694411084943500E+00,-2.3825090513444100E+00
2.30080E+02,5.2291262360994800E+00,8.1876865904907200E+00,-2.3702377734806100E+00
2.30090E+02,5.2062667220726000E+00,8.2057598514668200E+00,-2.3580271581757600E+00
2.30100E+02,5.1834582555439400E+00,8.2236623149273300E+00,-2.3458769454251400E+00
2.30110E+02,5.1607015733485900E+00,8.2413953970020600E+00,-2.3337868756830300E+00
2.30120E+02,5.1379973946192500E+00,8.2589605063778800E+00,-2.3217566898742800E+00
2.30130E+02,5.1153464210482700E+00,8.2763590442340300E+00,-2.3097861294055000E+00
2.30140E+02,5.0927493371467600E+00,8.2935924041807400E+00,-2.2978749361761500E+00
2.30150E+02,5.0702068105009200E+00,8.3106619722011300E+00,-2.2860228525891600E+00
2.30160E+02,5.0477194920254300E+00,8.3275691265962200E+00,-2.2742296215615200E+00
2.30170E+02,5.0252880162141500E+00,8.3443152379330100E+00,-2.2624949865343700E+00
2.30180E+02,5.0029130013879200E+00,8.3609016689956300E+00,-2.2508186914830800E+00
2.30190E+02,4.9805950499395800E+00,8.3773297747393100E+00,-2.2392004809268900E+00
2.30200E+02,4.9583347485762300E+00,8.3936009022473500E+00,-2.2276400999384100E+00
2.30210E+02,4.9361326685587000E+00,8.4097163906907100E+00,-2.2161372941528900E+00
2.30220E+02,4.9139893659382500E+00,8.4256775712904500E+00,-2.2046918097771800E+00
2.30230E+02,4.8919053817905700E+00,8.4414857672827600E+00,-2.1933033935985200E+00
2.30240E+02,4.8698812424470500E+00,8.4571422938865400E+00,-2.1819717929931300E+00
2.30250E+02,4.8479174597232800E+00,8.4726484582735700E+00,-2.1706967559344700E+00
2.30260E+02,4.8260145311449300E+00,8.4880055595410600E+00,-2.1594780310013900E+00
2.30270E+02,4.8041729401709300E+00,8.5032148886866300E+00,-2.1483153673860500E+00
2.30280E+02,4.7823931564139700E+00,8.5182777285855600E+00,-2.1372085149015600E+00
2.30290E+02,4.7606756358583700E+00,8.5331953539703800E+00,-2.1261572239894600E+00
2.30300E+02,4.7390208210753500E+00,8.5479690314125800E+00,-2.1151612457270400E+00
2.30310E+02,4.7174291414356400E+00,8.5626000193065400E+00,-2.1042203318343700E+00
2.30320E+02,4.6959010133195700E+00,8.5770895678555000E+00,-2.0933342346812000E+00
2.30330E+02,4.6744368403245100E+00,8.5914389190595600E+00,-2.0825027072936500E+00
2.30340E+02,4.6530370134698100E+00,8.6056493067057200E+00,-2.0717255033606900E+00
2.30350E+02,4.6317019113992300E+00,8.6197219563597100E+00,-2.0610023772404500E+00
2.30360E+02,4.6104319005807600E+00,8.6336580853598800E+00,-2.0503330839663800E+00
2.30370E+02,4.5892273355040400E+00,8.6474589028127100E+00,-2.0397173792531600E+00
2.30380E+02,4.5680885588752900E+00,8.6611256095902700E+00,-2.0291550195024800E+00
2.30390E+02,4.5470159018097000E+00,8.6746593983292100E+00,-2.0186457618086600E+00
2.30400E+02,4.5260096840215200E+00,8.6880614534316500E+00,-2.0081893639640500E+00
2.30410E+02,4.5050702140116200E+00,8.7013329510674200E+00,-1.9977855844642900E+00
2.30420E+02,4.4841977892526900E+00,8.7144750591781600E+00,-1.9874341825134300E+00
2.30430E+02,4.4633926963720900E+00,8.7274889374827100E+00,-1.9771349180288500E+00
2.30440E+02,4.4426552113323200E+00,8.7403757374841400E+00,-1.9668875516460100E+00
2.30450E+02,4.4219855996091400E+00,8.7531366024781700E+00,-1.9566918447231300E+00
2.30460E+02,4.4013841163674300E+00,8.7657726675629700E+00,-1.9465475593455900E+00
2.30470E+02,4.3808510066346800E+00,8.7782850596503400E+00,-1.9364544583302900E+00
2.30480E+02,4.3603865054722700E+00,8.7906748974782500E+00,-1.9264123052298100E+00
2.30490E+02,4.3399908381444800E+00,8.8029432916245600E+00,-1.9164208643364100E+00
2.30500E+02,4.3196642202852200E+00,8.8150913445220700E+00,-1.9064799006859600E+00
2.30510E+02,4.2994068580626800E+00,8.8271201504747000E+00,-1.8965891800616300E+00
2.30520E+02,4.2792189483416000E+00,8.8390307956749100E+00,-1.8867484689975300E+00
2.30530E+02,4.2591006788435300E+00,8.8508243582221700E+00,-1.8769575347821600E+00
2.30540E+02,4.2390522283048800E+00,8.8625019081425400E+00,-1.8672161454617600E+00
2.30550E+02,4.2190737666328600E+00,8.8740645074093400E+00,-1.8575240698435200E+00
2.30560E+02,4.1991654550592400E+00,8.8855132099648200E+00,-1.8478810774986700E+00
2.30570E+02,4.1793274462921800E+00,8.8968490617427700E+00,-1.8382869387653800E+00
2.30580E+02,4.1595598846658100E+00,8.9080731006921900E+00,-1.8287414247516900E+00
2.30590E+02,4.1398629062879400E+00,8.9191863568017600E+00,-1.8192443073381300E+00
2.30600E+02,4.1202366391856000E+00,8.9301898521252900E+00,-1.8097953591803700E+00
2.30610E+02,4.1006812034486800E+00,8.9410846008079700E+00,-1.8003943537116900E+00
2.30620E+02,4.0811967113715400E+00,8.9518716091135300E+00,-1.7910410651453300E+00
2.30630E+02,4.0617832675926900E+00,8.9625518754520900E+00,-1.7817352684767600E+00
2.30640E+02,4.0424409692324900E+00,8.9731263904088800E+00,-1.7724767394858100E+00
2.30650E+02,4.0231699060289600E+00,8.9835961367736200E+00,-1.7632652547387000E+00
2.30660E+02,4.0039701604717000E+00,8.9939620895707300E+00,-1.7541005915900200E+00
2.30670E+02,3.9848418079339100E+00,9.0042252160900900E+00,-1.7449825281844900E+00
2.30680E+02,3.9657849168025500E+00,9.0143864759185700E+00,-1.7359108434587300E+00
2.30690E+02,3.9467995486066900E+00,9.0244468209721400E+00,-1.7268853171428700E+00
2.30700E+02,3.9278857581440000E+00,9.0344071955286500E+00,-1.7179057297620800E+00
2.30710E+02,3.9090435936055200E+00,9.0442685362611300E+00,-1.7089718626380200E+00
2.30720E+02,3.8902730966985300E+00,9.0540317722716800E+00,-1.7000834978901300E+00
2.30730E+02,3.8715743027678100E+00,9.0636978251259500E+00,-1.6912404184369500E+00
2.30740E+02,3.8529472409150200E+00,9.0732676088880800E+00,-1.6824424079972100E+00
2.30750E+02,3.8343919341164900E+00,9.0827420301561400E+00,-1.6736892510909400E+00
2.30760E+02,3.8159083993392200E+00,9.0921219880980600E+00,-1.6649807330404200E+00
2.30770E+02,3.7974966476552400E+00,9.1014083744880800E+00,-1.6563166399711100E+00
2.30780E+02,3.7791566843543200E+00,9.1106020737434700E+00,-1.6476967588124200E+00
2.30790E+02,3.7608885090550100E+00,9.1197039629618500E+00,-1.6391208772984700E+00
2.30800E+02,3.7426921158140900E+00,9.1287149119587500E+00,-1.6305887839687500E+00
2.30810E+02,3.7245674932344100E+00,9.1376357833056800E+00,-1.6221002681686500E+00
2.30820E+02,3.7065146245711200E+00,9.1464674323684400E+00,-1.6136551200500000E+00
2.30830E+02,3.6885334878364000E+00,9.1552107073458300E+00,-1.6052531305714300E+00
2.30840E+02,3.6706240559025800E+00,9.1638664493086800E+00,-1.5968940914988000E+00
2.30850E+02,3.6527862966037500E+00,9.1724354922391600E+00,-1.5885777954053800E+00
2.30860E+02,3.6350201728359100E+00,9.1809186630703900E+00,-1.5803040356721200E+00
2.30870E+02,3.6173256426555600E+00,9.1893167817263300E+00,-1.5720726064877300E+00
2.30880E+02,3.5997026593768600E+00,9.1976306611619100E+00,-1.5638833028488000E+00
2.30890E+02,3.5821511716673600E+00,9.2058611074033800E+00,-1.5557359205597200E+00
2.30900E+02,3.5646711236422000E+00,9.2140089195889300E+00,-1.5476302562326900E+00
2.30910E+02,3.5472624549570100E+00,9.2220748900094900E+00,-1.5395661072875300E+00
2.30920E+02,3.5299251008993400E+00,9.2300598041497300E+00,-1.5315432719515100E+00
2.30930E+02,3.5126589924787200E+00,9.2379644407292100E+00,-1.5235615492590800E+00
2.30940E+02,3.4954640565153400E+00,9.2457895717437700E+00,-1.5156207390515600E+00
2.30950E+02,3.4783402157274500E+00,9.2535359625069800E+00,-1.5077206419767600E+00
2.30960E+02,3.4612873888173100E+00,9.2612043716918300E+00,-1.4998610594885400E+00
2.30970E+02,3.4443054905559700E+00,9.2687955513724500E+00,-1.4920417938463100E+00
2.30980E+02,3.4273944318665800E+00,9.2763102470660000E+00,-1.4842626481145300E+00
2.30990E+02,3.4105541199066300E+00,9.2837491977747000E+00,-1.4765234261620400E+00
2.31000E+02,3.3937844581487100E+00,9.2911131360278300E+00,-1.4688239326614600E+00
2.31010E+02,3.3770853464601700E+00,9.2984027879239600E+00,-1.4611639730884600E+00
2.31020E+02,3.3604566811814900E+00,9.3056188731731300E+00,-1.4535433537210100E+00
2.31030E+02,3.3438983552034600E+00,9.3127621051391400E+00,-1.4459618816385500E+00
2.31040E+02,3.3274102580431100E+00,9.3198331908819200E+00,-1.4384193647212000E+00
2.31050E+02,3.3109922759185100E+00,9.3268328311998600E+00,-1.4309156116487900E+00
2.31060E+02,3.2946442918223500E+00,9.3337617206722200E+00,-1.4234504318999200E+00
2.31070E+02,3.2783661855944500E+00,9.3406205477015900E+00,-1.4160236357510300E+00
2.31080E+02,3.2621578339930300E+00,9.3474099945562500E+00,-1.4086350342752600E+00
2.31090E+02,3.2460191107648800E+00,9.3541307374126700E+00,-1.4012844393414600E+00
2.31100E+02,3.2299498867145000E+00,9.3607834463978800E+00,-1.3939716636130300E+00
2.31110E+02,3.2139500297720600E+00,9.3673687856319300E+00,-1.3866965205467300E+00
2.31120E+02,3.1980194050603000E+00,9.3738874132702200E+00,-1.3794588243915100E+00
2.31130E+02,3.1821578749603800E+00,9.3803399815458700E+00,-1.3722583901872500E+00
2.31140E+02,3.1663652991766800E+00,9.3867271368120500E+00,-1.3650950337634900E+00
2.31150E+02,3.1506415348005300E+00,9.3930495195842100E+00,-1.3579685717380900E+00
2.31160E+02,3.1349864363729900E+00,9.3993077645823000E+00,-1.3508788215158500E+00
2.31170E+02,3.1193998559465100E+00,9.4055025007729300E+00,-1.3438256012871900E+00
2.31180E+02,3.1038816431457100E+00,9.4116343514114200E+00,-1.3368087300266300E+00
2.31190E+02,3.0884316452271200E+00,9.4177039340838100E+00,-1.3298280274914000E+00
2.31200E+02,3.0730497071379300E+00,9.4237118607488100E+00,-1.3228833142198900E+00
2.31210E+02,3.0577356715738300E+00,9.4296587377795700E+00,-1.3159744115301500E+00
2.31220E+02,3.0424893790359000E+00,9.4355451660054600E+00,-1.3091011415183200E+00
2.31230E+02,3.0273106678865600E+00,9.4413717407536900E+00,-1.3022633270570300E+00
2.31240E+02,3.0121993744046000E+00,9.4471390518908600E+00,-1.2954607917937800E+00
2.31250E+02,2.9971553328393100E+00,9.4528476838643600E+00,-1.2886933601492900E+00
2.31260E+02,2.9821783754637300E+00,9.4584982157436800E+00,-1.2819608573158300E+00
2.31270E+02,2.9672683326270200E+00,9.4640912212615900E+00,-1.2752631092554700E+00
2.31280E+02,2.9524250328059400E+00,9.4696272688552100E+00,-1.2685999426983900E+00
2.31290E+02,2.9376483026555300E+00,9.4751069217069200E+00,-1.2619711851410900E+00
2.31300E+02,2.9229379670588500E+00,9.4805307377851600E+00,-1.2553766648445900E+00
2.31310E+02,2.9082938491760100E+00,9.4858992698850800E+00,-1.2488162108326600E+00
2.31320E+02,2.8937157704923200E+00,9.4912130656690300E+00,-1.2422896528899300E+00
2.31330E+02,2.8792035508655800E+00,9.4964726677069400E+00,-1.2357968215600400E+00
2.31340E+02,2.8647570085726900E+00,9.5016786135165200E+00,-1.2293375481437600E+00
2.31350E+02,2.8503759603554100E+00,9.5068314356033200E+00,-1.2229116646971100E+00
2.31360E+02,2.8360602214653100E+00,9.5119316615005900E+00,-1.2165190040293400E+00
2.31370E+02,2.8218096057080600E+00,9.5169798138090300E+00,-1.2101593997010900E+00
2.31380E+02,2.8076239254868400E+00,9.5219764102363700E+00,-1.2038326860223200E+00
2.31390E+02,2.7935029918451700E+00,9.5269219636367200E+00,-1.1975386980503800E+00
2.31400E+02,2.7794466145088400E+00,9.5318169820498100E+00,-1.1912772715879400E+00
2.31410E+02,2.7654546019272400E+00,9.5366619687400500E+00,-1.1850482431810200E+00
2.31420E+02,2.7515267613139300E+00,9.5414574222353600E+00,-1.1788514501168800E+00
2.31430E+02,2.7376628986865300E+00,9.5462038363659100E+00,-1.1726867304220000E+00
2.31440E+02,2.7238628189059200E+00,9.5509017003025300E+00,-1.1665539228599300E+00
2.31450E+02,2.7101263257147300E+00,9.5555514985951200E+00,-1.1604528669292600E+00
2.31460E+02,2.6964532217752300E+00,9.5601537112107000E+00,-1.1543834028614500E+00
2.31470E+02,2.6828433087064600E+00,9.5647088135714100E+00,-1.1483453716187000E+00
2.31480E+02,2.6692963871208500E+00,9.5692172765921900E+00,-1.1423386148918200E+00
2.31490E+02,2.6558122566600200E+00,9.5736795667183500E+00,-1.1363629750980200E+00
2.31500E+02,2.6423907160301600E+00,9.5780961459629500E+00,-1.1304182953787800E+00
2.31510E+02,2.6290315630365800E+00,9.5824674719438800E+00,-1.1245044195976300E+00
2.31520E+02,2.6157345946178000E+00,9.5867939979208800E+00,-1.1186211923379200E+00
2.31530E+02,2.6024996068789700E+00,9.5910761728322400E+00,-1.1127684589006600E+00
2.31540E+02,2.5893263951247300E+00,9.5953144413313600E+00,-1.1069460653022000E+00
2.31550E+02,2.5762147538914100E+00,9.5995092438230700E+00,-1.1011538582720600E+00
2.31560E+02,2.5631644769787700E+00,9.6036610164997800E+00,-1.0953916852506400E+00
2.31570E+02,2.5501753574810700E+00,9.6077701913774100E+00,-1.0896593943869300E+00
2.31580E+02,2.5372471878176400E+00,9.6118371963310600E+00,-1.0839568345362900E+00
2.31590E+02,2.5243797597628700E+00,9.6158624551305400E+00,-1.0782838552580800E+00
2.31600E+02,2.5115728644756600E+00,9.6198463874756600E+00,-1.0726403068134300E+00
2.31610E+02,2.4988262925283600E+00,9.6237894090313000E+00,-1.0670260401628800E+00
2.31620E+02,2.4861398339351600E+00,9.6276919314622800E+00,-1.0614409069640900E+00
2.31630E+02,2.4735132781799600E+00,9.6315543624679800E+00,-1.0558847595695100E+00
2.31640E+02,2.4609464142437200E+00,9.6353771058168300E+00,-1.0503574510240300E+00
2.31650E+02,2.4484390306313500E+00,9.6391605613804500E+00,-1.0448588350626200E+00
2.31660E+02,2.4359909153980800E+00,9.6429051251677400E+00,-1.0393887661080300E+00
2.31670E+02,2.4236018561753200E+00,9.6466111893585700E+00,-1.0339470992683600E+00
2.31680E+02,2.4112716401960300E+00,9.6502791423374100E+00,-1.0285336903347700E+00
2.31690E+02,2.3990000543197400E+00,9.6539093687266600E+00,-1.0231483957790300E+00
2.31700E+02,2.3867868850568800E+00,9.6575022494197900E+00,-1.0177910727511900E+00
2.31710E+02,2.3746319185928900E+00,9.6610581616141900E+00,-1.0124615790771800E+00
2.31720E+02,2.3625349408117100E+00,9.6645774788439500E+00,-1.0071597732564000E+00
2.31730E+02,2.3504957373189000E+00,9.6680605710122600E+00,-1.0018855144593600E+00
2.31740E+02,2.3385140934642900E+00,9.6715078044237000E+00,-9.9663866252524100E-01
2.31750E+02,2.3265897943642400E+00,9.6749195418162500E+00,-9.9141907795949100E-01
2.31760E+02,2.3147226249234200E+00,9.6782961423931000E+00,-9.8622662193143600E-01
2.31770E+02,2.3029123698562200E+00,9.6816379618542600E+00,-9.8106115627184700E-01
2.31780E+02,2.2911588137077100E+00,9.6849453524279300E+00,-9.7592254347052100E-01
2.31790E+02,2.2794617408742500E+00,9.6882186629016100E+00,-9.7081064667385500E-01
2.31800E+02,2.2678209356235900E+00,9.6914582386530900E+00,-9.6572532968242200E-01
2.31810E+02,2.2562361821147600E+00,9.6946644216811300E+00,-9.6066645694854100E-01
2.31820E+02,2.2447072644173500E+00,9.6978375506359500E+00,-9.5563389357383800E-01
2.31830E+02,2.2332339665306100E+00,9.7009779608495100E+00,-9.5062750530681400E-01
2.31840E+02,2.2218160724020400E+00,9.7040859843655700E+00,-9.4564715854040600E-01
2.31850E+02,2.2104533659456800E+00,9.7071619499695100E+00,-9.4069272030954300E-01
2.31860E+02,2.1991456310600300E+00,9.7102061832179700E+00,-9.3576405828870800E-01
2.31870E+02,2.1878926516455600E+00,9.7132190064682200E+00,-9.3086104078948900E-01
2.31880E+02,2.1766942116219400E+00,9.7162007389073700E+00,-9.2598353675813600E-01
2.31890E+02,2.1655500949448800E+00,9.7191516965813300E+00,-9.2113141577311600E-01
2.31900E+02,2.1544600856226600E+00,9.7220721924235300E+00,-9.1630454804265800E-01
2.31910E+02,2.1434239677322600E+00,9.7249625362834900E+00,-9.1150280440231200E-01
2.31920E+02,2.1324415254352700E+00,9.7278230349551000E+00,-9.0672605631249600E-01
2.31930E+02,2.1215125429933600E+00,9.7306539922047600E+00,-9.0197417585604800E-01
2.31940E+02,2.1106368047835100E+00,9.7334557087992400E+00,-8.9724703573577600E-01
2.31950E+02,2.0998140953128600E+00,9.7362284825333500E+00,-8.9254450927200500E-01
2.31960E+02,2.0890441992333400E+00,9.7389726082574300E+00,-8.8786647040013600E-01
2.31970E+02,2.0783269013559100E+00,9.7416883779045700E+00,-8.8321279366819000E-01
2.31980E+02,2.0676619866645400E+00,9.7443760805176500E+00,-8.7858335423436300E-01
2.31990E+02,2.0570492403298900E+00,9.7470360022761800E+00,-8.7397802786457800E-01
2.32000E+02,2.0464884477227000E+00,9.7496684265228800E+00,-8.6939669093004000E-01
2.32010E+02,2.0359793944268900E+00,9.7522736337901500E+00,-8.6483922040479100E-01
2.32020E+02,2.0255218662523900E+00,9.7548519018261800E+00,-8.6030549386326500E-01
2.32030E+02,2.0151156492476700E+00,9.7574035056210200E+00,-8.5579538947784900E-01
2.32040E+02,2.0047605297120500E+00,9.7599287174323000E+00,-8.5130878601644000E-01
2.32050E+02,1.9944562942076600E+00,9.7624278068108400E+00,-8.4684556284000900E-01
2.32060E+02,1.9842027295712100E+00,9.7649010406260000E+00,-8.4240559990016200E-01
2.32070E+02,1.9739996229254800E+00,9.7673486830908800E+00,-8.3798877773670900E-01
2.32080E+02,1.9638467616905600E+00,9.7697709957872300E+00,-8.3359497747523400E-01
2.32090E+02,1.9537439335947900E+00,9.7721682376902300E+00,-8.2922408082465800E-01
2.32100E+02,1.9436909266855500E+00,9.7745406651930800E+00,-8.2487597007482400E-01
2.32110E+02,1.9336875293396900E+00,9.7768885321313000E+00,-8.2055052809406300E-01
2.32120E+02,1.9237335302738600E+00,9.7792120898069200E+00,-8.1624763832677900E-01
2.32130E+02,1.9138287185544400E+00,9.7815115870124400E+00,-8.1196718479103300E-01
2.32140E+02,1.9039728836074300E+00,9.7837872700545600E+00,-8.0770905207612200E-01
2.32150E+02,1.8941658152279300E+00,9.7860393827777800E+00,-8.0347312534017600E-01
2.32160E+02,1.8844073035895100E+00,9.7882681665877500E+00,-7.9925929030774300E-01
2.32170E+02,1.8746971392533700E+00,9.7904738604744100E+00,-7.9506743326739300E-01
2.32180E+02,1.8650351131771600E+00,9.7926567010350200E+00,-7.9089744106931000E-01
2.32190E+02,1.8554210167237800E+00,9.7948169224969200E+00,-7.8674920112290200E-01
2.32200E+02,1.8458546416697500E+00,9.7969547567401100E+00,-7.8262260139440500E-01
2.32210E+02,1.8363357802136100E+00,9.7990704333196800E+00,-7.7851753040449600E-01
2.32220E+02,1.8268642249839100E+00,9.8011641794879900E+00,-7.7443387722590800E-01
2.32230E+02,1.8174397690471100E+00,9.8032362202167300E+00,-7.7037153148105400E-01
2.32240E+02,1.8080622059153100E+00,9.8052867782187300E+00,-7.6633038333964500E-01
2.32250E+02,1.7987313295536900E+00,9.8073160739695900E+00,-7.6231032351632600E-01
2.32260E+02,1.7894469343878700E+00,9.8093243257292000E+00,-7.5831124326830600E-01
2.32270E+02,1.7802088153109600E+00,9.8113117495629700E+00,-7.5433303439299400E-01
2.32280E+02,1.7710167676905800E+00,9.8132785593629600E+00,-7.5037558922564900E-01
2.32290E+02,1.7618705873755700E+00,9.8152249668687800E+00,-7.4643880063702300E-01
2.32300E+02,1.7527700707026000E+00,9.8171511816882900E+00,-7.4252256203101600E-01
2.32310E+02,1.7437150145025700E+00,9.8190574113182300E+00,-7.3862676734233200E-01
2.32320E+02,1.7347052161068500E+00,9.8209438611645200E+00,-7.3475131103414700E-01
2.32330E+02,1.7257404733533800E+00,9.8228107345624900E+00,-7.3089608809577200E-01
2.32340E+02,1.7168205845925400E+00,9.8246582327969200E+00,-7.2706099404033000E-01
2.32350E+02,1.7079453486929500E+00,9.8264865551218200E+00,-7.2324592490243600E-01
2.32360E+02,1.6991145650470400E+00,9.8282958987801900E+00,-7.1945077723588000E-01
2.32370E+02,1.6903280335764700E+00,9.8300864590234400E+00,-7.1567544811131800E-01
2.32380E+02,1.6815855547374500E+00,9.8318584291307500E+00,-7.1191983511396600E-01
2.32390E+02,1.6728869295258300E+00,9.8336120004282400E+00,-7.0818383634130800E-01
2.32400E+02,1.6642319594821400E+00,9.8353473623079200E+00,-7.0446735040079400E-01
2.32410E+02,1.6556204466963800E+00,9.8370647022465200E+00,-7.0077027640756200E-01
2.32420E+02,1.6470521938127600E+00,9.8387642058241400E+00,-6.9709251398215100E-01
2.32430E+02,1.6385270040342100E+00,9.8404460567427700E+00,-6.9343396324823000E-01
2.32440E+02,1.6300446811268600E+00,9.8421104368445300E+00,-6.8979452483032800E-01
2.32450E+02,1.6216050294242700E+00,9.8437575261298800E+00,-6.8617409985157000E-01
2.32460E+02,1.6132078538316200E+00,9.8453875027756100E+00,-6.8257258993142100E-01
2.32470E+02,1.6048529598297100E+00,9.8470005431526400E+00,-6.7898989718343900E-01
2.32480E+02,1.5965401534788800E+00,9.8485968218437300E+00,-6.7542592421302500E-01
2.32490E+02,1.5882692414227300E+00,9.8501765116609400E+00,-6.7188057411518900E-01
2.32500E+02,1.5800400308918100E+00,9.8517397836630200E+00,-6.6835375047231900E-01
2.32510E+02,1.5718523297071500E+00,9.8532868071726000E+00,-6.6484535735195300E-01
2.32520E+02,1.5637059462836100E+00,9.8548177497931900E+00,-6.6135529930456400E-01
2.32530E+02,1.5556006896331900E+00,9.8563327774261200E+00,-6.5788348136134500E-01
2.32540E+02,1.5475363693682500E+00,9.8578320542872200E+00,-6.5442980903200600E-01
2.32550E+02,1.5395127957044800E+00,9.8593157429234500E+00,-6.5099418830257200E-01
2.32560E+02,1.5315297794639300E+00,9.8607840042292700E+00,-6.4757652563319600E-01
2.32570E+02,1.5235871320777900E+00,9.8622369974629300E+00,-6.4417672795596600E-01
2.32580E+02,1.5156846655891400E+00,9.8636748802626400E+00,-6.4079470267273400E-01
2.32590E+02,1.5078221926556000E+00,9.8650978086624900E+00,-6.3743035765293900E-01
2.32600E+02,1.4999995265518200E+00,9.8665059371083100E+00,-6.3408360123144400E-01
2.32610E+02,1.4922164811719200E+00,9.8678994184733400E+00,-6.3075434220637500E-01
2.32620E+02,1.4844728710317900E+00,9.8692784040738000E+00,-6.2744248983697400E-01
2.32630E+02,1.4767685112713600E+00,9.8706430436842700E+00,-6.2414795384145000E-01
2.32640E+02,1.4691032176566800E+00,9.8719934855529200E+00,-6.2087064439484400E-01
2.32650E+02,1.4614768065820000E+00,9.8733298764166600E+00,-6.1761047212689800E-01
2.32660E+02,1.4538890950716600E+00,9.8746523615161000E+00,-6.1436734811992900E-01
2.32670E+02,1.4463399007820000E+00,9.8759610846103900E+00,-6.1114118390671600E-01
2.32680E+02,1.4388290420030800E+00,9.8772561879918800E+00,-6.0793189146839000E-01
2.32690E+02,1.4313563376603900E+00,9.8785378125007400E+00,-6.0473938323232600E-01
2.32700E+02,1.4239216073164000E+00,9.8798060975393400E+00,-6.0156357207005600E-01
2.32710E+02,1.4165246711721200E+00,9.8810611810865400E+00,-5.9840437129517600E-01
2.32720E+02,1.4091653500684800E+00,9.8823031997118500E+00,-5.9526169466126200E-01
2.32730E+02,1.4018434654877000E+00,9.8835322885894800E+00,-5.9213545635980500E-01
2.32740E+02,1.3945588395545300E+00,9.8847485815121700E+00,-5.8902557101813500E-01
2.32750E+02,1.3873112950374700E+00,9.8859522109050100E+00,-5.8593195369736700E-01
2.32760E+02,1.3801006553498600E+00,9.8871433078390300E+00,-5.8285451989034700E-01
2.32770E+02,1.3729267445509100E+00,9.8883220020447200E+00,-5.7979318551960900E-01
2.32780E+02,1.3657893873466900E+00,9.8894884219254000E+00,-5.7674786693533200E-01
2.32790E+02,1.3586884090909900E+00,9.8906426945704600E+00,-5.7371848091331700E-01
2.32800E+02,1.3516236357861400E+00,9.8917849457685200E+00,-5.7070494465295700E-01
2.32810E+02,1.3445948940838100E+00,9.8929153000203600E+00,-5.6770717577522700E-01
2.32820E+02,1.3376020112856400E+00,9.8940338805518500E+00,-5.6472509232067000E-01
2.32830E+02,1.3306448153438500E+00,9.8951408093266900E+00,-5.6175861274740100E-01
2.32840E+02,1.3237231348618600E+00,9.8962362070590400E+00,-5.5880765592911000E-01
2.32850E+02,1.3168367990947000E+00,9.8973201932260300E+00,-5.5587214115307700E-01
2.32860E+02,1.3099856379494800E+00,9.8983928860801400E+00,-5.5295198811819100E-01
2.32870E+02,1.3031694819857400E+00,9.8994544026615200E+00,-5.5004711693298200E-01
2.32880E+02,1.2963881624157600E+00,9.9005048588100700E+00,-5.4715744811365300E-01
2.32890E+02,1.2896415111047800E+00,9.9015443691775600E+00,-5.4428290258212700E-01
2.32900E+02,1.2829293605712400E+00,9.9025730472395200E+00,-5.4142340166409200E-01
2.32910E+02,1.2762515439868300E+00,9.9035910053070300E+00,-5.3857886708706400E-01
2.32920E+02,1.2696078951766500E+00,9.9045983545384600E+00,-5.3574922097845300E-01
2.32930E+02,1.2629982486191700E+00,9.9055952049510300E+00,-5.3293438586362900E-01
2.32940E+02,1.2564224394462100E+00,9.9065816654323100E+00,-5.3013428466401000E-01
2.32950E+02,1.2498803034428800E+00,9.9075578437515500E+00,-5.2734884069514600E-01
2.32960E+02,1.2433716770474100E+00,9.9085238465709500E+00,-5.2457797766481400E-01
2.32970E+02,1.2368963973509800E+00,9.9094797794568300E+00,-5.2182161967112100E-01
2.32980E+02,1.2304543020974800E+00,9.9104257468906300E+00,-5.1907969120061500E-01
2.32990E+02,1.2240452296832300E+00,9.9113618522798700E+00,-5.1635211712639900E-01
2.33000E+02,1.2176690191566500E+00,9.9122881979689600E+00,-5.1363882270626100E-01
2.33010E+02,1.2113255102178700E+00,9.9132048852499600E+00,-5.1093973358080200E-01
2.33020E+02,1.2050145432183300E+00,9.9141120143731200E+00,-5.0825477577157900E-01
2.33030E+02,1.1987359591603100E+00,9.9150096845575000E+00,-5.0558387567924800E-01
2.33040E+02,1.1924895996963800E+00,9.9158979940012900E+00,-5.0292696008172200E-01
2.33050E+02,1.1862753071289300E+00,9.9167770398921700E+00,-5.0028395613233400E-01
2.33060E+02,1.1800929244094800E+00,9.9176469184175400E+00,-4.9765479135800000E-01
2.33070E+02,1.1739422951381500E+00,9.9185077247745700E+00,-4.9503939365740300E-01
2.33080E+02,1.1678232635628900E+00,9.9193595531802900E+00,-4.9243769129917600E-01
2.33090E+02,1.1617356745788400E+00,9.9202024968814400E+00,-4.8984961292008800E-01
2.33100E+02,1.1556793737275500E+00,9.9210366481643300E+00,-4.8727508752325000E-01
2.33110E+02,1.1496542071961900E+00,9.9218620983645700E+00,-4.8471404447631800E-01
2.33120E+02,1.1436600218167500E+00,9.9226789378766600E+00,-4.8216641350970600E-01
2.33130E+02,1.1376966650651600E+00,9.9234872561635800E+00,-4.7963212471481100E-01
2.33140E+02,1.1317639850604100E+00,9.9242871417661800E+00,-4.7711110854223700E-01
2.33150E+02,1.1258618305636200E+00,9.9250786823125700E+00,-4.7460329580003400E-01
2.33160E+02,1.1199900509770900E+00,9.9258619645273600E+00,-4.7210861765194100E-01
2.33170E+02,1.1141484963433100E+00,9.9266370742408100E+00,-4.6962700561563500E-01
2.33180E+02,1.1083370173438900E+00,9.9274040963979700E+00,-4.6715839156099100E-01
2.33190E+02,1.1025554652986000E+00,9.9281631150675900E+00,-4.6470270770834600E-01
2.33200E+02,1.0968036921641800E+00,9.9289142134510700E+00,-4.6225988662677300E-01
2.33210E+02,1.0910815505333200E+00,9.9296574738912600E+00,-4.5982986123235700E-01
2.33220E+02,1.0853888936334500E+00,9.9303929778812100E+00,-4.5741256478649000E-01
2.33230E+02,1.0797255753256200E+00,9.9311208060727400E+00,-4.5500793089415700E-01
2.33240E+02,1.0740914501032600E+00,9.9318410382851000E+00,-4.5261589350224300E-01
2.33250E+02,1.0684863730910000E+00,9.9325537535133300E+00,-4.5023638689784100E-01
2.33260E+02,1.0629102000433800E+00,9.9332590299367400E+00,-4.4786934570656800E-01
2.33270E+02,1.0573627873436000E+00,9.9339569449271700E+00,-4.4551470489088900E-01
2.33280E+02,1.0518439920022100E+00,9.9346475750572000E+00,-4.4317239974844500E-01
2.33290E+02,1.0463536716557900E+00,9.9353309961083200E+00,-4.4084236591039700E-01
2.33300E+02,1.0408916845656000E+00,9.9360072830789900E+00,-4.3852453933976600E-01
2.33310E+02,1.0354578896162200E+00,9.9366765101926100E+00,-4.3621885632978700E-01
2.33320E+02,1.0300521463141400E+00,9.9373387509054200E+00,-4.3392525350226800E-01
2.33330E+02,1.0246743147863500E+00,9.9379940779143100E+00,-4.3164366780595800E-01
2.33340E+02,1.0193242557789200E+00,9.9386425631646200E+00,-4.2937403651492200E-01
2.33350E+02,1.0140018306555100E+00,9.9392842778577500E+00,-4.2711629722691700E-01
2.33360E+02,1.0087069013959400E+00,9.9399192924587800E+00,-4.2487038786178500E-01
2.33370E+02,1.0034393305946500E+00,9.9405476767039800E+00,-4.2263624665984600E-01
2.33380E+02,9.9819898145920900E-01,9.9411694996082600E+00,-4.2041381218030200E-01
2.33390E+02,9.9298571780876200E-01,9.9417848294725600E+00,-4.1820302329964400E-01
2.33400E+02,9.8779940407250400E-01,9.9423937338910700E+00,-4.1600381921006900E-01
2.33410E+02,9.8263990528809200E-01,9.9429962797585600E+00,-4.1381613941790400E-01
2.33420E+02,9.7750708710006200E-01,9.9435925332774300E+00,-4.1163992374203800E-01
2.33430E+02,9.7240081575822600E-01,9.9441825599648600E+00,-4.0947511231235700E-01
2.33440E+02,9.6732095811605100E-01,9.9447664246598000E+00,-4.0732164556818700E-01
2.33450E+02,9.6226738162902500E-01,9.9453441915298900E+00,-4.0517946425675000E-01
2.33460E+02,9.5723995435301100E-01,9.9459159240783400E+00,-4.0304850943162000E-01
2.33470E+02,9.5223854494257000E-01,9.9464816851507400E+00,-4.0092872245118600E-01
2.33480E+02,9.4726302264929500E-01,9.9470415369418000E+00,-3.9882004497712800E-01
2.33490E+02,9.4231325732010900E-01,9.9475955410020000E+00,-3.9672241897289200E-01
2.33500E+02,9.3738911939556200E-01,9.9481437582441800E+00,-3.9463578670218200E-01
2.33510E+02,9.3249047990810600E-01,9.9486862489500900E+00,-3.9256009072744500E-01
2.33520E+02,9.2761721048036900E-01,9.9492230727768700E+00,-3.9049527390837700E-01
2.33530E+02,9.2276918332340600E-01,9.9497542887634300E+00,-3.8844127940042400E-01
2.33540E+02,9.1794627123494700E-01,9.9502799553367800E+00,-3.8639805065330200E-01
2.33550E+02,9.1314834759761600E-01,9.9508001303183500E+00,-3.8436553140951000E-01
2.33560E+02,9.0837528637717200E-01,9.9513148709301700E+00,-3.8234366570286100E-01
2.33570E+02,9.0362696212069900E-01,9.9518242338009900E+00,-3.8033239785701500E-01
2.33580E+02,8.9890324995482000E-01,9.9523282749724400E+00,-3.7833167248401500E-01
2.33590E+02,8.9420402558387800E-01,9.9528270499050100E+00,-3.7634143448284200E-01
2.33600E+02,8.8952916528811900E-01,9.9533206134840100E+00,-3.7436162903796000E-01
2.33610E+02,8.8487854592186500E-01,9.9538090200255100E+00,-3.7239220161788300E-01
2.33620E+02,8.8025204491167100E-01,9.9542923232821600E+00,-3.7043309797373600E-01
2.33630E+02,8.7564954025448200E-01,9.9547705764490000E+00,-3.6848426413783500E-01
2.33640E+02,8.7107091051577700E-01,9.9552438321691500E+00,-3.6654564642226000E-01
2.33650E+02,8.6651603482770400E-01,9.9557121425395300E+00,-3.6461719141744800E-01
2.33660E+02,8.6198479288721400E-01,9.9561755591164600E+00,-3.6269884599078000E-01
2.33670E+02,8.5747706495417300E-01,9.9566341329211900E+00,-3.6079055728518700E-01
2.33680E+02,8.5299273184949000E-01,9.9570879144454300E+00,-3.5889227271775300E-01
2.33690E+02,8.4853167495321600E-01,9.9575369536568000E+00,-3.5700393997832600E-01
2.33700E+02,8.4409377620264600E-01,9.9579813000042200E+00,-3.5512550702814000E-01
2.33710E+02,8.3967891809042200E-01,9.9584210024232200E+00,-3.5325692209844200E-01
2.33720E+02,8.3528698366261100E-01,9.9588561093412400E+00,-3.5139813368911900E-01
2.33730E+02,8.3091785651679800E-01,9.9592866686829000E+00,-3.4954909056734100E-01
2.33740E+02,8.2657142080016200E-01,9.9597127278750900E+00,-3.4770974176620400E-01
2.33750E+02,8.2224756120755200E-01,9.9601343338521900E+00,-3.4588003658338200E-01
2.33760E+02,8.1794616297954700E-01,9.9605515330610600E+00,-3.4405992457978200E-01
2.33770E+02,8.1366711190053300E-01,9.9609643714661200E+00,-3.4224935557821300E-01
2.33780E+02,8.0941029429675300E-01,9.9613728945543100E+00,-3.4044827966205100E-01
2.33790E+02,8.0517559703436800E-01,9.9617771473399800E+00,-3.3865664717392000E-01
2.33800E+02,8.0096290751750700E-01,9.9621771743697800E+00,-3.3687440871436800E-01
2.33810E+02,7.9677211368631500E-01,9.9625730197274900E+00,-3.3510151514056600E-01
2.33820E+02,7.9260310401500300E-01,9.9629647270387800E+00,-3.3333791756499300E-01
2.33830E+02,7.8845576750988100E-01,9.9633523394759500E+00,-3.3158356735414500E-01
2.33840E+02,7.8432999370740900E-01,9.9637358997625700E+00,-3.2983841612723600E-01
2.33850E+02,7.8022567267222300E-01,9.9641154501781400E+00,-3.2810241575491800E-01
2.33860E+02,7.7614269499517200E-01,9.9644910325626800E+00,-3.2637551835799800E-01
2.33870E+02,7.7208095179135500E-01,9.9648626883212100E+00,-3.2465767630616000E-01
2.33880E+02,7.6804033469814600E-01,9.9652304584283200E+00,-3.2294884221670500E-01
2.33890E+02,7.6402073587322300E-01,9.9655943834325300E+00,-3.2124896895328300E-01
2.33900E+02,7.6002204799259300E-01,9.9659545034607500E+00,-3.1955800962463800E-01
2.33910E+02,7.5604416424861800E-01,9.9663108582226100E+00,-3.1787591758335900E-01
2.33920E+02,7.5208697834804000E-01,9.9666634870147600E+00,-3.1620264642463800E-01
2.33930E+02,7.4815038451000200E-01,9.9670124287251300E+00,-3.1453814998502600E-01
2.33940E+02,7.4423427746407100E-01,9.9673577218372100E+00,-3.1288238234120900E-01
2.33950E+02,7.4033855244825500E-01,9.9676994044341300E+00,-3.1123529780877400E-01
2.33960E+02,7.3646310520703200E-01,9.9680375142028900E+00,-3.0959685094099500E-01
2.33970E+02,7.3260783198936200E-01,9.9683720884383800E+00,-3.0796699652761600E-01
2.33980E+02,7.2877262954670800E-01,9.9687031640475100E+00,-3.0634568959364000E-01
2.33990E+02,7.2495739513106100E-01,9.9690307775531300E+00,-3.0473288539813200E-01
2.34000E+02,7.2116202649295400E-01,9.9693549650980700E+00,-3.0312853943301900E-01
2.34010E+02,7.1738642187948700E-01,9.9696757624490500E+00,-3.0153260742189500E-01
2.34020E+02,7.1363048003234500E-01,9.9699932050005600E+00,-2.9994504531884500E-01
2.34030E+02,7.0989410018582000E-01,9.9703073277787000E+00,-2.9836580930725700E-01
2.34040E+02,7.0617718206483700E-01,9.9706181654450200E+00,-2.9679485579865100E-01
2.34050E+02,7.0247962588297100E-01,9.9709257523002800E+00,-2.9523214143151300E-01
2.34060E+02,6.9880133234047300E-01,9.9712301222881600E+00,-2.9367762307013000E-01
2.34070E+02,6.9514220262229800E-01,9.9715313089990000E+00,-2.9213125780343200E-01
2.34080E+02,6.9150213839613100E-01,9.9718293456734100E+00,-2.9059300294384400E-01
2.34090E+02,6.8788104181041300E-01,9.9721242652059200E+00,-2.8906281602614000E-01
2.34100E+02,6.8427881549237000E-01,9.9724161001485400E+00,-2.8754065480630000E-01
2.34110E+02,6.8069536254604900E-01,9.9727048827143200E+00,-2.8602647726037800E-01
2.34120E+02,6.7713058655034900E-01,9.9729906447808900E+00,-2.8452024158337300E-01
2.34130E+02,6.7358439155705000E-01,9.9732734178938500E+00,-2.8302190618810300E-01
2.34140E+02,6.7005668208886700E-01,9.9735532332703100E+00,-2.8153142970409300E-01
2.34150E+02,6.6654736313746600E-01,9.9738301218022000E+00,-2.8004877097645600E-01
2.34160E+02,6.6305634016152500E-01,9.9741041140597000E+00,-2.7857388906478800E-01
2.34170E+02,6.5958351908477200E-01,9.9743752402945700E+00,-2.7710674324206900E-01
2.34180E+02,6.5612880629403000E-01,9.9746435304434000E+00,-2.7564729299356400E-01
2.34190E+02,6.5269210863726900E-01,9.9749090141309200E+00,-2.7419549801573300E-01
2.34200E+02,6.4927333342165600E-01,9.9751717206732500E+00,-2.7275131821514600E-01
2.34210E+02,6.4587238841161000E-01,9.9754316790810200E+00,-2.7131471370740200E-01
2.34220E+02,6.4248918182686000E-01,9.9756889180626300E+00,-2.6988564481605500E-01
2.34230E+02,6.3912362234051300E-01,9.9759434660273100E+00,-2.6846407207154500E-01
2.34240E+02,6.3577561907710600E-01,9.9761953510882600E+00,-2.6704995621013200E-01
2.34250E+02,6.3244508161068100E-01,9.9764446010657300E+00,-2.6564325817283800E-01
2.34260E+02,6.2913191996285600E-01,9.9766912434900100E+00,-2.6424393910439300E-01
2.34270E+02,6.2583604460089500E-01,9.9769353056044800E+00,-2.6285196035218700E-01
2.34280E+02,6.2255736643579000E-01,9.9771768143685600E+00,-2.6146728346522600E-01
2.34290E+02,6.1929579682033700E-01,9.9774157964606900E+00,-2.6008987019309600E-01
2.34300E+02,6.1605124754722800E-01,9.9776522782812100E+00,-2.5871968248492400E-01
2.34310E+02,6.1282363084713400E-01,9.9778862859552400E+00,-2.5735668248835700E-01
2.34320E+02,6.0961285938679800E-01,9.9781178453355900E+00,-2.5600083254853400E-01
2.34330E+02,6.0641884626713300E-01,9.9783469820055100E+00,-2.5465209520707200E-01
2.34340E+02,6.0324150502132200E-01,9.9785737212815600E+00,-2.5331043320105000E-01
2.34350E+02,6.0008074961292300E-01,9.9787980882163200E+00,-2.5197580946200400E-01
2.34360E+02,5.9693649443397300E-01,9.9790201076011800E+00,-2.5064818711492100E-01
2.34370E+02,5.9380865430310900E-01,9.9792398039690000E+00,-2.4932752947724400E-01
2.34380E+02,5.9069714446367700E-01,9.9794572015968400E+00,-2.4801380005788000E-01
2.34390E+02,5.8760188058185800E-01,9.9796723245085900E+00,-2.4670696255620600E-01
2.34400E+02,5.8452277874479200E-01,9.9798851964776100E+00,-2.4540698086109600E-01
2.34410E+02,5.8145975545870500E-01,9.9800958410293100E+00,-2.4411381904993200E-01
2.34420E+02,5.7841272764705200E-01,9.9803042814437700E+00,-2.4282744138764200E-01
2.34430E+02,5.7538161264864700E-01,9.9805105407582400E+00,-2.4154781232572000E-01
2.34440E+02,5.7236632821581300E-01,9.9807146417696900E+00,-2.4027489650127200E-01
2.34450E+02,5.6936679251253000E-01,9.9809166070373000E+00,-2.3900865873605300E-01
2.34460E+02,5.6638292411257800E-01,9.9811164588849300E+00,-2.3774906403551300E-01
2.34470E+02,5.6341464199771500E-01,9.9813142194035700E+00,-2.3649607758785000E-01
2.34480E+02,5.6046186555582000E-01,9.9815099104537500E+00,-2.3524966476306200E-01
2.34490E+02,5.5752451457907400E-01,9.9817035536679200E+00,-2.3400979111201200E-01
2.34500E+02,5.5460250926212200E-01,9.9818951704528900E+00,-2.3277642236548900E-01
2.34510E+02,5.5169577020026100E-01,9.9820847819920700E+00,-2.3154952443328100E-01
2.34520E+02,5.4880421838762000E-01,9.9822724092478800E+00,-2.3032906340324400E-01
2.34530E+02,5.4592777521533900E-01,9.9824580729640200E+00,-2.2911500554038900E-01
2.34540E+02,5.4306636246977300E-01,9.9826417936677100E+00,-2.2790731728595900E-01
2.34550E+02,5.4021990233068800E-01,9.9828235916719800E+00,-2.2670596525652000E-01
2.34560E+02,5.3738831736945700E-01,9.9830034870779200E+00,-2.2551091624305200E-01
2.34570E+02,5.3457153054727700E-01,9.9831814997767900E+00,-2.2432213721005100E-01
2.34580E+02,5.3176946521337600E-01,9.9833576494523200E+00,-2.2313959529462500E-01
2.34590E+02,5.2898204510324000E-01,9.9835319555827800E+00,-2.2196325780560200E-01
2.34600E+02,5.2620919433682800E-01,9.9837044374431500E+00,-2.2079309222264600E-01
2.34610E+02,5.2345083741680900E-01,9.9838751141072300E+00,-2.1962906619536400E-01
2.34620E+02,5.2070689922679500E-01,9.9840440044497400E+00,-2.1847114754243300E-01
2.34630E+02,5.1797730502958100E-01,9.9842111271484100E+00,-2.1731930425072000E-01
2.34640E+02,5.1526198046539200E-01,9.9843765006859500E+00,-2.1617350447441200E-01
2.34650E+02,5.1256085155013400E-01,9.9845401433522000E+00,-2.1503371653415100E-01
2.34660E+02,5.0987384467364900E-01,9.9847020732460100E+00,-2.1389990891616700E-01
2.34670E+02,5.0720088659798500E-01,9.9848623082773300E+00,-2.1277205027142500E-01
2.34680E+02,5.0454190445565700E-01,9.9850208661691200E+00,-2.1165010941476600E-01
2.34690E+02,5.0189682574792400E-01,9.9851777644593200E+00,-2.1053405532406100E-01
2.34700E+02,4.9926557834306600E-01,9.9853330205027400E+00,-2.0942385713936600E-01
2.34710E+02,4.9664809047467600E-01,9.9854866514730300E+00,-2.0831948416207900E-01
2.34720E+02,4.9404429073994300E-01,9.9856386743645000E+00,-2.0722090585410300E-01
2.34730E+02,4.9145410809795100E-01,9.9857891059940300E+00,-2.0612809183701500E-01
2.34740E+02,4.8887747186798600E-01,9.9859379630028900E+00,-2.0504101189123700E-01
2.34750E+02,4.8631431172784000E-01,9.9860852618586000E+00,-2.0395963595521300E-01
2.34760E+02,4.8376455771212600E-01,9.9862310188566900E+00,-2.0288393412458800E-01
2.34770E+02,4.8122814021059400E-01,9.9863752501225500E+00,-2.0181387665139200E-01
2.34780E+02,4.7870498996646400E-01,9.9865179716131500E+00,-2.0074943394322800E-01
2.34790E+02,4.7619503807475100E-01,9.9866591991188400E+00,-1.9969057656246600E-01
2.34800E+02,4.7369821598060700E-01,9.9867989482650300E+00,-1.9863727522543900E-01
2.34810E+02,4.7121445547765800E-01,9.9869372345139700E+00,-1.9758950080164300E-01
2.34820E+02,4.6874368870635900E-01,9.9870740731664000E+00,-1.9654722431294200E-01
2.34830E+02,4.6628584815234400E-01,9.9872094793632600E+00,-1.9551041693277900E-01
2.34840E+02,4.6384086664479500E-01,9.9873434680873400E+00,-1.9447904998538200E-01
2.34850E+02,4.6140867735479500E-01,9.9874760541649200E+00,-1.9345309494499100E-01
2.34860E+02,4.5898921379371100E-01,9.9876072522674400E+00,-1.9243252343506800E-01
2.34870E+02,4.5658240981157100E-01,9.9877370769130800E+00,-1.9141730722753100E-01
2.34880E+02,4.5418819959544500E-01,9.9878655424683400E+00,-1.9040741824197600E-01
2.34890E+02,4.5180651766784000E-01,9.9879926631496800E+00,-1.8940282854491400E-01
2.34900E+02,4.4943729888508900E-01,9.9881184530250200E+00,-1.8840351034900300E-01
2.34910E+02,4.4708047843576500E-01,9.9882429260153100E+00,-1.8740943601229300E-01
2.34920E+02,4.4473599183907200E-01,9.9883660958961100E+00,-1.8642057803746800E-01
2.34930E+02,4.4240377494327900E-01,9.9884879762990100E+00,-1.8543690907109300E-01
2.34940E+02,4.4008376392412700E-01,9.9886085807132100E+00,-1.8445840190286800E-01
2.34950E+02,4.3777589528325300E-01,9.9887279224869800E+00,-1.8348502946488400E-01
2.34960E+02,4.3548010584663700E-01,9.9888460148291000E+00,-1.8251676483088000E-01
2.34970E+02,4.3319633276302500E-01,9.9889628708103800E+00,-1.8155358121550900E-01
2.34980E+02,4.3092451350238200E-01,9.9890785033650100E+00,-1.8059545197360100E-01
2.34990E+02,4.2866458585433600E-01,9.9891929252920700E+00,-1.7964235059944000E-01
2.35000E+02,4.2641648792664000E-01,9.9893061492568900E+00,-1.7869425072603400E-01
2.35010E+02,4.2418015814362900E-01,9.9894181877924500E+00,-1.7775112612439400E-01
2.35020E+02,4.2195553524469300E-01,9.9895290533007600E+00,-1.7681295070281700E-01
2.35030E+02,4.1974255828274700E-01,9.9896387580542400E+00,-1.7587969850617000E-01
2.35040E+02,4.1754116662271700E-01,9.9897473141970600E+00,-1.7495134371518100E-01
2.35050E+02,4.1535129994001600E-01,9.9898547337464800E+00,-1.7402786064573000E-01
2.35060E+02,4.1317289821905000E-01,9.9899610285941800E+00,-1.7310922374814900E-01
2.35070E+02,4.1100590175169900E-01,9.9900662105075300E+00,-1.7219540760651800E-01
2.35080E+02,4.0885025113583800E-01,9.9901702911309600E+00,-1.7128638693796900E-01
2.35090E+02,4.0670588727384000E-01,9.9902732819871800E+00,-1.7038213659199700E-01
2.35100E+02,4.0457275137108800E-01,9.9903751944784700E+00,-1.6948263154976800E-01
2.35110E+02,4.0245078493450400E-01,9.9904760398879400E+00,-1.6858784692343200E-01
2.35120E+02,4.0033992977107400E-01,9.9905758293807800E+00,-1.6769775795544400E-01
2.35130E+02,3.9824012798638400E-01,9.9906745740054500E+00,-1.6681234001788400E-01
2.35140E+02,3.9615132198315900E-01,9.9907722846949500E+00,-1.6593156861178200E-01
2.35150E+02,3.9407345445980700E-01,9.9908689722680100E+00,-1.6505541936644400E-01
2.35160E+02,3.9200646840897400E-01,9.9909646474302500E+00,-1.6418386803878700E-01
2.35170E+02,3.8995030711610200E-01,9.9910593207754100E+00,-1.6331689051267300E-01
2.35180E+02,3.8790491415799100E-01,9.9911530027864600E+00,-1.6245446279824800E-01
2.35190E+02,3.8587023340137400E-01,9.9912457038368100E+00,-1.6159656103128200E-01
2.35200E+02,3.8384620900148600E-01,9.9913374341914200E+00,-1.6074316147251700E-01
2.35210E+02,3.8183278540065000E-01,9.9914282040079600E+00,-1.5989424050701200E-01
2.35220E+02,3.7982990732686400E-01,9.9915180233378800E+00,-1.5904977464350100E-01
2.35230E+02,3.7783751979239700E-01,9.9916069021275800E+00,-1.5820974051374200E-01
2.35240E+02,3.7585556809238300E-01,9.9916948502194600E+00,-1.5737411487187800E-01
2.35250E+02,3.7388399780343200E-01,9.9917818773530200E+00,-1.5654287459380300E-01
2.35260E+02,3.7192275478224100E-01,9.9918679931659400E+00,-1.5571599667652000E-01
2.35270E+02,3.6997178516420800E-01,9.9919532071951500E+00,-1.5489345823751500E-01
2.35280E+02,3.6803103536205900E-01,9.9920375288778400E+00,-1.5407523651412700E-01
2.35290E+02,3.6610045206447300E-01,9.9921209675525700E+00,-1.5326130886292200E-01
2.35300E+02,3.6417998223472400E-01,9.9922035324602100E+00,-1.5245165275907400E-01
2.35310E+02,3.6226957310931300E-01,9.9922852327450600E+00,-1.5164624579574200E-01
2.35320E+02,3.6036917219662200E-01,9.9923660774557800E+00,-1.5084506568345900E-01
2.35330E+02,3.5847872727556300E-01,9.9924460755464300E+00,-1.5004809024951900E-01
2.35340E+02,3.5659818639423600E-01,9.9925252358774200E+00,-1.4925529743736300E-01
2.35350E+02,3.5472749786859600E-01,9.9926035672165300E+00,-1.4846666530598200E-01
2.35360E+02,3.5286661028112300E-01,9.9926810782398700E+00,-1.4768217202930500E-01
2.35370E+02,3.5101547247949400E-01,9.9927577775328100E+00,-1.4690179589560600E-01
2.35380E+02,3.4917403357526600E-01,9.9928336735909300E+00,-1.4612551530690300E-01
2.35390E+02,3.4734224294256600E-01,9.9929087748210000E+00,-1.4535330877836800E-01
2.35400E+02,3.4552005021678300E-01,9.9929830895418600E+00,-1.4458515493773400E-01
2.35410E+02,3.4370740529326300E-01,9.9930566259853600E+00,-1.4382103252470700E-01
2.35420E+02,3.4190425832601800E-01,9.9931293922972600E+00,-1.4306092039038500E-01
2.35430E+02,3.4011055972643700E-01,9.9932013965381400E+00,-1.4230479749667300E-01
2.35440E+02,3.3832626016200000E-01,9.9932726466842800E+00,-1.4155264291570800E-01
2.35450E+02,3.3655131055499800E-01,9.9933431506285400E+00,-1.4080443582927900E-01
2.35460E+02,3.3478566208126200E-01,9.9934129161812400E+00,-1.4006015552825900E-01
2.35470E+02,3.3302926616889500E-01,9.9934819510710100E+00,-1.3931978141203500E-01
2.35480E+02,3.3128207449701800E-01,9.9935502629456600E+00,-1.3858329298793600E-01
2.35490E+02,3.2954403899449900E-01,9.9936178593730100E+00,-1.3785066987067900E-01
2.35500E+02,3.2781511183872000E-01,9.9936847478417200E+00,-1.3712189178179900E-01
2.35510E+02,3.2609524545432000E-01,9.9937509357621200E+00,-1.3639693854909600E-01
2.35520E+02,3.2438439251196500E-01,9.9938164304670700E+00,-1.3567579010608000E-01
2.35530E+02,3.2268250592710500E-01,9.9938812392126900E+00,-1.3495842649141700E-01
2.35540E+02,3.2098953885875600E-01,9.9939453691792300E+00,-1.3424482784838200E-01
2.35550E+02,3.1930544470827400E-01,9.9940088274718300E+00,-1.3353497442431000E-01
2.35560E+02,3.1763017711813500E-01,9.9940716211213200E+00,-1.3282884657005600E-01
2.35570E+02,3.1596368997072800E-01,9.9941337570849700E+00,-1.3212642473945100E-01
2.35580E+02,3.1430593738714900E-01,9.9941952422473000E+00,-1.3142768948876400E-01
2.35590E+02,3.1265687372599900E-01,9.9942560834208000E+00,-1.3073262147617100E-01
2.35600E+02,3.1101645358219400E-01,9.9943162873467000E+00,-1.3004120146121800E-01
2.35610E+02,3.0938463178576700E-01,9.9943758606957200E+00,-1.2935341030429300E-01
2.35620E+02,3.0776136340069300E-01,9.9944348100687900E+00,-1.2866922896610000E-01
2.35630E+02,3.0614660372370900E-01,9.9944931419978100E+00,-1.2798863850713400E-01
2.35640E+02,3.0454030828313300E-01,9.9945508629463400E+00,-1.2731162008715800E-01
2.35650E+02,3.0294243283770700E-01,9.9946079793103100E+00,-1.2663815496468800E-01
2.35660E+02,3.0135293337543200E-01,9.9946644974187600E+00,-1.2596822449647400E-01
2.35670E+02,2.9977176611240700E-01,9.9947204235345200E+00,-1.2530181013698800E-01
2.35680E+02,2.9819888749168100E-01,9.9947757638548900E+00,-1.2463889343791100E-01
2.35690E+02,2.9663425418210700E-01,9.9948305245123500E+00,-1.2397945604762700E-01
2.35700E+02,2.9507782307720000E-01,9.9948847115752100E+00,-1.2332347971072000E-01
2.35710E+02,2.9352955129400200E-01,9.9949383310483100E+00,-1.2267094626746400E-01
2.35720E+02,2.9198939617195000E-01,9.9949913888736600E+00,-1.2202183765333100E-01
2.35730E+02,2.9045731527175700E-01,9.9950438909311100E+00,-1.2137613589848500E-01
2.35740E+02,2.8893326637428200E-01,9.9950958430389800E+00,-1.2073382312729700E-01
2.35750E+02,2.8741720747942600E-01,9.9951472509547400E+00,-1.2009488155784200E-01
2.35760E+02,2.8590909680501300E-01,9.9951981203756100E+00,-1.1945929350141600E-01
2.35770E+02,2.8440889278569800E-01,9.9952484569391900E+00,-1.1882704136204800E-01
2.35780E+02,2.8291655407185600E-01,9.9952982662241300E+00,-1.1819810763601000E-01
2.35790E+02,2.8143203952849200E-01,9.9953475537506900E+00,-1.1757247491134100E-01
2.35800E+02,2.7995530823415700E-01,9.9953963249813600E+00,-1.1695012586736500E-01
2.35810E+02,2.7848631947986100E-01,9.9954445853215100E+00,-1.1633104327421100E-01
2.35820E+02,2.7702503276798800E-01,9.9954923401199300E+00,-1.1571520999234200E-01
2.35830E+02,2.7557140781123600E-01,9.9955395946694400E+00,-1.1510260897208100E-01
2.35840E+02,2.7412540453154200E-01,9.9955863542075100E+00,-1.1449322325313900E-01
2.35850E+02,2.7268698305901300E-01,9.9956326239167700E+00,-1.1388703596415000E-01
2.35860E+02,2.7125610373087800E-01,9.9956784089256500E+00,-1.1328403032220800E-01
2.35870E+02,2.6983272709042900E-01,9.9957237143089200E+00,-1.1268418963239700E-01
2.35880E+02,2.6841681388597200E-01,9.9957685450882100E+00,-1.1208749728734000E-01
2.35890E+02,2.6700832506978600E-01,9.9958129062326600E+00,-1.1149393676673200E-01
2.35900E+02,2.6560722179708700E-01,9.9958568026593800E+00,-1.1090349163689200E-01
2.35910E+02,2.6421346542498900E-01,9.9959002392340200E+00,-1.1031614555030600E-01
2.35920E+02,2.6282701751148200E-01,9.9959432207713500E+00,-1.0973188224517600E-01
2.35930E+02,2.6144783981440200E-01,9.9959857520357300E+00,-1.0915068554497400E-01
2.35940E+02,2.6007589429041700E-01,9.9960278377416600E+00,-1.0857253935799400E-01
2.35950E+02,2.5871114309401000E-01,9.9960694825543300E+00,-1.0799742767690800E-01
2.35960E+02,2.5735354857647800E-01,9.9961106910900900E+00,-1.0742533457832400E-01
2.35970E+02,2.5600307328491300E-01,9.9961514679170000E+00,-1.0685624422235200E-01
2.35980E+02,2.5465967996121800E-01,9.9961918175553000E+00,-1.0629014085215800E-01
2.35990E+02,2.5332333154110200E-01,9.9962317444779300E+00,-1.0572700879353900E-01
2.36000E+02,2.5199399115310000E-01,9.9962712531110300E+00,-1.0516683245448200E-01
2.36010E+02,2.5067162211757700E-01,9.9963103478344200E+00,-1.0460959632474000E-01
2.36020E+02,2.4935618794575500E-01,9.9963490329820700E+00,-1.0405528497540200E-01
2.36030E+02,2.4804765233873900E-01,9.9963873128426200E+00,-1.0350388305846700E-01
2.36040E+02,2.4674597918654200E-01,9.9964251916598000E+00,-1.0295537530642100E-01
2.36050E+02,2.4545113256711900E-01,9.9964626736329400E+00,-1.0240974653181400E-01
2.36060E+02,2.4416307674540500E-01,9.9964997629174300E+00,-1.0186698162684500E-01
2.36070E+02,2.4288177617236400E-01,9.9965364636251700E+00,-1.0132706556294000E-01
2.36080E+02,2.4160719548403300E-01,9.9965727798250100E+00,-1.0078998339034400E-01
2.36090E+02,2.4033929950057400E-01,9.9966087155432400E+00,-1.0025572023770000E-01
2.36100E+02,2.3907805322533000E-01,9.9966442747639900E+00,-9.9724261311645100E-02
2.36110E+02,2.3782342184388900E-01,9.9966794614297100E+00,-9.9195591896399700E-02
2.36120E+02,2.3657537072315200E-01,9.9967142794415800E+00,-9.8669697353361900E-02
2.36130E+02,2.3533386541039900E-01,9.9967487326599500E+00,-9.8146563120703300E-02
2.36140E+02,2.3409887163237000E-01,9.9967828249047800E+00,-9.7626174712967000E-02
2.36150E+02,2.3287035529433800E-01,9.9968165599560200E+00,-9.7108517720668100E-02
2.36160E+02,2.3164828247920100E-01,9.9968499415540900E+00,-9.6593577809895600E-02
2.36170E+02,2.3043261944656400E-01,9.9968829734002500E+00,-9.6081340721916700E-02
2.36180E+02,2.2922333263183600E-01,9.9969156591570100E+00,-9.5571792272783400E-02
2.36190E+02,2.2802038864532700E-01,9.9969480024485700E+00,-9.5064918352941100E-02
2.36200E+02,2.2682375427134900E-01,9.9969800068611600E+00,-9.4560704926838400E-02
2.36210E+02,2.2563339646732600E-01,9.9970116759435200E+00,-9.4059138032540500E-02
2.36220E+02,2.2444928236289900E-01,9.9970430132072000E+00,-9.3560203781342800E-02
2.36230E+02,2.2327137925904800E-01,9.9970740221270400E+00,-9.3063888357388200E-02
2.36240E+02,2.2209965462720600E-01,9.9971047061414800E+00,-9.2570178017285100E-02
2.36250E+02,2.2093407610838600E-01,9.9971350686529700E+00,-9.2079059089728300E-02
2.36260E+02,2.1977461151230400E-01,9.9971651130283600E+00,-9.1590517975121200E-02
2.36270E+02,2.1862122881652200E-01,9.9971948425992600E+00,-9.1104541145200400E-02
2.36280E+02,2.1747389616557700E-01,9.9972242606623900E+00,-9.0621115142661900E-02
2.36290E+02,2.1633258187012200E-01,9.9972533704799700E+00,-9.0140226580790100E-02
2.36300E+02,2.1519725440607100E-01,9.9972821752800800E+00,-8.9661862143087200E-02
2.36310E+02,2.1406788241375500E-01,9.9973106782570200E+00,-8.9186008582906200E-02
2.36320E+02,2.1294443469706700E-01,9.9973388825716100E+00,-8.8712652723084400E-02
2.36330E+02,2.1182688022262500E-01,9.9973667913516400E+00,-8.8241781455580200E-02
2.36340E+02,2.1071518811893600E-01,9.9973944076921100E+00,-8.7773381741110300E-02
2.36350E+02,2.0960932767555300E-01,9.9974217346556700E+00,-8.7307440608790200E-02
2.36360E+02,2.0850926834225500E-01,9.9974487752728700E+00,-8.6843945155775200E-02
2.36370E+02,2.0741497972821500E-01,9.9974755325425500E+00,-8.6382882546904700E-02
2.36380E+02,2.0632643160118600E-01,9.9975020094321800E+00,-8.5924240014347300E-02
2.36390E+02,2.0524359388667500E-01,9.9975282088781300E+00,-8.5468004857248000E-02
2.36400E+02,2.0416643666713400E-01,9.9975541337860600E+00,-8.5014164441377500E-02
2.36410E+02,2.0309493018114900E-01,9.9975797870312000E+00,-8.4562706198783400E-02
2.36420E+02,2.0202904482263900E-01,9.9976051714586900E+00,-8.4113617627442300E-02
2.36430E+02,2.0096875114004700E-01,9.9976302898838700E+00,-8.3666886290915200E-02
2.36440E+02,1.9991401983554800E-01,9.9976551450926200E+00,-8.3222499818003300E-02
2.36450E+02,1.9886482176425800E-01,9.9976797398416700E+00,-8.2780445902406500E-02
2.36460E+02,1.9782112793343600E-01,9.9977040768588700E+00,-8.2340712302383400E-02
2.36470E+02,1.9678290950171000E-01,9.9977281588435200E+00,-8.1903286840412800E-02
2.36480E+02,1.9575013777828600E-01,9.9977519884666500E+00,-8.1468157402857500E-02
2.36490E+02,1.9472278422217000E-01,9.9977755683713700E+00,-8.1035311939629400E-02
2.36500E+02,1.9370082044140300E-01,9.9977989011730600E+00,-8.0604738463856500E-02
2.36510E+02,1.9268421819228500E-01,9.9978219894597700E+00,-8.0176425051552000E-02
2.36520E+02,1.9167294937860700E-01,9.9978448357924400E+00,-7.9750359841284300E-02
2.36530E+02,1.9066698605089400E-01,9.9978674427051800E+00,-7.9326531033849400E-02
2.36540E+02,1.8966630040564400E-01,9.9978898127056000E+00,-7.8904926891945200E-02
2.36550E+02,1.8867086478457100E-01,9.9979119482750400E+00,-7.8485535739846400E-02
2.36560E+02,1.8768065167385900E-01,9.9979338518688800E+00,-7.8068345963082400E-02
2.36570E+02,1.8669563370341300E-01,9.9979555259167700E+00,-7.7653346008116200E-02
2.36580E+02,1.8571578364611600E-01,9.9979769728229400E+00,-7.7240524382024900E-02
2.36590E+02,1.8474107441708300E-01,9.9979981949664400E+00,-7.6829869652182100E-02
2.36600E+02,1.8377147907293700E-01,9.9980191947014300E+00,-7.6421370445942000E-02
2.36610E+02,1.8280697081106600E-01,9.9980399743574100E+00,-7.6015015450325100E-02
2.36620E+02,1.8184752296890300E-01,9.9980605362394900E+00,-7.5610793411705200E-02
2.36630E+02,1.8089310902319300E-01,9.9980808826286500E+00,-7.5208693135498800E-02
2.36640E+02,1.7994370258927900E-01,9.9981010157820000E+00,-7.4808703485855200E-02
2.36650E+02,1.7899927742038000E-01,9.9981209379329900E+00,-7.4410813385349100E-02
2.36660E+02,1.7805980740688000E-01,9.9981406512917200E+00,-7.4015011814673900E-02
2.36670E+02,1.7712526657561100E-01,9.9981601580451400E+00,-7.3621287812337600E-02
2.36680E+02,1.7619562908915700E-01,9.9981794603572800E+00,-7.3229630474359300E-02
2.36690E+02,1.7527086924514200E-01,9.9981985603695500E+00,-7.2840028953968300E-02
2.36700E+02,1.7435096147553300E-01,9.9982174602009200E+00,-7.2452472461303500E-02
2.36710E+02,1.7343588034594500E-01,9.9982361619481800E+00,-7.2066950263115900E-02
2.36720E+02,1.7252560055494400E-01,9.9982546676861500E+00,-7.1683451682471200E-02
2.36730E+02,1.7162009693336700E-01,9.9982729794679500E+00,-7.1301966098455100E-02
2.36740E+02,1.7071934444362500E-01,9.9982910993251900E+00,-7.0922482945879300E-02
2.36750E+02,1.6982331817902900E-01,9.9983090292682200E+00,-7.0544991714989700E-02
2.36760E+02,1.6893199336310800E-01,9.9983267712863300E+00,-7.0169481951175500E-02
2.36770E+02,1.6804534534893400E-01,9.9983443273479800E+00,-6.9795943254680300E-02
2.36780E+02,1.6716334961845100E-01,9.9983616994010400E+00,-6.9424365280314600E-02
2.36790E+02,1.6628598178180300E-01,9.9983788893729500E+00,-6.9054737737169600E-02
2.36800E+02,1.6541321757667400E-01,9.9983958991710100E+00,-6.8687050388332800E-02
2.36810E+02,1.6454503286762400E-01,9.9984127306825200E+00,-6.8321293050604800E-02
2.36820E+02,1.6368140364542900E-01,9.9984293857750300E+00,-6.7957455594217900E-02
2.36830E+02,1.6282230602643000E-01,9.9984458662965300E+00,-6.7595527942555700E-02
2.36840E+02,1.6196771625187100E-01,9.9984621740756700E+00,-6.7235500071874600E-02
2.36850E+02,1.6111761068726900E-01,9.9984783109219500E+00,-6.6877362011026700E-02
2.36860E+02,1.6027196582174700E-01,9.9984942786259200E+00,-6.6521103841184000E-02
2.36870E+02,1.5943075826741200E-01,9.9985100789593700E+00,-6.6166715695564100E-02
2.36880E+02,1.5859396475870300E-01,9.9985257136755700E+00,-6.5814187759156900E-02
2.36890E+02,1.5776156215175900E-01,9.9985411845094000E+00,-6.5463510268454200E-02
2.36900E+02,1.5693352742378900E-01,9.9985564931775900E+00,-6.5114673511178500E-02
2.36910E+02,1.5610983767244400E-01,9.9985716413788900E+00,-6.4767667826015200E-02
2.36920E+02,1.5529047011518600E-01,9.9985866307942600E+00,-6.4422483602345100E-02
2.36930E+02,1.5447540208867100E-01,9.9986014630870700E+00,-6.4079111279978400E-02
2.36940E+02,1.5366461104812600E-01,9.9986161399032600E+00,-6.3737541348891000E-02
2.36950E+02,1.5285807456673600E-01,9.9986306628715500E+00,-6.3397764348960400E-02
2.36960E+02,1.5205577033502400E-01,9.9986450336035800E+00,-6.3059770869705000E-02
2.36970E+02,1.5125767616025100E-01,9.9986592536941300E+00,-6.2723551550023300E-02
2.36980E+02,1.5046376996580100E-01,9.9986733247213000E+00,-6.2389097077935100E-02
2.36990E+02,1.4967402979058300E-01,9.9986872482466300E+00,-6.2056398190324000E-02
2.37000E+02,1.4888843378842500E-01,9.9987010258153200E+00,-6.1725445672681100E-02
2.37010E+02,1.4810696022747900E-01,9.9987146589564100E+00,-6.1396230358850000E-02
2.37020E+02,1.4732958748962700E-01,9.9987281491828900E+00,-6.1068743130773500E-02
2.37030E+02,1.4655629406989000E-01,9.9987414979919500E+00,-6.0742974918241400E-02
2.37040E+02,1.4578705857583700E-01,9.9987547068650800E+00,-6.0418916698639100E-02
2.37050E+02,1.4502185972700000E-01,9.9987677772682500E+00,-6.0096559496698700E-02
2.37060E+02,1.4426067635429400E-01,9.9987807106520800E+00,-5.9775894384250300E-02
2.37070E+02,1.4350348739943600E-01,9.9987935084520200E+00,-5.9456912479974900E-02
2.37080E+02,1.4275027191436300E-01,9.9988061720884800E+00,-5.9139604949159200E-02
2.37090E+02,1.4200100906067000E-01,9.9988187029669700E+00,-5.8823963003450800E-02
2.37100E+02,1.4125567810903000E-01,9.9988311024783200E+00,-5.8509977900615100E-02
2.37110E+02,1.4051425843862800E-01,9.9988433719987700E+00,-5.8197640944293700E-02
2.37120E+02,1.3977672953659900E-01,9.9988555128901600E+00,-5.7886943483763400E-02
2.37130E+02,1.3904307099746000E-01,9.9988675265000600E+00,-5.7577876913697300E-02
2.37140E+02,1.3831326252256000E-01,9.9988794141619400E+00,-5.7270432673926500E-02
2.37150E+02,1.3758728391951600E-01,9.9988911771953000E+00,-5.6964602249203400E-02
2.37160E+02,1.3686511510166300E-01,9.9989028169058200E+00,-5.6660377168965600E-02
2.37170E+02,1.3614673608750200E-01,9.9989143345855000E+00,-5.6357749007102600E-02
2.37180E+02,1.3543212700015100E-01,9.9989257315128300E+00,-5.6056709381721500E-02
2.37190E+02,1.3472126806680600E-01,9.9989370089528900E+00,-5.5757249954916000E-02
2.37200E+02,1.3401413961819200E-01,9.9989481681575300E+00,-5.5459362432534900E-02
2.37210E+02,1.3331072208802900E-01,9.9989592103654800E+00,-5.5163038563953600E-02
2.37220E+02,1.3261099601249000E-01,9.9989701368024900E+00,-5.4868270141844700E-02
2.37230E+02,1.3191494202967000E-01,9.9989809486815000E+00,-5.4575049001951900E-02
2.37240E+02,1.3122254087905600E-01,9.9989916472027200E+00,-5.4283367022863400E-02
2.37250E+02,1.3053377340099700E-01,9.9990022335538000E+00,-5.3993216125787600E-02
2.37260E+02,1.2984862053618000E-01,9.9990127089099600E+00,-5.3704588274329300E-02
2.37270E+02,1.2916706332510800E-01,9.9990230744341100E+00,-5.3417475474267400E-02
2.37280E+02,1.2848908290757100E-01,9.9990333312769700E+00,-5.3131869773334000E-02
2.37290E+02,1.2781466052213900E-01,9.9990434805772200E+00,-5.2847763260993700E-02
2.37300E+02,1.2714377750564300E-01,9.9990535234616100E+00,-5.2565148068225400E-02
2.37310E+02,1.2647641529266300E-01,9.9990634610450900E+00,-5.2284016367304000E-02
2.37320E+02,1.2581255541501800E-01,9.9990732944309400E+00,-5.2004360371584300E-02
2.37330E+02,1.2515217950125700E-01,9.9990830247108900E+00,-5.1726172335284900E-02
2.37340E+02,1.2449526927615900E-01,9.9990926529652100E+00,-5.1449444553274500E-02
2.37350E+02,1.2384180656022800E-01,9.9991021802628800E+00,-5.1174169360858300E-02
2.37360E+02,1.2319177326919400E-01,9.9991116076616900E+00,-5.0900339133565800E-02
2.37370E+02,1.2254515141351800E-01,9.9991209362083200E+00,-5.0627946286940300E-02
2.37380E+02,1.2190192309789400E-01,9.9991301669385300E+00,-5.0356983276328400E-02
2.37390E+02,1.2126207052076200E-01,9.9991393008772000E+00,-5.0087442596671700E-02
2.37400E+02,1.2062557597381700E-01,9.9991483390384900E+00,-4.9819316782298800E-02
2.37410E+02,1.1999242184152300E-01,9.9991572824259300E+00,-4.9552598406718700E-02
2.37420E+02,1.1936259060062800E-01,9.9991661320325600E+00,-4.9287280082415600E-02
2.37430E+02,1.1873606481968200E-01,9.9991748888410000E+00,-4.9023354460644000E-02
2.37440E+02,1.1811282715856000E-01,9.9991835538235800E+00,-4.8760814231225700E-02
2.37450E+02,1.1749286036798400E-01,9.9991921279424500E+00,-4.8499652122347100E-02
2.37460E+02,1.1687614728904900E-01,9.9992006121497000E+00,-4.8239860900358400E-02
2.37470E+02,1.1626267085275200E-01,9.9992090073874200E+00,-4.7981433369573000E-02
2.37480E+02,1.1565241407952100E-01,9.9992173145878500E+00,-4.7724362372068500E-02
2.37490E+02,1.1504536007875100E-01,9.9992255346734700E+00,-4.7468640787488900E-02
2.37500E+02,1.1444149204833800E-01,9.9992336685570800E+00,-4.7214261532846800E-02
2.37510E+02,1.1384079327421500E-01,9.9992417171419300E+00,-4.6961217562328100E-02
2.37520E+02,1.1324324712989600E-01,9.9992496813218200E+00,-4.6709501867096500E-02
2.37530E+02,1.1264883707601600E-01,9.9992575619811800E+00,-4.6459107475099800E-02
2.37540E+02,1.1205754665987900E-01,9.9992653599951700E+00,-4.6210027450877000E-02
2.37550E+02,1.1146935951500500E-01,9.9992730762297900E+00,-4.5962254895365700E-02
2.37560E+02,1.1088425936067300E-01,9.9992807115419800E+00,-4.5715782945712100E-02
2.37570E+02,1.1030223000148400E-01,9.9992882667796800E+00,-4.5470604775080200E-02
2.37580E+02,1.0972325532690600E-01,9.9992957427819800E+00,-4.5226713592463500E-02
2.37590E+02,1.0914731931083700E-01,9.9993031403791600E+00,-4.4984102642496400E-02
2.37600E+02,1.0857440601116400E-01,9.9993104603928000E+00,-4.4742765205267700E-02
2.37610E+02,1.0800449956931700E-01,9.9993177036359000E+00,-4.4502694596134600E-02
2.37620E+02,1.0743758420984200E-01,9.9993248709129100E+00,-4.4263884165537200E-02
2.37630E+02,1.0687364423996000E-01,9.9993319630198900E+00,-4.4026327298814900E-02
2.37640E+02,1.0631266404914000E-01,9.9993389807445400E+00,-4.3790017416023300E-02
2.37650E+02,1.0575462810866200E-01,9.9993459248663200E+00,-4.3554947971751600E-02
2.37660E+02,1.0519952097120100E-01,9.9993527961565000E+00,-4.3321112454942000E-02
2.37670E+02,1.0464732727038900E-01,9.9993595953783200E+00,-4.3088504388709100E-02
2.37680E+02,1.0409803172040400E-01,9.9993663232869900E+00,-4.2857117330160700E-02
2.37690E+02,1.0355161911553800E-01,9.9993729806298000E+00,-4.2626944870219500E-02
2.37700E+02,1.0300807432978800E-01,9.9993795681462600E+00,-4.2397980633445600E-02
2.37710E+02,1.0246738231643200E-01,9.9993860865680800E+00,-4.2170218277860200E-02
2.37720E+02,1.0192952810761900E-01,9.9993925366193500E+00,-4.1943651494769800E-02
2.37730E+02,1.0139449681395600E-01,9.9993989190165500E+00,-4.1718274008591700E-02
2.37740E+02,1.0086227362409700E-01,9.9994052344686600E+00,-4.1494079576680400E-02
2.37750E+02,1.0033284380433500E-01,9.9994114836772400E+00,-4.1271061989154300E-02
2.37760E+02,9.9806192698198700E-02,9.9994176673364900E+00,-4.1049215068724500E-02
2.37770E+02,9.9282305726042000E-02,9.9994237861333500E+00,-4.0828532670523200E-02
2.37780E+02,9.8761168384651900E-02,9.9994298407475700E+00,-4.0609008681934000E-02
2.37790E+02,9.8242766246843300E-02,9.9994358318517600E+00,-4.0390637022422300E-02
2.37800E+02,9.7727084961062500E-02,9.9994417601115000E+00,-4.0173411643367500E-02
2.37810E+02,9.7214110250987800E-02,9.9994476261853900E+00,-3.9957326527894800E-02
2.37820E+02,9.6703827915145200E-02,9.9994534307251400E+00,-3.9742375690709400E-02
2.37830E+02,9.6196223826509400E-02,9.9994591743756300E+00,-3.9528553177930300E-02
2.37840E+02,9.5691283932118800E-02,9.9994648577749800E+00,-3.9315853066925700E-02
2.37850E+02,9.5188994252681500E-02,9.9994704815546300E+00,-3.9104269466149000E-02
2.37860E+02,9.4689340882200800E-02,9.9994760463394100E+00,-3.8893796514975500E-02
2.37870E+02,9.4192309987583600E-02,9.9994815527476100E+00,-3.8684428383540600E-02
2.37880E+02,9.3697887808259600E-02,9.9994870013910100E+00,-3.8476159272577800E-02
2.37890E+02,9.3206060655808400E-02,9.9994923928750200E+00,-3.8268983413258700E-02
2.37900E+02,9.2716814913573200E-02,9.9994977277986900E+00,-3.8062895067033000E-02
2.37910E+02,9.2230137036292100E-02,9.9995030067548100E+00,-3.7857888525469600E-02
2.37920E+02,9.1746013549722100E-02,9.9995082303299400E+00,-3.7653958110098800E-02
2.37930E+02,9.1264431050270800E-02,9.9995133991045100E+00,-3.7451098172254800E-02
2.37940E+02,9.0785376204618500E-02,9.9995185136528600E+00,-3.7249303092919400E-02
2.37950E+02,9.0308835749360000E-02,9.9995235745433200E+00,-3.7048567282566600E-02
2.37960E+02,8.9834796490634400E-02,9.9995285823382800E+00,-3.6848885181007700E-02
2.37970E+02,8.9363245303763800E-02,9.9995335375942100E+00,-3.6650251257237400E-02
2.37980E+02,8.8894169132885400E-02,9.9995384408617700E+00,-3.6452660009280500E-02
2.37990E+02,8.8427554990597300E-02,9.9995432926858500E+00,-3.6256105964039900E-02
2.38000E+02,8.7963389957596600E-02,9.9995480936056200E+00,-3.6060583677144700E-02
2.38010E+02,8.7501661182329900E-02,9.9995528441546300E+00,-3.5866087732799900E-02
2.38020E+02,8.7042355880631200E-02,9.9995575448608000E+00,-3.5672612743636000E-02
2.38030E+02,8.6585461335370300E-02,9.9995621962465600E+00,-3.5480153350560100E-02
2.38040E+02,8.6130964896105900E-02,9.9995667988288500E+00,-3.5288704222607500E-02
2.38050E+02,8.5678853978732300E-02,9.9995713531191800E+00,-3.5098260056794000E-02
2.38060E+02,8.5229116065138500E-02,9.9995758596237200E+00,-3.4908815577969100E-02
2.38070E+02,8.4781738702852600E-02,9.9995803188433400E+00,-3.4720365538670100E-02
2.38080E+02,8.4336709504710300E-02,9.9995847312736600E+00,-3.4532904718976600E-02
2.38090E+02,8.3894016148503300E-02,9.9995890974051000E+00,-3.4346427926366100E-02
2.38100E+02,8.3453646376645800E-02,9.9995934177229500E+00,-3.4160929995570200E-02
2.38110E+02,8.3015587995831200E-02,9.9995976927074000E+00,-3.3976405788431500E-02
2.38120E+02,8.2579828876701200E-02,9.9996019228336400E+00,-3.3792850193761400E-02
2.38130E+02,8.2146356953502600E-02,9.9996061085718600E+00,-3.3610258127198800E-02
2.38140E+02,8.1715160223766900E-02,9.9996102503873300E+00,-3.3428624531068700E-02
2.38150E+02,8.1286226747965400E-02,9.9996143487404400E+00,-3.3247944374243000E-02
2.38160E+02,8.0859544649190900E-02,9.9996184040867700E+00,-3.3068212652000400E-02
2.38170E+02,8.0435102112823200E-02,9.9996224168771200E+00,-3.2889424385888400E-02
2.38180E+02,8.0012887386204800E-02,9.9996263875575700E+00,-3.2711574623585200E-02
2.38190E+02,7.9592888778317400E-02,9.9996303165695100E+00,-3.2534658438762600E-02
2.38200E+02,7.9175094659459600E-02,9.9996342043497300E+00,-3.2358670930949400E-02
2.38210E+02,7.8759493460921100E-02,9.9996380513304300E+00,-3.2183607225396300E-02
2.38220E+02,7.8346073674671500E-02,9.9996418579393000E+00,-3.2009462472940100E-02
2.38230E+02,7.7934823853034600E-02,9.9996456245995200E+00,-3.1836231849870200E-02
2.38240E+02,7.7525732608376800E-02,9.9996493517298600E+00,-3.1663910557794500E-02
2.38250E+02,7.7118788612795300E-02,9.9996530397447000E+00,-3.1492493823506900E-02
2.38260E+02,7.6713980597797000E-02,9.9996566890540700E+00,-3.1321976898854600E-02
2.38270E+02,7.6311297353995800E-02,9.9996603000637000E+00,-3.1152355060607400E-02
2.38280E+02,7.5910727730795900E-02,9.9996638731751000E+00,-3.0983623610326200E-02
2.38290E+02,7.5512260636093400E-02,9.9996674087855300E+00,-3.0815777874233300E-02
2.38300E+02,7.5115885035957500E-02,9.9996709072881200E+00,-3.0648813203082900E-02
2.38310E+02,7.4721589954338600E-02,9.9996743690718600E+00,-3.0482724972032100E-02
2.38320E+02,7.4329364472754000E-02,9.9996777945217000E+00,-3.0317508580513400E-02
2.38330E+02,7.3939197729995700E-02,9.9996811840185100E+00,-3.0153159452106800E-02
2.38340E+02,7.3551078921823300E-02,9.9996845379392100E+00,-2.9989673034413100E-02
2.38350E+02,7.3164997300671300E-02,9.9996878566567400E+00,-2.9827044798928200E-02
2.38360E+02,7.2780942175348500E-02,9.9996911405401600E+00,-2.9665270240917500E-02
2.38370E+02,7.2398902910741300E-02,9.9996943899546400E+00,-2.9504344879290900E-02
2.38380E+02,7.2018868927526000E-02,9.9996976052615400E+00,-2.9344264256479200E-02
2.38390E+02,7.1640829701872500E-02,9.9997007868184300E+00,-2.9185023938310200E-02
2.38400E+02,7.1264774765153800E-02,9.9997039349791300E+00,-2.9026619513886400E-02
2.38410E+02,7.0890693703654500E-02,9.9997070500937500E+00,-2.8869046595462400E-02
2.38420E+02,7.0518576158291300E-02,9.9997101325087500E+00,-2.8712300818323500E-02
2.38430E+02,7.0148411824316900E-02,9.9997131825669400E+00,-2.8556377840665200E-02
2.38440E+02,6.9780190451042900E-02,9.9997162006075400E+00,-2.8401273343472400E-02
2.38450E+02,6.9413901841550000E-02,9.9997191869662300E+00,-2.8246983030400200E-02
2.38460E+02,6.9049535852413700E-02,9.9997221419751700E+00,-2.8093502627654800E-02
2.38470E+02,6.8687082393418300E-02,9.9997250659630300E+00,-2.7940827883875200E-02
2.38480E+02,6.8326531427280300E-02,9.9997279592550300E+00,-2.7788954570015300E-02
2.38490E+02,6.7967872969371900E-02,9.9997308221730100E+00,-2.7637878479227000E-02
2.38500E+02,6.7611097087441700E-02,9.9997336550354200E+00,-2.7487595426743600E-02
2.38510E+02,6.7256193901347300E-02,9.9997364581573700E+00,-2.7338101249763900E-02
2.38520E+02,6.6903153582771100E-02,9.9997392318506800E+00,-2.7189391807337100E-02
2.38530E+02,6.6551966354962000E-02,9.9997419764238900E+00,-2.7041462980247700E-02
2.38540E+02,6.6202622492453700E-02,9.9997446921823200E+00,-2.6894310670901900E-02
2.38550E+02,6.5855112320801600E-02,9.9997473794280800E+00,-2.6747930803213900E-02
2.38560E+02,6.5509426216316700E-02,9.9997500384601200E+00,-2.6602319322493000E-02
2.38570E+02,6.5165554605797700E-02,9.9997526695742700E+00,-2.6457472195331400E-02
2.38580E+02,6.4823487966265500E-02,9.9997552730632300E+00,-2.6313385409492500E-02
2.38590E+02,6.4483216824699500E-02,9.9997578492166700E+00,-2.6170054973799700E-02
2.38600E+02,6.4144731757778600E-02,9.9997603983211900E+00,-2.6027476918025900E-02
2.38610E+02,6.3808023391619400E-02,9.9997629206604100E+00,-2.5885647292783600E-02
2.38620E+02,6.3473082401518000E-02,9.9997654165149800E+00,-2.5744562169415600E-02
2.38630E+02,6.3139899511689900E-02,9.9997678861625800E+00,-2.5604217639886000E-02
2.38640E+02,6.2808465495015800E-02,9.9997703298780200E+00,-2.5464609816672100E-02
2.38650E+02,6.2478771172784500E-02,9.9997727479332100E+00,-2.5325734832656800E-02
2.38660E+02,6.2150807414442900E-02,9.9997751405972100E+00,-2.5187588841021200E-02
2.38670E+02,6.1824565137340800E-02,9.9997775081362600E+00,-2.5050168015138600E-02
2.38680E+02,6.1500035306481000E-02,9.9997798508138200E+00,-2.4913468548468000E-02
2.38690E+02,6.1177208934266500E-02,9.9997821688905700E+00,-2.4777486654448900E-02
2.38700E+02,6.0856077080254600E-02,9.9997844626245000E+00,-2.4642218566396700E-02
2.38710E+02,6.0536630850913600E-02,9.9997867322708400E+00,-2.4507660537397700E-02
2.38720E+02,6.0218861399367600E-02,9.9997889780822000E+00,-2.4373808840206100E-02
2.38730E+02,5.9902759925161900E-02,9.9997912003085000E+00,-2.4240659767140300E-02
2.38740E+02,5.9588317674012500E-02,9.9997933991970600E+00,-2.4108209629980300E-02
2.38750E+02,5.9275525937566900E-02,9.9997955749926100E+00,-2.3976454759865700E-02
2.38760E+02,5.8964376053165000E-02,9.9997977279373200E+00,-2.3845391507194000E-02
2.38770E+02,5.8654859403595100E-02,9.9997998582708100E+00,-2.3715016241519500E-02
2.38780E+02,5.8346967416861500E-02,9.9998019662301900E+00,-2.3585325351452700E-02
2.38790E+02,5.8040691565940500E-02,9.9998040520501000E+00,-2.3456315244560400E-02
2.38800E+02,5.7736023368550100E-02,9.9998061159627000E+00,-2.3327982347266300E-02
2.38810E+02,5.7432954386915400E-02,9.9998081581977400E+00,-2.3200323104751800E-02
2.38820E+02,5.7131476227533100E-02,9.9998101789825400E+00,-2.3073333980857700E-02
2.38830E+02,5.6831580540939500E-02,9.9998121785420600E+00,-2.2947011457986100E-02
2.38840E+02,5.6533259021479600E-02,9.9998141570988900E+00,-2.2821352037003300E-02
2.38850E+02,5.6236503407078900E-02,9.9998161148732900E+00,-2.2696352237142600E-02
2.38860E+02,5.5941305479013300E-02,9.9998180520832000E+00,-2.2572008595907900E-02
2.38870E+02,5.5647657061682400E-02,9.9998199689443000E+00,-2.2448317668978000E-02
2.38880E+02,5.5355550022384200E-02,9.9998218656699900E+00,-2.2325276030111200E-02
2.38890E+02,5.5064976271090600E-02,9.9998237424714500E+00,-2.2202880271050200E-02
2.38900E+02,5.4775927760221800E-02,9.9998255995576300E+00,-2.2081127001427800E-02
2.38910E+02,5.4488396484424700E-02,9.9998274371353000E+00,-2.1960012848673000E-02
2.38920E+02,5.4202374480352800E-02,9.9998292554090700E+00,-2.1839534457917900E-02
2.38930E+02,5.3917853826441200E-02,9.9998310545813900E+00,-2.1719688491904200E-02
2.38940E+02,5.3634826642695100E-02,9.9998328348526000E+00,-2.1600471630891200E-02
2.38950E+02,5.3353285090464300E-02,9.9998345964209300E+00,-2.1481880572563800E-02
2.38960E+02,5.3073221372232400E-02,9.9998363394825400E+00,-2.1363912031940800E-02
2.38970E+02,5.2794627731395000E-02,9.9998380642315500E+00,-2.1246562741284300E-02
2.38980E+02,5.2517496452054100E-02,9.9998397708600100E+00,-2.1129829450009000E-02
2.38990E+02,5.2241819858795800E-02,9.9998414595579900E+00,-2.1013708924592000E-02
2.39000E+02,5.1967590316480100E-02,9.9998431305135500E+00,-2.0898197948483600E-02
2.39010E+02,5.1694800230036900E-02,9.9998447839127800E+00,-2.0783293322017900E-02
2.39020E+02,5.1423442044244300E-02,9.9998464199398300E+00,-2.0668991862324300E-02
2.39030E+02,5.1153508243529100E-02,9.9998480387769200E+00,-2.0555290403239600E-02
2.39040E+02,5.0884991351753800E-02,9.9998496406043400E+00,-2.0442185795219800E-02
2.39050E+02,5.0617883932010900E-02,9.9998512256005200E+00,-2.0329674905253200E-02
2.39060E+02,5.0352178586418500E-02,9.9998527939420000E+00,-2.0217754616773800E-02
2.39070E+02,5.0087867955916600E-02,9.9998543458034700E+00,-2.0106421829574400E-02
2.39080E+02,4.9824944720058400E-02,9.9998558813578100E+00,-1.9995673459721300E-02
2.39090E+02,4.9563401596813400E-02,9.9998574007760500E+00,-1.9885506439468700E-02
2.39100E+02,4.9303231342363100E-02,9.9998589042274700E+00,-1.9775917717173600E-02
2.39110E+02,4.9044426750901900E-02,9.9998603918795500E+00,-1.9666904257211400E-02
2.39120E+02,4.8786980654436800E-02,9.9998618638980200E+00,-1.9558463039892000E-02
2.39130E+02,4.8530885922586400E-02,9.9998633204468700E+00,-1.9450591061375800E-02
2.39140E+02,4.8276135462392200E-02,9.9998647616883900E+00,-1.9343285333590700E-02
2.39150E+02,4.8022722218112100E-02,9.9998661877831400E+00,-1.9236542884149400E-02
2.39160E+02,4.7770639171032300E-02,9.9998675988900100E+00,-1.9130360756266900E-02
2.39170E+02,4.7519879339269900E-02,9.9998689951662500E+00,-1.9024736008678800E-02
2.39180E+02,4.7270435777579800E-02,9.9998703767674100E+00,-1.8919665715559700E-02
2.39190E+02,4.7022301577164400E-02,9.9998717438474600E+00,-1.8815146966442300E-02
2.39200E+02,4.6775469865482300E-02,9.9998730965587200E+00,-1.8711176866136600E-02
2.39210E+02,4.6529933806058200E-02,9.9998744350519400E+00,-1.8607752534649800E-02
2.39220E+02,4.6285686598287500E-02,9.9998757594762800E+00,-1.8504871107106600E-02
2.39230E+02,4.6042721477258900E-02,9.9998770699793200E+00,-1.8402529733669900E-02
2.39240E+02,4.5801031713559200E-02,9.9998783667071200E+00,-1.8300725579461600E-02
2.39250E+02,4.5560610613091600E-02,9.9998796498041900E+00,-1.8199455824484200E-02
2.39260E+02,4.5321451516885100E-02,9.9998809194135500E+00,-1.8098717663543000E-02
2.39270E+02,4.5083547800916700E-02,9.9998821756766800E+00,-1.7998508306168000E-02
2.39280E+02,4.4846892875925600E-02,9.9998834187336200E+00,-1.7898824976536600E-02
2.39290E+02,4.4611480187226300E-02,9.9998846487229200E+00,-1.7799664913397200E-02
2.39300E+02,4.4377303214536400E-02,9.9998858657816700E+00,-1.7701025369992200E-02
2.39310E+02,4.4144355471789600E-02,9.9998870700455500E+00,-1.7602903613982200E-02
2.39320E+02,4.3912630506954400E-02,9.9998882616487900E+00,-1.7505296927370200E-02
2.39330E+02,4.3682121901862900E-02,9.9998894407242300E+00,-1.7408202606426300E-02
2.39340E+02,4.3452823272029200E-02,9.9998906074033100E+00,-1.7311617961613000E-02
2.39350E+02,4.3224728266471900E-02,9.9998917618161100E+00,-1.7215540317510600E-02
2.39360E+02,4.2997830567536700E-02,9.9998929040913100E+00,-1.7119967012743000E-02
2.39370E+02,4.2772123890727700E-02,9.9998940343562800E+00,-1.7024895399904100E-02
2.39380E+02,4.2547601984528000E-02,9.9998951527370300E+00,-1.6930322845484400E-02
2.39390E+02,4.2324258630231000E-02,9.9998962593582600E+00,-1.6836246729798200E-02
2.39400E+02,4.2102087641762900E-02,9.9998973543433600E+00,-1.6742664446910800E-02
2.39410E+02,4.1881082865514100E-02,9.9998984378144200E+00,-1.6649573404566600E-02
2.39420E+02,4.1661238180173300E-02,9.9998995098922700E+00,-1.6556971024117100E-02
2.39430E+02,4.1442547496549300E-02,9.9999005706964500E+00,-1.6464854740449700E-02
2.39440E+02,4.1225004757411900E-02,9.9999016203452600E+00,-1.6373222001916200E-02
2.39450E+02,4.1008603937316600E-02,9.9999026589557700E+00,-1.6282070270262600E-02
2.39460E+02,4.0793339042442300E-02,9.9999036866437900E+00,-1.6191397020558700E-02
2.39470E+02,4.0579204110425400E-02,9.9999047035239500E+00,-1.6101199741128000E-02
2.39480E+02,4.0366193210188800E-02,9.9999057097096700E+00,-1.6011475933478100E-02
2.39490E+02,4.0154300441786400E-02,9.9999067053131600E+00,-1.5922223112231800E-02
2.39500E+02,3.9943519936235000E-02,9.9999076904454700E+00,-1.5833438805057900E-02
2.39510E+02,3.9733845855354300E-02,9.9999086652165000E+00,-1.5745120552603200E-02
2.39520E+02,3.9525272391600400E-02,9.9999096297349800E+00,-1.5657265908423600E-02
2.39530E+02,3.9317793767908600E-02,9.9999105841085000E+00,-1.5569872438917300E-02
2.39540E+02,3.9111404237535700E-02,9.9999115284435300E+00,-1.5482937723256700E-02
2.39550E+02,3.8906098083898300E-02,9.9999124628454200E+00,-1.5396459353321400E-02
2.39560E+02,3.8701869620412800E-02,9.9999133874184000E+00,-1.5310434933631900E-02
2.39570E+02,3.8498713190340100E-02,9.9999143022656500E+00,-1.5224862081283000E-02
2.39580E+02,3.8296623166632800E-02,9.9999152074892200E+00,-1.5139738425877600E-02
2.39590E+02,3.8095593951770900E-02,9.9999161031901300E+00,-1.5055061609461600E-02
2.39600E+02,3.7895619977615300E-02,9.9999169894683000E+00,-1.4970829286457800E-02
2.39610E+02,3.7696695705246000E-02,9.9999178664226500E+00,-1.4887039123601700E-02
2.39620E+02,3.7498815624815700E-02,9.9999187341510200E+00,-1.4803688799876400E-02
2.39630E+02,3.7301974255394200E-02,9.9999195927502400E+00,-1.4720776006448600E-02
2.39640E+02,3.7106166144815700E-02,9.9999204423161500E+00,-1.4638298446604400E-02
2.39650E+02,3.6911385869532200E-02,9.9999212829435400E+00,-1.4556253835685700E-02
2.39660E+02,3.6717628034453800E-02,9.9999221147262500E+00,-1.4474639901027300E-02
2.39670E+02,3.6524887272813200E-02,9.9999229377570900E+00,-1.4393454381893300E-02
2.39680E+02,3.6333158246004100E-02,9.9999237521279500E+00,-1.4312695029415200E-02
2.39690E+02,3.6142435643441100E-02,9.9999245579297000E+00,-1.4232359606528900E-02
2.39700E+02,3.5952714182411200E-02,9.9999253552523100E+00,-1.4152445887913400E-02
2.39710E+02,3.5763988607925200E-02,9.9999261441847800E+00,-1.4072951659928800E-02
2.39720E+02,3.5576253692577700E-02,9.9999269248151700E+00,-1.3993874720554800E-02
2.39730E+02,3.5389504236394300E-02,9.9999276972306300E+00,-1.3915212879330200E-02
2.39740E+02,3.5203735066696100E-02,9.9999284615173900E+00,-1.3836963957292000E-02
2.39750E+02,3.5018941037951000E-02,9.9999292177607900E+00,-1.3759125786914700E-02
2.39760E+02,3.4835117031631700E-02,9.9999299660452600E+00,-1.3681696212051000E-02
2.39770E+02,3.4652257956074000E-02,9.9999307064543500E+00,-1.3604673087871300E-02
2.39780E+02,3.4470358746341000E-02,9.9999314390707200E+00,-1.3528054280805000E-02
2.39790E+02,3.4289414364076900E-02,9.9999321639762000E+00,-1.3451837668480700E-02
2.39800E+02,3.4109419797369600E-02,9.9999328812517200E+00,-1.3376021139668100E-02
2.39810E+02,3.3930370060610500E-02,9.9999335909773900E+00,-1.3300602594218900E-02
2.39820E+02,3.3752260194357300E-02,9.9999342932324700E+00,-1.3225579943009200E-02
2.39830E+02,3.3575085265200600E-02,9.9999349880953800E+00,-1.3150951107881100E-02
2.39840E+02,3.3398840365622300E-02,9.9999356756437400E+00,-1.3076714021585600E-02
2.39850E+02,3.3223520613861800E-02,9.9999363559543300E+00,-1.3002866627724900E-02
2.39860E+02,3.3049121153779000E-02,9.9999370291031600E+00,-1.2929406880696000E-02
2.39870E+02,3.2875637154723300E-02,9.9999376951654000E+00,-1.2856332745633400E-02
2.39880E+02,3.2703063811395700E-02,9.9999383542154500E+00,-1.2783642198353200E-02
2.39890E+02,3.2531396343718300E-02,9.9999390063269600E+00,-1.2711333225296900E-02
2.39900E+02,3.2360629996703100E-02,9.9999396515727500E+00,-1.2639403823475600E-02
2.39910E+02,3.2190760040318900E-02,9.9999402900249300E+00,-1.2567852000414500E-02
2.39920E+02,3.2021781769358300E-02,9.9999409217548200E+00,-1.2496675774097600E-02
2.39930E+02,3.1853690503311000E-02,9.9999415468330100E+00,-1.2425873172913300E-02
2.39940E+02,3.1686481586233000E-02,9.9999421653293400E+00,-1.2355442235599000E-02
2.39950E+02,3.1520150386618200E-02,9.9999427773129200E+00,-1.2285381011187600E-02
2.39960E+02,3.1354692297266700E-02,9.9999433828521400E+00,-1.2215687558952800E-02
2.39970E+02,3.1190102735159100E-02,9.9999439820146600E+00,-1.2146359948355700E-02
2.39980E+02,3.1026377141336200E-02,9.9999445748674500E+00,-1.2077396258991100E-02
2.39990E+02,3.0863510980761600E-02,9.9999451614767600E+00,-1.2008794580534800E-02
2.40000E+02,3.0701499742201900E-02,9.9999457419081600E+00,-1.1940553012690000E-02
2.40010E+02,3.0540338938104500E-02,9.9999463162265200E+00,-1.1872669665135000E-02
2.40020E+02,3.0380024104468900E-02,9.9999468844960400E+00,-1.1805142657471100E-02
2.40030E+02,3.0220550800725000E-02,9.9999474467802400E+00,-1.1737970119169900E-02
2.40040E+02,3.0061914609608100E-02,9.9999480031419700E+00,-1.1671150189522100E-02
2.40050E+02,2.9904111137037800E-02,9.9999485536434300E+00,-1.1604681017585500E-02
2.40060E+02,2.9747136011999300E-02,9.9999490983461700E+00,-1.1538560762134100E-02
2.40070E+02,2.9590984886418000E-02,9.9999496373110900E+00,-1.1472787591606900E-02
2.40080E+02,2.9435653435041000E-02,9.9999501705984400E+00,-1.1407359684057000E-02
2.40090E+02,2.9281137355320000E-02,9.9999506982678500E+00,-1.1342275227101600E-02
2.40100E+02,2.9127432367284500E-02,9.9999512203783300E+00,-1.1277532417871400E-02
2.40110E+02,2.8974534213431200E-02,9.9999517369882600E+00,-1.1213129462960600E-02
2.40120E+02,2.8822438658603600E-02,9.9999522481554200E+00,-1.1149064578377800E-02
2.40130E+02,2.8671141489872800E-02,9.9999527539369600E+00,-1.1085335989495800E-02
2.40140E+02,2.8520638516423800E-02,9.9999532543894700E+00,-1.1021941931003200E-02
2.40150E+02,2.8370925569436100E-02,9.9999537495689000E+00,-1.0958880646854900E-02
2.40160E+02,2.8221998501972100E-02,9.9999542395306500E+00,-1.0896150390223800E-02
2.40170E+02,2.8073853188860300E-02,9.9999547243295200E+00,-1.0833749423452200E-02
2.40180E+02,2.7926485526579200E-02,9.9999552040197500E+00,-1.0771676018004000E-02
2.40190E+02,2.7779891433146600E-02,9.9999556786549900E+00,-1.0709928454416300E-02
2.40200E+02,2.7634066848006500E-02,9.9999561482883500E+00,-1.0648505022252500E-02
2.40210E+02,2.7489007731915900E-02,9.9999566129723700E+00,-1.0587404020054100E-02
2.40220E+02,2.7344710066829000E-02,9.9999570727590400E+00,-1.0526623755294100E-02
2.40230E+02,2.7201169855795800E-02,9.9999575276998000E+00,-1.0466162544330100E-02
2.40240E+02,2.7058383122841600E-02,9.9999579778455600E+00,-1.0406018712357500E-02
2.40250E+02,2.6916345912860800E-02,9.9999584232467000E+00,-1.0346190593363000E-02
2.40260E+02,2.6775054291508100E-02,9.9999588639530600E+00,-1.0286676530078800E-02
2.40270E+02,2.6634504345087600E-02,9.9999593000139600E+00,-1.0227474873936500E-02
2.40280E+02,2.6494692180448200E-02,9.9999597314782100E+00,-1.0168583985021400E-02
2.40290E+02,2.6355613924870800E-02,9.9999601583941000E+00,-1.0110002232027000E-02
2.40300E+02,2.6217265725963700E-02,9.9999605808094100E+00,-1.0051727992210200E-02
2.40310E+02,2.6079643751556000E-02,9.9999609987714300E+00,-9.9937596513458700E-03
2.40320E+02,2.5942744189591600E-02,9.9999614123269400E+00,-9.9360956036823700E-03
2.40330E+02,2.5806563248024100E-02,9.9999618215222600E+00,-9.8787342518971300E-03
2.40340E+02,2.5671097154706500E-02,9.9999622264031800E+00,-9.8216740070523100E-03
2.40350E+02,2.5536342157297500E-02,9.9999626270150400E+00,-9.7649132885507900E-03
2.40360E+02,2.5402294523146400E-02,9.9999630234027000E+00,-9.7084505240924100E-03
2.40370E+02,2.5268950539195400E-02,9.9999634156105400E+00,-9.6522841496304000E-03
2.40380E+02,2.5136306511879400E-02,9.9999638036824800E+00,-9.5964126093280900E-03
2.40390E+02,2.5004358767015500E-02,9.9999641876619900E+00,-9.5408343555157600E-03
2.40400E+02,2.4873103649709500E-02,9.9999645675920600E+00,-9.4855478486478500E-03
2.40410E+02,2.4742537524247100E-02,9.9999649435152500E+00,-9.4305515572602100E-03
2.40420E+02,2.4612656774003100E-02,9.9999653154736700E+00,-9.3758439579278000E-03
2.40430E+02,2.4483457801330100E-02,9.9999656835089800E+00,-9.3214235352223700E-03
2.40440E+02,2.4354937027470100E-02,9.9999660476624000E+00,-9.2672887816705800E-03
2.40450E+02,2.4227090892443400E-02,9.9999664079747400E+00,-9.2134381977122000E-03
2.40460E+02,2.4099915854959500E-02,9.9999667644863600E+00,-9.1598702916585700E-03
2.40470E+02,2.3973408392315500E-02,9.9999671172372000E+00,-9.1065835796512900E-03
2.40480E+02,2.3847565000298000E-02,9.9999674662668000E+00,-9.0535765856211300E-03
2.40490E+02,2.3722382193087800E-02,9.9999678116142500E+00,-9.0008478412471100E-03
2.40500E+02,2.3597856503162600E-02,9.9999681533182600E+00,-8.9483958859158600E-03
2.40510E+02,2.3473984481198700E-02,9.9999684914171200E+00,-8.8962192666811600E-03
2.40520E+02,2.3350762695980300E-02,9.9999688259487200E+00,-8.8443165382236600E-03
2.40530E+02,2.3228187734299700E-02,9.9999691569505700E+00,-8.7926862628109000E-03
2.40540E+02,2.3106256200866400E-02,9.9999694844597500E+00,-8.7413270102574300E-03
2.40550E+02,2.2984964718211000E-02,9.9999698085129900E+00,-8.6902373578852300E-03
2.40560E+02,2.2864309926590700E-02,9.9999701291466100E+00,-8.6394158904842700E-03
2.40570E+02,2.2744288483899600E-02,9.9999704463965500E+00,-8.5888612002733800E-03
2.40580E+02,2.2624897065574000E-02,9.9999707602983900E+00,-8.5385718868611500E-03
2.40590E+02,2.2506132364498700E-02,9.9999710708873100E+00,-8.4885465572072200E-03
2.40600E+02,2.2387991090920600E-02,9.9999713781981500E+00,-8.4387838255836600E-03
2.40610E+02,2.2270469972353100E-02,9.9999716822653700E+00,-8.3892823135366200E-03
2.40620E+02,2.2153565753485400E-02,9.9999719831230600E+00,-8.3400406498480800E-03
2.40630E+02,2.2037275196093500E-02,9.9999722808049700E+00,-8.2910574704979300E-03
2.40640E+02,2.1921595078953600E-02,9.9999725753444800E+00,-8.2423314186261600E-03
2.40650E+02,2.1806522197746700E-02,9.9999728667746400E+00,-8.1938611444952900E-03
2.40660E+02,2.1692053364974200E-02,9.9999731551281200E+00,-8.1456453054529600E-03
2.40670E+02,2.1578185409869300E-02,9.9999734404372900E+00,-8.0976825658947600E-03
2.40680E+02,2.1464915178310200E-02,9.9999737227341500E+00,-8.0499715972272200E-03
2.40690E+02,2.1352239532727000E-02,9.9999740020503600E+00,-8.0025110778310200E-03
2.40700E+02,2.1240155352019300E-02,9.9999742784172800E+00,-7.9552996930243700E-03
2.40710E+02,2.1128659531472500E-02,9.9999745518659100E+00,-7.9083361350265900E-03
2.40720E+02,2.1017748982666000E-02,9.9999748224269300E+00,-7.8616191029219200E-03
2.40730E+02,2.0907420633391600E-02,9.9999750901307200E+00,-7.8151473026234300E-03
2.40740E+02,2.0797671427566500E-02,9.9999753550073100E+00,-7.7689194468372200E-03
2.40750E+02,2.0688498325149600E-02,9.9999756170864400E+00,-7.7229342550267400E-03
2.40760E+02,2.0579898302056500E-02,9.9999758763975200E+00,-7.6771904533773200E-03
2.40770E+02,2.0471868350077400E-02,9.9999761329696700E+00,-7.6316867747608900E-03
2.40780E+02,2.0364405476789000E-02,9.9999763868316800E+00,-7.5864219587008900E-03
2.40790E+02,2.0257506705480400E-02,9.9999766380120700E+00,-7.5413947513373200E-03
2.40800E+02,2.0151169075062400E-02,9.9999768865390200E+00,-7.4966039053920600E-03
2.40810E+02,2.0045389639987900E-02,9.9999771324404500E+00,-7.4520481801342800E-03
2.40820E+02,1.9940165470173800E-02,9.9999773757439700E+00,-7.4077263413460900E-03
2.40830E+02,1.9835493650914500E-02,9.9999776164769100E+00,-7.3636371612883500E-03
2.40840E+02,1.9731371282804200E-02,9.9999778546663000E+00,-7.3197794186666400E-03
2.40850E+02,1.9627795481659400E-02,9.9999780903388900E+00,-7.2761518985974800E-03
2.40860E+02,1.9524763378430000E-02,9.9999783235211700E+00,-7.2327533925746200E-03
2.40870E+02,1.9422272119130200E-02,9.9999785542393100E+00,-7.1895826984356000E-03
2.40880E+02,1.9320318864752500E-02,9.9999787825192500E+00,-7.1466386203284600E-03
2.40890E+02,1.9218900791193800E-02,9.9999790083866300E+00,-7.1039199686785700E-03
2.40900E+02,1.9118015089173700E-02,9.9999792318668300E+00,-7.0614255601557200E-03
2.40910E+02,1.9017658964156700E-02,9.9999794529849600E+00,-7.0191542176413200E-03
2.40920E+02,1.8917829636274500E-02,9.9999796717658700E+00,-6.9771047701958100E-03
2.40930E+02,1.8818524340254900E-02,9.9999798882341500E+00,-6.9352760530262200E-03
2.40940E+02,1.8719740325339600E-02,9.9999801024141300E+00,-6.8936669074538800E-03
2.40950E+02,1.8621474855206800E-02,9.9999803143298800E+00,-6.8522761808823600E-03
2.40960E+02,1.8523725207899800E-02,9.9999805240052300E+00,-6.8111027267655300E-03
2.40970E+02,1.8426488675747400E-02,9.9999807314637400E+00,-6.7701454045758000E-03
2.40980E+02,1.8329762565294600E-02,9.9999809367287400E+00,-6.7294030797725300E-03
2.40990E+02,1.8233544197221200E-02,9.9999811398233200E+00,-6.6888746237705800E-03
2.41000E+02,1.8137830906272300E-02,9.9999813407703000E+00,-6.6485589139090900E-03
2.41010E+02,1.8042620041183200E-02,9.9999815395922900E+00,-6.6084548334203500E-03
2.41020E+02,1.7947908964608200E-02,9.9999817363116400E+00,-6.5685612713988900E-03
2.41030E+02,1.7853695053040700E-02,9.9999819309504900E+00,-6.5288771227706800E-03
2.41040E+02,1.7759975696746600E-02,9.9999821235307200E+00,-6.4894012882625200E-03
2.41050E+02,1.7666748299691200E-02,9.9999823140740000E+00,-6.4501326743716400E-03
2.41060E+02,1.7574010279468000E-02,9.9999825026017600E+00,-6.4110701933353400E-03
2.41070E+02,1.7481759067223000E-02,9.9999826891352300E+00,-6.3722127631009200E-03
2.41080E+02,1.7389992107588700E-02,9.9999828736953800E+00,-6.3335593072956400E-03
2.41090E+02,1.7298706858610300E-02,9.9999830563029700E+00,-6.2951087551969900E-03
2.41100E+02,1.7207900791674800E-02,9.9999832369785800E+00,-6.2568600417029500E-03
2.41110E+02,1.7117571391442200E-02,9.9999834157425200E+00,-6.2188121073025300E-03
2.41120E+02,1.7027716155776900E-02,9.9999835926149200E+00,-6.1809638980464300E-03
2.41130E+02,1.6938332595676300E-02,9.9999837676156900E+00,-6.1433143655178000E-03
2.41140E+02,1.6849418235204400E-02,9.9999839407645300E+00,-6.1058624668032300E-03
2.41150E+02,1.6760970611418500E-02,9.9999841120809300E+00,-6.0686071644638900E-03
2.41160E+02,1.6672987274309100E-02,9.9999842815841900E+00,-6.0315474265067200E-03
2.41170E+02,1.6585465786720400E-02,9.9999844492933800E+00,-5.9946822263559100E-03
2.41180E+02,1.6498403724296600E-02,9.9999846152274000E+00,-5.9580105428244200E-03
2.41190E+02,1.6411798675402000E-02,9.9999847794049400E+00,-5.9215313600857200E-03
2.41200E+02,1.6325648241063700E-02,9.9999849418444800E+00,-5.8852436676456600E-03
2.41210E+02,1.6239950034897900E-02,9.9999851025643200E+00,-5.8491464603144200E-03
2.41220E+02,1.6154701683049900E-02,9.9999852615825700E+00,-5.8132387381787400E-03
2.41230E+02,1.6069900824125900E-02,9.9999854189171500E+00,-5.7775195065741900E-03
2.41240E+02,1.5985545109125500E-02,9.9999855745857800E+00,-5.7419877760575900E-03
2.41250E+02,1.5901632201378200E-02,9.9999857286060000E+00,-5.7066425623796600E-03
2.41260E+02,1.5818159776480600E-02,9.9999858809951800E+00,-5.6714828864577100E-03
2.41270E+02,1.5735125522227800E-02,9.9999860317704800E+00,-5.6365077743485300E-03
2.41280E+02,1.5652527138555800E-02,9.9999861809489000E+00,-5.6017162572214400E-03
2.41290E+02,1.5570362337472600E-02,9.9999863285472500E+00,-5.5671073713314000E-03
2.41300E+02,1.5488628842993500E-02,9.9999864745821900E+00,-5.5326801579923600E-03
2.41310E+02,1.5407324391083900E-02,9.9999866190701600E+00,-5.4984336635506800E-03
2.41320E+02,1.5326446729592400E-02,9.9999867620274600E+00,-5.4643669393587400E-03
2.41330E+02,1.5245993618190900E-02,9.9999869034702100E+00,-5.4304790417486300E-03
2.41340E+02,1.5165962828305800E-02,9.9999870434143700E+00,-5.3967690320060100E-03
2.41350E+02,1.5086352143069000E-02,9.9999871818757200E+00,-5.3632359763441500E-03
2.41360E+02,1.5007159357242800E-02,9.9999873188698700E+00,-5.3298789458780200E-03
2.41370E+02,1.4928382277168400E-02,9.9999874544122800E+00,-5.2966970165985600E-03
2.41380E+02,1.4850018720701700E-02,9.9999875885182500E+00,-5.2636892693471400E-03
2.41390E+02,1.4772066517153500E-02,9.9999877212029000E+00,-5.2308547897900100E-03
2.41400E+02,1.4694523507227200E-02,9.9999878524812100E+00,-5.1981926683930700E-03
2.41410E+02,1.4617387542958700E-02,9.9999879823679800E+00,-5.1657020003965800E-03
2.41420E+02,1.4540656487663400E-02,9.9999881108778900E+00,-5.1333818857901800E-03
2.41430E+02,1.4464328215871500E-02,9.9999882380254300E+00,-5.1012314292879200E-03
2.41440E+02,1.4388400613268700E-02,9.9999883638249600E+00,-5.0692497403034400E-03
2.41450E+02,1.4312871576639700E-02,9.9999884882906900E+00,-5.0374359329253500E-03
2.41460E+02,1.4237739013809000E-02,9.9999886114366500E+00,-5.0057891258926600E-03
2.41470E+02,1.4163000843583200E-02,9.9999887332767700E+00,-4.9743084425703800E-03
2.41480E+02,1.4088654995692700E-02,9.9999888538248000E+00,-4.9429930109252000E-03
2.41490E+02,1.4014699410736700E-02,9.9999889730943600E+00,-4.9118419635014200E-03
2.41500E+02,1.3941132040123200E-02,9.9999890910989100E+00,-4.8808544373968100E-03
2.41510E+02,1.3867950846015300E-02,9.9999892078517900E+00,-4.8500295742388000E-03
2.41520E+02,1.3795153801272000E-02,9.9999893233661900E+00,-4.8193665201606600E-03
2.41530E+02,1.3722738889394100E-02,9.9999894376551600E+00,-4.7888644257778500E-03
2.41540E+02,1.3650704104464800E-02,9.9999895507316100E+00,-4.7585224461645000E-03
2.41550E+02,1.3579047451098500E-02,9.9999896626083300E+00,-4.7283397408299900E-03
2.41560E+02,1.3507766944385300E-02,9.9999897732979600E+00,-4.6983154736957100E-03
2.41570E+02,1.3436860609830800E-02,9.9999898828130000E+00,-4.6684488130718400E-03
2.41580E+02,1.3366326483305600E-02,9.9999899911658500E+00,-4.6387389316343400E-03
2.41590E+02,1.3296162610993700E-02,9.9999900983687600E+00,-4.6091850064020700E-03
2.41600E+02,1.3226367049332600E-02,9.9999902044338300E+00,-4.5797862187139300E-03
2.41610E+02,1.3156937864962700E-02,9.9999903093730800E+00,-4.5505417542062000E-03
2.41620E+02,1.3087873134671300E-02,9.9999904131983700E+00,-4.5214508027900300E-03
2.41630E+02,1.3019170945344000E-02,9.9999905159214300E+00,-4.4925125586289400E-03
2.41640E+02,1.2950829393906900E-02,9.9999906175539000E+00,-4.4637262201165200E-03
2.41650E+02,1.2882846587273200E-02,9.9999907181072700E+00,-4.4350909898542400E-03
2.41660E+02,1.2815220642299100E-02,9.9999908175929100E+00,-4.4066060746293300E-03
2.41670E+02,1.2747949685721400E-02,9.9999909160220900E+00,-4.3782706853928300E-03
2.41680E+02,1.2681031854108600E-02,9.9999910134059500E+00,-4.3500840372377500E-03
2.41690E+02,1.2614465293816700E-02,9.9999911097555000E+00,-4.3220453493772800E-03
2.41700E+02,1.2548248160927100E-02,9.9999912050816700E+00,-4.2941538451232100E-03
2.41710E+02,1.2482378621201700E-02,9.9999912993952200E+00,-4.2664087518643700E-03
2.41720E+02,1.2416854850027900E-02,9.9999913927068500E+00,-4.2388093010452800E-03
2.41730E+02,1.2351675032376400E-02,9.9999914850271300E+00,-4.2113547281448300E-03
2.41740E+02,1.2286837362743000E-02,9.9999915763665000E+00,-4.1840442726550700E-03
2.41750E+02,1.2222340045098000E-02,9.9999916667353100E+00,-4.1568771780602300E-03
2.41760E+02,1.2158181292841800E-02,9.9999917561438100E+00,-4.1298526918156800E-03
2.41770E+02,1.2094359328755600E-02,9.9999918446021200E+00,-4.1029700653271300E-03
2.41780E+02,1.2030872384944200E-02,9.9999919321202600E+00,-4.0762285539298800E-03
2.41790E+02,1.1967718702795800E-02,9.9999920187081500E+00,-4.0496274168681900E-03
2.41800E+02,1.1904896532930800E-02,9.9999921043756000E+00,-4.0231659172747800E-03
2.41810E+02,1.1842404135148900E-02,9.9999921891323300E+00,-3.9968433221503800E-03
2.41820E+02,1.1780239778388500E-02,9.9999922729879400E+00,-3.9706589023434700E-03
2.41830E+02,1.1718401740672100E-02,9.9999923559519400E+00,-3.9446119325300500E-03
2.41840E+02,1.1656888309060900E-02,9.9999924380337300E+00,-3.9187016911935700E-03
2.41850E+02,1.1595697779609100E-02,9.9999925192426300E+00,-3.8929274606049200E-03
2.41860E+02,1.1534828457314100E-02,9.9999925995878500E+00,-3.8672885268025600E-03
2.41870E+02,1.1474278656073200E-02,9.9999926790784900E+00,-3.8417841795727700E-03
2.41880E+02,1.1414046698631400E-02,9.9999927577235800E+00,-3.8164137124299300E-03
2.41890E+02,1.1354130916537900E-02,9.9999928355320500E+00,-3.7911764225969700E-03
2.41900E+02,1.1294529650103400E-02,9.9999929125127100E+00,-3.7660716109859100E-03
2.41910E+02,1.1235241248347000E-02,9.9999929886743100E+00,-3.7410985821785100E-03
2.41920E+02,1.1176264068956100E-02,9.9999930640254900E+00,-3.7162566444069400E-03
2.41930E+02,1.1117596478240000E-02,9.9999931385748000E+00,-3.6915451095347100E-03
2.41940E+02,1.1059236851081000E-02,9.9999932123307100E+00,-3.6669632930375400E-03
2.41950E+02,1.1001183570891900E-02,9.9999932853016000E+00,-3.6425105139844200E-03
2.41960E+02,1.0943435029574200E-02,9.9999933574957400E+00,-3.6181860950187500E-03
2.41970E+02,1.0885989627469100E-02,9.9999934289213500E+00,-3.5939893623395800E-03
2.41980E+02,1.0828845773313100E-02,9.9999934995865300E+00,-3.5699196456829500E-03
2.41990E+02,1.0772001884198000E-02,9.9999935694993000E+00,-3.5459762783032900E-03
2.42000E+02,1.0715456385524500E-02,9.9999936386676300E+00,-3.5221585969550000E-03
2.42010E+02,1.0659207710957300E-02,9.9999937070993600E+00,-3.4984659418740300E-03
2.42020E+02,1.0603254302383500E-02,9.9999937748022800E+00,-3.4748976567596500E-03
2.42030E+02,1.0547594609870000E-02,9.9999938417840700E+00,-3.4514530887562300E-03
2.42040E+02,1.0492227091619100E-02,9.9999939080523600E+00,-3.4281315884351800E-03
2.42050E+02,1.0437150213924500E-02,9.9999939736146800E+00,-3.4049325097769600E-03
2.42060E+02,1.0382362451135400E-02,9.9999940384784800E+00,-3.3818552101531600E-03
2.42070E+02,1.0327862285605500E-02,9.9999941026511400E+00,-3.3588990503087400E-03
2.42080E+02,1.0273648207655300E-02,9.9999941661399700E+00,-3.3360633943442900E-03
2.42090E+02,1.0219718715532000E-02,9.9999942289521700E+00,-3.3133476096984100E-03
2.42100E+02,1.0166072315363200E-02,9.9999942910949100E+00,-3.2907510671302400E-03
2.42110E+02,1.0112707521119000E-02,9.9999943525752600E+00,-3.2682731407019600E-03
2.42120E+02,1.0059622854571600E-02,9.9999944134002000E+00,-3.2459132077614900E-03
2.42130E+02,1.0006816845253900E-02,9.9999944735766700E+00,-3.2236706489252500E-03
2.42140E+02,9.9542880304123900E-03,9.9999945331115200E+00,-3.2015448480609700E-03
2.42150E+02,9.9020349549759400E-03,9.9999945920115100E+00,-3.1795351922706500E-03
2.42160E+02,9.8500561715095800E-03,9.9999946502833700E+00,-3.1576410718735900E-03
2.42170E+02,9.7983502401787400E-03,9.9999947079337300E+00,-3.1358618803894700E-03
2.42180E+02,9.7469157287048600E-03,9.9999947649691600E+00,-3.1141970145215500E-03
2.42190E+02,9.6957512123276800E-03,9.9999948213961400E+00,-3.0926458741400100E-03
2.42200E+02,9.6448552737674700E-03,9.9999948772211300E+00,-3.0712078622652700E-03
2.42210E+02,9.5942265031828500E-03,9.9999949324504700E+00,-3.0498823850514800E-03
2.42220E+02,9.5438634981308500E-03,9.9999949870904600E+00,-3.0286688517700400E-03
2.42230E+02,9.4937648635357700E-03,9.9999950411473300E+00,-3.0075666747933100E-03
2.42240E+02,9.4439292116404200E-03,9.9999950946272500E+00,-2.9865752695782400E-03
2.42250E+02,9.3943551619727000E-03,9.9999951475363100E+00,-2.9656940546502500E-03
2.42260E+02,9.3450413413101800E-03,9.9999951998805400E+00,-2.9449224515870600E-03
2.42270E+02,9.2959863836356400E-03,9.9999952516659300E+00,-2.9242598850027300E-03
2.42280E+02,9.2471889301015500E-03,9.9999953028983700E+00,-2.9037057825316900E-03
2.42290E+02,9.1986476289967700E-03,9.9999953535837100E+00,-2.8832595748128800E-03
2.42300E+02,9.1503611357043600E-03,9.9999954037277400E+00,-2.8629206954739900E-03
2.42310E+02,9.1023281126638700E-03,9.9999954533361900E+00,-2.8426885811157700E-03
2.42320E+02,9.0545472293379600E-03,9.9999955024147000E+00,-2.8225626712964100E-03
2.42330E+02,9.0070171621747200E-03,9.9999955509688900E+00,-2.8025424085160400E-03
2.42340E+02,8.9597365945654500E-03,9.9999955990043100E+00,-2.7826272382012700E-03
2.42350E+02,8.9127042168180600E-03,9.9999956465264400E+00,-2.7628166086898400E-03
2.42360E+02,8.8659187261103500E-03,9.9999956935407000E+00,-2.7431099712153000E-03
2.42370E+02,8.8193788264635000E-03,9.9999957400524800E+00,-2.7235067798918700E-03
2.42380E+02,8.7730832286975200E-03,9.9999957860670800E+00,-2.7040064916992900E-03
2.42390E+02,8.7270306504025000E-03,9.9999958315897600E+00,-2.6846085664677500E-03
2.42400E+02,8.6812198158985900E-03,9.9999958766257400E+00,-2.6653124668629800E-03
2.42410E+02,8.6356494562026900E-03,9.9999959211801500E+00,-2.6461176583713300E-03
2.42420E+02,8.5903183089951600E-03,9.9999959652580900E+00,-2.6270236092849500E-03
2.42430E+02,8.5452251185798800E-03,9.9999960088646100E+00,-2.6080297906871200E-03
2.42440E+02,8.5003686358508800E-03,9.9999960520046900E+00,-2.5891356764375500E-03
2.42450E+02,8.4557476182635300E-03,9.9999960946832600E+00,-2.5703407431578100E-03
2.42460E+02,8.4113608297923300E-03,9.9999961369052200E+00,-2.5516444702168400E-03
2.42470E+02,8.3672070409020800E-03,9.9999961786753900E+00,-2.5330463397165300E-03
2.42480E+02,8.3232850285078300E-03,9.9999962199985500E+00,-2.5145458364773900E-03
2.42490E+02,8.2795935759505600E-03,9.9999962608794500E+00,-2.4961424480242500E-03
2.42500E+02,8.2361314729527100E-03,9.9999963013227400E+00,-2.4778356645720600E-03
2.42510E+02,8.1928975155937600E-03,9.9999963413330800E+00,-2.4596249790118200E-03
2.42520E+02,8.1498905062702800E-03,9.9999963809150500E+00,-2.4415098868964600E-03
2.42530E+02,8.1071092536670600E-03,9.9999964200731700E+00,-2.4234898864269300E-03
2.42540E+02,8.0645525727193600E-03,9.9999964588119300E+00,-2.4055644784382600E-03
2.42550E+02,8.0222192845862800E-03,9.9999964971357800E+00,-2.3877331663857600E-03
2.42560E+02,7.9801082166152100E-03,9.9999965350491100E+00,-2.3699954563312500E-03
2.42570E+02,7.9382182023063300E-03,9.9999965725562600E+00,-2.3523508569293600E-03
2.42580E+02,7.8965480812859300E-03,9.9999966096615500E+00,-2.3347988794139700E-03
2.42590E+02,7.8550966992687200E-03,9.9999966463692100E+00,-2.3173390375846200E-03
2.42600E+02,7.8138629080311200E-03,9.9999966826834700E+00,-2.2999708477930600E-03
2.42610E+02,7.7728455653758000E-03,9.9999967186084900E+00,-2.2826938289298800E-03
2.42620E+02,7.7320435351005300E-03,9.9999967541483900E+00,-2.2655075024111400E-03
2.42630E+02,7.6914556869671400E-03,9.9999967893072600E+00,-2.2484113921651200E-03
2.42640E+02,7.6510808966726500E-03,9.9999968240891200E+00,-2.2314050246191600E-03
2.42650E+02,7.6109180458115100E-03,9.9999968584979800E+00,-2.2144879286865300E-03
2.42660E+02,7.5709660218533900E-03,9.9999968925377900E+00,-2.1976596357533700E-03
2.42670E+02,7.5312237181076800E-03,9.9999969262124500E+00,-2.1809196796657100E-03
2.42680E+02,7.4916900336901700E-03,9.9999969595258400E+00,-2.1642675967165600E-03
2.42690E+02,7.4523638734964000E-03,9.9999969924817800E+00,-2.1477029256330900E-03
2.42700E+02,7.4132441481728000E-03,9.9999970250840600E+00,-2.1312252075638000E-03
2.42710E+02,7.3743297740811800E-03,9.9999970573364400E+00,-2.1148339860658700E-03
2.42720E+02,7.3356196732720500E-03,9.9999970892426100E+00,-2.0985288070924500E-03
2.42730E+02,7.2971127734557900E-03,9.9999971208062500E+00,-2.0823092189801600E-03
2.42740E+02,7.2588080079693300E-03,9.9999971520309900E+00,-2.0661747724365000E-03
2.42750E+02,7.2207043157517200E-03,9.9999971829204200E+00,-2.0501250205274800E-03
2.42760E+02,7.1828006413108300E-03,9.9999972134781000E+00,-2.0341595186651600E-03
2.42770E+02,7.1450959346945000E-03,9.9999972437075500E+00,-2.0182778245954000E-03
2.42780E+02,7.1075891514616400E-03,9.9999972736122300E+00,-2.0024794983855900E-03
2.42790E+02,7.0702792526534000E-03,9.9999973031956100E+00,-1.9867641024124500E-03
2.42800E+02,7.0331652047665100E-03,9.9999973324610800E+00,-1.9711312013499100E-03
2.42810E+02,6.9962459797221900E-03,9.9999973614120200E+00,-1.9555803621570800E-03
2.42820E+02,6.9595205548372900E-03,9.9999973900517700E+00,-1.9401111540662100E-03
2.42830E+02,6.9229879127976700E-03,9.9999974183836100E+00,-1.9247231485707800E-03
2.42840E+02,6.8866470416292800E-03,9.9999974464108300E+00,-1.9094159194136500E-03
2.42850E+02,6.8504969346715700E-03,9.9999974741366500E+00,-1.8941890425752200E-03
2.42860E+02,6.8145365905463600E-03,9.9999975015642700E+00,-1.8790420962616900E-03
2.42870E+02,6.7787650131312300E-03,9.9999975286968500E+00,-1.8639746608934000E-03
2.42880E+02,6.7431812115351000E-03,9.9999975555375300E+00,-1.8489863190931800E-03
2.42890E+02,6.7077842000670900E-03,9.9999975820893900E+00,-1.8340766556748000E-03
2.42900E+02,6.6725729982121700E-03,9.9999976083555200E+00,-1.8192452576314700E-03
2.42910E+02,6.6375466305977900E-03,9.9999976343389300E+00,-1.8044917141244000E-03
2.42920E+02,6.6027041269761500E-03,9.9999976600426300E+00,-1.7898156164714000E-03
2.42930E+02,6.5680445221909100E-03,9.9999976854695900E+00,-1.7752165581355900E-03
2.42940E+02,6.5335668561527300E-03,9.9999977106227400E+00,-1.7606941347141400E-03
2.42950E+02,6.4992701738104000E-03,9.9999977355050000E+00,-1.7462479439270400E-03
2.42960E+02,6.4651535251264600E-03,9.9999977601192300E+00,-1.7318775856059400E-03
2.42970E+02,6.4312159650527500E-03,9.9999977844683000E+00,-1.7175826616831500E-03
2.42980E+02,6.3974565534971000E-03,9.9999978085549900E+00,-1.7033627761805100E-03
2.42990E+02,6.3638743553077800E-03,9.9999978323821200E+00,-1.6892175351985100E-03
2.43000E+02,6.3304684402380000E-03,9.9999978559524300E+00,-1.6751465469052900E-03
2.43010E+02,6.2972378829259200E-03,9.9999978792686500E+00,-1.6611494215258800E-03
2.43020E+02,6.2641817628657500E-03,9.9999979023334700E+00,-1.6472257713313400E-03
2.43030E+02,6.2312991643856000E-03,9.9999979251495800E+00,-1.6333752106280200E-03
2.43040E+02,6.1985891766208000E-03,9.9999979477196100E+00,-1.6195973557469100E-03
2.43050E+02,6.1660508934828200E-03,9.9999979700461700E+00,-1.6058918250329900E-03
2.43060E+02,6.1336834136459400E-03,9.9999979921318600E+00,-1.5922582388346800E-03
2.43070E+02,6.1014858405117700E-03,9.9999980139792300E+00,-1.5786962194932700E-03
2.43080E+02,6.0694572821891900E-03,9.9999980355908200E+00,-1.5652053913325300E-03
2.43090E+02,6.0375968514699900E-03,9.9999980569691200E+00,-1.5517853806482500E-03
2.43100E+02,6.0059036658021900E-03,9.9999980781166200E+00,-1.5384358156979100E-03
2.43110E+02,5.9743768472678700E-03,9.9999980990357800E+00,-1.5251563266903800E-03
2.43120E+02,5.9430155225542500E-03,9.9999981197290200E+00,-1.5119465457756700E-03
2.43130E+02,5.9118188229359800E-03,9.9999981401987400E+00,-1.4988061070347600E-03
2.43140E+02,5.8807858842484800E-03,9.9999981604473200E+00,-1.4857346464694400E-03
2.43150E+02,5.8499158468590500E-03,9.9999981804771100E+00,-1.4727318019922300E-03
2.43160E+02,5.8192078556513500E-03,9.9999982002904300E+00,-1.4597972134163800E-03
2.43170E+02,5.7886610599987800E-03,9.9999982198895900E+00,-1.4469305224458400E-03
2.43180E+02,5.7582746137355500E-03,9.9999982392768700E+00,-1.4341313726653900E-03
2.43190E+02,5.7280476751411900E-03,9.9999982584545200E+00,-1.4213994095307200E-03
2.43200E+02,5.6979794069116700E-03,9.9999982774247600E+00,-1.4087342803586500E-03
2.43210E+02,5.6680689761371800E-03,9.9999982961898100E+00,-1.3961356343173300E-03
2.43220E+02,5.6383155542844200E-03,9.9999983147518500E+00,-1.3836031224165400E-03
2.43230E+02,5.6087183171654300E-03,9.9999983331130400E+00,-1.3711363974980100E-03
2.43240E+02,5.5792764449198900E-03,9.9999983512755200E+00,-1.3587351142258000E-03
2.43250E+02,5.5499891219929100E-03,9.9999983692413900E+00,-1.3463989290767600E-03
2.43260E+02,5.5208555371083600E-03,9.9999983870127600E+00,-1.3341275003309900E-03
2.43270E+02,5.4918748832489000E-03,9.9999984045916900E+00,-1.3219204880623900E-03
2.43280E+02,5.4630463576337900E-03,9.9999984219802300E+00,-1.3097775541292100E-03
2.43290E+02,5.4343691616944200E-03,9.9999984391804100E+00,-1.2976983621647400E-03
2.43300E+02,5.4058425010588500E-03,9.9999984561942300E+00,-1.2856825775679400E-03
2.43310E+02,5.3774655855206100E-03,9.9999984730236800E+00,-1.2737298674942000E-03
2.43320E+02,5.3492376290255000E-03,9.9999984896707200E+00,-1.2618399008461200E-03
2.43330E+02,5.3211578496404000E-03,9.9999985061372900E+00,-1.2500123482643100E-03
2.43340E+02,5.2932254695400200E-03,9.9999985224253200E+00,-1.2382468821183000E-03
2.43350E+02,5.2654397149824300E-03,9.9999985385367100E+00,-1.2265431764974600E-03
2.43360E+02,5.2377998162846700E-03,9.9999985544733300E+00,-1.2149009072019600E-03
2.43370E+02,5.2103050078071700E-03,9.9999985702370500E+00,-1.2033197517337700E-03
2.43380E+02,5.1829545279271400E-03,9.9999985858297200E+00,-1.1917993892877800E-03
2.43390E+02,5.1557476190185800E-03,9.9999986012531500E+00,-1.1803395007428800E-03
2.43400E+02,5.1286835274367000E-03,9.9999986165091500E+00,-1.1689397686531000E-03
2.43410E+02,5.1017615034913400E-03,9.9999986315995000E+00,-1.1575998772388700E-03
2.43420E+02,5.0749808014247000E-03,9.9999986465259700E+00,-1.1463195123782200E-03
2.43430E+02,5.0483406793980600E-03,9.9999986612903000E+00,-1.1350983615981200E-03
2.43440E+02,5.0218403994629100E-03,9.9999986758942300E+00,-1.1239361140657900E-03
2.43450E+02,4.9954792275476000E-03,9.9999986903394600E+00,-1.1128324605801100E-03
2.43460E+02,4.9692564334307200E-03,9.9999987046276900E+00,-1.1017870935630600E-03
2.43470E+02,4.9431712907278000E-03,9.9999987187605900E+00,-1.0907997070511800E-03
2.43480E+02,4.9172230768623800E-03,9.9999987327398100E+00,-1.0798699966871200E-03
2.43490E+02,4.8914110730571800E-03,9.9999987465670000E+00,-1.0689976597111600E-03
2.43500E+02,4.8657345643029900E-03,9.9999987602437700E+00,-1.0581823949529000E-03
2.43510E+02,4.8401928393453900E-03,9.9999987737717400E+00,-1.0474239028228500E-03
2.43520E+02,4.8147851906624700E-03,9.9999987871524800E+00,-1.0367218853041600E-03
2.43530E+02,4.7895109144493500E-03,9.9999988003875700E+00,-1.0260760459443700E-03
2.43540E+02,4.7643693105937400E-03,9.9999988134785700E+00,-1.0154860898471800E-03
2.43550E+02,4.7393596826581600E-03,9.9999988264270100E+00,-1.0049517236642900E-03
2.43560E+02,4.7144813378622000E-03,9.9999988392344200E+00,-9.9447265558727600E-04
2.43570E+02,4.6897335870602900E-03,9.9999988519022900E+00,-9.8404859533950800E-04
2.43580E+02,4.6651157447261900E-03,9.9999988644321200E+00,-9.7367925416810600E-04
2.43590E+02,4.6406271289307500E-03,9.9999988768253800E+00,-9.6336434483593800E-04
2.43600E+02,4.6162670613264000E-03,9.9999988890835300E+00,-9.5310358161367100E-04
2.43610E+02,4.5920348671227000E-03,9.9999989012080100E+00,-9.4289668027185000E-04
2.43620E+02,4.5679298750752400E-03,9.9999989132002600E+00,-9.3274335807302800E-04
2.43630E+02,4.5439514174612400E-03,9.9999989250616700E+00,-9.2264333376393200E-04
2.43640E+02,4.5200988300617700E-03,9.9999989367936600E+00,-9.1259632756767300E-04
2.43650E+02,4.4963714521484000E-03,9.9999989483976000E+00,-9.0260206117599700E-04
2.43660E+02,4.4727686264588400E-03,9.9999989598748600E+00,-8.9266025774157400E-04
2.43670E+02,4.4492896991791200E-03,9.9999989712268000E+00,-8.8277064187032900E-04
2.43680E+02,4.4259340199302800E-03,9.9999989824547400E+00,-8.7293293961381500E-04
2.43690E+02,4.4027009417461900E-03,9.9999989935600300E+00,-8.6314687846162500E-04
2.43700E+02,4.3795898210579800E-03,9.9999990045439700E+00,-8.5341218733384100E-04
2.43710E+02,4.3566000176718400E-03,9.9999990154078600E+00,-8.4372859657352500E-04
2.43720E+02,4.3337308947579300E-03,9.9999990261529800E+00,-8.3409583793925200E-04
2.43730E+02,4.3109818188281700E-03,9.9999990367805900E+00,-8.2451364459767700E-04
2.43740E+02,4.2883521597184900E-03,9.9999990472919700E+00,-8.1498175111614400E-04
2.43750E+02,4.2658412905754500E-03,9.9999990576883500E+00,-8.0549989345533500E-04
2.43760E+02,4.2434485878341300E-03,9.9999990679709500E+00,-7.9606780896195500E-04
2.43770E+02,4.2211734312047300E-03,9.9999990781410100E+00,-7.8668523636145400E-04
2.43780E+02,4.1990152036503800E-03,9.9999990881997100E+00,-7.7735191575079300E-04
2.43790E+02,4.1769732913760900E-03,9.9999990981482600E+00,-7.6806758859124400E-04
2.43800E+02,4.1550470838086800E-03,9.9999991079878300E+00,-7.5883199770122500E-04
2.43810E+02,4.1332359735768800E-03,9.9999991177196000E+00,-7.4964488724918200E-04
2.43820E+02,4.1115393565023900E-03,9.9999991273447000E+00,-7.4050600274649600E-04
2.43830E+02,4.0899566315754700E-03,9.9999991368642900E+00,-7.3141509104043700E-04
2.43840E+02,4.0684872009416600E-03,9.9999991462794900E+00,-7.2237190030715000E-04
2.43850E+02,4.0471304698839400E-03,9.9999991555914200E+00,-7.1337618004468200E-04
2.43860E+02,4.0258858468094600E-03,9.9999991648012000E+00,-7.0442768106604000E-04
2.43870E+02,4.0047527432295600E-03,9.9999991739099000E+00,-6.9552615549228800E-04
2.43880E+02,3.9837305737442000E-03,9.9999991829186100E+00,-6.8667135674568400E-04
2.43890E+02,3.9628187560264100E-03,9.9999991918284200E+00,-6.7786303954284700E-04
2.43900E+02,3.9420167108067900E-03,9.9999992006403700E+00,-6.6910095988796400E-04
2.43910E+02,3.9213238618557100E-03,9.9999992093555100E+00,-6.6038487506602900E-04
2.43920E+02,3.9007396359700000E-03,9.9999992179748800E+00,-6.5171454363612100E-04
2.43930E+02,3.8802634629552000E-03,9.9999992264995100E+00,-6.4308972542471600E-04
2.43940E+02,3.8598947756077600E-03,9.9999992349304200E+00,-6.3451018151903700E-04
2.43950E+02,3.8396330097017500E-03,9.9999992432686000E+00,-6.2597567426042800E-04
2.43960E+02,3.8194776039755300E-03,9.9999992515150600E+00,-6.1748596723777900E-04
2.43970E+02,3.7994280001139700E-03,9.9999992596707700E+00,-6.0904082528097300E-04
2.43980E+02,3.7794836427285000E-03,9.9999992677367100E+00,-6.0064001445437200E-04
2.43990E+02,3.7596439793504100E-03,9.9999992757138500E+00,-5.9228330205033900E-04
2.44000E+02,3.7399084604086800E-03,9.9999992836031200E+00,-5.8397045658278900E-04
2.44010E+02,3.7202765392166300E-03,9.9999992914054900E+00,-5.7570124778077900E-04
2.44020E+02,3.7007476719586200E-03,9.9999992991218800E+00,-5.6747544658212700E-04
2.44030E+02,3.6813213176744800E-03,9.9999993067532100E+00,-5.5929282512706900E-04
2.44040E+02,3.6619969382417700E-03,9.9999993143004000E+00,-5.5115315675194600E-04
2.44050E+02,3.6427739983646900E-03,9.9999993217643400E+00,-5.4305621598292700E-04
2.44060E+02,3.6236519655540400E-03,9.9999993291459400E+00,-5.3500177852975900E-04
2.44070E+02,3.6046303101206300E-03,9.9999993364460800E+00,-5.2698962127956000E-04
2.44080E+02,3.5857085051508000E-03,9.9999993436656300E+00,-5.1901952229063400E-04
2.44090E+02,3.5668860265020000E-03,9.9999993508054600E+00,-5.1109126078632500E-04
2.44100E+02,3.5481623527783800E-03,9.9999993578664200E+00,-5.0320461714889900E-04
2.44110E+02,3.5295369653218700E-03,9.9999993648493600E+00,-4.9535937291346600E-04
2.44120E+02,3.5110093482011400E-03,9.9999993717551300E+00,-4.8755531076192200E-04
2.44130E+02,3.4925789881870800E-03,9.9999993785845400E+00,-4.7979221451693400E-04
2.44140E+02,3.4742453747507000E-03,9.9999993853384300E+00,-4.7206986913594700E-04
2.44150E+02,3.4560080000363600E-03,9.9999993920175900E+00,-4.6438806070523200E-04
2.44160E+02,3.4378663588618800E-03,9.9999993986228400E+00,-4.5674657643395900E-04
2.44170E+02,3.4198199486896000E-03,9.9999994051549800E+00,-4.4914520464830100E-04
2.44180E+02,3.4018682696241800E-03,9.9999994116147800E+00,-4.4158373478556900E-04
2.44190E+02,3.3840108243948700E-03,9.9999994180030200E+00,-4.3406195738838700E-04
2.44200E+02,3.3662471183376800E-03,9.9999994243204800E+00,-4.2657966409887900E-04
2.44210E+02,3.3485766593865700E-03,9.9999994305679100E+00,-4.1913664765290800E-04
2.44220E+02,3.3309989580622900E-03,9.9999994367460800E+00,-4.1173270187432600E-04
2.44230E+02,3.3135135274502200E-03,9.9999994428557200E+00,-4.0436762166926900E-04
2.44240E+02,3.2961198831936700E-03,9.9999994488975700E+00,-3.9704120302047000E-04
2.44250E+02,3.2788175434761500E-03,9.9999994548723700E+00,-3.8975324298161500E-04
2.44260E+02,3.2616060290146800E-03,9.9999994607808300E+00,-3.8250353967171500E-04
2.44270E+02,3.2444848630398300E-03,9.9999994666236700E+00,-3.7529189226951400E-04
2.44280E+02,3.2274535712846100E-03,9.9999994724016000E+00,-3.6811810100793200E-04
2.44290E+02,3.2105116819733500E-03,9.9999994781153100E+00,-3.6098196716852300E-04
2.44300E+02,3.1936587258039700E-03,9.9999994837655100E+00,-3.5388329307598000E-04
2.44310E+02,3.1768942359390700E-03,9.9999994893528600E+00,-3.4682188209264800E-04
2.44320E+02,3.1602177479926300E-03,9.9999994948780500E+00,-3.3979753861308700E-04
2.44330E+02,3.1436288000166500E-03,9.9999995003417500E+00,-3.3281006805864900E-04
2.44340E+02,3.1271269324856500E-03,9.9999995057446200E+00,-3.2585927687208800E-04
2.44350E+02,3.1107116882900000E-03,9.9999995110873200E+00,-3.1894497251220000E-04
2.44360E+02,3.0943826127159100E-03,9.9999995163705000E+00,-3.1206696344848600E-04
2.44370E+02,3.0781392534387900E-03,9.9999995215948000E+00,-3.0522505915585100E-04
2.44380E+02,3.0619811605077000E-03,9.9999995267608500E+00,-2.9841907010932600E-04
2.44390E+02,3.0459078863342600E-03,9.9999995318692800E+00,-2.9164880777881300E-04
2.44400E+02,3.0299189856771000E-03,9.9999995369207200E+00,-2.8491408462386700E-04
2.44410E+02,3.0140140156351700E-03,9.9999995419157800E+00,-2.7821471408850200E-04
2.44420E+02,2.9981925356322500E-03,9.9999995468550700E+00,-2.7155051059601900E-04
2.44430E+02,2.9824541074035900E-03,9.9999995517391900E+00,-2.6492128954386900E-04
2.44440E+02,2.9667982949848300E-03,9.9999995565687400E+00,-2.5832686729853600E-04
2.44450E+02,2.9512246646986400E-03,9.9999995613443000E+00,-2.5176706119045600E-04
2.44460E+02,2.9357327851481000E-03,9.9999995660664600E+00,-2.4524168950894900E-04
2.44470E+02,2.9203222271989300E-03,9.9999995707357900E+00,-2.3875057149719400E-04
2.44480E+02,2.9049925639683700E-03,9.9999995753528800E+00,-2.3229352734721500E-04
2.44490E+02,2.8897433708163000E-03,9.9999995799182700E+00,-2.2587037819490300E-04
2.44500E+02,2.8745742253297100E-03,9.9999995844325400E+00,-2.1948094611506200E-04
2.44510E+02,2.8594847073160300E-03,9.9999995888962300E+00,-2.1312505411648000E-04
2.44520E+02,2.8444743987831600E-03,9.9999995933098900E+00,-2.0680252613702600E-04
2.44530E+02,2.8295428839394500E-03,9.9999995976740600E+00,-2.0051318703877100E-04
2.44540E+02,2.8146897491715000E-03,9.9999996019892800E+00,-1.9425686260314100E-04
2.44550E+02,2.7999145830397300E-03,9.9999996062560700E+00,-1.8803337952608500E-04
2.44560E+02,2.7852169762628200E-03,9.9999996104749700E+00,-1.8184256541328300E-04
2.44570E+02,2.7705965217066400E-03,9.9999996146464800E+00,-1.7568424877536000E-04
2.44580E+02,2.7560528143775500E-03,9.9999996187711300E+00,-1.6955825902314400E-04
2.44590E+02,2.7415854514046500E-03,9.9999996228494100E+00,-1.6346442646293700E-04
2.44600E+02,2.7271940320331300E-03,9.9999996268818400E+00,-1.5740258229181600E-04
2.44610E+02,2.7128781576131700E-03,9.9999996308689000E+00,-1.5137255859295400E-04
2.44620E+02,2.6986374315843700E-03,9.9999996348111000E+00,-1.4537418833097300E-04
2.44630E+02,2.6844714594713300E-03,9.9999996387089100E+00,-1.3940730534731200E-04
2.44640E+02,2.6703798488681100E-03,9.9999996425628200E+00,-1.3347174435563000E-04
2.44650E+02,2.6563622094293300E-03,9.9999996463733000E+00,-1.2756734093722100E-04
2.44660E+02,2.6424181528568700E-03,9.9999996501408300E+00,-1.2169393153646700E-04
2.44670E+02,2.6285472928909600E-03,9.9999996538658600E+00,-1.1585135345630000E-04
2.44680E+02,2.6147492453013400E-03,9.9999996575488700E+00,-1.1003944485369900E-04
2.44690E+02,2.6010236278739000E-03,9.9999996611903000E+00,-1.0425804473521000E-04
2.44700E+02,2.5873700603995900E-03,9.9999996647906100E+00,-9.8506992952477500E-05
2.44710E+02,2.5737881646677400E-03,9.9999996683502500E+00,-9.2786130197816800E-05
2.44720E+02,2.5602775644505800E-03,9.9999996718696400E+00,-8.7095297999797300E-05
2.44730E+02,2.5468378854964900E-03,9.9999996753492500E+00,-8.1434338718853100E-05
2.44740E+02,2.5334687555189700E-03,9.9999996787894800E+00,-7.5803095542916500E-05
2.44750E+02,2.5201698041855000E-03,9.9999996821907800E+00,-7.0201412483074400E-05
2.44760E+02,2.5069406631042300E-03,9.9999996855535600E+00,-6.4629134369246900E-05
2.44770E+02,2.4937809658217600E-03,9.9999996888782500E+00,-5.9086106845889400E-05
2.44780E+02,2.4806903478075800E-03,9.9999996921652600E+00,-5.3572176367716500E-05
2.44790E+02,2.4676684464407900E-03,9.9999996954149900E+00,-4.8087190195449100E-05
2.44800E+02,2.4547149010100300E-03,9.9999996986278500E+00,-4.2630996391582900E-05
2.44810E+02,2.4418293526913600E-03,9.9999997018042500E+00,-3.7203443816180100E-05
2.44820E+02,2.4290114445481900E-03,9.9999997049445800E+00,-3.1804382122682700E-05
2.44830E+02,2.4162608215179900E-03,9.9999997080492300E+00,-2.6433661753747500E-05
2.44840E+02,2.4035771303989700E-03,9.9999997111185900E+00,-2.1091133937103500E-05
2.44850E+02,2.3909600198456200E-03,9.9999997141530500E+00,-1.5776650681430800E-05
2.44860E+02,2.3784091403554100E-03,9.9999997171529800E+00,-1.0490064772261000E-05
2.44870E+02,2.3659241442643200E-03,9.9999997201187700E+00,-5.2312297678996000E-06
2.44880E+02,2.3535046857268900E-03,9.9999997230507700E+00,4.6309387632937000E-15
2.44890E+02,2.3411504207184100E-03,9.9999997259493700E+00,5.2037694536261200E-06
2.44900E+02,2.3288610070172000E-03,9.9999997288149200E+00,1.0380222726713500E-05
2.44910E+02,2.3166361042001000E-03,9.9999997316477900E+00,1.5529503214846000E-05
2.44920E+02,2.3044753736292000E-03,9.9999997344483200E+00,2.0651753556273400E-05
2.44930E+02,2.2923784784451900E-03,9.9999997372168900E+00,2.5747115640493700E-05
2.44940E+02,2.2803450835561900E-03,9.9999997399538200E+00,3.0815730612183800E-05
2.44950E+02,2.2683748556311800E-03,9.9999997426594700E+00,3.5857738875109000E-05
2.44960E+02,2.2564674630865900E-03,9.9999997453341800E+00,4.0873280096012500E-05
2.44970E+02,2.2446225760797000E-03,9.9999997479782900E+00,4.5862493208483900E-05
2.44980E+02,2.2328398664997200E-03,9.9999997505921300E+00,5.0825516416808100E-05
2.44990E+02,2.2211190079589500E-03,9.9999997531760300E+00,5.5762487199793400E-05
2.45000E+02,2.2094596757838500E-03,9.9999997557303200E+00,6.0673542314580100E-05
2.45010E+02,2.1978615470017400E-03,9.9999997582553200E+00,6.5558817800428200E-05
2.45020E+02,2.1863243003385900E-03,9.9999997607513500E+00,7.0418448982486400E-05
2.45030E+02,2.1748476162056900E-03,9.9999997632187300E+00,7.5252570475540100E-05
2.45040E+02,2.1634311766907600E-03,9.9999997656577700E+00,8.0061316187740800E-05
2.45050E+02,2.1520746655512900E-03,9.9999997680687900E+00,8.4844819324315000E-05
2.45060E+02,2.1407777682056700E-03,9.9999997704520800E+00,8.9603212391254400E-05
2.45070E+02,2.1295401717242800E-03,9.9999997728079500E+00,9.4336627198986500E-05
2.45080E+02,2.1183615648162300E-03,9.9999997751367000E+00,9.9045194866025200E-05
2.45090E+02,2.1072416378292700E-03,9.9999997774386400E+00,1.0372904582260300E-04
2.45100E+02,2.0961800827343300E-03,9.9999997797140400E+00,1.0838830981428600E-04
2.45110E+02,2.0851765931188000E-03,9.9999997819632000E+00,1.1302311590556500E-04
2.45120E+02,2.0742308641799200E-03,9.9999997841864200E+00,1.1763359248343000E-04
2.45130E+02,2.0633425927136100E-03,9.9999997863839700E+00,1.2221986726093200E-04
2.45140E+02,2.0525114771078900E-03,9.9999997885561300E+00,1.2678206728071500E-04
2.45150E+02,2.0417372173361400E-03,9.9999997907031900E+00,1.3132031891853900E-04
2.45160E+02,2.0310195149438500E-03,9.9999997928254200E+00,1.3583474788677600E-04
2.45170E+02,2.0203580730419000E-03,9.9999997949230900E+00,1.4032547923789800E-04
2.45180E+02,2.0097525963043700E-03,9.9999997969964700E+00,1.4479263736793800E-04
2.45190E+02,1.9992027909529800E-03,9.9999997990458200E+00,1.4923634601993600E-04
2.45200E+02,1.9887083647504600E-03,9.9999998010714200E+00,1.5365672828736700E-04
2.45210E+02,1.9782690269960700E-03,9.9999998030735200E+00,1.5805390661755000E-04
2.45220E+02,1.9678844885122900E-03,9.9999998050523800E+00,1.6242800281504200E-04
2.45230E+02,1.9575544616426300E-03,9.9999998070082500E+00,1.6677913804501000E-04
2.45240E+02,1.9472786602382700E-03,9.9999998089413900E+00,1.7110743283658700E-04
2.45250E+02,1.9370567996513900E-03,9.9999998108520500E+00,1.7541300708621400E-04
2.45260E+02,1.9268885967329900E-03,9.9999998127404700E+00,1.7969598006095700E-04
2.45270E+02,1.9167737698173300E-03,9.9999998146069100E+00,1.8395647040181400E-04
2.45280E+02,1.9067120387152600E-03,9.9999998164515900E+00,1.8819459612699900E-04
2.45290E+02,1.8967031247120000E-03,9.9999998182747600E+00,1.9241047463521300E-04
2.45300E+02,1.8867467505560500E-03,9.9999998200766600E+00,1.9660422270889700E-04
2.45310E+02,1.8768426404480800E-03,9.9999998218575300E+00,2.0077595651746200E-04
2.45320E+02,1.8669905200387100E-03,9.9999998236175800E+00,2.0492579162051200E-04
2.45330E+02,1.8571901164174000E-03,9.9999998253570600E+00,2.0905384297104400E-04
2.45340E+02,1.8474411581058200E-03,9.9999998270761800E+00,2.1316022491863000E-04
2.45350E+02,1.8377433750533500E-03,9.9999998287751800E+00,2.1724505121258800E-04
2.45360E+02,1.8280964986260400E-03,9.9999998304542800E+00,2.2130843500513000E-04
2.45370E+02,1.8185002615999200E-03,9.9999998321136900E+00,2.2535048885449700E-04
2.45380E+02,1.8089543981521200E-03,9.9999998337536300E+00,2.2937132472807900E-04
2.45390E+02,1.7994586438564200E-03,9.9999998353743100E+00,2.3337105400551300E-04
2.45400E+02,1.7900127356743900E-03,9.9999998369759600E+00,2.3734978748177200E-04
2.45410E+02,1.7806164119487100E-03,9.9999998385587800E+00,2.4130763537023200E-04
2.45420E+02,1.7712694123965100E-03,9.9999998401229700E+00,2.4524470730572400E-04
2.45430E+02,1.7619714781005100E-03,9.9999998416687500E+00,2.4916111234757300E-04
2.45440E+02,1.7527223515001000E-03,9.9999998431963200E+00,2.5305695898262000E-04
2.45450E+02,1.7435217763891700E-03,9.9999998447058700E+00,2.5693235512822200E-04
2.45460E+02,1.7343694979071700E-03,9.9999998461976100E+00,2.6078740813524900E-04
2.45470E+02,1.7252652625302700E-03,9.9999998476717300E+00,2.6462222479104900E-04
2.45480E+02,1.7162088180646900E-03,9.9999998491284300E+00,2.6843691132241500E-04
2.45490E+02,1.7071999136422600E-03,9.9999998505679100E+00,2.7223157339851900E-04
2.45500E+02,1.6982382997115200E-03,9.9999998519903500E+00,2.7600631613384700E-04
2.45510E+02,1.6893237280288600E-03,9.9999998533959400E+00,2.7976124409110400E-04
2.45520E+02,1.6804559516540700E-03,9.9999998547848700E+00,2.8349646128411600E-04
2.45530E+02,1.6716347249459000E-03,9.9999998561573200E+00,2.8721207118070500E-04
2.45540E+02,1.6628598035509600E-03,9.9999998575134700E+00,2.9090817670556300E-04
2.45550E+02,1.6541309443992800E-03,9.9999998588535200E+00,2.9458488024309600E-04
2.45560E+02,1.6454479056954100E-03,9.9999998601776200E+00,2.9824228364026400E-04
2.45570E+02,1.6368104469140100E-03,9.9999998614859800E+00,3.0188048820940100E-04
2.45580E+02,1.6282183287909500E-03,9.9999998627787400E+00,3.0549959473102200E-04
2.45590E+02,1.6196713133211000E-03,9.9999998640561000E+00,3.0909970345661400E-04
2.45600E+02,1.6111691637449700E-03,9.9999998653182200E+00,3.1268091411141300E-04
2.45610E+02,1.6027116445487800E-03,9.9999998665652700E+00,3.1624332589716800E-04
2.45620E+02,1.5942985214532800E-03,9.9999998677974100E+00,3.1978703749488500E-04
2.45630E+02,1.5859295614116000E-03,9.9999998690148200E+00,3.2331214706756600E-04
2.45640E+02,1.5776045325958800E-03,9.9999998702176600E+00,3.2681875226292500E-04
2.45650E+02,1.5693232043994900E-03,9.9999998714060900E+00,3.3030695021609100E-04
2.45660E+02,1.5610853474259600E-03,9.9999998725802700E+00,3.3377683755230500E-04
2.45670E+02,1.5528907334778600E-03,9.9999998737403500E+00,3.3722851038958900E-04
2.45680E+02,1.5447391355612400E-03,9.9999998748865100E+00,3.4066206434141400E-04
2.45690E+02,1.5366303278723000E-03,9.9999998760188800E+00,3.4407759451934700E-04
2.45700E+02,1.5285640857929800E-03,9.9999998771376300E+00,3.4747519553568300E-04
2.45710E+02,1.5205401858820200E-03,9.9999998782429100E+00,3.5085496150607000E-04
2.45720E+02,1.5125584058728100E-03,9.9999998793348600E+00,3.5421698605211500E-04
2.45730E+02,1.5046185246644500E-03,9.9999998804136400E+00,3.5756136230397400E-04
2.45740E+02,1.4967203223173500E-03,9.9999998814793900E+00,3.6088818290293700E-04
2.45750E+02,1.4888635800465500E-03,9.9999998825322600E+00,3.6419754000399000E-04
2.45760E+02,1.4810480802150300E-03,9.9999998835723900E+00,3.6748952527837000E-04
2.45770E+02,1.4732736063293500E-03,9.9999998845999300E+00,3.7076422991610300E-04
2.45780E+02,1.4655399430329000E-03,9.9999998856150100E+00,3.7402174462853200E-04
2.45790E+02,1.4578468760970600E-03,9.9999998866177800E+00,3.7726215965082700E-04
2.45800E+02,1.4501941924190000E-03,9.9999998876083700E+00,3.8048556474448500E-04
2.45810E+02,1.4425816800149600E-03,9.9999998885869100E+00,3.8369204919982200E-04
2.45820E+02,1.4350091280136600E-03,9.9999998895535600E+00,3.8688170183843700E-04
2.45830E+02,1.4274763266517800E-03,9.9999998905084300E+00,3.9005461101568000E-04
2.45840E+02,1.4199830672651700E-03,9.9999998914516500E+00,3.9321086462309500E-04
2.45850E+02,1.4125291422865300E-03,9.9999998923833700E+00,3.9635055009085800E-04
2.45860E+02,1.4051143452366200E-03,9.9999998933037100E+00,3.9947375439019800E-04
2.45870E+02,1.3977384707219700E-03,9.9999998942127900E+00,4.0258056403580200E-04
2.45880E+02,1.3904013144260300E-03,9.9999998951107500E+00,4.0567106508821800E-04
2.45890E+02,1.3831026731047400E-03,9.9999998959977000E+00,4.0874534315623500E-04
2.45900E+02,1.3758423445798400E-03,9.9999998968737800E+00,4.1180348339925600E-04
2.45910E+02,1.3686201277366700E-03,9.9999998977390900E+00,4.1484557052965500E-04
2.45920E+02,1.3614358225175000E-03,9.9999998985937800E+00,4.1787168881512600E-04
2.45930E+02,1.3542892299104300E-03,9.9999998994379400E+00,4.2088192208101400E-04
2.45940E+02,1.3471801519516000E-03,9.9999999002717100E+00,4.2387635371264200E-04
2.45950E+02,1.3401083917141200E-03,9.9999999010952000E+00,4.2685506665761700E-04
2.45960E+02,1.3330737533058200E-03,9.9999999019085300E+00,4.2981814342812800E-04
2.45970E+02,1.3260760418647900E-03,9.9999999027118000E+00,4.3276566610323300E-04
2.45980E+02,1.3191150635483400E-03,9.9999999035051400E+00,4.3569771633113100E-04
2.45990E+02,1.3121906255329500E-03,9.9999999042886500E+00,4.3861437533142600E-04
2.46000E+02,1.3053025360076300E-03,9.9999999050624500E+00,4.4151572389737400E-04
2.46010E+02,1.2984506041694500E-03,9.9999999058266400E+00,4.4440184239812400E-04
2.46020E+02,1.2916346402147100E-03,9.9999999065813400E+00,4.4727281078094100E-04
2.46030E+02,1.2848544553366800E-03,9.9999999073266500E+00,4.5012870857342500E-04
2.46040E+02,1.2781098617189300E-03,9.9999999080626800E+00,4.5296961488571000E-04
2.46050E+02,1.2714006725353700E-03,9.9999999087895200E+00,4.5579560841265400E-04
2.46060E+02,1.2647267019346900E-03,9.9999999095073000E+00,4.5860676743602700E-04
2.46070E+02,1.2580877650447700E-03,9.9999999102161000E+00,4.6140316982666900E-04
2.46080E+02,1.2514836779616300E-03,9.9999999109160400E+00,4.6418489304665600E-04
2.46090E+02,1.2449142577493900E-03,9.9999999116072100E+00,4.6695201415144000E-04
2.46100E+02,1.2383793224314100E-03,9.9999999122897000E+00,4.6970460979198500E-04
2.46110E+02,1.2318786909858400E-03,9.9999999129636300E+00,4.7244275621689200E-04
2.46120E+02,1.2254121833389500E-03,9.9999999136290800E+00,4.7516652927450900E-04
2.46130E+02,1.2189796203673800E-03,9.9999999142861500E+00,4.7787600441503300E-04
2.46140E+02,1.2125808238825600E-03,9.9999999149349400E+00,4.8057125669260000E-04
2.46150E+02,1.2062156166351800E-03,9.9999999155755400E+00,4.8325236076736400E-04
2.46160E+02,1.1998838223062900E-03,9.9999999162080500E+00,4.8591939090756400E-04
2.46170E+02,1.1935852655006400E-03,9.9999999168325500E+00,4.8857242099158400E-04
2.46180E+02,1.1873197717422700E-03,9.9999999174491400E+00,4.9121152450999600E-04
2.46190E+02,1.1810871674766700E-03,9.9999999180579100E+00,4.9383677456759900E-04
2.46200E+02,1.1748872800530700E-03,9.9999999186589400E+00,4.9644824388544300E-04
2.46210E+02,1.1687199377333100E-03,9.9999999192523300E+00,4.9904600480284000E-04
2.46220E+02,1.1625849696785000E-03,9.9999999198381600E+00,5.0163012927937500E-04
2.46230E+02,1.1564822059445900E-03,9.9999999204165200E+00,5.0420068889689100E-04
2.46240E+02,1.1504114774823600E-03,9.9999999209874900E+00,5.0675775486148000E-04
2.46250E+02,1.1443726161285700E-03,9.9999999215511600E+00,5.0930139800544800E-04
2.46260E+02,1.1383654546014900E-03,9.9999999221076100E+00,5.1183168878928300E-04
2.46270E+02,1.1323898265008900E-03,9.9999999226569200E+00,5.1434869730360200E-04
2.46280E+02,1.1264455662992000E-03,9.9999999231991800E+00,5.1685249327109900E-04
2.46290E+02,1.1205325093348000E-03,9.9999999237344700E+00,5.1934314604846800E-04
2.46300E+02,1.1146504918120700E-03,9.9999999242628600E+00,5.2182072462833000E-04
2.46310E+02,1.1087993507968900E-03,9.9999999247844400E+00,5.2428529764114400E-04
2.46320E+02,1.1029789242078100E-03,9.9999999252992700E+00,5.2673693335710400E-04
2.46330E+02,1.0971890508160500E-03,9.9999999258074500E+00,5.2917569968803700E-04
2.46340E+02,1.0914295702387900E-03,9.9999999263090500E+00,5.3160166418927500E-04
2.46350E+02,1.0857003229347600E-03,9.9999999268041300E+00,5.3401489406153500E-04
2.46360E+02,1.0800011501998100E-03,9.9999999272927900E+00,5.3641545615277600E-04
2.46370E+02,1.0743318941646900E-03,9.9999999277750800E+00,5.3880341696005200E-04
2.46380E+02,1.0686923977861200E-03,9.9999999282510900E+00,5.4117884263135200E-04
2.46390E+02,1.0630825048468600E-03,9.9999999287208800E+00,5.4354179896743600E-04
2.46400E+02,1.0575020599490000E-03,9.9999999291845300E+00,5.4589235142365400E-04
2.46410E+02,1.0519509085117400E-03,9.9999999296421200E+00,5.4823056511176300E-04
2.46420E+02,1.0464288967647800E-03,9.9999999300936900E+00,5.5055650480172700E-04
2.46430E+02,1.0409358717438000E-03,9.9999999305393400E+00,5.5287023492351300E-04
2.46440E+02,1.0354716812905300E-03,9.9999999309791200E+00,5.5517181956887400E-04
2.46450E+02,1.0300361740416100E-03,9.9999999314131100E+00,5.5746132249312800E-04
2.46460E+02,1.0246291994308100E-03,9.9999999318413600E+00,5.5973880711692100E-04
2.46470E+02,1.0192506076824100E-03,9.9999999322639600E+00,5.6200433652798500E-04
2.46480E+02,1.0139002498044700E-03,9.9999999326809500E+00,5.6425797348288500E-04
2.46490E+02,1.0085779775911100E-03,9.9999999330924100E+00,5.6649978040875600E-04
2.46500E+02,1.0032836436091600E-03,9.9999999334984100E+00,5.6872981940503700E-04
2.46510E+02,9.9801710120482100E-04,9.9999999338989900E+00,5.7094815224518500E-04
2.46520E+02,9.9277820449035600E-04,9.9999999342942400E+00,5.7315484037839100E-04
2.46530E+02,9.8756680834629800E-04,9.9999999346842000E+00,5.7534994493128200E-04
2.46540E+02,9.8238276841257400E-04,9.9999999350689500E+00,5.7753352670960800E-04
2.46550E+02,9.7722594108850200E-04,9.9999999354485300E+00,5.7970564619993500E-04
2.46560E+02,9.7209618352613300E-04,9.9999999358230200E+00,5.8186636357131600E-04
2.46570E+02,9.6699335362802600E-04,9.9999999361924600E+00,5.8401573867695600E-04
2.46580E+02,9.6191731004281200E-04,9.9999999365569300E+00,5.8615383105587600E-04
2.46590E+02,9.5686791216075000E-04,9.9999999369164700E+00,5.8828069993455400E-04
2.46600E+02,9.5184502011150800E-04,9.9999999372711500E+00,5.9039640422857400E-04
2.46610E+02,9.4684849475749900E-04,9.9999999376210100E+00,5.9250100254425100E-04
2.46620E+02,9.4187819769166600E-04,9.9999999379661300E+00,5.9459455318026100E-04
2.46630E+02,9.3693399123303600E-04,9.9999999383065400E+00,5.9667711412924900E-04
2.46640E+02,9.3201573842450100E-04,9.9999999386423200E+00,5.9874874307944100E-04
2.46650E+02,9.2712330302837700E-04,9.9999999389735100E+00,6.0080949741623900E-04
2.46660E+02,9.2225654951974500E-04,9.9999999393001600E+00,6.0285943422381200E-04
2.46670E+02,9.1741534308866900E-04,9.9999999396223300E+00,6.0489861028667600E-04
2.46680E+02,9.1259954962909200E-04,9.9999999399400700E+00,6.0692708209126900E-04
2.46690E+02,9.1259954962909200E-04,9.9999999399400700E+00,6.0692708209126900E-04
2.46700E+02,9.1259954962909200E-04,9.9999999399400700E+00,6.0692708209126900E-04
2.46710E+02,9.1259954962909200E-04,9.9999999399400700E+00,6.0692708209126900E-04
2.46720E+02,9.1259954962909200E-04,9.9999999399400700E+00,6.0692708209126900E-04
2.46730E+02,9.1259954962909200E-04,9.9999999399400700E+00,6.0692708209126900E-04
2.46740E+02,9.1259954962909200E-04,9.9999999399400700E+00,6.0692708209126900E-04
2.46750E+02,9.1259954962909200E-04,9.9999999399400700E+00,6.0692708209126900E-04
2.46760E+02,9.1259954962909200E-04,9.9999999399400700E+00,6.0692708209126900E-04
2.46770E+02,9.1259954962909200E-04,9.9999999399400700E+00,6.0692708209126900E-04
2.46780E+02,9.1259954962909200E-04,9.9999999399400700E+00,6.0692708209126900E-04
2.46790E+02,9.1259954962909200E-04,9.9999999399400700E+00,6.0692708209126900E-04
2.46800E+02,9.1259954962909200E-04,9.9999999399400700E+00,6.0692708209126900E-04
2.46810E+02,9.1259954962909200E-04,9.9999999399400700E+00,6.0692708209126900E-04
2.46820E+02,9.1259954962909200E-04,9.9999999399400700E+00,6.0692708209126900E-04
2.46830E+02,9.1259954962909200E-04,9.9999999399400700E+00,6.0692708209126900E-04
2.46840E+02,9.1259954962909200E-04,9.9999999399400700E+00,6.0692708209126900E-04
2.46850E+02,9.1259954962909200E-04,9.9999999399400700E+00,6.0692708209126900E-04
2.46860E+02,9.1259954962909200E-04,9.9999999399400700E+00,6.0692708209126900E-04
2.46870E+02,9.1259954962909200E-04,9.9999999399400700E+00,6.0692708209126900E-04
2.46880E+02,9.1259954962909200E-04,9.9999999399400700E+00,6.0692708209126900E-04
2.46890E+02,9.1259954962909200E-04,9.9999999399400700E+00,6.0692708209126900E-04
2.46900E+02,9.1259954962909200E-04,9.9999999399400700E+00,6.0692708209126900E-04
2.46910E+02,9.1259954962909200E-04,9.9999999399400700E+00,6.0692708209126900E-04
2.46920E+02,9.1259954962909200E-04,9.9999999399400700E+00,6.0692708209126900E-04
2.46930E+02,9.1259954962909200E-04,9.9999999399400700E+00,6.0692708209126900E-04
2.46940E+02,9.1259954962909200E-04,9.9999999399400700E+00,6.0692708209126900E-04
2.46950E+02,9.1259954962909200E-04,9.9999999399400700E+00,6.0692708209126900E-04
2.46960E+02,9.1259954962909200E-04,9.9999999399400700E+00,6.0692708209126900E-04
2.46970E+02,9.1259954962909200E-04,9.9999999399400700E+00,6.0692708209126900E-04
2.46980E+02,9.1259954962909200E-04,9.9999999399400700E+00,6.0692708209126900E-04
2.46990E+02,9.1259954962909200E-04,9.9999999399400700E+00,6.0692708209126900E-04
2.47000E+02,9.1259954962909200E-04,9.9999999399400700E+00,6.0692708209126900E-04
2.47010E+02,9.1259954962909200E-04,9.9999999399400700E+00,6.0692708209126900E-04
2.47020E+02,9.1259954962909200E-04,9.9999999399400700E+00,6.0692708209126900E-04
2.47030E+02,9.1259954962909200E-04,9.9999999399400700E+00,6.0692708209126900E-04
2.47040E+02,9.1259954962909200E-04,9.9999999399400700E+00,6.0692708209126900E-04
2.47050E+02,9.1259954962909200E-04,9.9999999399400700E+00,6.0692708209126900E-04
2.47060E+02,9.1259954962909200E-04,9.9999999399400700E+00,6.0692708209126900E-04
2.47070E+02,9.1259954962909200E-04,9.9999999399400700E+00,6.0692708209126900E-04
2.47080E+02,9.1259954962909200E-04,9.9999999399400700E+00,6.0692708209126900E-04
2.47090E+02,9.1259954962909200E-04,9.9999999399400700E+00,6.0692708209126900E-04
2.47100E+02,9.1259954962909200E-04,9.9999999399400700E+00,6.0692708209126900E-04
2.47110E+02,9.1259954962909200E-04,9.9999999399400700E+00,6.0692708209126900E-04
2.47120E+02,9.1259954962909200E-04,9.9999999399400700E+00,6.0692708209126900E-04
2.47130E+02,9.1259954962909200E-04,9.9999999399400700E+00,6.0692708209126900E-04
2.47140E+02,9.1259954962909200E-04,9.9999999399400700E+00,6.0692708209126900E-04
2.47150E+02,9.1259954962909200E-04,9.9999999399400700E+00,6.0692708209126900E-04
2.47160E+02,9.1259954962909200E-04,9.9999999399400700E+00,6.0692708209126900E-04
2.47170E+02,9.1259954962909200E-04,9.9999999399400700E+00,6.0692708209126900E-04
2.47180E+02,9.1259954962909200E-04,9.9999999399400700E+00,6.0692708209126900E-04
2.47190E+02,9.1259954962909200E-04,9.9999999399400700E+00,6.0692708209126900E-04
2.47200E+02,9.1259954962909200E-04,9.9999999399400700E+00,6.0692708209126900E-04
2.47210E+02,9.1259954962909200E-04,9.9999999399400700E+00,6.0692708209126900E-04
2.47220E+02,9.1259954962909200E-04,9.9999999399400700E+00,6.0692708209126900E-04
2.47230E+02,9.1259954962909200E-04,9.9999999399400700E+00,6.0692708209126900E-04
2.47240E+02,9.1259954962909200E-04,9.9999999399400700E+00,6.0692708209126900E-04
2.47250E+02,9.1259954962909200E-04,9.9999999399400700E+00,6.0692708209126900E-04
2.47260E+02,9.1259954962909200E-04,9.9999999399400700E+00,6.0692708209126900E-04
2.47270E+02,9.1259954962909200E-04,9.9999999399400700E+00,6.0692708209126900E-04
2.47280E+02,9.1259954962909200E-04,9.9999999399400700E+00,6.0692708209126900E-04
2.47290E+02,9.1259954962909200E-04,9.9999999399400700E+00,6.0692708209126900E-04
2.47300E+02,9.1259954962909200E-04,9.9999999399400700E+00,6.0692708209126900E-04
2.47310E+02,9.1259954962909200E-04,9.9999999399400700E+00,6.0692708209126900E-04
2.47320E+02,9.1259954962909200E-04,9.9999999399400700E+00,6.0692708209126900E-04
2.47330E+02,9.1259954962909200E-04,9.9999999399400700E+00,6.0692708209126900E-04
2.47340E+02,9.1259954962909200E-04,9.9999999399400700E+00,6.0692708209126900E-04
2.47350E+02,9.1259954962909200E-04,9.9999999399400700E+00,6.0692708209126900E-04
2.47360E+02,9.1259954962909200E-04,9.9999999399400700E+00,6.0692708209126900E-04
2.47370E+02,9.1259954962909200E-04,9.9999999399400700E+00,6.0692708209126900E-04
2.47380E+02,9.1259954962909200E-04,9.9999999399400700E+00,6.0692708209126900E-04
2.47390E+02,9.1259954962909200E-04,9.9999999399400700E+00,6.0692708209126900E-04
2.47400E+02,9.1259954962909200E-04,9.9999999399400700E+00,6.0692708209126900E-04
2.47410E+02,9.1259954962909200E-04,9.9999999399400700E+00,6.0692708209126900E-04
2.47420E+02,9.1259954962909200E-04,9.9999999399400700E+00,6.0692708209126900E-04
2.47430E+02,9.1259954962909200E-04,9.9999999399400700E+00,6.0692708209126900E-04
2.47440E+02,9.1259954962909200E-04,9.9999999399400700E+00,6.0692708209126900E-04
2.47450E+02,9.1259954962909200E-04,9.9999999399400700E+00,6.0692708209126900E-04
2.47460E+02,9.1259954962909200E-04,9.9999999399400700E+00,6.0692708209126900E-04
2.47470E+02,9.1259954962909200E-04,9.9999999399400700E+00,6.0692708209126900E-04
2.47480E+02,9.1259954962909200E-04,9.9999999399400700E+00,6.0692708209126900E-04
2.47490E+02,9.1259954962909200E-04,9.9999999399400700E+00,6.0692708209126900E-04
2.47500E+02,9.1259954962909200E-04,9.9999999399400700E+00,6.0692708209126900E-04
2.47510E+02,9.1259954962909200E-04,9.9999999399400700E+00,6.0692708209126900E-04
2.47520E+02,9.1259954962909200E-04,9.9999999399400700E+00,6.0692708209126900E-04
2.47530E+02,9.1259954962909200E-04,9.9999999399400700E+00,6.0692708209126900E-04
2.47540E+02,9.1259954962909200E-04,9.9999999399400700E+00,6.0692708209126900E-04
2.47550E+02,9.1259954962909200E-04,9.9999999399400700E+00,6.0692708209126900E-04
2.47560E+02,9.1259954962909200E-04,9.9999999399400700E+00,6.0692708209126900E-04
2.47570E+02,9.1259954962909200E-04,9.9999999399400700E+00,6.0692708209126900E-04
2.47580E+02,9.1259954962909200E-04,9.9999999399400700E+00,6.0692708209126900E-04
2.47590E+02,9.1259954962909200E-04,9.9999999399400700E+00,6.0692708209126900E-04
2.47600E+02,9.1259954962909200E-04,9.9999999399400700E+00,6.0692708209126900E-04
2.47610E+02,9.1259954962909200E-04,9.9999999399400700E+00,6.0692708209126900E-04
2.47620E+02,9.1259954962909200E-04,9.9999999399400700E+00,6.0692708209126900E-04
2.47630E+02,9.1259954962909200E-04,9.9999999399400700E+00,6.0692708209126900E-04
2.47640E+02,9.1259954962909200E-04,9.9999999399400700E+00,6.0692708209126900E-04
2.47650E+02,9.1259954962909200E-04,9.9999999399400700E+00,6.0692708209126900E-04
2.47660E+02,9.1259954962909200E-04,9.9999999399400700E+00,6.0692708209126900E-04
2.47670E+02,9.1259954962909200E-04,9.9999999399400700E+00,6.0692708209126900E-04
2.47680E+02,9.1259954962909200E-04,9.9999999399400700E+00,6.0692708209126900E-04
2.47690E+02,9.1259954962909200E-04,9.9999999399400700E+00,6.0692708209126900E-04
2.47700E+02,9.1259954962909200E-04,9.9999999399400700E+00,6.0692708209126900E-04
2.47710E+02,9.1259954962909200E-04,9.9999999399400700E+00,6.0692708209126900E-04
2.47720E+02,9.1259954962909200E-04,9.9999999399400700E+00,6.0692708209126900E-04
2.47730E+02,9.1259954962909200E-04,9.9999999399400700E+00,6.0692708209126900E-04
2.47740E+02,9.1259954962909200E-04,9.9999999399400700E+00,6.0692708209126900E-04
2.47750E+02,9.1259954962909200E-04,9.9999999399400700E+00,6.0692708209126900E-04
2.47760E+02,9.1259954962909200E-04,9.9999999399400700E+00,6.0692708209126900E-04
2.47770E+02,9.1259954962909200E-04,9.9999999399400700E+00,6.0692708209126900E-04
2.47780E+02,9.1259954962909200E-04,9.9999999399400700E+00,6.0692708209126900E-04
2.47790E+02,9.1259954962909200E-04,9.9999999399400700E+00,6.0692708209126900E-04
2.47800E+02,9.1259954962909200E-04,9.9999999399400700E+00,6.0692708209126900E-04
2.47810E+02,9.1259954962909200E-04,9.9999999399400700E+00,6.0692708209126900E-04
2.47820E+02,9.1259954962909200E-04,9.9999999399400700E+00,6.0692708209126900E-04
2.47830E+02,9.1259954962909200E-04,9.9999999399400700E+00,6.0692708209126900E-04
2.47840E+02,9.1259954962909200E-04,9.9999999399400700E+00,6.0692708209126900E-04
2.47850E+02,9.1259954962909200E-04,9.9999999399400700E+00,6.0692708209126900E-04
2.47860E+02,9.1259954962909200E-04,9.9999999399400700E+00,6.0692708209126900E-04
2.47870E+02,9.1259954962909200E-04,9.9999999399400700E+00,6.0692708209126900E-04
2.47880E+02,9.1259954962909200E-04,9.9999999399400700E+00,6.0692708209126900E-04
2.47890E+02,9.1259954962909200E-04,9.9999999399400700E+00,6.0692708209126900E-04
2.47900E+02,9.1259954962909200E-04,9.9999999399400700E+00,6.0692708209126900E-04
2.47910E+02,9.1259954962909200E-04,9.9999999399400700E+00,6.0692708209126900E-04
2.47920E+02,9.1259954962909200E-04,9.9999999399400700E+00,6.0692708209126900E-04
2.47930E+02,9.1259954962909200E-04,9.9999999399400700E+00,6.0692708209126900E-04
2.47940E+02,9.1259954962909200E-04,9.9999999399400700E+00,6.0692708209126900E-04
2.47950E+02,9.1259954962909200E-04,9.9999999399400700E+00,6.0692708209126900E-04
2.47960E+02,9.1259954962909200E-04,9.9999999399400700E+00,6.0692708209126900E-04
2.47970E+02,9.1259954962909200E-04,9.9999999399400700E+00,6.0692708209126900E-04
2.47980E+02,9.1259954962909200E-04,9.9999999399400700E+00,6.0692708209126900E-04
2.47990E+02,9.1259954962909200E-04,9.9999999399400700E+00,6.0692708209126900E-04
2.48000E+02,9.1259954962909200E-04,9.9999999399400700E+00,6.0692708209126900E-04
2.48010E+02,9.1259954962909200E-04,9.9999999399400700E+00,6.0692708209126900E-04
2.48020E+02,9.1259954962909200E-04,9.9999999399400700E+00,6.0692708209126900E-04
2.48030E+02,9.1259954962909200E-04,9.9999999399400700E+00,6.0692708209126900E-04
2.48040E+02,9.1259954962909200E-04,9.9999999399400700E+00,6.0692708209126900E-04
2.48050E+02,9.1259954962909200E-04,9.9999999399400700E+00,6.0692708209126900E-04
2.48060E+02,9.1259954962909200E-04,9.9999999399400700E+00,6.0692708209126900E-04
2.48070E+02,9.1259954962909200E-04,9.9999999399400700E+00,6.0692708209126900E-04
2.48080E+02,9.1259954962909200E-04,9.9999999399400700E+00,6.0692708209126900E-04
2.48090E+02,9.1259954962909200E-04,9.9999999399400700E+00,6.0692708209126900E-04
2.48100E+02,9.1259954962909200E-04,9.9999999399400700E+00,6.0692708209126900E-04
2.48110E+02,9.1259954962909200E-04,9.9999999399400700E+00,6.0692708209126900E-04
2.48120E+02,9.1259954962909200E-04,9.9999999399400700E+00,6.0692708209126900E-04
2.48130E+02,9.1259954962909200E-04,9.9999999399400700E+00,6.0692708209126900E-04
2.48140E+02,9.1259954962909200E-04,9.9999999399400700E+00,6.0692708209126900E-04
2.48150E+02,9.1259954962909200E-04,9.9999999399400700E+00,6.0692708209126900E-04
2.48160E+02,9.1259954962909200E-04,9.9999999399400700E+00,6.0692708209126900E-04
2.48170E+02,9.1259954962909200E-04,9.9999999399400700E+00,6.0692708209126900E-04
2.48180E+02,9.1259954962909200E-04,9.9999999399400700E+00,6.0692708209126900E-04
2.48190E+02,9.1259954962909200E-04,9.9999999399400700E+00,6.0692708209126900E-04
2.48200E+02,9.1259954962909200E-04,9.9999999399400700E+00,6.0692708209126900E-04
2.48210E+02,9.1259954962909200E-04,9.9999999399400700E+00,6.0692708209126900E-04
2.48220E+02,9.1259954962909200E-04,9.9999999399400700E+00,6.0692708209126900E-04
2.48230E+02,9.1259954962909200E-04,9.9999999399400700E+00,6.0692708209126900E-04
2.48240E+02,9.1259954962909200E-04,9.9999999399400700E+00,6.0692708209126900E-04
2.48250E+02,9.1259954962909200E-04,9.9999999399400700E+00,6.0692708209126900E-04
2.48260E+02,9.1259954962909200E-04,9.9999999399400700E+00,6.0692708209126900E-04
2.48270E+02,9.1259954962909200E-04,9.9999999399400700E+00,6.0692708209126900E-04
2.48280E+02,9.1259954962909200E-04,9.9999999399400700E+00,6.0692708209126900E-04
2.48290E+02,9.1259954962909200E-04,9.9999999399400700E+00,6.0692708209126900E-04
2.48300E+02,9.1259954962909200E-04,9.9999999399400700E+00,6.0692708209126900E-04
2.48310E+02,9.1259954962909200E-04,9.9999999399400700E+00,6.0692708209126900E-04
2.48320E+02,9.1259954962909200E-04,9.9999999399400700E+00,6.0692708209126900E-04
2.48330E+02,9.1259954962909200E-04,9.9999999399400700E+00,6.0692708209126900E-04
2.48340E+02,9.1259954962909200E-04,9.9999999399400700E+00,6.0692708209126900E-04
2.48350E+02,9.1259954962909200E-04,9.9999999399400700E+00,6.0692708209126900E-04
2.48360E+02,9.1259954962909200E-04,9.9999999399400700E+00,6.0692708209126900E-04
2.48370E+02,9.1259954962909200E-04,9.9999999399400700E+00,6.0692708209126900E-04
2.48380E+02,9.1259954962909200E-04,9.9999999399400700E+00,6.0692708209126900E-04
2.48390E+02,9.1259954962909200E-04,9.9999999399400700E+00,6.0692708209126900E-04
2.48400E+02,9.1259954962909200E-04,9.9999999399400700E+00,6.0692708209126900E-04
2.48410E+02,9.1259954962909200E-04,9.9999999399400700E+00,6.0692708209126900E-04
2.48420E+02,9.1259954962909200E-04,9.9999999399400700E+00,6.0692708209126900E-04
2.48430E+02,9.1259954962909200E-04,9.9999999399400700E+00,6.0692708209126900E-04
2.48440E+02,9.1259954962909200E-04,9.9999999399400700E+00,6.0692708209126900E-04
2.48450E+02,9.1259954962909200E-04,9.9999999399400700E+00,6.0692708209126900E-04
2.48460E+02,9.1259954962909200E-04,9.9999999399400700E+00,6.0692708209126900E-04
2.48470E+02,9.1259954962909200E-04,9.9999999399400700E+00,6.0692708209126900E-04
2.48480E+02,9.1259954962909200E-04,9.9999999399400700E+00,6.0692708209126900E-04
2.48490E+02,9.1259954962909200E-04,9.9999999399400700E+00,6.0692708209126900E-04
2.48500E+02,9.1259954962909200E-04,9.9999999399400700E+00,6.0692708209126900E-04
2.48510E+02,9.1259954962909200E-04,9.9999999399400700E+00,6.0692708209126900E-04
2.48520E+02,9.1259954962909200E-04,9.9999999399400700E+00,6.0692708209126900E-04
2.48530E+02,9.1259954962909200E-04,9.9999999399400700E+00,6.0692708209126900E-04
2.48540E+02,9.1259954962909200E-04,9.9999999399400700E+00,6.0692708209126900E-04
2.48550E+02,9.1259954962909200E-04,9.9999999399400700E+00,6.0692708209126900E-04
2.48560E+02,9.1259954962909200E-04,9.9999999399400700E+00,6.0692708209126900E-04
2.48570E+02,9.1259954962909200E-04,9.9999999399400700E+00,6.0692708209126900E-04
2.48580E+02,9.1259954962909200E-04,9.9999999399400700E+00,6.0692708209126900E-04
2.48590E+02,9.1259954962909200E-04,9.9999999399400700E+00,6.0692708209126900E-04
2.48600E+02,9.1259954962909200E-04,9.9999999399400700E+00,6.0692708209126900E-04
2.48610E+02,9.1259954962909200E-04,9.9999999399400700E+00,6.0692708209126900E-04
2.48620E+02,9.1259954962909200E-04,9.9999999399400700E+00,6.0692708209126900E-04
2.48630E+02,9.1259954962909200E-04,9.9999999399400700E+00,6.0692708209126900E-04
2.48640E+02,9.1259954962909200E-04,9.9999999399400700E+00,6.0692708209126900E-04
2.48650E+02,9.1259954962909200E-04,9.9999999399400700E+00,6.0692708209126900E-04
2.48660E+02,9.1259954962909200E-04,9.9999999399400700E+00,6.0692708209126900E-04
2.48670E+02,9.1259954962909200E-04,9.9999999399400700E+00,6.0692708209126900E-04
2.48680E+02,9.1259954962909200E-04,9.9999999399400700E+00,6.0692708209126900E-04
2.48690E+02,9.1259954962909200E-04,9.9999999399400700E+00,6.0692708209126900E-04
2.48700E+02,9.1259954962909200E-04,9.9999999399400700E+00,6.0692708209126900E-04
2.48710E+02,9.1259954962909200E-04,9.9999999399400700E+00,6.0692708209126900E-04
2.48720E+02,9.1259954962909200E-04,9.9999999399400700E+00,6.0692708209126900E-04
2.48730E+02,9.1259954962909200E-04,9.9999999399400700E+00,6.0692708209126900E-04
2.48740E+02,9.1259954962909200E-04,9.9999999399400700E+00,6.0692708209126900E-04
2.48750E+02,9.1259954962909200E-04,9.9999999399400700E+00,6.0692708209126900E-04
2.48760E+02,9.1259954962909200E-04,9.9999999399400700E+00,6.0692708209126900E-04
2.48770E+02,9.1259954962909200E-04,9.9999999399400700E+00,6.0692708209126900E-04
2.48780E+02,9.1259954962909200E-04,9.9999999399400700E+00,6.0692708209126900E-04
2.48790E+02,9.1259954962909200E-04,9.9999999399400700E+00,6.0692708209126900E-04
2.48800E+02,9.1259954962909200E-04,9.9999999399400700E+00,6.0692708209126900E-04
2.48810E+02,9.1259954962909200E-04,9.9999999399400700E+00,6.0692708209126900E-04
2.48820E+02,9.1259954962909200E-04,9.9999999399400700E+00,6.0692708209126900E-04
2.48830E+02,9.1259954962909200E-04,9.9999999399400700E+00,6.0692708209126900E-04
2.48840E+02,9.1259954962909200E-04,9.9999999399400700E+00,6.0692708209126900E-04
2.48850E+02,9.1259954962909200E-04,9.9999999399400700E+00,6.0692708209126900E-04
2.48860E+02,9.1259954962909200E-04,9.9999999399400700E+00,6.0692708209126900E-04
2.48870E+02,9.1259954962909200E-04,9.9999999399400700E+00,6.0692708209126900E-04
2.48880E+02,9.1259954962909200E-04,9.9999999399400700E+00,6.0692708209126900E-04
2.48890E+02,9.1259954962909200E-04,9.9999999399400700E+00,6.0692708209126900E-04
2.48900E+02,9.1259954962909200E-04,9.9999999399400700E+00,6.0692708209126900E-04
2.48910E+02,9.1259954962909200E-04,9.9999999399400700E+00,6.0692708209126900E-04
2.48920E+02,9.1259954962909200E-04,9.9999999399400700E+00,6.0692708209126900E-04
2.48930E+02,9.1259954962909200E-04,9.9999999399400700E+00,6.0692708209126900E-04
2.48940E+02,9.1259954962909200E-04,9.9999999399400700E+00,6.0692708209126900E-04
2.48950E+02,9.1259954962909200E-04,9.9999999399400700E+00,6.0692708209126900E-04
2.48960E+02,9.1259954962909200E-04,9.9999999399400700E+00,6.0692708209126900E-04
2.48970E+02,9.1259954962909200E-04,9.9999999399400700E+00,6.0692708209126900E-04
2.48980E+02,9.1259954962909200E-04,9.9999999399400700E+00,6.0692708209126900E-04
2.48990E+02,9.1259954962909200E-04,9.9999999399400700E+00,6.0692708209126900E-04
2.49000E+02,9.1259954962909200E-04,9.9999999399400700E+00,6.0692708209126900E-04
2.49010E+02,9.1259954962909200E-04,9.9999999399400700E+00,6.0692708209126900E-04
2.49020E+02,9.1259954962909200E-04,9.9999999399400700E+00,6.0692708209126900E-04
2.49030E+02,9.1259954962909200E-04,9.9999999399400700E+00,6.0692708209126900E-04
2.49040E+02,9.1259954962909200E-04,9.9999999399400700E+00,6.0692708209126900E-04
2.49050E+02,9.1259954962909200E-04,9.9999999399400700E+00,6.0692708209126900E-04
2.49060E+02,9.1259954962909200E-04,9.9999999399400700E+00,6.0692708209126900E-04
2.49070E+02,9.1259954962909200E-04,9.9999999399400700E+00,6.0692708209126900E-04
2.49080E+02,9.1259954962909200E-04,9.9999999399400700E+00,6.0692708209126900E-04
2.49090E+02,9.1259954962909200E-04,9.9999999399400700E+00,6.0692708209126900E-04
2.49100E+02,9.1259954962909200E-04,9.9999999399400700E+00,6.0692708209126900E-04
2.49110E+02,9.1259954962909200E-04,9.9999999399400700E+00,6.0692708209126900E-04
2.49120E+02,9.1259954962909200E-04,9.9999999399400700E+00,6.0692708209126900E-04
2.49130E+02,9.1259954962909200E-04,9.9999999399400700E+00,6.0692708209126900E-04
2.49140E+02,9.1259954962909200E-04,9.9999999399400700E+00,6.0692708209126900E-04
2.49150E+02,9.1259954962909200E-04,9.9999999399400700E+00,6.0692708209126900E-04
2.49160E+02,9.1259954962909200E-04,9.9999999399400700E+00,6.0692708209126900E-04
2.49170E+02,9.1259954962909200E-04,9.9999999399400700E+00,6.0692708209126900E-04
2.49180E+02,9.1259954962909200E-04,9.9999999399400700E+00,6.0692708209126900E-04
2.49190E+02,9.1259954962909200E-04,9.9999999399400700E+00,6.0692708209126900E-04
2.49200E+02,9.1259954962909200E-04,9.9999999399400700E+00,6.0692708209126900E-04
2.49210E+02,9.1259954962909200E-04,9.9999999399400700E+00,6.0692708209126900E-04
2.49220E+02,9.1259954962909200E-04,9.9999999399400700E+00,6.0692708209126900E-04
2.49230E+02,9.1259954962909200E-04,9.9999999399400700E+00,6.0692708209126900E-04
2.49240E+02,9.1259954962909200E-04,9.9999999399400700E+00,6.0692708209126900E-04
2.49250E+02,9.1259954962909200E-04,9.9999999399400700E+00,6.0692708209126900E-04
2.49260E+02,9.1259954962909200E-04,9.9999999399400700E+00,6.0692708209126900E-04
2.49270E+02,9.1259954962909200E-04,9.9999999399400700E+00,6.0692708209126900E-04
2.49280E+02,9.1259954962909200E-04,9.9999999399400700E+00,6.0692708209126900E-04
2.49290E+02,9.1259954962909200E-04,9.9999999399400700E+00,6.0692708209126900E-04
2.49300E+02,9.1259954962909200E-04,9.9999999399400700E+00,6.0692708209126900E-04
2.49310E+02,9.1259954962909200E-04,9.9999999399400700E+00,6.0692708209126900E-04
2.49320E+02,9.1259954962909200E-04,9.9999999399400700E+00,6.0692708209126900E-04
2.49330E+02,9.1259954962909200E-04,9.9999999399400700E+00,6.0692708209126900E-04
2.49340E+02,9.1259954962909200E-04,9.9999999399400700E+00,6.0692708209126900E-04
2.49350E+02,9.1259954962909200E-04,9.9999999399400700E+00,6.0692708209126900E-04
2.49360E+02,9.1259954962909200E-04,9.9999999399400700E+00,6.0692708209126900E-04
2.49370E+02,9.1259954962909200E-04,9.9999999399400700E+00,6.0692708209126900E-04
2.49380E+02,9.1259954962909200E-04,9.9999999399400700E+00,6.0692708209126900E-04
2.49390E+02,9.1259954962909200E-04,9.9999999399400700E+00,6.0692708209126900E-04
2.49400E+02,9.1259954962909200E-04,9.9999999399400700E+00,6.0692708209126900E-04
2.49410E+02,9.1259954962909200E-04,9.9999999399400700E+00,6.0692708209126900E-04
2.49420E+02,9.1259954962909200E-04,9.9999999399400700E+00,6.0692708209126900E-04
2.49430E+02,9.1259954962909200E-04,9.9999999399400700E+00,6.0692708209126900E-04
2.49440E+02,9.1259954962909200E-04,9.9999999399400700E+00,6.0692708209126900E-04
2.49450E+02,9.1259954962909200E-04,9.9999999399400700E+00,6.0692708209126900E-04
2.49460E+02,9.1259954962909200E-04,9.9999999399400700E+00,6.0692708209126900E-04
2.49470E+02,9.1259954962909200E-04,9.9999999399400700E+00,6.0692708209126900E-04
2.49480E+02,9.1259954962909200E-04,9.9999999399400700E+00,6.0692708209126900E-04
2.49490E+02,9.1259954962909200E-04,9.9999999399400700E+00,6.0692708209126900E-04
2.49500E+02,9.1259954962909200E-04,9.9999999399400700E+00,6.0692708209126900E-04
2.49510E+02,9.1259954962909200E-04,9.9999999399400700E+00,6.0692708209126900E-04
2.49520E+02,9.1259954962909200E-04,9.9999999399400700E+00,6.0692708209126900E-04
2.49530E+02,9.1259954962909200E-04,9.9999999399400700E+00,6.0692708209126900E-04
2.49540E+02,9.1259954962909200E-04,9.9999999399400700E+00,6.0692708209126900E-04
2.49550E+02,9.1259954962909200E-04,9.9999999399400700E+00,6.0692708209126900E-04
2.49560E+02,9.1259954962909200E-04,9.9999999399400700E+00,6.0692708209126900E-04
2.49570E+02,9.1259954962909200E-04,9.9999999399400700E+00,6.0692708209126900E-04
2.49580E+02,9.1259954962909200E-04,9.9999999399400700E+00,6.0692708209126900E-04
2.49590E+02,9.1259954962909200E-04,9.9999999399400700E+00,6.0692708209126900E-04
2.49600E+02,9.1259954962909200E-04,9.9999999399400700E+00,6.0692708209126900E-04
2.49610E+02,9.1259954962909200E-04,9.9999999399400700E+00,6.0692708209126900E-04
2.49620E+02,9.1259954962909200E-04,9.9999999399400700E+00,6.0692708209126900E-04
2.49630E+02,9.1259954962909200E-04,9.9999999399400700E+00,6.0692708209126900E-04
2.49640E+02,9.1259954962909200E-04,9.9999999399400700E+00,6.0692708209126900E-04
2.49650E+02,9.1259954962909200E-04,9.9999999399400700E+00,6.0692708209126900E-04
2.49660E+02,9.1259954962909200E-04,9.9999999399400700E+00,6.0692708209126900E-04
2.49670E+02,9.1259954962909200E-04,9.9999999399400700E+00,6.0692708209126900E-04
2.49680E+02,9.1259954962909200E-04,9.9999999399400700E+00,6.0692708209126900E-04
2.49690E+02,9.1259954962909200E-04,9.9999999399400700E+00,6.0692708209126900E-04
2.49700E+02,9.1259954962909200E-04,9.9999999399400700E+00,6.0692708209126900E-04
2.49710E+02,9.1259954962909200E-04,9.9999999399400700E+00,6.0692708209126900E-04
2.49720E+02,9.1259954962909200E-04,9.9999999399400700E+00,6.0692708209126900E-04
2.49730E+02,9.1259954962909200E-04,9.9999999399400700E+00,6.0692708209126900E-04
2.49740E+02,9.1259954962909200E-04,9.9999999399400700E+00,6.0692708209126900E-04
2.49750E+02,9.1259954962909200E-04,9.9999999399400700E+00,6.0692708209126900E-04
2.49760E+02,9.1259954962909200E-04,9.9999999399400700E+00,6.0692708209126900E-04
2.49770E+02,9.1259954962909200E-04,9.9999999399400700E+00,6.0692708209126900E-04
2.49780E+02,9.1259954962909200E-04,9.9999999399400700E+00,6.0692708209126900E-04
2.49790E+02,9.1259954962909200E-04,9.9999999399400700E+00,6.0692708209126900E-04
2.49800E+02,9.1259954962909200E-04,9.9999999399400700E+00,6.0692708209126900E-04
2.49810E+02,9.1259954962909200E-04,9.9999999399400700E+00,6.0692708209126900E-04
2.49820E+02,9.1259954962909200E-04,9.9999999399400700E+00,6.0692708209126900E-04
2.49830E+02,9.1259954962909200E-04,9.9999999399400700E+00,6.0692708209126900E-04
2.49840E+02,9.1259954962909200E-04,9.9999999399400700E+00,6.0692708209126900E-04
2.49850E+02,9.1259954962909200E-04,9.9999999399400700E+00,6.0692708209126900E-04
2.49860E+02,9.1259954962909200E-04,9.9999999399400700E+00,6.0692708209126900E-04
2.49870E+02,9.1259954962909200E-04,9.9999999399400700E+00,6.0692708209126900E-04
2.49880E+02,9.1259954962909200E-04,9.9999999399400700E+00,6.0692708209126900E-04
2.49890E+02,9.1259954962909200E-04,9.9999999399400700E+00,6.0692708209126900E-04
2.49900E+02,9.1259954962909200E-04,9.9999999399400700E+00,6.0692708209126900E-04
2.49910E+02,9.1259954962909200E-04,9.9999999399400700E+00,6.0692708209126900E-04
2.49920E+02,9.1259954962909200E-04,9.9999999399400700E+00,6.0692708209126900E-04
2.49930E+02,9.1259954962909200E-04,9.9999999399400700E+00,6.0692708209126900E-04
2.49940E+02,9.1259954962909200E-04,9.9999999399400700E+00,6.0692708209126900E-04
2.49950E+02,9.1259954962909200E-04,9.9999999399400700E+00,6.0692708209126900E-04
2.49960E+02,9.1259954962909200E-04,9.9999999399400700E+00,6.0692708209126900E-04