time (sec),ref_pos_lat (deg),ref_pos_lon (deg),ref_pos_alt (m)
1.99980E+02,3.2000000000000000E+01,1.1999999999999900E+02,0.0000000000000000E+00
1.99990E+02,3.2000000000000000E+01,1.1999999999999900E+02,0.0000000000000000E+00
2.00000E+02,3.2000000000000000E+01,1.1999999999999900E+02,0.0000000000000000E+00
2.00010E+02,3.2000000000000000E+01,1.1999999999999900E+02,0.0000000000000000E+00
2.00020E+02,3.2000000000901800E+01,1.1999999999999900E+02,4.9999999979166600E-09
2.00030E+02,3.2000000002705400E+01,1.1999999999999900E+02,3.4999999885416600E-08
2.00040E+02,3.2000000005410900E+01,1.1999999999999900E+02,1.2499999853541600E-07
2.00050E+02,3.2000000009018200E+01,1.1999999999999900E+02,3.2499999020208300E-07
2.00060E+02,3.2000000013527300E+01,1.1999999999999900E+02,6.9999995504583400E-07
2.00070E+02,3.2000000018938200E+01,1.1999999999999900E+02,1.3299998392833400E-06
2.00080E+02,3.2000000025250900E+01,1.1999999999999900E+02,2.3099995191500300E-06
2.00090E+02,3.2000000032465500E+01,1.1999999999999900E+02,3.7499987415501600E-06
2.00100E+02,3.2000000040581800E+01,1.1999999999999900E+02,5.7749970329568400E-06
2.00110E+02,3.2000000049600000E+01,1.1999999999999900E+02,8.5249935668123200E-06
2.00120E+02,3.2000000059520000E+01,1.1999999999999900E+02,1.2154986978365900E-05
2.00130E+02,3.2000000070341700E+01,1.1999999999999900E+02,1.6834975114574900E-05
2.00140E+02,3.2000000082065300E+01,1.1999999999999900E+02,2.2749954705381400E-05
2.00150E+02,3.2000000094690600E+01,1.1999999999999900E+02,3.0099920941365500E-05
2.00160E+02,3.2000000108217700E+01,1.1999999999999900E+02,3.9099866941462700E-05
2.00170E+02,3.2000000122646500E+01,1.1999999999999900E+02,4.9979783093123200E-05
2.00180E+02,3.2000000137977000E+01,1.1999999999999900E+02,6.2984656245975600E-05
2.00190E+02,3.2000000154209100E+01,1.1999999999999900E+02,7.8374468738748500E-05
2.00200E+02,3.2000000171342900E+01,1.1999999999999900E+02,9.6424197237890300E-05
2.00210E+02,3.2000000189378400E+01,1.1999999999999900E+02,1.1742381136501700E-04
2.00220E+02,3.2000000208315300E+01,1.1999999999999900E+02,1.4167827208900800E-04
2.00230E+02,3.2000000228153800E+01,1.1999999999999900E+02,1.6950752985725100E-04
2.00240E+02,3.2000000248893700E+01,1.1999999999999900E+02,2.0124652243924300E-04
2.00250E+02,3.2000000270534900E+01,1.1999999999999900E+02,2.3724517245443100E-04
2.00260E+02,3.2000000293077500E+01,1.1999999999999900E+02,2.7786838455486000E-04
2.00270E+02,3.2000000316521200E+01,1.1999999999999900E+02,3.2349604223192000E-04
2.00280E+02,3.2000000340866000E+01,1.1999999999999900E+02,3.7452300421513100E-04
2.00290E+02,3.2000000366111800E+01,1.1999999999999900E+02,4.3135910042963400E-04
2.00300E+02,3.2000000392258400E+01,1.1999999999999900E+02,4.9442912747773000E-04
2.00310E+02,3.2000000419305700E+01,1.1999999999999900E+02,5.6417284360851100E-04
2.00320E+02,3.2000000447253500E+01,1.1999999999999900E+02,6.4104496313832200E-04
2.00330E+02,3.2000000476101700E+01,1.1999999999999900E+02,7.2551515028348600E-04
2.00340E+02,3.2000000505850100E+01,1.1999999999999900E+02,8.1806801236543500E-04
2.00350E+02,3.2000000536498400E+01,1.1999999999999900E+02,9.1920309234706200E-04
2.00360E+02,3.2000000568046500E+01,1.1999999999999900E+02,1.0294348606578500E-03
2.00370E+02,3.2000000600494000E+01,1.1999999999999900E+02,1.1492927062640300E-03
2.00380E+02,3.2000000633840800E+01,1.1999999999999900E+02,1.2793209269386100E-03
2.00390E+02,3.2000000668086400E+01,1.1999999999999900E+02,1.4200787186851500E-03
2.00400E+02,3.2000000703230700E+01,1.1999999999999900E+02,1.5721401642673300E-03
2.00410E+02,3.2000000739273200E+01,1.1999999999999900E+02,1.7360942207957100E-03
2.00420E+02,3.2000000776213600E+01,1.1999999999999900E+02,1.9125447063212600E-03
2.00430E+02,3.2000000814051500E+01,1.1999999999999900E+02,2.1021102853841700E-03
2.00440E+02,3.2000000852786400E+01,1.1999999999999900E+02,2.3054244534653800E-03
2.00450E+02,3.2000000892417900E+01,1.1999999999999900E+02,2.5231355202865100E-03
2.00460E+02,3.2000000932945500E+01,1.1999999999999900E+02,2.7559065919030400E-03
2.00470E+02,3.2000000974368600E+01,1.1999999999999900E+02,3.0044155515341800E-03
2.00480E+02,3.2000001016686800E+01,1.1999999999999900E+02,3.2693550390714700E-03
2.00490E+02,3.2000001059899400E+01,1.1999999999999900E+02,3.5514324292071100E-03
2.00500E+02,3.2000001104005700E+01,1.1999999999999900E+02,3.8513698081216200E-03
2.00510E+02,3.2000001149005100E+01,1.1999999999999900E+02,4.1699039486693000E-03
2.00520E+02,3.2000001194896900E+01,1.1999999999999900E+02,4.5077862839984700E-03
2.00530E+02,3.2000001241680300E+01,1.1999999999999900E+02,4.8657828795427200E-03
2.00540E+02,3.2000001289354500E+01,1.1999999999999900E+02,5.2446744033175700E-03
2.00550E+02,3.2000001337918700E+01,1.1999999999999900E+02,5.6452560944561600E-03
2.00560E+02,3.2000001387371800E+01,1.1999999999999900E+02,6.0683377299162500E-03
2.00570E+02,3.2000001437713100E+01,1.1999999999999900E+02,6.5147435892895600E-03
2.00580E+02,3.2000001488941400E+01,1.1999999999999900E+02,6.9853124176432100E-03
2.00590E+02,3.2000001541055700E+01,1.1999999999999900E+02,7.4808973863221500E-03
2.00600E+02,3.2000001594054800E+01,1.1999999999999900E+02,8.0023660516398200E-03
2.00610E+02,3.2000001647937700E+01,1.1999999999999900E+02,8.5506003113835600E-03
2.00620E+02,3.2000001702703100E+01,1.1999999999999900E+02,9.1264778315801700E-03
2.00630E+02,3.2000001758349700E+01,1.1999999999999900E+02,9.7308512612106300E-03
2.00640E+02,3.2000001814876200E+01,1.1999999999999900E+02,1.0364549527613100E-02
2.00650E+02,3.2000001872281400E+01,1.1999999999999900E+02,1.1028379066933500E-02
2.00660E+02,3.2000001930564000E+01,1.1999999999999900E+02,1.1723124990598500E-02
2.00670E+02,3.2000001989722500E+01,1.1999999999999900E+02,1.2449552189186600E-02
2.00680E+02,3.2000002049755700E+01,1.1999999999999900E+02,1.3208406375379700E-02
2.00690E+02,3.2000002110662100E+01,1.1999999999999900E+02,1.4000415067926600E-02
2.00700E+02,3.2000002172440400E+01,1.1999999999999900E+02,1.4826288518725200E-02
2.00710E+02,3.2000002235089100E+01,1.1999999999999900E+02,1.5686720585263200E-02
2.00720E+02,3.2000002298606800E+01,1.1999999999999900E+02,1.6582389550741800E-02
2.00730E+02,3.2000002362992100E+01,1.1999999999999900E+02,1.7513958894258600E-02
2.00740E+02,3.2000002428243500E+01,1.1999999999999900E+02,1.8482078013444800E-02
2.00750E+02,3.2000002494359500E+01,1.1999999999999900E+02,1.9487382901946300E-02
2.00760E+02,3.2000002561338700E+01,1.1999999999999900E+02,2.0530496784114100E-02
2.00770E+02,3.2000002629179500E+01,1.1999999999999900E+02,2.1612030709226000E-02
2.00780E+02,3.2000002697880500E+01,1.1999999999999900E+02,2.2732584107507000E-02
2.00790E+02,3.2000002767440000E+01,1.1999999999999900E+02,2.3892745310149300E-02
2.00800E+02,3.2000002837856700E+01,1.1999999999999900E+02,2.5093092035459800E-02
2.00810E+02,3.2000002909128800E+01,1.1999999999999900E+02,2.6334191843182700E-02
2.00820E+02,3.2000002981255000E+01,1.1999999999999900E+02,2.7616602558962300E-02
2.00830E+02,3.2000003054233600E+01,1.1999999999999900E+02,2.8940872670822800E-02
2.00840E+02,3.2000003128063000E+01,1.1999999999999900E+02,3.0307541699456900E-02
2.00850E+02,3.2000003202741700E+01,1.1999999999999900E+02,3.1717140544024000E-02
2.00860E+02,3.2000003278268100E+01,1.1999999999999900E+02,3.3170191805074500E-02
2.00870E+02,3.2000003354640600E+01,1.1999999999999900E+02,3.4667210086127600E-02
2.00880E+02,3.2000003431857600E+01,1.1999999999999900E+02,3.6208702275347500E-02
2.00890E+02,3.2000003509917500E+01,1.1999999999999900E+02,3.7795167808678800E-02
2.00900E+02,3.2000003588818700E+01,1.1999999999999900E+02,3.9427098915724000E-02
2.00910E+02,3.2000003668559600E+01,1.1999999999999900E+02,4.1104980849568000E-02
2.00920E+02,3.2000003749138500E+01,1.1999999999999900E+02,4.2829292101679700E-02
2.00930E+02,3.2000003830553900E+01,1.1999999999999900E+02,4.4600504602951700E-02
2.00940E+02,3.2000003912804100E+01,1.1999999999999900E+02,4.6419083911870800E-02
2.00950E+02,3.2000003995887400E+01,1.1999999999999900E+02,4.8285489390746600E-02
2.00960E+02,3.2000004079802300E+01,1.1999999999999900E+02,5.0200174370865100E-02
2.00970E+02,3.2000004164547000E+01,1.1999999999999900E+02,5.2163586307377300E-02
2.00980E+02,3.2000004250120000E+01,1.1999999999999900E+02,5.4176166924675000E-02
2.00990E+02,3.2000004336519600E+01,1.1999999999999900E+02,5.6238352352958300E-02
2.01000E+02,3.2000004423744100E+01,1.1999999999999900E+02,5.8350573256645400E-02
2.01010E+02,3.2000004511791900E+01,1.1999999999999900E+02,6.0513254955235400E-02
2.01020E+02,3.2000004600661300E+01,1.1999999999999900E+02,6.2726817537186000E-02
2.01030E+02,3.2000004690350700E+01,1.1999999999999900E+02,6.4991675967331300E-02
2.01040E+02,3.2000004780858400E+01,1.1999999999999900E+02,6.7308240188325800E-02
2.01050E+02,3.2000004872182800E+01,1.1999999999999900E+02,6.9676915216565100E-02
2.01060E+02,3.2000004964322100E+01,1.1999999999999900E+02,7.2098101233000300E-02
2.01070E+02,3.2000005057274800E+01,1.1999999999999900E+02,7.4572193669233700E-02
2.01080E+02,3.2000005151039100E+01,1.1999999999999900E+02,7.7099583289252900E-02
2.01090E+02,3.2000005245613400E+01,1.1999999999999900E+02,7.9680656267134300E-02
2.01100E+02,3.2000005340996000E+01,1.1999999999999900E+02,8.2315794261021900E-02
2.01110E+02,3.2000005437185300E+01,1.1999999999999900E+02,8.5005374483663700E-02
2.01120E+02,3.2000005534179600E+01,1.1999999999999900E+02,8.7749769769767100E-02
2.01130E+02,3.2000005631977200E+01,1.1999999999999900E+02,9.0549348640414000E-02
2.01140E+02,3.2000005730576400E+01,1.1999999999999900E+02,9.3404475364757000E-02
2.01150E+02,3.2000005829975600E+01,1.1999999999999900E+02,9.6315510019203200E-02
2.01160E+02,3.2000005930173200E+01,1.1999999999999900E+02,9.9282808544273000E-02
2.01170E+02,3.2000006031167400E+01,1.1999999999999900E+02,1.0230672279930800E-01
2.01180E+02,3.2000006132956600E+01,1.1999999999999900E+02,1.0538760061518900E-01
2.01190E+02,3.2000006235539100E+01,1.1999999999999900E+02,1.0852578584521500E-01
2.01200E+02,3.2000006338913400E+01,1.1999999999999900E+02,1.1172161841426600E-01
2.01210E+02,3.2000006443077600E+01,1.1999999999999900E+02,1.1497543436639500E-01
2.01220E+02,3.2000006548030200E+01,1.1999999999999900E+02,1.1828756591094600E-01
2.01230E+02,3.2000006653769500E+01,1.1999999999999900E+02,1.2165834146731300E-01
2.01240E+02,3.2000006760293900E+01,1.1999999999999900E+02,1.2508808570843500E-01
2.01250E+02,3.2000006867601700E+01,1.1999999999999900E+02,1.2857711960311800E-01
2.01260E+02,3.2000006975691200E+01,1.1999999999999900E+02,1.3212576045725800E-01
2.01270E+02,3.2000007084560900E+01,1.1999999999999900E+02,1.3573432195405200E-01
2.01280E+02,3.2000007194209100E+01,1.1999999999999900E+02,1.3940311419326100E-01
2.01290E+02,3.2000007304634100E+01,1.1999999999999900E+02,1.4313244372958400E-01
2.01300E+02,3.2000007415834300E+01,1.1999999999999900E+02,1.4692261361020600E-01
2.01310E+02,3.2000007527808100E+01,1.1999999999999900E+02,1.5077392341157500E-01
2.01320E+02,3.2000007640553800E+01,1.1999999999999900E+02,1.5468666927545500E-01
2.01330E+02,3.2000007754069900E+01,1.1999999999999900E+02,1.5866114394429400E-01
2.01340E+02,3.2000007868354700E+01,1.1999999999999900E+02,1.6269763679596000E-01
2.01350E+02,3.2000007983406600E+01,1.1999999999999900E+02,1.6679643387787300E-01
2.01360E+02,3.2000008099224000E+01,1.1999999999999900E+02,1.7095781794057000E-01
2.01370E+02,3.2000008215805200E+01,1.1999999999999900E+02,1.7518206847074400E-01
2.01380E+02,3.2000008333148800E+01,1.1999999999999900E+02,1.7946946172376500E-01
2.01390E+02,3.2000008451253000E+01,1.1999999999999900E+02,1.8382027075573100E-01
2.01400E+02,3.2000008570116300E+01,1.1999999999999900E+02,1.8823476545506500E-01
2.01410E+02,3.2000008689737100E+01,1.1999999999999900E+02,1.9271321257368000E-01
2.01420E+02,3.2000008810113800E+01,1.1999999999999900E+02,1.9725587575772600E-01
2.01430E+02,3.2000008931244900E+01,1.1999999999999900E+02,2.0186301557795500E-01
2.01440E+02,3.2000009053128700E+01,1.1999999999999900E+02,2.0653488955970200E-01
2.01450E+02,3.2000009175763800E+01,1.1999999999999900E+02,2.1127175221251500E-01
2.01460E+02,3.2000009299148400E+01,1.1999999999999900E+02,2.1607385505943100E-01
2.01470E+02,3.2000009423281200E+01,1.1999999999999900E+02,2.2094144666593000E-01
2.01480E+02,3.2000009548160400E+01,1.1999999999999900E+02,2.2587477266855900E-01
2.01490E+02,3.2000009673784700E+01,1.1999999999999900E+02,2.3087407580325400E-01
2.01500E+02,3.2000009800152400E+01,1.1999999999999900E+02,2.3593959593336900E-01
2.01510E+02,3.2000009927262000E+01,1.1999999999999900E+02,2.4107157007740100E-01
2.01520E+02,3.2000010055112000E+01,1.1999999999999900E+02,2.4627023243645100E-01
2.01530E+02,3.2000010183700900E+01,1.1999999999999900E+02,2.5153581442140000E-01
2.01540E+02,3.2000010313027100E+01,1.1999999999999900E+02,2.5686854467983200E-01
2.01550E+02,3.2000010443089200E+01,1.1999999999999900E+02,2.6226864912268900E-01
2.01560E+02,3.2000010573885500E+01,1.1999999999999900E+02,2.6773635095067600E-01
2.01570E+02,3.2000010705414800E+01,1.1999999999999900E+02,2.7327187068042300E-01
2.01580E+02,3.2000010837675300E+01,1.1999999999999900E+02,2.7887542617040700E-01
2.01590E+02,3.2000010970665700E+01,1.1999999999999900E+02,2.8454723264662800E-01
2.01600E+02,3.2000011104384600E+01,1.1999999999999900E+02,2.9028750272806600E-01
2.01610E+02,3.2000011238830300E+01,1.1999999999999900E+02,2.9609644645190100E-01
2.01620E+02,3.2000011374001500E+01,1.1999999999999900E+02,3.0197427129851300E-01
2.01630E+02,3.2000011509896700E+01,1.1999999999999900E+02,3.0792118221626000E-01
2.01640E+02,3.2000011646514400E+01,1.1999999999999900E+02,3.1393738164604400E-01
2.01650E+02,3.2000011783853200E+01,1.1999999999999900E+02,3.2002306954565600E-01
2.01660E+02,3.2000011921911700E+01,1.1999999999999900E+02,3.2617844341391300E-01
2.01670E+02,3.2000012060688400E+01,1.1999999999999900E+02,3.3240369831458800E-01
2.01680E+02,3.2000012200181900E+01,1.1999999999999900E+02,3.3869902690013700E-01
2.01690E+02,3.2000012340390900E+01,1.1999999999999900E+02,3.4506461943521300E-01
2.01700E+02,3.2000012481313800E+01,1.1999999999999900E+02,3.5150066381998800E-01
2.01710E+02,3.2000012622949300E+01,1.1999999999999900E+02,3.5800734561327600E-01
2.01720E+02,3.2000012765296000E+01,1.1999999999999900E+02,3.6458484805544900E-01
2.01730E+02,3.2000012908352500E+01,1.1999999999999900E+02,3.7123335209117200E-01
2.01740E+02,3.2000013052117500E+01,1.1999999999999900E+02,3.7795303639193500E-01
2.01750E+02,3.2000013196589500E+01,1.1999999999999900E+02,3.8474407737839400E-01
2.01760E+02,3.2000013341767200E+01,1.1999999999999900E+02,3.9160664924253000E-01
2.01770E+02,3.2000013487649300E+01,1.1999999999999900E+02,3.9854092396960700E-01
2.01780E+02,3.2000013634234400E+01,1.1999999999999900E+02,4.0554707135995700E-01
2.01790E+02,3.2000013781521100E+01,1.1999999999999900E+02,4.1262525905057000E-01
2.01800E+02,3.2000013929508100E+01,1.1999999999999900E+02,4.1977565253650300E-01
2.01810E+02,3.2000014078194100E+01,1.1999999999999900E+02,4.2699841519210600E-01
2.01820E+02,3.2000014227577800E+01,1.1999999999999900E+02,4.3429370829207000E-01
2.01830E+02,3.2000014377657900E+01,1.1999999999999900E+02,4.4166169103229300E-01
2.01840E+02,3.2000014528433000E+01,1.1999999999999900E+02,4.4910252055056400E-01
2.01850E+02,3.2000014679901900E+01,1.1999999999999900E+02,4.5661635194707500E-01
2.01860E+02,3.2000014832063200E+01,1.1999999999999900E+02,4.6420333830475700E-01
2.01870E+02,3.2000014984915800E+01,1.1999999999999900E+02,4.7186363070943200E-01
2.01880E+02,3.2000015138458300E+01,1.1999999999999900E+02,4.7959737826980800E-01
2.01890E+02,3.2000015292689400E+01,1.1999999999999900E+02,4.8740472813728400E-01
2.01900E+02,3.2000015447608000E+01,1.1999999999999900E+02,4.9528582552559300E-01
2.01910E+02,3.2000015603212700E+01,1.1999999999999900E+02,5.0324081373027600E-01
2.01920E+02,3.2000015759502300E+01,1.1999999999999900E+02,5.1126983414798100E-01
2.01930E+02,3.2000015916475600E+01,1.1999999999999900E+02,5.1937302629559700E-01
2.01940E+02,3.2000016074131400E+01,1.1999999999999900E+02,5.2755052782922300E-01
2.01950E+02,3.2000016232468400E+01,1.1999999999999900E+02,5.3580247456296800E-01
2.01960E+02,3.2000016391485500E+01,1.1999999999999900E+02,5.4412900048758400E-01
2.01970E+02,3.2000016551181300E+01,1.1999999999999900E+02,5.5253023778894600E-01
2.01980E+02,3.2000016711554900E+01,1.1999999999999900E+02,5.6100631686635600E-01
2.01990E+02,3.2000016872604800E+01,1.1999999999999900E+02,5.6955736635069500E-01
2.02000E+02,3.2000017034330100E+01,1.1999999999999900E+02,5.7818351312240800E-01
2.02010E+02,3.2000017196729400E+01,1.1999999999999900E+02,5.8688488232933600E-01
2.02020E+02,3.2000017359801700E+01,1.1999999999999900E+02,5.9566159740438600E-01
2.02030E+02,3.2000017523545800E+01,1.1999999999999900E+02,6.0451378008304100E-01
2.02040E+02,3.2000017687960500E+01,1.1999999999999900E+02,6.1344155042072400E-01
2.02050E+02,3.2000017853044800E+01,1.1999999999999900E+02,6.2244502680999000E-01
2.02060E+02,3.2000018018797400E+01,1.1999999999999900E+02,6.3152432599758300E-01
2.02070E+02,3.2000018185217300E+01,1.1999999999999900E+02,6.4067956310132500E-01
2.02080E+02,3.2000018352303300E+01,1.1999999999999900E+02,6.4991085162686100E-01
2.02090E+02,3.2000018520054300E+01,1.1999999999999900E+02,6.5921830348425300E-01
2.02100E+02,3.2000018688469300E+01,1.1999999999999900E+02,6.6860202900441400E-01
2.02110E+02,3.2000018857547100E+01,1.1999999999999900E+02,6.7806213695541100E-01
2.02120E+02,3.2000019027286700E+01,1.1999999999999900E+02,6.8759873455860200E-01
2.02130E+02,3.2000019197687000E+01,1.1999999999999900E+02,6.9721192750463900E-01
2.02140E+02,3.2000019368746900E+01,1.1999999999999900E+02,7.0690181996932100E-01
2.02150E+02,3.2000019540465400E+01,1.1999999999999900E+02,7.1666851462929600E-01
2.02160E+02,3.2000019712841300E+01,1.1999999999999900E+02,7.2651211267763300E-01
2.02170E+02,3.2000019885873800E+01,1.1999999999999900E+02,7.3643271383923700E-01
2.02180E+02,3.2000020059561700E+01,1.1999999999999900E+02,7.4643041638613400E-01
2.02190E+02,3.2000020233904000E+01,1.1999999999999900E+02,7.5650531715260600E-01
2.02200E+02,3.2000020408899600E+01,1.1999999999999900E+02,7.6665751155019600E-01
2.02210E+02,3.2000020584547700E+01,1.1999999999999900E+02,7.7688709358256200E-01
2.02220E+02,3.2000020760847100E+01,1.1999999999999900E+02,7.8719415586020900E-01
2.02230E+02,3.2000020937796900E+01,1.1999999999999900E+02,7.9757878961506900E-01
2.02240E+02,3.2000021115396100E+01,1.1999999999999900E+02,8.0804108471495700E-01
2.02250E+02,3.2000021293643700E+01,1.1999999999999900E+02,8.1858112967788900E-01
2.02260E+02,3.2000021472538700E+01,1.1999999999999900E+02,8.2919901168626400E-01
2.02270E+02,3.2000021652080200E+01,1.1999999999999900E+02,8.3989481660091400E-01
2.02280E+02,3.2000021832267200E+01,1.1999999999999900E+02,8.5066862897502900E-01
2.02290E+02,3.2000022013098800E+01,1.1999999999999900E+02,8.6152053206794300E-01
2.02300E+02,3.2000022194573900E+01,1.1999999999999900E+02,8.7245060785879700E-01
2.02310E+02,3.2000022376691800E+01,1.1999999999999900E+02,8.8345893706006700E-01
2.02320E+02,3.2000022559451400E+01,1.1999999999999900E+02,8.9454559913097600E-01
2.02330E+02,3.2000022742851900E+01,1.1999999999999900E+02,9.0571067229076400E-01
2.02340E+02,3.2000022926892300E+01,1.1999999999999900E+02,9.1695423353184700E-01
2.02350E+02,3.2000023111571700E+01,1.1999999999999900E+02,9.2827635863284400E-01
2.02360E+02,3.2000023296889200E+01,1.1999999999999900E+02,9.3967712217148200E-01
2.02370E+02,3.2000023482844000E+01,1.1999999999999900E+02,9.5115659753737800E-01
2.02380E+02,3.2000023669435100E+01,1.1999999999999900E+02,9.6271485694470400E-01
2.02390E+02,3.2000023856661700E+01,1.1999999999999900E+02,9.7435197144472200E-01
2.02400E+02,3.2000024044522900E+01,1.1999999999999900E+02,9.8606801093821400E-01
2.02410E+02,3.2000024233017800E+01,1.1999999999999900E+02,9.9786304418777500E-01
2.02420E+02,3.2000024422145700E+01,1.1999999999999900E+02,1.0097371388300000E+00
2.02430E+02,3.2000024611905600E+01,1.1999999999999900E+02,1.0216903613875800E+00
2.02440E+02,3.2000024802296700E+01,1.1999999999999900E+02,1.0337227772812100E+00
2.02450E+02,3.2000024993318200E+01,1.1999999999999900E+02,1.0458344508414600E+00
2.02460E+02,3.2000025184969300E+01,1.1999999999999900E+02,1.0580254453204700E+00
2.02470E+02,3.2000025377249100E+01,1.1999999999999900E+02,1.0702958229036200E+00
2.02480E+02,3.2000025570156900E+01,1.1999999999999900E+02,1.0826456447209600E+00
2.02490E+02,3.2000025763691800E+01,1.1999999999999900E+02,1.0950749708586600E+00
2.02500E+02,3.2000025957853000E+01,1.1999999999999900E+02,1.1075838603702400E+00
2.02510E+02,3.2000026152639800E+01,1.1999999999999900E+02,1.1201723712877800E+00
2.02520E+02,3.2000026348051400E+01,1.1999999999999900E+02,1.1328405606329500E+00
2.02530E+02,3.2000026544087000E+01,1.1999999999999900E+02,1.1455884844280100E+00
2.02540E+02,3.2000026740745900E+01,1.1999999999999900E+02,1.1584161977066000E+00
2.02550E+02,3.2000026938027200E+01,1.1999999999999900E+02,1.1713237545245300E+00
2.02560E+02,3.2000027135930200E+01,1.1999999999999900E+02,1.1843112079704200E+00
2.02570E+02,3.2000027334454200E+01,1.1999999999999900E+02,1.1973786101762000E+00
2.02580E+02,3.2000027533598500E+01,1.1999999999999900E+02,1.2105260123275700E+00
2.02590E+02,3.2000027733362300E+01,1.1999999999999900E+02,1.2237534646743300E+00
2.02600E+02,3.2000027933744900E+01,1.1999999999999900E+02,1.2370610165406100E+00
2.02610E+02,3.2000028134745500E+01,1.1999999999999900E+02,1.2504487163349900E+00
2.02620E+02,3.2000028336363600E+01,1.1999999999999900E+02,1.2639166115605500E+00
2.02630E+02,3.2000028538598300E+01,1.1999999999999900E+02,1.2774647488247900E+00
2.02640E+02,3.2000028741448900E+01,1.1999999999999900E+02,1.2910931738494700E+00
2.02650E+02,3.2000028944914900E+01,1.1999999999999900E+02,1.3048019314803500E+00
2.02660E+02,3.2000029148995400E+01,1.1999999999999900E+02,1.3185910656968400E+00
2.02670E+02,3.2000029353689800E+01,1.1999999999999900E+02,1.3324606196215300E+00
2.02680E+02,3.2000029558997500E+01,1.1999999999999900E+02,1.3464106355296700E+00
2.02690E+02,3.2000029764917800E+01,1.1999999999999900E+02,1.3604411548585300E+00
2.02700E+02,3.2000029971449900E+01,1.1999999999999900E+02,1.3745522182166400E+00
2.02710E+02,3.2000030178593400E+01,1.1999999999999900E+02,1.3887438653930100E+00
2.02720E+02,3.2000030386347500E+01,1.1999999999999900E+02,1.4030161353661700E+00
2.02730E+02,3.2000030594711600E+01,1.1999999999999900E+02,1.4173690663132400E+00
2.02740E+02,3.2000030803685100E+01,1.1999999999999900E+02,1.4318026956187500E+00
2.02750E+02,3.2000031013267200E+01,1.1999999999999900E+02,1.4463170598835400E+00
2.02760E+02,3.2000031223457600E+01,1.1999999999999900E+02,1.4609121949334400E+00
2.02770E+02,3.2000031434255400E+01,1.1999999999999900E+02,1.4755881358279400E+00
2.02780E+02,3.2000031645660100E+01,1.1999999999999900E+02,1.4903449168687500E+00
2.02790E+02,3.2000031857671100E+01,1.1999999999999900E+02,1.5051825716082800E+00
2.02800E+02,3.2000032070287900E+01,1.1999999999999900E+02,1.5201011328580200E+00
2.02810E+02,3.2000032283509700E+01,1.1999999999999900E+02,1.5351006326968400E+00
2.02820E+02,3.2000032497336200E+01,1.1999999999999900E+02,1.5501811024792700E+00
2.02830E+02,3.2000032711766500E+01,1.1999999999999900E+02,1.5653425728435500E+00
2.02840E+02,3.2000032926800300E+01,1.1999999999999900E+02,1.5805850737198000E+00
2.02850E+02,3.2000033142436900E+01,1.1999999999999900E+02,1.5959086343379000E+00
2.02860E+02,3.2000033358675800E+01,1.1999999999999900E+02,1.6113132832354700E+00
2.02870E+02,3.2000033575516500E+01,1.1999999999999900E+02,1.6267990482656700E+00
2.02880E+02,3.2000033792958300E+01,1.1999999999999900E+02,1.6423659566049000E+00
2.02890E+02,3.2000034011000800E+01,1.1999999999999900E+02,1.6580140347605600E+00
2.02900E+02,3.2000034229643400E+01,1.1999999999999900E+02,1.6737433085785400E+00
2.02910E+02,3.2000034448885500E+01,1.1999999999999900E+02,1.6895538032508200E+00
2.02920E+02,3.2000034668726800E+01,1.1999999999999900E+02,1.7054455433228500E+00
2.02930E+02,3.2000034889166600E+01,1.1999999999999900E+02,1.7214185527009400E+00
2.02940E+02,3.2000035110204500E+01,1.1999999999999900E+02,1.7374728546595700E+00
2.02950E+02,3.2000035331839900E+01,1.1999999999999900E+02,1.7536084718485500E+00
2.02960E+02,3.2000035554072300E+01,1.1999999999999900E+02,1.7698254263002400E+00
2.02970E+02,3.2000035776901300E+01,1.1999999999999900E+02,1.7861237394365500E+00
2.02980E+02,3.2000036000326400E+01,1.1999999999999900E+02,1.8025034320760100E+00
2.02990E+02,3.2000036224347000E+01,1.1999999999999900E+02,1.8189645244406500E+00
2.03000E+02,3.2000036448962800E+01,1.1999999999999900E+02,1.8355070361628700E+00
2.03010E+02,3.2000036674173200E+01,1.1999999999999900E+02,1.8521309862922800E+00
2.03020E+02,3.2000036899977800E+01,1.1999999999999900E+02,1.8688363933023400E+00
2.03030E+02,3.2000037126376100E+01,1.1999999999999900E+02,1.8856232750971200E+00
2.03040E+02,3.2000037353367700E+01,1.1999999999999900E+02,1.9024916490177800E+00
2.03050E+02,3.2000037580952100E+01,1.1999999999999900E+02,1.9194415318491800E+00
2.03060E+02,3.2000037809128800E+01,1.1999999999999900E+02,1.9364729398262900E+00
2.03070E+02,3.2000038037897500E+01,1.1999999999999900E+02,1.9535858886405900E+00
2.03080E+02,3.2000038267257700E+01,1.1999999999999900E+02,1.9707803934464100E+00
2.03090E+02,3.2000038497209000E+01,1.1999999999999900E+02,1.9880564688671800E+00
2.03100E+02,3.2000038727751000E+01,1.1999999999999900E+02,2.0054141290016300E+00
2.03110E+02,3.2000038958883200E+01,1.1999999999999900E+02,2.0228533874299200E+00
2.03120E+02,3.2000039190605200E+01,1.1999999999999900E+02,2.0403742572197400E+00
2.03130E+02,3.2000039422916600E+01,1.1999999999999900E+02,2.0579767509322900E+00
2.03140E+02,3.2000039655817100E+01,1.1999999999999900E+02,2.0756608806282400E+00
2.03150E+02,3.2000039889306200E+01,1.1999999999999900E+02,2.0934266578736600E+00
2.03160E+02,3.2000040123383500E+01,1.1999999999999900E+02,2.1112740937457800E+00
2.03170E+02,3.2000040358048700E+01,1.1999999999999900E+02,2.1292031988388200E+00
2.03180E+02,3.2000040593301400E+01,1.1999999999999900E+02,2.1472139832696700E+00
2.03190E+02,3.2000040829141200E+01,1.1999999999999900E+02,2.1653064566835700E+00
2.03200E+02,3.2000041065567700E+01,1.1999999999999900E+02,2.1834806282596900E+00
2.03210E+02,3.2000041302580500E+01,1.1999999999999900E+02,2.2017365067166800E+00
2.03220E+02,3.2000041540179400E+01,1.1999999999999900E+02,2.2200741003181300E+00
2.03230E+02,3.2000041778363800E+01,1.1999999999999900E+02,2.2384934168780500E+00
2.03240E+02,3.2000042017133600E+01,1.1999999999999900E+02,2.2569944637661700E+00
2.03250E+02,3.2000042256488300E+01,1.1999999999999900E+02,2.2755772479133300E+00
2.03260E+02,3.2000042496427700E+01,1.1999999999999900E+02,2.2942417758167000E+00
2.03270E+02,3.2000042736951300E+01,1.1999999999999900E+02,2.3129880535450000E+00
2.03280E+02,3.2000042978058800E+01,1.1999999999999900E+02,2.3318160867436600E+00
2.03290E+02,3.2000043219749900E+01,1.1999999999999900E+02,2.3507258806399100E+00
2.03300E+02,3.2000043462024300E+01,1.1999999999999900E+02,2.3697174400478600E+00
2.03310E+02,3.2000043704881700E+01,1.1999999999999900E+02,2.3887907693734600E+00
2.03320E+02,3.2000043948321700E+01,1.1999999999999900E+02,2.4079458726195100E+00
2.03330E+02,3.2000044192344000E+01,1.1999999999999900E+02,2.4271827533904700E+00
2.03340E+02,3.2000044436948400E+01,1.1999999999999900E+02,2.4465014148973900E+00
2.03350E+02,3.2000044682134500E+01,1.1999999999999900E+02,2.4659018599626800E+00
2.03360E+02,3.2000044927902000E+01,1.1999999999999900E+02,2.4853840910248400E+00
2.03370E+02,3.2000045174250700E+01,1.1999999999999900E+02,2.5049481101431700E+00
2.03380E+02,3.2000045421180200E+01,1.1999999999999900E+02,2.5245939190024400E+00
2.03390E+02,3.2000045668690300E+01,1.1999999999999900E+02,2.5443215189174700E+00
2.03400E+02,3.2000045916780700E+01,1.1999999999999900E+02,2.5641309108377300E+00
2.03410E+02,3.2000046165451100E+01,1.1999999999999900E+02,2.5840220953517800E+00
2.03420E+02,3.2000046414701200E+01,1.1999999999999900E+02,2.6039950726917900E+00
2.03430E+02,3.2000046664530800E+01,1.1999999999999900E+02,2.6240498427379400E+00
2.03440E+02,3.2000046914939600E+01,1.1999999999999900E+02,2.6441864050228100E+00
2.03450E+02,3.2000047165927400E+01,1.1999999999999900E+02,2.6644047587356700E+00
2.03460E+02,3.2000047417493900E+01,1.1999999999999900E+02,2.6847049027267800E+00
2.03470E+02,3.2000047669638800E+01,1.1999999999999900E+02,2.7050868355116700E+00
2.03480E+02,3.2000047922361900E+01,1.1999999999999900E+02,2.7255505552752600E+00
2.03490E+02,3.2000048175662900E+01,1.1999999999999900E+02,2.7460960598760700E+00
2.03500E+02,3.2000048429541700E+01,1.1999999999999900E+02,2.7667233468503200E+00
2.03510E+02,3.2000048683998000E+01,1.1999999999999900E+02,2.7874324134159800E+00
2.03520E+02,3.2000048939031500E+01,1.1999999999999900E+02,2.8082232564767800E+00
2.03530E+02,3.2000049194642100E+01,1.1999999999999900E+02,2.8290958726262600E+00
2.03540E+02,3.2000049450829400E+01,1.1999999999999900E+02,2.8500502581516500E+00
2.03550E+02,3.2000049707593400E+01,1.1999999999999900E+02,2.8710864090377700E+00
2.03560E+02,3.2000049964933700E+01,1.1999999999999900E+02,2.8922043209709500E+00
2.03570E+02,3.2000050222850100E+01,1.1999999999999900E+02,2.9134039893428000E+00
2.03580E+02,3.2000050481342500E+01,1.1999999999999900E+02,2.9346854092539900E+00
2.03590E+02,3.2000050740410700E+01,1.1999999999999900E+02,2.9560485755180200E+00
2.03600E+02,3.2000051000054400E+01,1.1999999999999900E+02,2.9774934826649400E+00
2.03610E+02,3.2000051260273400E+01,1.1999999999999900E+02,2.9990201249449500E+00
2.03620E+02,3.2000051521067600E+01,1.1999999999999900E+02,3.0206284963320800E+00
2.03630E+02,3.2000051782436800E+01,1.1999999999999900E+02,3.0423185905277900E+00
2.03640E+02,3.2000052044380700E+01,1.1999999999999900E+02,3.0640904009644600E+00
2.03650E+02,3.2000052306899200E+01,1.1999999999999900E+02,3.0859439208090000E+00
2.03660E+02,3.2000052569992100E+01,1.1999999999999900E+02,3.1078791429662300E+00
2.03670E+02,3.2000052833659300E+01,1.1999999999999900E+02,3.1298960600824000E+00
2.03680E+02,3.2000053097900500E+01,1.1999999999999900E+02,3.1519946645485600E+00
2.03690E+02,3.2000053362715700E+01,1.1999999999999900E+02,3.1741749485039500E+00
2.03700E+02,3.2000053628104500E+01,1.1999999999999900E+02,3.1964369038393100E+00
2.03710E+02,3.2000053894067000E+01,1.1999999999999900E+02,3.2187805222002300E+00
2.03720E+02,3.2000054160602800E+01,1.1999999999999900E+02,3.2412057949903900E+00
2.03730E+02,3.2000054427711900E+01,1.1999999999999900E+02,3.2637127133747700E+00
2.03740E+02,3.2000054695394000E+01,1.1999999999999900E+02,3.2863012682829100E+00
2.03750E+02,3.2000054963649200E+01,1.1999999999999900E+02,3.3089714504120400E+00
2.03760E+02,3.2000055232477100E+01,1.1999999999999900E+02,3.3317232502302000E+00
2.03770E+02,3.2000055501877700E+01,1.1999999999999900E+02,3.3545566579794000E+00
2.03780E+02,3.2000055771850900E+01,1.1999999999999900E+02,3.3774716636786300E+00
2.03790E+02,3.2000056042396400E+01,1.1999999999999900E+02,3.4004682571269100E+00
2.03800E+02,3.2000056313514100E+01,1.1999999999999900E+02,3.4235464279063600E+00
2.03810E+02,3.2000056585204000E+01,1.1999999999999900E+02,3.4467061653850600E+00
2.03820E+02,3.2000056857465900E+01,1.1999999999999900E+02,3.4699474587201000E+00
2.03830E+02,3.2000057130299700E+01,1.1999999999999900E+02,3.4932702968604500E+00
2.03840E+02,3.2000057403705200E+01,1.1999999999999900E+02,3.5166746685498300E+00
2.03850E+02,3.2000057677682300E+01,1.1999999999999900E+02,3.5401605623295700E+00
2.03860E+02,3.2000057952230900E+01,1.1999999999999900E+02,3.5637279665414800E+00
2.03870E+02,3.2000058227351000E+01,1.1999999999999900E+02,3.5873768693305500E+00
2.03880E+02,3.2000058503042300E+01,1.1999999999999900E+02,3.6111072586478200E+00
2.03890E+02,3.2000058779304900E+01,1.1999999999999900E+02,3.6349191222530400E+00
2.03900E+02,3.2000059056138500E+01,1.1999999999999900E+02,3.6588124477173900E+00
2.03910E+02,3.2000059333543100E+01,1.1999999999999900E+02,3.6827872224261900E+00
2.03920E+02,3.2000059611518600E+01,1.1999999999999900E+02,3.7068434335815300E+00
2.03930E+02,3.2000059890064900E+01,1.1999999999999900E+02,3.7309810682048900E+00
2.03940E+02,3.2000060169181900E+01,1.1999999999999900E+02,3.7552001131397200E+00
2.03950E+02,3.2000060448869400E+01,1.1999999999999900E+02,3.7795005550540700E+00
2.03960E+02,3.2000060729127600E+01,1.1999999999999900E+02,3.8038823804430500E+00
2.03970E+02,3.2000061009956100E+01,1.1999999999999900E+02,3.8283455756313900E+00
2.03980E+02,3.2000061291355000E+01,1.1999999999999900E+02,3.8528901267759400E+00
2.03990E+02,3.2000061573324200E+01,1.1999999999999900E+02,3.8775160198680900E+00
2.04000E+02,3.2000061855863600E+01,1.1999999999999900E+02,3.9022232407362600E+00
2.04010E+02,3.2000062138973100E+01,1.1999999999999900E+02,3.9270117750482400E+00
2.04020E+02,3.2000062422652600E+01,1.1999999999999900E+02,3.9518816083136500E+00
2.04030E+02,3.2000062706902200E+01,1.1999999999999900E+02,3.9768327258862600E+00
2.04040E+02,3.2000062991721600E+01,1.1999999999999900E+02,4.0018651129663200E+00
2.04050E+02,3.2000063277111000E+01,1.1999999999999900E+02,4.0269787546028800E+00
2.04060E+02,3.2000063563070100E+01,1.1999999999999900E+02,4.0521736356961000E+00
2.04070E+02,3.2000063849598900E+01,1.1999999999999900E+02,4.0774497409994700E+00
2.04080E+02,3.2000064136697500E+01,1.1999999999999900E+02,4.1028070551220900E+00
2.04090E+02,3.2000064424365600E+01,1.1999999999999900E+02,4.1282455625308400E+00
2.04100E+02,3.2000064712603400E+01,1.1999999999999900E+02,4.1537652475526300E+00
2.04110E+02,3.2000065001410700E+01,1.1999999999999900E+02,4.1793660943765000E+00
2.04120E+02,3.2000065290787400E+01,1.1999999999999900E+02,4.2050480870558300E+00
2.04130E+02,3.2000065580733600E+01,1.1999999999999900E+02,4.2308112095104100E+00
2.04140E+02,3.2000065871249200E+01,1.1999999999999900E+02,4.2566554455285900E+00
2.04150E+02,3.2000066162334100E+01,1.1999999999999900E+02,4.2825807787693100E+00
2.04160E+02,3.2000066453988400E+01,1.1999999999999900E+02,4.3085871927641800E+00
2.04170E+02,3.2000066746211900E+01,1.1999999999999900E+02,4.3346746709195500E+00
2.04180E+02,3.2000067039004700E+01,1.1999999999999900E+02,4.3608431965184300E+00
2.04190E+02,3.2000067332366700E+01,1.1999999999999900E+02,4.3870927527225900E+00
2.04200E+02,3.2000067626297800E+01,1.1999999999999900E+02,4.4134233225744400E+00
2.04210E+02,3.2000067920798200E+01,1.1999999999999900E+02,4.4398348889990500E+00
2.04220E+02,3.2000068215867700E+01,1.1999999999999900E+02,4.4663274348060200E+00
2.04230E+02,3.2000068511506300E+01,1.1999999999999900E+02,4.4929009426914400E+00
2.04240E+02,3.2000068807714000E+01,1.1999999999999900E+02,4.5195553952397500E+00
2.04250E+02,3.2000069104490700E+01,1.1999999999999900E+02,4.5462907749255900E+00
2.04260E+02,3.2000069401836600E+01,1.1999999999999900E+02,4.5731070641157000E+00
2.04270E+02,3.2000069699751500E+01,1.1999999999999900E+02,4.6000042450707100E+00
2.04280E+02,3.2000069998235400E+01,1.1999999999999900E+02,4.6269822999469600E+00
2.04290E+02,3.2000070297288300E+01,1.1999999999999900E+02,4.6540412107982700E+00
2.04300E+02,3.2000070596910300E+01,1.1999999999999900E+02,4.6811809595777700E+00
2.04310E+02,3.2000070897101300E+01,1.1999999999999900E+02,4.7084015281395800E+00
2.04320E+02,3.2000071197861300E+01,1.1999999999999900E+02,4.7357028982405700E+00
2.04330E+02,3.2000071499190300E+01,1.1999999999999900E+02,4.7630850515421100E+00
2.04340E+02,3.2000071801088300E+01,1.1999999999999900E+02,4.7905479696117100E+00
2.04350E+02,3.2000072103555300E+01,1.1999999999999900E+02,4.8180916339247300E+00
2.04360E+02,3.2000072406591300E+01,1.1999999999999900E+02,4.8457160258660500E+00
2.04370E+02,3.2000072710196300E+01,1.1999999999999900E+02,4.8734211267316700E+00
2.04380E+02,3.2000073014370400E+01,1.1999999999999900E+02,4.9012069177303900E+00
2.04390E+02,3.2000073319113400E+01,1.1999999999999900E+02,4.9290733799853700E+00
2.04400E+02,3.2000073624425600E+01,1.1999999999999900E+02,4.9570204945357500E+00
2.04410E+02,3.2000073930306800E+01,1.1999999999999900E+02,4.9850482423382200E+00
2.04420E+02,3.2000074236757000E+01,1.1999999999999900E+02,5.0131566042685400E+00
2.04430E+02,3.2000074543776400E+01,1.1999999999999900E+02,5.0413455611231300E+00
2.04440E+02,3.2000074851364800E+01,1.1999999999999900E+02,5.0696150936205900E+00
2.04450E+02,3.2000075159522400E+01,1.1999999999999900E+02,5.0979651824031600E+00
2.04460E+02,3.2000075468249100E+01,1.1999999999999900E+02,5.1263958080382400E+00
2.04470E+02,3.2000075777545000E+01,1.1999999999999900E+02,5.1549069510198800E+00
2.04480E+02,3.2000076087410100E+01,1.1999999999999900E+02,5.1834985917702200E+00
2.04490E+02,3.2000076397844300E+01,1.1999999999999900E+02,5.2121707106409100E+00
2.04500E+02,3.2000076708847900E+01,1.1999999999999900E+02,5.2409232879146000E+00
2.04510E+02,3.2000077020420700E+01,1.1999999999999900E+02,5.2697563038062900E+00
2.04520E+02,3.2000077332562800E+01,1.1999999999999900E+02,5.2986697384647400E+00
2.04530E+02,3.2000077645274300E+01,1.1999999999999900E+02,5.3276635719738800E+00
2.04540E+02,3.2000077958555100E+01,1.1999999999999900E+02,5.3567377843541600E+00
2.04550E+02,3.2000078272405400E+01,1.1999999999999900E+02,5.3858923555638800E+00
2.04560E+02,3.2000078586825000E+01,1.1999999999999900E+02,5.4151272655005500E+00
2.04570E+02,3.2000078901814200E+01,1.1999999999999900E+02,5.4444424940022300E+00
2.04580E+02,3.2000079217372900E+01,1.1999999999999900E+02,5.4738380208488000E+00
2.04590E+02,3.2000079533501200E+01,1.1999999999999900E+02,5.5033138257632500E+00
2.04600E+02,3.2000079850199000E+01,1.1999999999999900E+02,5.5328698884130000E+00
2.04610E+02,3.2000080167466600E+01,1.1999999999999900E+02,5.5625061884111500E+00
2.04620E+02,3.2000080485303800E+01,1.1999999999999900E+02,5.5922227053177200E+00
2.04630E+02,3.2000080803710800E+01,1.1999999999999900E+02,5.6220194186408800E+00
2.04640E+02,3.2000081122687500E+01,1.1999999999999900E+02,5.6518963078382100E+00
2.04650E+02,3.2000081442234100E+01,1.1999999999999900E+02,5.6818533523178800E+00
2.04660E+02,3.2000081762350700E+01,1.1999999999999900E+02,5.7118905314398600E+00
2.04670E+02,3.2000082083037100E+01,1.1999999999999900E+02,5.7420078245171000E+00
2.04680E+02,3.2000082404293600E+01,1.1999999999999900E+02,5.7722052108167000E+00
2.04690E+02,3.2000082726120100E+01,1.1999999999999900E+02,5.8024826695611000E+00
2.04700E+02,3.2000083048516700E+01,1.1999999999999900E+02,5.8328401799291500E+00
2.04710E+02,3.2000083371483500E+01,1.1999999999999900E+02,5.8632777210573500E+00
2.04720E+02,3.2000083695020600E+01,1.1999999999999900E+02,5.8937952720408800E+00
2.04730E+02,3.2000084019127900E+01,1.1999999999999900E+02,5.9243928119347500E+00
2.04740E+02,3.2000084343805600E+01,1.1999999999999900E+02,5.9550703197548900E+00
2.04750E+02,3.2000084669053700E+01,1.1999999999999900E+02,5.9858277744792400E+00
2.04760E+02,3.2000084994872300E+01,1.1999999999999900E+02,6.0166651550488000E+00
2.04770E+02,3.2000085321261400E+01,1.1999999999999900E+02,6.0475824403687200E+00
2.04780E+02,3.2000085648221200E+01,1.1999999999999900E+02,6.0785796093093400E+00
2.04790E+02,3.2000085975751600E+01,1.1999999999999900E+02,6.1096566407072000E+00
2.04800E+02,3.2000086303852800E+01,1.1999999999999900E+02,6.1408135133661200E+00
2.04810E+02,3.2000086632524800E+01,1.1999999999999900E+02,6.1720502060581700E+00
2.04820E+02,3.2000086961767700E+01,1.1999999999999900E+02,6.2033666975246600E+00
2.04830E+02,3.2000087291581500E+01,1.1999999999999900E+02,6.2347629664771900E+00
2.04840E+02,3.2000087621966400E+01,1.1999999999999900E+02,6.2662389915985800E+00
2.04850E+02,3.2000087952922400E+01,1.1999999999999900E+02,6.2977947515438600E+00
2.04860E+02,3.2000088284449600E+01,1.1999999999999900E+02,6.3294302249412300E+00
2.04870E+02,3.2000088616548100E+01,1.1999999999999900E+02,6.3611453903930100E+00
2.04880E+02,3.2000088949217900E+01,1.1999999999999900E+02,6.3929402264765500E+00
2.04890E+02,3.2000089282459100E+01,1.1999999999999900E+02,6.4248147117451900E+00
2.04900E+02,3.2000089616271800E+01,1.1999999999999900E+02,6.4567688247291600E+00
2.04910E+02,3.2000089950656100E+01,1.1999999999999900E+02,6.4888025439365100E+00
2.04920E+02,3.2000090285612100E+01,1.1999999999999900E+02,6.5209158478539600E+00
2.04930E+02,3.2000090621139800E+01,1.1999999999999900E+02,6.5531087149478300E+00
2.04940E+02,3.2000090957239300E+01,1.1999999999999900E+02,6.5853811236648800E+00
2.04950E+02,3.2000091293910800E+01,1.1999999999999900E+02,6.6177330524332200E+00
2.04960E+02,3.2000091631154200E+01,1.1999999999999900E+02,6.6501644796631100E+00
2.04970E+02,3.2000091968969800E+01,1.1999999999999900E+02,6.6826753837478600E+00
2.04980E+02,3.2000092307357500E+01,1.1999999999999900E+02,6.7152657430646300E+00
2.04990E+02,3.2000092646317400E+01,1.1999999999999900E+02,6.7479355359752800E+00
2.05000E+02,3.2000092985849700E+01,1.1999999999999900E+02,6.7806847408271600E+00
2.05010E+02,3.2000093325954500E+01,1.1999999999999900E+02,6.8135133359539500E+00
2.05020E+02,3.2000093666631800E+01,1.1999999999999900E+02,6.8464212996764600E+00
2.05030E+02,3.2000094007881700E+01,1.1999999999999900E+02,6.8794086103033700E+00
2.05040E+02,3.2000094349704300E+01,1.1999999999999900E+02,6.9124752461320600E+00
2.05050E+02,3.2000094692099800E+01,1.1999999999999900E+02,6.9456211854493900E+00
2.05060E+02,3.2000095035068100E+01,1.1999999999999900E+02,6.9788464065324100E+00
2.05070E+02,3.2000095378609400E+01,1.1999999999999900E+02,7.0121508876491700E+00
2.05080E+02,3.2000095722723900E+01,1.1999999999999900E+02,7.0455346070594200E+00
2.05090E+02,3.2000096067411500E+01,1.1999999999999900E+02,7.0789975430153800E+00
2.05100E+02,3.2000096412672400E+01,1.1999999999999900E+02,7.1125396737624600E+00
2.05110E+02,3.2000096758506700E+01,1.1999999999999900E+02,7.1461609775399600E+00
2.05120E+02,3.2000097104914500E+01,1.1999999999999900E+02,7.1798614325818200E+00
2.05130E+02,3.2000097451895900E+01,1.1999999999999900E+02,7.2136410171172900E+00
2.05140E+02,3.2000097799451000E+01,1.1999999999999900E+02,7.2474997093716300E+00
2.05150E+02,3.2000098147579800E+01,1.1999999999999900E+02,7.2814374875668000E+00
2.05160E+02,3.2000098496282600E+01,1.1999999999999900E+02,7.3154543299221700E+00
2.05170E+02,3.2000098845559300E+01,1.1999999999999900E+02,7.3495502146551400E+00
2.05180E+02,3.2000099195410200E+01,1.1999999999999900E+02,7.3837251199818200E+00
2.05190E+02,3.2000099545835200E+01,1.1999999999999900E+02,7.4179790241177200E+00
2.05200E+02,3.2000099896834600E+01,1.1999999999999900E+02,7.4523119052783400E+00
2.05210E+02,3.2000100248408300E+01,1.1999999999999900E+02,7.4867237416798600E+00
2.05220E+02,3.2000100600556600E+01,1.1999999999999900E+02,7.5212145115397300E+00
2.05230E+02,3.2000100953279500E+01,1.1999999999999900E+02,7.5557841930773500E+00
2.05240E+02,3.2000101306577200E+01,1.1999999999999900E+02,7.5904327645146100E+00
2.05250E+02,3.2000101660449700E+01,1.1999999999999900E+02,7.6251602040765900E+00
2.05260E+02,3.2000102014897100E+01,1.1999999999999900E+02,7.6599664899920700E+00
2.05270E+02,3.2000102369919600E+01,1.1999999999999900E+02,7.6948516004942100E+00
2.05280E+02,3.2000102725517300E+01,1.1999999999999900E+02,7.7298155138210900E+00
2.05290E+02,3.2000103081690200E+01,1.1999999999999900E+02,7.7648582082162900E+00
2.05300E+02,3.2000103438438600E+01,1.1999999999999900E+02,7.7999796619294900E+00
2.05310E+02,3.2000103795762400E+01,1.1999999999999900E+02,7.8351798532170200E+00
2.05320E+02,3.2000104153661900E+01,1.1999999999999900E+02,7.8704587603424200E+00
2.05330E+02,3.2000104512137100E+01,1.1999999999999900E+02,7.9058163615770000E+00
2.05340E+02,3.2000104871188100E+01,1.1999999999999900E+02,7.9412526352004000E+00
2.05350E+02,3.2000105230815100E+01,1.1999999999999900E+02,7.9767675595010900E+00
2.05360E+02,3.2000105591018200E+01,1.1999999999999900E+02,8.0123611127769600E+00
2.05370E+02,3.2000105951797400E+01,1.1999999999999900E+02,8.0480332733357900E+00
2.05380E+02,3.2000106313153000E+01,1.1999999999999900E+02,8.0837840194958100E+00
2.05390E+02,3.2000106675085000E+01,1.1999999999999900E+02,8.1196133295862100E+00
2.05400E+02,3.2000107037593500E+01,1.1999999999999900E+02,8.1555211819476300E+00
2.05410E+02,3.2000107400678600E+01,1.1999999999999900E+02,8.1915075549326700E+00
2.05420E+02,3.2000107764340600E+01,1.1999999999999900E+02,8.2275724269064100E+00
2.05430E+02,3.2000108128579400E+01,1.1999999999999900E+02,8.2637157762468400E+00
2.05440E+02,3.2000108493395200E+01,1.1999999999999900E+02,8.2999375813454200E+00
2.05450E+02,3.2000108858788200E+01,1.1999999999999900E+02,8.3362378206075000E+00
2.05460E+02,3.2000109224758400E+01,1.1999999999999900E+02,8.3726164724528100E+00
2.05470E+02,3.2000109591306000E+01,1.1999999999999900E+02,8.4090735153159300E+00
2.05480E+02,3.2000109958431000E+01,1.1999999999999900E+02,8.4456089276467500E+00
2.05490E+02,3.2000110326133700E+01,1.1999999999999900E+02,8.4822226879109100E+00
2.05500E+02,3.2000110694414000E+01,1.1999999999999900E+02,8.5189147745902600E+00
2.05510E+02,3.2000111063272300E+01,1.1999999999999900E+02,8.5556851661833100E+00
2.05520E+02,3.2000111432708500E+01,1.1999999999999900E+02,8.5925338412056400E+00
2.05530E+02,3.2000111802722800E+01,1.1999999999999900E+02,8.6294607781903700E+00
2.05540E+02,3.2000112173315300E+01,1.1999999999999900E+02,8.6664659556885400E+00
2.05550E+02,3.2000112544486200E+01,1.1999999999999900E+02,8.7035493522695800E+00
2.05560E+02,3.2000112916235500E+01,1.1999999999999900E+02,8.7407109465216800E+00
2.05570E+02,3.2000113288563400E+01,1.1999999999999900E+02,8.7779507170522200E+00
2.05580E+02,3.2000113661470000E+01,1.1999999999999900E+02,8.8152686424882000E+00
2.05590E+02,3.2000114034955500E+01,1.1999999999999900E+02,8.8526647014765800E+00
2.05600E+02,3.2000114409019900E+01,1.1999999999999900E+02,8.8901388726847200E+00
2.05610E+02,3.2000114783663400E+01,1.1999999999999900E+02,8.9276911348007600E+00
2.05620E+02,3.2000115158886100E+01,1.1999999999999900E+02,8.9653214665339900E+00
2.05630E+02,3.2000115534688100E+01,1.1999999999999900E+02,9.0030298466152400E+00
2.05640E+02,3.2000115911069700E+01,1.1999999999999900E+02,9.0408162537972600E+00
2.05650E+02,3.2000116288030800E+01,1.1999999999999900E+02,9.0786806668550700E+00
2.05660E+02,3.2000116665571600E+01,1.1999999999999900E+02,9.1166230645863400E+00
2.05670E+02,3.2000117043692300E+01,1.1999999999999900E+02,9.1546434258117400E+00
2.05680E+02,3.2000117422392900E+01,1.1999999999999900E+02,9.1927417293753000E+00
2.05690E+02,3.2000117801673600E+01,1.1999999999999900E+02,9.2309179541447500E+00
2.05700E+02,3.2000118181534600E+01,1.1999999999999900E+02,9.2691720790118800E+00
2.05710E+02,3.2000118561975900E+01,1.1999999999999900E+02,9.3075040828928600E+00
2.05720E+02,3.2000118942997700E+01,1.1999999999999900E+02,9.3459139447286000E+00
2.05730E+02,3.2000119324600100E+01,1.1999999999999900E+02,9.3844016434850600E+00
2.05740E+02,3.2000119706783300E+01,1.1999999999999900E+02,9.4229671581535900E+00
2.05750E+02,3.2000120089547300E+01,1.1999999999999900E+02,9.4616104677512400E+00
2.05760E+02,3.2000120472892400E+01,1.1999999999999900E+02,9.5003315513210800E+00
2.05770E+02,3.2000120856818500E+01,1.1999999999999900E+02,9.5391303879325200E+00
2.05780E+02,3.2000121241326000E+01,1.1999999999999900E+02,9.5780069566816300E+00
2.05790E+02,3.2000121626414800E+01,1.1999999999999900E+02,9.6169612366914200E+00
2.05800E+02,3.2000122012085100E+01,1.1999999999999900E+02,9.6559932071121300E+00
2.05810E+02,3.2000122398337100E+01,1.1999999999999900E+02,9.6951028471215800E+00
2.05820E+02,3.2000122785170900E+01,1.1999999999999900E+02,9.7342901359254100E+00
2.05830E+02,3.2000123172586600E+01,1.1999999999999900E+02,9.7735550527573800E+00
2.05840E+02,3.2000123560584300E+01,1.1999999999999900E+02,9.8128975768796800E+00
2.05850E+02,3.2000123949164200E+01,1.1999999999999900E+02,9.8523176875831700E+00
2.05860E+02,3.2000124338326500E+01,1.1999999999999900E+02,9.8918153641876800E+00
2.05870E+02,3.2000124728071100E+01,1.1999999999999900E+02,9.9313905860422800E+00
2.05880E+02,3.2000125118398400E+01,1.1999999999999900E+02,9.9710433325255500E+00
2.05890E+02,3.2000125509308300E+01,1.1999999999999900E+02,1.0010773583045800E+01
2.05900E+02,3.2000125900801100E+01,1.1999999999999900E+02,1.0050581317041400E+01
2.05910E+02,3.2000126292876800E+01,1.1999999999999900E+02,1.0090466513981100E+01
2.05920E+02,3.2000126685535700E+01,1.1999999999999900E+02,1.0130429153364000E+01
2.05930E+02,3.2000127078777700E+01,1.1999999999999900E+02,1.0170469214720000E+01
2.05940E+02,3.2000127472603200E+01,1.1999999999999900E+02,1.0210586677610200E+01
2.05950E+02,3.2000127867012100E+01,1.1999999999999900E+02,1.0250781521626900E+01
2.05960E+02,3.2000128262004700E+01,1.1999999999999900E+02,1.0291053726393900E+01
2.05970E+02,3.2000128657581000E+01,1.1999999999999900E+02,1.0331403271566600E+01
2.05980E+02,3.2000129053741300E+01,1.1999999999999900E+02,1.0371830136832500E+01
2.05990E+02,3.2000129450485500E+01,1.1999999999999900E+02,1.0412334301911400E+01
2.06000E+02,3.2000129847814000E+01,1.1999999999999900E+02,1.0452915746555400E+01
2.06010E+02,3.2000130245726700E+01,1.1999999999999900E+02,1.0493574450549200E+01
2.06020E+02,3.2000130644223900E+01,1.1999999999999900E+02,1.0534310393710500E+01
2.06030E+02,3.2000131043305600E+01,1.1999999999999900E+02,1.0575123555890000E+01
2.06040E+02,3.2000131442972100E+01,1.1999999999999900E+02,1.0616013916971600E+01
2.06050E+02,3.2000131843223300E+01,1.1999999999999900E+02,1.0656981456872800E+01
2.06060E+02,3.2000132244059600E+01,1.1999999999999900E+02,1.0698026155544800E+01
2.06070E+02,3.2000132645480900E+01,1.1999999999999900E+02,1.0739147992972600E+01
2.06080E+02,3.2000133047487500E+01,1.1999999999999900E+02,1.0780346949175500E+01
2.06090E+02,3.2000133450079500E+01,1.1999999999999900E+02,1.0821623004206700E+01
2.06100E+02,3.2000133853256900E+01,1.1999999999999900E+02,1.0862976138154300E+01
2.06110E+02,3.2000134257020000E+01,1.1999999999999900E+02,1.0904406331140700E+01
2.06120E+02,3.2000134661368900E+01,1.1999999999999900E+02,1.0945913563323500E+01
2.06130E+02,3.2000135066303700E+01,1.1999999999999900E+02,1.0987497814895000E+01
2.06140E+02,3.2000135471824500E+01,1.1999999999999900E+02,1.1029159066082900E+01
2.06150E+02,3.2000135877931500E+01,1.1999999999999900E+02,1.1070897297150200E+01
2.06160E+02,3.2000136284624800E+01,1.1999999999999900E+02,1.1112712488395500E+01
2.06170E+02,3.2000136691904600E+01,1.1999999999999900E+02,1.1154604620153100E+01
2.06180E+02,3.2000137099771000E+01,1.1999999999999900E+02,1.1196573672793100E+01
2.06190E+02,3.2000137508224000E+01,1.1999999999999900E+02,1.1238619626721900E+01
2.06200E+02,3.2000137917263900E+01,1.1999999999999900E+02,1.1280742462381900E+01
2.06210E+02,3.2000138326890800E+01,1.1999999999999900E+02,1.1322942160251800E+01
2.06220E+02,3.2000138737104900E+01,1.1999999999999900E+02,1.1365218700847100E+01
2.06230E+02,3.2000139147906100E+01,1.1999999999999900E+02,1.1407572064719800E+01
2.06240E+02,3.2000139559294800E+01,1.1999999999999900E+02,1.1450002232458600E+01
2.06250E+02,3.2000139971271000E+01,1.1999999999999900E+02,1.1492509184689500E+01
2.06260E+02,3.2000140383834800E+01,1.1999999999999900E+02,1.1535092902075400E+01
2.06270E+02,3.2000140796986500E+01,1.1999999999999900E+02,1.1577753365316500E+01
2.06280E+02,3.2000141210726100E+01,1.1999999999999900E+02,1.1620490555150400E+01
2.06290E+02,3.2000141625053700E+01,1.1999999999999900E+02,1.1663304452352200E+01
2.06300E+02,3.2000142039969500E+01,1.1999999999999900E+02,1.1706195037734800E+01
2.06310E+02,3.2000142455473700E+01,1.1999999999999900E+02,1.1749162292148700E+01
2.06320E+02,3.2000142871566300E+01,1.1999999999999900E+02,1.1792206196482400E+01
2.06330E+02,3.2000143288247600E+01,1.1999999999999900E+02,1.1835326731662600E+01
2.06340E+02,3.2000143705517500E+01,1.1999999999999900E+02,1.1878523878654100E+01
2.06350E+02,3.2000144123376400E+01,1.1999999999999900E+02,1.1921797618459800E+01
2.06360E+02,3.2000144541824200E+01,1.1999999999999900E+02,1.1965147932121300E+01
2.06370E+02,3.2000144960861200E+01,1.1999999999999900E+02,1.2008574800718500E+01
2.06380E+02,3.2000145380487500E+01,1.1999999999999900E+02,1.2052078205370200E+01
2.06390E+02,3.2000145800703100E+01,1.1999999999999900E+02,1.2095658127233700E+01
2.06400E+02,3.2000146221508300E+01,1.1999999999999900E+02,1.2139314547505400E+01
2.06410E+02,3.2000146642903200E+01,1.1999999999999900E+02,1.2183047447420500E+01
2.06420E+02,3.2000147064887900E+01,1.1999999999999900E+02,1.2226856808253400E+01
2.06430E+02,3.2000147487462500E+01,1.1999999999999900E+02,1.2270742611317500E+01
2.06440E+02,3.2000147910627200E+01,1.1999999999999900E+02,1.2314704837965800E+01
2.06450E+02,3.2000148334382100E+01,1.1999999999999900E+02,1.2358743469590300E+01
2.06460E+02,3.2000148758727400E+01,1.1999999999999900E+02,1.2402858487622800E+01
2.06470E+02,3.2000149183663200E+01,1.1999999999999900E+02,1.2447049873534600E+01
2.06480E+02,3.2000149609189500E+01,1.1999999999999900E+02,1.2491317608836400E+01
2.06490E+02,3.2000150035306600E+01,1.1999999999999900E+02,1.2535661675079000E+01
2.06500E+02,3.2000150462014600E+01,1.1999999999999900E+02,1.2580082053852800E+01
2.06510E+02,3.2000150889313600E+01,1.1999999999999900E+02,1.2624578726788300E+01
2.06520E+02,3.2000151317203700E+01,1.1999999999999900E+02,1.2669151675555900E+01
2.06530E+02,3.2000151745685200E+01,1.1999999999999900E+02,1.2713800881866200E+01
2.06540E+02,3.2000152174758000E+01,1.1999999999999900E+02,1.2758526327469700E+01
2.06550E+02,3.2000152604422400E+01,1.1999999999999900E+02,1.2803327994157400E+01
2.06560E+02,3.2000153034678400E+01,1.1999999999999900E+02,1.2848205863760700E+01
2.06570E+02,3.2000153465526300E+01,1.1999999999999900E+02,1.2893159918151000E+01
2.06580E+02,3.2000153896966100E+01,1.1999999999999900E+02,1.2938190139240500E+01
2.06590E+02,3.2000154328998000E+01,1.1999999999999900E+02,1.2983296508981800E+01
2.06600E+02,3.2000154761622100E+01,1.1999999999999900E+02,1.3028479009368300E+01
2.06610E+02,3.2000155194838600E+01,1.1999999999999900E+02,1.3073737622433700E+01
2.06620E+02,3.2000155628647500E+01,1.1999999999999900E+02,1.3119072330252700E+01
2.06630E+02,3.2000156063049000E+01,1.1999999999999900E+02,1.3164483114940800E+01
2.06640E+02,3.2000156498043200E+01,1.1999999999999900E+02,1.3209969958654100E+01
2.06650E+02,3.2000156933630400E+01,1.1999999999999900E+02,1.3255532843590000E+01
2.06660E+02,3.2000157369810500E+01,1.1999999999999900E+02,1.3301171751986500E+01
2.06670E+02,3.2000157806583800E+01,1.1999999999999900E+02,1.3346886666122900E+01
2.06680E+02,3.2000158243950300E+01,1.1999999999999900E+02,1.3392677568319400E+01
2.06690E+02,3.2000158681910200E+01,1.1999999999999900E+02,1.3438544440937300E+01
2.06700E+02,3.2000159120463600E+01,1.1999999999999900E+02,1.3484487266379200E+01
2.06710E+02,3.2000159559610700E+01,1.1999999999999900E+02,1.3530506027088900E+01
2.06720E+02,3.2000159999351600E+01,1.1999999999999900E+02,1.3576600705551400E+01
2.06730E+02,3.2000160439686400E+01,1.1999999999999900E+02,1.3622771284293200E+01
2.06740E+02,3.2000160880615300E+01,1.1999999999999900E+02,1.3669017745881800E+01
2.06750E+02,3.2000161322138300E+01,1.1999999999999900E+02,1.3715340072926500E+01
2.06760E+02,3.2000161764255700E+01,1.1999999999999900E+02,1.3761738248077700E+01
2.06770E+02,3.2000162206967400E+01,1.1999999999999900E+02,1.3808212254027500E+01
2.06780E+02,3.2000162650273800E+01,1.1999999999999900E+02,1.3854762073509500E+01
2.06790E+02,3.2000163094174900E+01,1.1999999999999900E+02,1.3901387689298700E+01
2.06800E+02,3.2000163538670700E+01,1.1999999999999900E+02,1.3948089084211800E+01
2.06810E+02,3.2000163983761600E+01,1.1999999999999900E+02,1.3994866241107100E+01
2.06820E+02,3.2000164429447500E+01,1.1999999999999900E+02,1.4041719142884500E+01
2.06830E+02,3.2000164875728700E+01,1.1999999999999900E+02,1.4088647772485600E+01
2.06840E+02,3.2000165322605200E+01,1.1999999999999900E+02,1.4135652112893700E+01
2.06850E+02,3.2000165770077100E+01,1.1999999999999900E+02,1.4182732147133800E+01
2.06860E+02,3.2000166218144700E+01,1.1999999999999900E+02,1.4229887858272700E+01
2.06870E+02,3.2000166666808000E+01,1.1999999999999900E+02,1.4277119229418900E+01
2.06880E+02,3.2000167116067200E+01,1.1999999999999900E+02,1.4324426243722900E+01
2.06890E+02,3.2000167565922400E+01,1.1999999999999900E+02,1.4371808884376700E+01
2.06900E+02,3.2000168016373600E+01,1.1999999999999900E+02,1.4419267134614300E+01
2.06910E+02,3.2000168467421200E+01,1.1999999999999900E+02,1.4466800977711700E+01
2.06920E+02,3.2000168919065000E+01,1.1999999999999900E+02,1.4514410396986400E+01
2.06930E+02,3.2000169371305400E+01,1.1999999999999900E+02,1.4562095375798100E+01
2.06940E+02,3.2000169824142500E+01,1.1999999999999900E+02,1.4609855897548400E+01
2.06950E+02,3.2000170277576200E+01,1.1999999999999900E+02,1.4657691945680500E+01
2.06960E+02,3.2000170731606900E+01,1.1999999999999900E+02,1.4705603503679900E+01
2.06970E+02,3.2000171186234500E+01,1.1999999999999900E+02,1.4753590555073700E+01
2.06980E+02,3.2000171641459300E+01,1.1999999999999900E+02,1.4801653083431300E+01
2.06990E+02,3.2000172097281400E+01,1.1999999999999900E+02,1.4849791072363600E+01
2.07000E+02,3.2000172553700800E+01,1.1999999999999900E+02,1.4898004505523900E+01
2.07010E+02,3.2000173010717800E+01,1.1999999999999900E+02,1.4946293366607100E+01
2.07020E+02,3.2000173468332400E+01,1.1999999999999900E+02,1.4994657639350300E+01
2.07030E+02,3.2000173926544700E+01,1.1999999999999900E+02,1.5043097307532500E+01
2.07040E+02,3.2000174385355000E+01,1.1999999999999900E+02,1.5091612354974600E+01
2.07050E+02,3.2000174844763200E+01,1.1999999999999900E+02,1.5140202765539400E+01
2.07060E+02,3.2000175304769600E+01,1.1999999999999900E+02,1.5188868523131900E+01
2.07070E+02,3.2000175765374300E+01,1.1999999999999900E+02,1.5237609611698900E+01
2.07080E+02,3.2000176226577300E+01,1.1999999999999900E+02,1.5286426015229100E+01
2.07090E+02,3.2000176688378900E+01,1.1999999999999900E+02,1.5335317717753400E+01
2.07100E+02,3.2000177150779100E+01,1.1999999999999900E+02,1.5384284703344300E+01
2.07110E+02,3.2000177613778000E+01,1.1999999999999900E+02,1.5433326956116500E+01
2.07120E+02,3.2000178077375900E+01,1.1999999999999900E+02,1.5482444460226600E+01
2.07130E+02,3.2000178541572700E+01,1.1999999999999900E+02,1.5531637199873100E+01
2.07140E+02,3.2000179006368700E+01,1.1999999999999900E+02,1.5580905159296200E+01
2.07150E+02,3.2000179471763900E+01,1.1999999999999900E+02,1.5630248322778400E+01
2.07160E+02,3.2000179937758500E+01,1.1999999999999900E+02,1.5679666674643900E+01
2.07170E+02,3.2000180404352600E+01,1.1999999999999900E+02,1.5729160199258600E+01
2.07180E+02,3.2000180871546300E+01,1.1999999999999900E+02,1.5778728881030500E+01
2.07190E+02,3.2000181339339800E+01,1.1999999999999900E+02,1.5828372704409400E+01
2.07200E+02,3.2000181807733100E+01,1.1999999999999900E+02,1.5878091653887000E+01
2.07210E+02,3.2000182276726400E+01,1.1999999999999900E+02,1.5927885713996500E+01
2.07220E+02,3.2000182746319800E+01,1.1999999999999900E+02,1.5977754869313400E+01
2.07230E+02,3.2000183216513500E+01,1.1999999999999900E+02,1.6027699104454500E+01
2.07240E+02,3.2000183687307500E+01,1.1999999999999900E+02,1.6077718404078600E+01
2.07250E+02,3.2000184158701900E+01,1.1999999999999900E+02,1.6127812752886300E+01
2.07260E+02,3.2000184630697000E+01,1.1999999999999900E+02,1.6177982135619700E+01
2.07270E+02,3.2000185103292800E+01,1.1999999999999900E+02,1.6228226537062700E+01
2.07280E+02,3.2000185576489400E+01,1.1999999999999900E+02,1.6278545942041100E+01
2.07290E+02,3.2000186050286900E+01,1.1999999999999900E+02,1.6328940335421900E+01
2.07300E+02,3.2000186524685500E+01,1.1999999999999900E+02,1.6379409702114000E+01
2.07310E+02,3.2000186999685400E+01,1.1999999999999900E+02,1.6429954027067900E+01
2.07320E+02,3.2000187475286500E+01,1.1999999999999900E+02,1.6480573295275600E+01
2.07330E+02,3.2000187951489000E+01,1.1999999999999900E+02,1.6531267491770700E+01
2.07340E+02,3.2000188428293100E+01,1.1999999999999900E+02,1.6582036601628200E+01
2.07350E+02,3.2000188905698900E+01,1.1999999999999900E+02,1.6632880609964600E+01
2.07360E+02,3.2000189383706400E+01,1.1999999999999900E+02,1.6683799501938000E+01
2.07370E+02,3.2000189862315900E+01,1.1999999999999900E+02,1.6734793262747700E+01
2.07380E+02,3.2000190341527300E+01,1.1999999999999900E+02,1.6785861877634700E+01
2.07390E+02,3.2000190821340900E+01,1.1999999999999900E+02,1.6837005331880900E+01
2.07400E+02,3.2000191301756800E+01,1.1999999999999900E+02,1.6888223610810100E+01
2.07410E+02,3.2000191782775000E+01,1.1999999999999900E+02,1.6939516699786800E+01
2.07420E+02,3.2000192264395700E+01,1.1999999999999900E+02,1.6990884584217200E+01
2.07430E+02,3.2000192746619000E+01,1.1999999999999900E+02,1.7042327249548400E+01
2.07440E+02,3.2000193229445100E+01,1.1999999999999900E+02,1.7093844681269000E+01
2.07450E+02,3.2000193712874000E+01,1.1999999999999900E+02,1.7145436864908400E+01
2.07460E+02,3.2000194196905800E+01,1.1999999999999900E+02,1.7197103786037300E+01
2.07470E+02,3.2000194681540700E+01,1.1999999999999900E+02,1.7248845430267600E+01
2.07480E+02,3.2000195166778800E+01,1.1999999999999900E+02,1.7300661783251800E+01
2.07490E+02,3.2000195652620100E+01,1.1999999999999900E+02,1.7352552830683900E+01
2.07500E+02,3.2000196139064900E+01,1.1999999999999900E+02,1.7404518558298500E+01
2.07510E+02,3.2000196626113200E+01,1.1999999999999900E+02,1.7456558951871200E+01
2.07520E+02,3.2000197113765200E+01,1.1999999999999900E+02,1.7508673997218500E+01
2.07530E+02,3.2000197602020900E+01,1.1999999999999900E+02,1.7560863680197700E+01
2.07540E+02,3.2000198090880500E+01,1.1999999999999900E+02,1.7613127986706700E+01
2.07550E+02,3.2000198580344000E+01,1.1999999999999900E+02,1.7665466902684500E+01
2.07560E+02,3.2000199070411700E+01,1.1999999999999900E+02,1.7717880414110500E+01
2.07570E+02,3.2000199561083600E+01,1.1999999999999900E+02,1.7770368507004900E+01
2.07580E+02,3.2000200052359800E+01,1.1999999999999900E+02,1.7822931167428300E+01
2.07590E+02,3.2000200544240400E+01,1.1999999999999900E+02,1.7875568381482000E+01
2.07600E+02,3.2000201036725600E+01,1.1999999999999900E+02,1.7928280135307800E+01
2.07610E+02,3.2000201529815400E+01,1.1999999999999900E+02,1.7981066415088000E+01
2.07620E+02,3.2000202023510000E+01,1.1999999999999900E+02,1.8033927207045100E+01
2.07630E+02,3.2000202517809500E+01,1.1999999999999900E+02,1.8086862497442200E+01
2.07640E+02,3.2000203012713900E+01,1.1999999999999900E+02,1.8139872272582600E+01
2.07650E+02,3.2000203508223500E+01,1.1999999999999900E+02,1.8192956518809700E+01
2.07660E+02,3.2000204004338300E+01,1.1999999999999900E+02,1.8246115222507500E+01
2.07670E+02,3.2000204501058400E+01,1.1999999999999900E+02,1.8299348370099700E+01
2.07680E+02,3.2000204998384000E+01,1.1999999999999900E+02,1.8352655948050500E+01
2.07690E+02,3.2000205496315100E+01,1.1999999999999900E+02,1.8406037942863900E+01
2.07700E+02,3.2000205994851800E+01,1.1999999999999900E+02,1.8459494341083900E+01
2.07710E+02,3.2000206493994400E+01,1.1999999999999900E+02,1.8513025129294600E+01
2.07720E+02,3.2000206993742800E+01,1.1999999999999900E+02,1.8566630294119900E+01
2.07730E+02,3.2000207494097100E+01,1.1999999999999900E+02,1.8620309822223500E+01
2.07740E+02,3.2000207995057600E+01,1.1999999999999900E+02,1.8674063700309000E+01
2.07750E+02,3.2000208496624300E+01,1.1999999999999900E+02,1.8727891915119600E+01
2.07760E+02,3.2000208998797300E+01,1.1999999999999900E+02,1.8781794453438200E+01
2.07770E+02,3.2000209501576700E+01,1.1999999999999900E+02,1.8835771302087400E+01
2.07780E+02,3.2000210004962600E+01,1.1999999999999900E+02,1.8889822447929200E+01
2.07790E+02,3.2000210508955100E+01,1.1999999999999900E+02,1.8943947877865300E+01
2.07800E+02,3.2000211013554400E+01,1.1999999999999900E+02,1.8998147578836700E+01
2.07810E+02,3.2000211518760600E+01,1.1999999999999900E+02,1.9052421537823800E+01
2.07820E+02,3.2000212024573600E+01,1.1999999999999900E+02,1.9106769741846300E+01
2.07830E+02,3.2000212530993800E+01,1.1999999999999900E+02,1.9161192177963300E+01
2.07840E+02,3.2000213038021100E+01,1.1999999999999900E+02,1.9215688833272900E+01
2.07850E+02,3.2000213545655700E+01,1.1999999999999900E+02,1.9270259694912600E+01
2.07860E+02,3.2000214053897600E+01,1.1999999999999900E+02,1.9324904750058700E+01
2.07870E+02,3.2000214562747000E+01,1.1999999999999900E+02,1.9379623985926800E+01
2.07880E+02,3.2000215072204100E+01,1.1999999999999900E+02,1.9434417389771200E+01
2.07890E+02,3.2000215582268800E+01,1.1999999999999900E+02,1.9489284948885400E+01
2.07900E+02,3.2000216092941300E+01,1.1999999999999900E+02,1.9544226650601400E+01
2.07910E+02,3.2000216604221700E+01,1.1999999999999900E+02,1.9599242482290200E+01
2.07920E+02,3.2000217116110100E+01,1.1999999999999900E+02,1.9654332431361500E+01
2.07930E+02,3.2000217628606600E+01,1.1999999999999900E+02,1.9709496485263700E+01
2.07940E+02,3.2000218141711300E+01,1.1999999999999900E+02,1.9764734631483500E+01
2.07950E+02,3.2000218655424300E+01,1.1999999999999900E+02,1.9820046857546400E+01
2.07960E+02,3.2000219169745800E+01,1.1999999999999900E+02,1.9875433151016400E+01
2.07970E+02,3.2000219684675800E+01,1.1999999999999900E+02,1.9930893499495700E+01
2.07980E+02,3.2000220200214400E+01,1.1999999999999900E+02,1.9986427890624800E+01
2.07990E+02,3.2000220716361700E+01,1.1999999999999900E+02,2.0042036312082700E+01
2.08000E+02,3.2000221233117800E+01,1.1999999999999900E+02,2.0097718751586500E+01
2.08010E+02,3.2000221750482900E+01,1.1999999999999900E+02,2.0153475196891300E+01
2.08020E+02,3.2000222268457000E+01,1.1999999999999900E+02,2.0209305635790300E+01
2.08030E+02,3.2000222787040200E+01,1.1999999999999900E+02,2.0265210056114900E+01
2.08040E+02,3.2000223306232700E+01,1.1999999999999900E+02,2.0321188445734300E+01
2.08050E+02,3.2000223826034400E+01,1.1999999999999900E+02,2.0377240792555500E+01
2.08060E+02,3.2000224346445700E+01,1.1999999999999900E+02,2.0433367084523300E+01
2.08070E+02,3.2000224867466400E+01,1.1999999999999900E+02,2.0489567309620300E+01
2.08080E+02,3.2000225389096800E+01,1.1999999999999900E+02,2.0545841455866800E+01
2.08090E+02,3.2000225911336900E+01,1.1999999999999900E+02,2.0602189511320600E+01
2.08100E+02,3.2000226434186800E+01,1.1999999999999900E+02,2.0658611464077000E+01
2.08110E+02,3.2000226957646700E+01,1.1999999999999900E+02,2.0715107302268900E+01
2.08120E+02,3.2000227481716600E+01,1.1999999999999900E+02,2.0771677014066500E+01
2.08130E+02,3.2000228006396600E+01,1.1999999999999900E+02,2.0828320587677100E+01
2.08140E+02,3.2000228531686800E+01,1.1999999999999900E+02,2.0885038011345600E+01
2.08150E+02,3.2000229057587400E+01,1.1999999999999900E+02,2.0941829273353900E+01
2.08160E+02,3.2000229584098400E+01,1.1999999999999900E+02,2.0998694362021100E+01
2.08170E+02,3.2000230111219800E+01,1.1999999999999900E+02,2.1055633265703000E+01
2.08180E+02,3.2000230638952000E+01,1.1999999999999900E+02,2.1112645972792900E+01
2.08190E+02,3.2000231167294800E+01,1.1999999999999900E+02,2.1169732471720500E+01
2.08200E+02,3.2000231696248400E+01,1.1999999999999900E+02,2.1226892750952500E+01
2.08210E+02,3.2000232225812900E+01,1.1999999999999900E+02,2.1284126798992500E+01
2.08220E+02,3.2000232755988400E+01,1.1999999999999900E+02,2.1341434604380600E+01
2.08230E+02,3.2000233286775100E+01,1.1999999999999900E+02,2.1398816155693400E+01
2.08240E+02,3.2000233818172900E+01,1.1999999999999900E+02,2.1456271441544300E+01
2.08250E+02,3.2000234350182000E+01,1.1999999999999900E+02,2.1513800450583000E+01
2.08260E+02,3.2000234882802400E+01,1.1999999999999900E+02,2.1571403171495500E+01
2.08270E+02,3.2000235416034400E+01,1.1999999999999900E+02,2.1629079593004400E+01
2.08280E+02,3.2000235949877900E+01,1.1999999999999900E+02,2.1686829703868100E+01
2.08290E+02,3.2000236484333100E+01,1.1999999999999900E+02,2.1744653492881600E+01
2.08300E+02,3.2000237019400000E+01,1.1999999999999900E+02,2.1802550948875700E+01
2.08310E+02,3.2000237555078800E+01,1.1999999999999900E+02,2.1860522060717400E+01
2.08320E+02,3.2000238091369500E+01,1.1999999999999900E+02,2.1918566817309400E+01
2.08330E+02,3.2000238628272300E+01,1.1999999999999900E+02,2.1976685207590600E+01
2.08340E+02,3.2000239165787200E+01,1.1999999999999900E+02,2.2034877220535300E+01
2.08350E+02,3.2000239703914300E+01,1.1999999999999900E+02,2.2093142845153900E+01
2.08360E+02,3.2000240242653700E+01,1.1999999999999900E+02,2.2151482070492200E+01
2.08370E+02,3.2000240782005600E+01,1.1999999999999900E+02,2.2209894885631700E+01
2.08380E+02,3.2000241321969900E+01,1.1999999999999900E+02,2.2268381279689200E+01
2.08390E+02,3.2000241862546800E+01,1.1999999999999900E+02,2.2326941241817100E+01
2.08400E+02,3.2000242403736500E+01,1.1999999999999900E+02,2.2385574761203000E+01
2.08410E+02,3.2000242945538800E+01,1.1999999999999900E+02,2.2444281827070000E+01
2.08420E+02,3.2000243487954100E+01,1.1999999999999900E+02,2.2503062428676200E+01
2.08430E+02,3.2000244030982300E+01,1.1999999999999900E+02,2.2561916555314700E+01
2.08440E+02,3.2000244574623500E+01,1.1999999999999900E+02,2.2620844196313900E+01
2.08450E+02,3.2000245118877900E+01,1.1999999999999900E+02,2.2679845341037000E+01
2.08460E+02,3.2000245663745500E+01,1.1999999999999900E+02,2.2738919978882100E+01
2.08470E+02,3.2000246209226400E+01,1.1999999999999900E+02,2.2798068099282300E+01
2.08480E+02,3.2000246755320700E+01,1.1999999999999900E+02,2.2857289691705000E+01
2.08490E+02,3.2000247302028500E+01,1.1999999999999900E+02,2.2916584745652600E+01
2.08500E+02,3.2000247849349900E+01,1.1999999999999900E+02,2.2975953250662100E+01
2.08510E+02,3.2000248397285000E+01,1.1999999999999900E+02,2.3035395196304800E+01
2.08520E+02,3.2000248945833800E+01,1.1999999999999900E+02,2.3094910572186500E+01
2.08530E+02,3.2000249494996400E+01,1.1999999999999900E+02,2.3154499367947400E+01
2.08540E+02,3.2000250044773000E+01,1.1999999999999900E+02,2.3214161573261800E+01
2.08550E+02,3.2000250595163600E+01,1.1999999999999900E+02,2.3273897177838500E+01
2.08560E+02,3.2000251146168300E+01,1.1999999999999900E+02,2.3333706171420000E+01
2.08570E+02,3.2000251697787200E+01,1.1999999999999900E+02,2.3393588543783200E+01
2.08580E+02,3.2000252250020400E+01,1.1999999999999900E+02,2.3453544284738700E+01
2.08590E+02,3.2000252802868000E+01,1.1999999999999900E+02,2.3513573384131200E+01
2.08600E+02,3.2000253356330000E+01,1.1999999999999900E+02,2.3573675831839000E+01
2.08610E+02,3.2000253910406500E+01,1.1999999999999900E+02,2.3633851617774200E+01
2.08620E+02,3.2000254465097700E+01,1.1999999999999900E+02,2.3694100731882600E+01
2.08630E+02,3.2000255020403500E+01,1.1999999999999900E+02,2.3754423164143400E+01
2.08640E+02,3.2000255576324200E+01,1.1999999999999900E+02,2.3814818904569600E+01
2.08650E+02,3.2000256132859700E+01,1.1999999999999900E+02,2.3875287943207100E+01
2.08660E+02,3.2000256690010200E+01,1.1999999999999900E+02,2.3935830270135700E+01
2.08670E+02,3.2000257247775800E+01,1.1999999999999900E+02,2.3996445875468100E+01
2.08680E+02,3.2000257806156400E+01,1.1999999999999900E+02,2.4057134749350100E+01
2.08690E+02,3.2000258365152300E+01,1.1999999999999900E+02,2.4117896881960900E+01
2.08700E+02,3.2000258924763500E+01,1.1999999999999900E+02,2.4178732263512600E+01
2.08710E+02,3.2000259484990100E+01,1.1999999999999900E+02,2.4239640884250000E+01
2.08720E+02,3.2000260045832100E+01,1.1999999999999900E+02,2.4300622734451100E+01
2.08730E+02,3.2000260607289700E+01,1.1999999999999900E+02,2.4361677804426400E+01
2.08740E+02,3.2000261169362900E+01,1.1999999999999900E+02,2.4422806084519400E+01
2.08750E+02,3.2000261732051900E+01,1.1999999999999900E+02,2.4484007565105800E+01
2.08760E+02,3.2000262295356600E+01,1.1999999999999900E+02,2.4545282236594200E+01
2.08770E+02,3.2000262859277200E+01,1.1999999999999900E+02,2.4606630089425500E+01
2.08780E+02,3.2000263423813700E+01,1.1999999999999900E+02,2.4668051114073100E+01
2.08790E+02,3.2000263988966300E+01,1.1999999999999900E+02,2.4729545301042400E+01
2.08800E+02,3.2000264554735000E+01,1.1999999999999900E+02,2.4791112640871500E+01
2.08810E+02,3.2000265121119900E+01,1.1999999999999900E+02,2.4852753124130100E+01
2.08820E+02,3.2000265688121100E+01,1.1999999999999900E+02,2.4914466741420400E+01
2.08830E+02,3.2000266255738700E+01,1.1999999999999900E+02,2.4976253483376400E+01
2.08840E+02,3.2000266823972700E+01,1.1999999999999900E+02,2.5038113340664000E+01
2.08850E+02,3.2000267392823200E+01,1.1999999999999900E+02,2.5100046303981000E+01
2.08860E+02,3.2000267962290300E+01,1.1999999999999900E+02,2.5162052364056700E+01
2.08870E+02,3.2000268532374100E+01,1.1999999999999900E+02,2.5224131511652400E+01
2.08880E+02,3.2000269103074600E+01,1.1999999999999900E+02,2.5286283737560800E+01
2.08890E+02,3.2000269674392000E+01,1.1999999999999900E+02,2.5348509032606200E+01
2.08900E+02,3.2000270246326300E+01,1.1999999999999900E+02,2.5410807387644100E+01
2.08910E+02,3.2000270818877600E+01,1.1999999999999900E+02,2.5473178793561700E+01
2.08920E+02,3.2000271392045900E+01,1.1999999999999900E+02,2.5535623241277100E+01
2.08930E+02,3.2000271965831500E+01,1.1999999999999900E+02,2.5598140721739900E+01
2.08940E+02,3.2000272540234200E+01,1.1999999999999900E+02,2.5660731225930600E+01
2.08950E+02,3.2000273115254200E+01,1.1999999999999900E+02,2.5723394744860700E+01
2.08960E+02,3.2000273690891700E+01,1.1999999999999900E+02,2.5786131269572900E+01
2.08970E+02,3.2000274267146500E+01,1.1999999999999900E+02,2.5848940791140500E+01
2.08980E+02,3.2000274844018900E+01,1.1999999999999900E+02,2.5911823300667700E+01
2.08990E+02,3.2000275421509000E+01,1.1999999999999900E+02,2.5974778789289500E+01
2.09000E+02,3.2000275999616700E+01,1.1999999999999900E+02,2.6037807248171200E+01
2.09010E+02,3.2000276578342200E+01,1.1999999999999900E+02,2.6100908668509100E+01
2.09020E+02,3.2000277157685500E+01,1.1999999999999900E+02,2.6164083041529600E+01
2.09030E+02,3.2000277737646700E+01,1.1999999999999900E+02,2.6227330358489700E+01
2.09040E+02,3.2000278318225900E+01,1.1999999999999900E+02,2.6290650610676700E+01
2.09050E+02,3.2000278899423200E+01,1.1999999999999900E+02,2.6354043789407800E+01
2.09060E+02,3.2000279481238600E+01,1.1999999999999900E+02,2.6417509886030900E+01
2.09070E+02,3.2000280063672200E+01,1.1999999999999900E+02,2.6481048891923600E+01
2.09080E+02,3.2000280646724100E+01,1.1999999999999900E+02,2.6544660798493600E+01
2.09090E+02,3.2000281230394400E+01,1.1999999999999900E+02,2.6608345597178300E+01
2.09100E+02,3.2000281814683100E+01,1.1999999999999900E+02,2.6672103279445400E+01
2.09110E+02,3.2000282399590300E+01,1.1999999999999900E+02,2.6735933836791900E+01
2.09120E+02,3.2000282985116100E+01,1.1999999999999900E+02,2.6799837260744600E+01
2.09130E+02,3.2000283571260500E+01,1.1999999999999900E+02,2.6863813542860100E+01
2.09140E+02,3.2000284158023700E+01,1.1999999999999900E+02,2.6927862674724200E+01
2.09150E+02,3.2000284745405600E+01,1.1999999999999900E+02,2.6991984647952300E+01
2.09160E+02,3.2000285333406500E+01,1.1999999999999900E+02,2.7056179454189200E+01
2.09170E+02,3.2000285922026300E+01,1.1999999999999900E+02,2.7120447085108900E+01
2.09180E+02,3.2000286511265000E+01,1.1999999999999900E+02,2.7184787532414600E+01
2.09190E+02,3.2000287101122900E+01,1.1999999999999900E+02,2.7249200787838600E+01
2.09200E+02,3.2000287691599900E+01,1.1999999999999900E+02,2.7313686843142200E+01
2.09210E+02,3.2000288282696200E+01,1.1999999999999900E+02,2.7378245690115900E+01
2.09220E+02,3.2000288874411800E+01,1.1999999999999900E+02,2.7442877320578700E+01
2.09230E+02,3.2000289466746700E+01,1.1999999999999900E+02,2.7507581726378700E+01
2.09240E+02,3.2000290059701100E+01,1.1999999999999900E+02,2.7572358899392600E+01
2.09250E+02,3.2000290653274900E+01,1.1999999999999900E+02,2.7637208831525700E+01
2.09260E+02,3.2000291247468400E+01,1.1999999999999900E+02,2.7702131514712100E+01
2.09270E+02,3.2000291842281500E+01,1.1999999999999900E+02,2.7767126940914000E+01
2.09280E+02,3.2000292437714300E+01,1.1999999999999900E+02,2.7832195102122300E+01
2.09290E+02,3.2000293033766900E+01,1.1999999999999900E+02,2.7897335990356200E+01
2.09300E+02,3.2000293630439400E+01,1.1999999999999900E+02,2.7962549597663100E+01
2.09310E+02,3.2000294227731800E+01,1.1999999999999900E+02,2.8027835916118400E+01
2.09320E+02,3.2000294825644100E+01,1.1999999999999900E+02,2.8093194937825800E+01
2.09330E+02,3.2000295424176600E+01,1.1999999999999900E+02,2.8158626654917100E+01
2.09340E+02,3.2000296023329200E+01,1.1999999999999900E+02,2.8224131059551700E+01
2.09350E+02,3.2000296623101900E+01,1.1999999999999900E+02,2.8289708143917200E+01
2.09360E+02,3.2000297223495000E+01,1.1999999999999900E+02,2.8355357900228800E+01
2.09370E+02,3.2000297824508400E+01,1.1999999999999900E+02,2.8421080320729400E+01
2.09380E+02,3.2000298426142100E+01,1.1999999999999900E+02,2.8486875397689600E+01
2.09390E+02,3.2000299028396400E+01,1.1999999999999900E+02,2.8552743123407400E+01
2.09400E+02,3.2000299631271100E+01,1.1999999999999900E+02,2.8618683490208400E+01
2.09410E+02,3.2000300234766500E+01,1.1999999999999900E+02,2.8684696490445500E+01
2.09420E+02,3.2000300838882500E+01,1.1999999999999900E+02,2.8750782116499100E+01
2.09430E+02,3.2000301443619300E+01,1.1999999999999900E+02,2.8816940360776500E+01
2.09440E+02,3.2000302048976900E+01,1.1999999999999900E+02,2.8883171215712500E+01
2.09450E+02,3.2000302654955300E+01,1.1999999999999900E+02,2.8949474673768700E+01
2.09460E+02,3.2000303261554600E+01,1.1999999999999900E+02,2.9015850727433800E+01
2.09470E+02,3.2000303868775000E+01,1.1999999999999900E+02,2.9082299369223600E+01
2.09480E+02,3.2000304476616400E+01,1.1999999999999900E+02,2.9148820591680400E+01
2.09490E+02,3.2000305085078900E+01,1.1999999999999900E+02,2.9215414387373500E+01
2.09500E+02,3.2000305694162700E+01,1.1999999999999900E+02,2.9282080748898800E+01
2.09510E+02,3.2000306303867600E+01,1.1999999999999900E+02,2.9348819668879000E+01
2.09520E+02,3.2000306914193900E+01,1.1999999999999900E+02,2.9415631139963000E+01
2.09530E+02,3.2000307525141600E+01,1.1999999999999900E+02,2.9482515154826300E+01
2.09540E+02,3.2000308136710700E+01,1.1999999999999900E+02,2.9549471706171000E+01
2.09550E+02,3.2000308748901300E+01,1.1999999999999900E+02,2.9616500786725300E+01
2.09560E+02,3.2000309361713500E+01,1.1999999999999900E+02,2.9683602389243500E+01
2.09570E+02,3.2000309975147300E+01,1.1999999999999900E+02,2.9750776506506300E+01
2.09580E+02,3.2000310589202800E+01,1.1999999999999900E+02,2.9818023131320400E+01
2.09590E+02,3.2000311203880100E+01,1.1999999999999900E+02,2.9885342256518400E+01
2.09600E+02,3.2000311819179200E+01,1.1999999999999900E+02,2.9952733874959000E+01
2.09610E+02,3.2000312435100200E+01,1.1999999999999900E+02,3.0020197979526500E+01
2.09620E+02,3.2000313051643100E+01,1.1999999999999900E+02,3.0087734563131300E+01
2.09630E+02,3.2000313668808000E+01,1.1999999999999900E+02,3.0155343618709100E+01
2.09640E+02,3.2000314286595000E+01,1.1999999999999900E+02,3.0223025139221500E+01
2.09650E+02,3.2000314905004200E+01,1.1999999999999900E+02,3.0290779117655600E+01
2.09660E+02,3.2000315524035500E+01,1.1999999999999900E+02,3.0358605547024000E+01
2.09670E+02,3.2000316143689000E+01,1.1999999999999900E+02,3.0426504420364400E+01
2.09680E+02,3.2000316763964900E+01,1.1999999999999900E+02,3.0494475730740200E+01
2.09690E+02,3.2000317384863200E+01,1.1999999999999900E+02,3.0562519471239900E+01
2.09700E+02,3.2000318006383800E+01,1.1999999999999900E+02,3.0630635634977000E+01
2.09710E+02,3.2000318628527000E+01,1.1999999999999900E+02,3.0698824215090400E+01
2.09720E+02,3.2000319251292700E+01,1.1999999999999900E+02,3.0767085204743600E+01
2.09730E+02,3.2000319874681100E+01,1.1999999999999900E+02,3.0835418597125600E+01
2.09740E+02,3.2000320498692100E+01,1.1999999999999900E+02,3.0903824385449700E+01
2.09750E+02,3.2000321123325800E+01,1.1999999999999900E+02,3.0972302562954300E+01
2.09760E+02,3.2000321748582300E+01,1.1999999999999900E+02,3.1040853122902400E+01
2.09770E+02,3.2000322374461700E+01,1.1999999999999900E+02,3.1109476058581800E+01
2.09780E+02,3.2000323000964000E+01,1.1999999999999900E+02,3.1178171363304800E+01
2.09790E+02,3.2000323628089200E+01,1.1999999999999900E+02,3.1246939030407900E+01
2.09800E+02,3.2000324255837400E+01,1.1999999999999900E+02,3.1315779053252500E+01
2.09810E+02,3.2000324884208800E+01,1.1999999999999900E+02,3.1384691425224000E+01
2.09820E+02,3.2000325513203300E+01,1.1999999999999900E+02,3.1453676139732200E+01
2.09830E+02,3.2000326142820900E+01,1.1999999999999900E+02,3.1522733190211100E+01
2.09840E+02,3.2000326773061900E+01,1.1999999999999900E+02,3.1591862570118800E+01
2.09850E+02,3.2000327403926100E+01,1.1999999999999900E+02,3.1661064272937300E+01
2.09860E+02,3.2000328035413700E+01,1.1999999999999900E+02,3.1730338292172900E+01
2.09870E+02,3.2000328667524700E+01,1.1999999999999900E+02,3.1799684621355500E+01
2.09880E+02,3.2000329300259200E+01,1.1999999999999900E+02,3.1869103254039100E+01
2.09890E+02,3.2000329933617300E+01,1.1999999999999900E+02,3.1938594183801100E+01
2.09900E+02,3.2000330567598900E+01,1.1999999999999900E+02,3.2008157404242900E+01
2.09910E+02,3.2000331202204200E+01,1.1999999999999900E+02,3.2077792908989300E+01
2.09920E+02,3.2000331837433200E+01,1.1999999999999900E+02,3.2147500691688800E+01
2.09930E+02,3.2000332473285900E+01,1.1999999999999900E+02,3.2217280746013400E+01
2.09940E+02,3.2000333109762500E+01,1.1999999999999900E+02,3.2287133065658200E+01
2.09950E+02,3.2000333746862900E+01,1.1999999999999900E+02,3.2357057644341800E+01
2.09960E+02,3.2000334384587200E+01,1.1999999999999900E+02,3.2427054475806200E+01
2.09970E+02,3.2000335022935600E+01,1.1999999999999900E+02,3.2497123553816300E+01
2.09980E+02,3.2000335661907900E+01,1.1999999999999900E+02,3.2567264872160300E+01
2.09990E+02,3.2000336301504400E+01,1.1999999999999900E+02,3.2637478424649300E+01
2.10000E+02,3.2000336941725000E+01,1.1999999999999900E+02,3.2707764205117400E+01
2.10010E+02,3.2000337582569700E+01,1.1999999999999900E+02,3.2778122207421600E+01
2.10020E+02,3.2000338223398000E+01,1.1999999999999900E+02,3.2848482065583600E+01
2.10030E+02,3.2000338864209700E+01,1.1999999999999900E+02,3.2918843769813800E+01
2.10040E+02,3.2000339505005000E+01,1.1999999999999900E+02,3.2989207310374500E+01
2.10050E+02,3.2000340145784000E+01,1.1999999999999900E+02,3.3059572677579700E+01
2.10060E+02,3.2000340786546800E+01,1.1999999999999900E+02,3.3129939861794500E+01
2.10070E+02,3.2000341427293400E+01,1.1999999999999900E+02,3.3200308853435200E+01
2.10080E+02,3.2000342068023900E+01,1.1999999999999900E+02,3.3270679642969100E+01
2.10090E+02,3.2000342708738500E+01,1.1999999999999900E+02,3.3341052220913600E+01
2.10100E+02,3.2000343349437100E+01,1.1999999999999900E+02,3.3411426577836700E+01
2.10110E+02,3.2000343990120000E+01,1.1999999999999900E+02,3.3481802704356100E+01
2.10120E+02,3.2000344630787100E+01,1.1999999999999900E+02,3.3552180591139300E+01
2.10130E+02,3.2000345271438600E+01,1.1999999999999900E+02,3.3622560228903400E+01
2.10140E+02,3.2000345912074400E+01,1.1999999999999900E+02,3.3692941608414500E+01
2.10150E+02,3.2000346552694900E+01,1.1999999999999900E+02,3.3763324720487600E+01
2.10160E+02,3.2000347193299900E+01,1.1999999999999900E+02,3.3833709555986500E+01
2.10170E+02,3.2000347833889500E+01,1.1999999999999900E+02,3.3904096105823200E+01
2.10180E+02,3.2000348474464000E+01,1.1999999999999900E+02,3.3974484360958100E+01
2.10190E+02,3.2000349115023200E+01,1.1999999999999900E+02,3.4044874312399200E+01
2.10200E+02,3.2000349755567400E+01,1.1999999999999900E+02,3.4115265951202300E+01
2.10210E+02,3.2000350396096600E+01,1.1999999999999900E+02,3.4185659268470400E+01
2.10220E+02,3.2000351036610800E+01,1.1999999999999900E+02,3.4256054255353900E+01
2.10230E+02,3.2000351677110200E+01,1.1999999999999900E+02,3.4326450903049800E+01
2.10240E+02,3.2000352317594800E+01,1.1999999999999900E+02,3.4396849202801700E+01
2.10250E+02,3.2000352958064700E+01,1.1999999999999900E+02,3.4467249145899800E+01
2.10260E+02,3.2000353598520000E+01,1.1999999999999900E+02,3.4537650723680200E+01
2.10270E+02,3.2000354238960700E+01,1.1999999999999900E+02,3.4608053927525000E+01
2.10280E+02,3.2000354879387000E+01,1.1999999999999900E+02,3.4678458748861800E+01
2.10290E+02,3.2000355519798900E+01,1.1999999999999900E+02,3.4748865179163800E+01
2.10300E+02,3.2000356160196500E+01,1.1999999999999900E+02,3.4819273209949000E+01
2.10310E+02,3.2000356800579800E+01,1.1999999999999900E+02,3.4889682832780600E+01
2.10320E+02,3.2000357440949000E+01,1.1999999999999900E+02,3.4960094039266400E+01
2.10330E+02,3.2000358081304000E+01,1.1999999999999900E+02,3.5030506821058400E+01
2.10340E+02,3.2000358721645100E+01,1.1999999999999900E+02,3.5100921169853100E+01
2.10350E+02,3.2000359361972200E+01,1.1999999999999900E+02,3.5171337077390800E+01
2.10360E+02,3.2000360002285400E+01,1.1999999999999900E+02,3.5241754535455400E+01
2.10370E+02,3.2000360642584800E+01,1.1999999999999900E+02,3.5312173535874500E+01
2.10380E+02,3.2000361282870500E+01,1.1999999999999900E+02,3.5382594070518800E+01
2.10390E+02,3.2000361923142500E+01,1.1999999999999900E+02,3.5453016131302100E+01
2.10400E+02,3.2000362563401000E+01,1.1999999999999900E+02,3.5523439710180900E+01
2.10410E+02,3.2000363203645900E+01,1.1999999999999900E+02,3.5593864799154300E+01
2.10420E+02,3.2000363843877400E+01,1.1999999999999900E+02,3.5664291390263700E+01
2.10430E+02,3.2000364484095500E+01,1.1999999999999900E+02,3.5734719475592800E+01
2.10440E+02,3.2000365124300300E+01,1.1999999999999900E+02,3.5805149047266900E+01
2.10450E+02,3.2000365764491900E+01,1.1999999999999900E+02,3.5875580097453200E+01
2.10460E+02,3.2000366404670300E+01,1.1999999999999900E+02,3.5946012618360100E+01
2.10470E+02,3.2000367044835600E+01,1.1999999999999900E+02,3.6016446602237400E+01
2.10480E+02,3.2000367684987900E+01,1.1999999999999900E+02,3.6086882041375900E+01
2.10490E+02,3.2000368325127200E+01,1.1999999999999900E+02,3.6157318928107000E+01
2.10500E+02,3.2000368965253600E+01,1.1999999999999900E+02,3.6227757254802900E+01
2.10510E+02,3.2000369605367200E+01,1.1999999999999900E+02,3.6298197013875900E+01
2.10520E+02,3.2000370245468000E+01,1.1999999999999900E+02,3.6368638197778700E+01
2.10530E+02,3.2000370885556200E+01,1.1999999999999900E+02,3.6439080799003600E+01
2.10540E+02,3.2000371525631700E+01,1.1999999999999900E+02,3.6509524810083000E+01
2.10550E+02,3.2000372165694600E+01,1.1999999999999900E+02,3.6579970223588300E+01
2.10560E+02,3.2000372805745100E+01,1.1999999999999900E+02,3.6650417032130700E+01
2.10570E+02,3.2000373445783100E+01,1.1999999999999900E+02,3.6720865228360100E+01
2.10580E+02,3.2000374085808800E+01,1.1999999999999900E+02,3.6791314804965400E+01
2.10590E+02,3.2000374725822200E+01,1.1999999999999900E+02,3.6861765754674100E+01
2.10600E+02,3.2000375365823300E+01,1.1999999999999900E+02,3.6932218070252200E+01
2.10610E+02,3.2000376005812300E+01,1.1999999999999900E+02,3.7002671744504100E+01
2.10620E+02,3.2000376645789200E+01,1.1999999999999900E+02,3.7073126770271900E+01
2.10630E+02,3.2000377285754000E+01,1.1999999999999900E+02,3.7143583140435800E+01
2.10640E+02,3.2000377925706800E+01,1.1999999999999900E+02,3.7214040847913600E+01
2.10650E+02,3.2000378565647700E+01,1.1999999999999900E+02,3.7284499885660400E+01
2.10660E+02,3.2000379205576800E+01,1.1999999999999900E+02,3.7354960246668700E+01
2.10670E+02,3.2000379845494000E+01,1.1999999999999900E+02,3.7425421923968100E+01
2.10680E+02,3.2000380485399600E+01,1.1999999999999900E+02,3.7495884910624700E+01
2.10690E+02,3.2000381125293400E+01,1.1999999999999900E+02,3.7566349199741700E+01
2.10700E+02,3.2000381765175700E+01,1.1999999999999900E+02,3.7636814784458400E+01
2.10710E+02,3.2000382405046400E+01,1.1999999999999900E+02,3.7707281657950600E+01
2.10720E+02,3.2000383044905600E+01,1.1999999999999900E+02,3.7777749813429900E+01
2.10730E+02,3.2000383684753400E+01,1.1999999999999900E+02,3.7848219244144100E+01
2.10740E+02,3.2000384324589800E+01,1.1999999999999900E+02,3.7918689943376400E+01
2.10750E+02,3.2000384964414900E+01,1.1999999999999900E+02,3.7989161904445700E+01
2.10760E+02,3.2000385604228700E+01,1.1999999999999900E+02,3.8059635120706000E+01
2.10770E+02,3.2000386244031400E+01,1.1999999999999900E+02,3.8130109585546700E+01
2.10780E+02,3.2000386883822900E+01,1.1999999999999900E+02,3.8200585292391800E+01
2.10790E+02,3.2000387523603400E+01,1.1999999999999900E+02,3.8271062234700300E+01
2.10800E+02,3.2000388163372800E+01,1.1999999999999900E+02,3.8341540405965600E+01
2.10810E+02,3.2000388803131300E+01,1.1999999999999900E+02,3.8412019799715700E+01
2.10820E+02,3.2000389442878900E+01,1.1999999999999900E+02,3.8482500409512500E+01
2.10830E+02,3.2000390082615600E+01,1.1999999999999900E+02,3.8552982228952000E+01
2.10840E+02,3.2000390722341500E+01,1.1999999999999900E+02,3.8623465251664300E+01
2.10850E+02,3.2000391362056700E+01,1.1999999999999900E+02,3.8693949471312700E+01
2.10860E+02,3.2000392001761300E+01,1.1999999999999900E+02,3.8764434881594400E+01
2.10870E+02,3.2000392641455200E+01,1.1999999999999900E+02,3.8834921476239500E+01
2.10880E+02,3.2000393281138500E+01,1.1999999999999900E+02,3.8905409249011600E+01
2.10890E+02,3.2000393920811300E+01,1.1999999999999900E+02,3.8975898193707000E+01
2.10900E+02,3.2000394560473700E+01,1.1999999999999900E+02,3.9046388304154800E+01
2.10910E+02,3.2000395200125700E+01,1.1999999999999900E+02,3.9116879574216800E+01
2.10920E+02,3.2000395839767300E+01,1.1999999999999900E+02,3.9187371997787000E+01
2.10930E+02,3.2000396479398700E+01,1.1999999999999900E+02,3.9257865568791900E+01
2.10940E+02,3.2000397119019800E+01,1.1999999999999900E+02,3.9328360281189900E+01
2.10950E+02,3.2000397758630700E+01,1.1999999999999900E+02,3.9398856128971400E+01
2.10960E+02,3.2000398398231500E+01,1.1999999999999900E+02,3.9469353106158500E+01
2.10970E+02,3.2000399037822200E+01,1.1999999999999900E+02,3.9539851206804800E+01
2.10980E+02,3.2000399677402900E+01,1.1999999999999900E+02,3.9610350424995500E+01
2.10990E+02,3.2000400316973600E+01,1.1999999999999900E+02,3.9680850754846800E+01
2.11000E+02,3.2000400956534400E+01,1.1999999999999900E+02,3.9751352190506100E+01
2.11010E+02,3.2000401596085300E+01,1.1999999999999900E+02,3.9821854726151600E+01
2.11020E+02,3.2000402235626400E+01,1.1999999999999900E+02,3.9892358355992500E+01
2.11030E+02,3.2000402875157800E+01,1.1999999999999900E+02,3.9962863074268200E+01
2.11040E+02,3.2000403514679400E+01,1.1999999999999900E+02,4.0033368875248700E+01
2.11050E+02,3.2000404154191400E+01,1.1999999999999900E+02,4.0103875753234400E+01
2.11060E+02,3.2000404793693700E+01,1.1999999999999900E+02,4.0174383702555500E+01
2.11070E+02,3.2000405433186500E+01,1.1999999999999900E+02,4.0244892717572200E+01
2.11080E+02,3.2000406072669800E+01,1.1999999999999900E+02,4.0315402792674800E+01
2.11090E+02,3.2000406712143600E+01,1.1999999999999900E+02,4.0385913922282700E+01
2.11100E+02,3.2000407351608000E+01,1.1999999999999900E+02,4.0456426100845100E+01
2.11110E+02,3.2000407991063000E+01,1.1999999999999900E+02,4.0526939322840400E+01
2.11120E+02,3.2000408630508700E+01,1.1999999999999900E+02,4.0597453582776200E+01
2.11130E+02,3.2000409269945200E+01,1.1999999999999900E+02,4.0667968875189000E+01
2.11140E+02,3.2000409909372400E+01,1.1999999999999900E+02,4.0738485194644100E+01
2.11150E+02,3.2000410548790500E+01,1.1999999999999900E+02,4.0809002535735800E+01
2.11160E+02,3.2000411188199400E+01,1.1999999999999900E+02,4.0879520893086400E+01
2.11170E+02,3.2000411827599300E+01,1.1999999999999900E+02,4.0950040261347100E+01
2.11180E+02,3.2000412466990100E+01,1.1999999999999900E+02,4.1020560635196900E+01
2.11190E+02,3.2000413106372000E+01,1.1999999999999900E+02,4.1091082009343300E+01
2.11200E+02,3.2000413745744900E+01,1.1999999999999900E+02,4.1161604378521400E+01
2.11210E+02,3.2000414385108900E+01,1.1999999999999900E+02,4.1232127737494100E+01
2.11220E+02,3.2000415024464100E+01,1.1999999999999900E+02,4.1302652081052200E+01
2.11230E+02,3.2000415663810600E+01,1.1999999999999900E+02,4.1373177404013800E+01
2.11240E+02,3.2000416303148200E+01,1.1999999999999900E+02,4.1443703701224200E+01
2.11250E+02,3.2000416942477200E+01,1.1999999999999900E+02,4.1514230967556200E+01
2.11260E+02,3.2000417581797500E+01,1.1999999999999900E+02,4.1584759197909400E+01
2.11270E+02,3.2000418221109200E+01,1.1999999999999900E+02,4.1655288387210600E+01
2.11280E+02,3.2000418860412300E+01,1.1999999999999900E+02,4.1725818530413000E+01
2.11290E+02,3.2000419499706900E+01,1.1999999999999900E+02,4.1796349622496600E+01
2.11300E+02,3.2000420138993000E+01,1.1999999999999900E+02,4.1866881658468100E+01
2.11310E+02,3.2000420778270700E+01,1.1999999999999900E+02,4.1937414633360200E+01
2.11320E+02,3.2000421417540000E+01,1.1999999999999900E+02,4.2007948542231900E+01
2.11330E+02,3.2000422056801000E+01,1.1999999999999900E+02,4.2078483380168400E+01
2.11340E+02,3.2000422696053700E+01,1.1999999999999900E+02,4.2149019142280700E+01
2.11350E+02,3.2000423335298100E+01,1.1999999999999900E+02,4.2219555823705600E+01
2.11360E+02,3.2000423974534200E+01,1.1999999999999900E+02,4.2290093419605600E+01
2.11370E+02,3.2000424613762300E+01,1.1999999999999900E+02,4.2360631925168700E+01
2.11380E+02,3.2000425252982200E+01,1.1999999999999900E+02,4.2431171335608200E+01
2.11390E+02,3.2000425892194000E+01,1.1999999999999900E+02,4.2501711646162900E+01
2.11400E+02,3.2000426531397700E+01,1.1999999999999900E+02,4.2572252852096300E+01
2.11410E+02,3.2000427170593500E+01,1.1999999999999900E+02,4.2642794948697400E+01
2.11420E+02,3.2000427809781300E+01,1.1999999999999900E+02,4.2713337931279400E+01
2.11430E+02,3.2000428448961200E+01,1.1999999999999900E+02,4.2783881795180900E+01
2.11440E+02,3.2000429088133200E+01,1.1999999999999900E+02,4.2854426535764600E+01
2.11450E+02,3.2000429727297400E+01,1.1999999999999900E+02,4.2924972148417900E+01
2.11460E+02,3.2000430366453800E+01,1.1999999999999900E+02,4.2995518628552400E+01
2.11470E+02,3.2000431005602400E+01,1.1999999999999900E+02,4.3066065971603900E+01
2.11480E+02,3.2000431644743300E+01,1.1999999999999900E+02,4.3136614173032400E+01
2.11490E+02,3.2000432283876600E+01,1.1999999999999900E+02,4.3207163228321700E+01
2.11500E+02,3.2000432923002200E+01,1.1999999999999900E+02,4.3277713132979400E+01
2.11510E+02,3.2000433562120200E+01,1.1999999999999900E+02,4.3348263882537000E+01
2.11520E+02,3.2000434201230700E+01,1.1999999999999900E+02,4.3418815472549300E+01
2.11530E+02,3.2000434840333600E+01,1.1999999999999900E+02,4.3489367898594700E+01
2.11540E+02,3.2000435479429100E+01,1.1999999999999900E+02,4.3559921156274900E+01
2.11550E+02,3.2000436118517200E+01,1.1999999999999900E+02,4.3630475241214600E+01
2.11560E+02,3.2000436757597800E+01,1.1999999999999900E+02,4.3701030149061900E+01
2.11570E+02,3.2000437396671100E+01,1.1999999999999900E+02,4.3771585875487600E+01
2.11580E+02,3.2000438035737100E+01,1.1999999999999900E+02,4.3842142416185300E+01
2.11590E+02,3.2000438674795800E+01,1.1999999999999900E+02,4.3912699766871600E+01
2.11600E+02,3.2000439313847200E+01,1.1999999999999900E+02,4.3983257923285300E+01
2.11610E+02,3.2000439952891500E+01,1.1999999999999900E+02,4.4053816881187900E+01
2.11620E+02,3.2000440591928600E+01,1.1999999999999900E+02,4.4124376636363200E+01
2.11630E+02,3.2000441230958500E+01,1.1999999999999900E+02,4.4194937184617200E+01
2.11640E+02,3.2000441869981400E+01,1.1999999999999900E+02,4.4265498521778000E+01
2.11650E+02,3.2000442508997200E+01,1.1999999999999900E+02,4.4336060643695800E+01
2.11660E+02,3.2000443148006000E+01,1.1999999999999900E+02,4.4406623546242400E+01
2.11670E+02,3.2000443787007800E+01,1.1999999999999900E+02,4.4477187225311700E+01
2.11680E+02,3.2000444426002700E+01,1.1999999999999900E+02,4.4547751676819100E+01
2.11690E+02,3.2000445064990600E+01,1.1999999999999900E+02,4.4618316896701400E+01
2.11700E+02,3.2000445703971700E+01,1.1999999999999900E+02,4.4688882880916900E+01
2.11710E+02,3.2000446342946000E+01,1.1999999999999900E+02,4.4759449625445400E+01
2.11720E+02,3.2000446981913400E+01,1.1999999999999900E+02,4.4830017126287700E+01
2.11730E+02,3.2000447620874100E+01,1.1999999999999900E+02,4.4900585379465600E+01
2.11740E+02,3.2000448259828100E+01,1.1999999999999900E+02,4.4971154381022000E+01
2.11750E+02,3.2000448898775300E+01,1.1999999999999900E+02,4.5041724127020700E+01
2.11760E+02,3.2000449537715900E+01,1.1999999999999900E+02,4.5112294613546000E+01
2.11770E+02,3.2000450176649900E+01,1.1999999999999900E+02,4.5182865836703200E+01
2.11780E+02,3.2000450815577300E+01,1.1999999999999900E+02,4.5253437792617800E+01
2.11790E+02,3.2000451454498100E+01,1.1999999999999900E+02,4.5324010477435800E+01
2.11800E+02,3.2000452093412400E+01,1.1999999999999900E+02,4.5394583887323700E+01
2.11810E+02,3.2000452732320300E+01,1.1999999999999900E+02,4.5465158018467900E+01
2.11820E+02,3.2000453371221600E+01,1.1999999999999900E+02,4.5535732867075200E+01
2.11830E+02,3.2000454010116600E+01,1.1999999999999900E+02,4.5606308429372100E+01
2.11840E+02,3.2000454649005200E+01,1.1999999999999900E+02,4.5676884701605200E+01
2.11850E+02,3.2000455287887400E+01,1.1999999999999900E+02,4.5747461680040800E+01
2.11860E+02,3.2000455926763300E+01,1.1999999999999900E+02,4.5818039360964900E+01
2.11870E+02,3.2000456565632900E+01,1.1999999999999900E+02,4.5888617740682900E+01
2.11880E+02,3.2000457204496300E+01,1.1999999999999900E+02,4.5959196815519900E+01
2.11890E+02,3.2000457843353400E+01,1.1999999999999900E+02,4.6029776581820200E+01
2.11900E+02,3.2000458482204400E+01,1.1999999999999900E+02,4.6100357035947600E+01
2.11910E+02,3.2000459121049200E+01,1.1999999999999900E+02,4.6170938174284700E+01
2.11920E+02,3.2000459759887900E+01,1.1999999999999900E+02,4.6241519993233400E+01
2.11930E+02,3.2000460398720500E+01,1.1999999999999900E+02,4.6312102489214500E+01
2.11940E+02,3.2000461037547000E+01,1.1999999999999900E+02,4.6382685658667600E+01
2.11950E+02,3.2000461676367500E+01,1.1999999999999900E+02,4.6453269498051200E+01
2.11960E+02,3.2000462315182000E+01,1.1999999999999900E+02,4.6523854003842400E+01
2.11970E+02,3.2000462953990500E+01,1.1999999999999900E+02,4.6594439172536700E+01
2.11980E+02,3.2000463592793200E+01,1.1999999999999900E+02,4.6665025000648300E+01
2.11990E+02,3.2000464231589900E+01,1.1999999999999900E+02,4.6735611484709500E+01
2.12000E+02,3.2000464870380700E+01,1.1999999999999900E+02,4.6806198621271200E+01
2.12010E+02,3.2000465509165700E+01,1.1999999999999900E+02,4.6876786406902100E+01
2.12020E+02,3.2000466147944900E+01,1.1999999999999900E+02,4.6947374838189300E+01
2.12030E+02,3.2000466786718300E+01,1.1999999999999900E+02,4.7017963911737700E+01
2.12040E+02,3.2000467425486000E+01,1.1999999999999900E+02,4.7088553624170100E+01
2.12050E+02,3.2000468064247900E+01,1.1999999999999900E+02,4.7159143972127100E+01
2.12060E+02,3.2000468703004200E+01,1.1999999999999900E+02,4.7229734952267000E+01
2.12070E+02,3.2000469341754700E+01,1.1999999999999900E+02,4.7300326561265600E+01
2.12080E+02,3.2000469980499700E+01,1.1999999999999900E+02,4.7370918795816500E+01
2.12090E+02,3.2000470619239100E+01,1.1999999999999900E+02,4.7441511652630400E+01
2.12100E+02,3.2000471257972900E+01,1.1999999999999900E+02,4.7512105128435500E+01
2.12110E+02,3.2000471896701100E+01,1.1999999999999900E+02,4.7582699219977200E+01
2.12120E+02,3.2000472535423900E+01,1.1999999999999900E+02,4.7653293924017900E+01
2.12130E+02,3.2000473174141100E+01,1.1999999999999900E+02,4.7723889237337300E+01
2.12140E+02,3.2000473812852900E+01,1.1999999999999900E+02,4.7794485156731800E+01
2.12150E+02,3.2000474451559300E+01,1.1999999999999900E+02,4.7865081679014900E+01
2.12160E+02,3.2000475090260300E+01,1.1999999999999900E+02,4.7935678801016700E+01
2.12170E+02,3.2000475728955900E+01,1.1999999999999900E+02,4.8006276519584100E+01
2.12180E+02,3.2000476367646100E+01,1.1999999999999900E+02,4.8076874831580700E+01
2.12190E+02,3.2000477006331100E+01,1.1999999999999900E+02,4.8147473733886300E+01
2.12200E+02,3.2000477645010700E+01,1.1999999999999900E+02,4.8218073223397400E+01
2.12210E+02,3.2000478283685100E+01,1.1999999999999900E+02,4.8288673297026700E+01
2.12220E+02,3.2000478922354300E+01,1.1999999999999900E+02,4.8359273951703400E+01
2.12230E+02,3.2000479561018300E+01,1.1999999999999900E+02,4.8429875184372500E+01
2.12240E+02,3.2000480199677100E+01,1.1999999999999900E+02,4.8500476991995400E+01
2.12250E+02,3.2000480838330700E+01,1.1999999999999900E+02,4.8571079371549300E+01
2.12260E+02,3.2000481476979300E+01,1.1999999999999900E+02,4.8641682320027400E+01
2.12270E+02,3.2000482115622700E+01,1.1999999999999900E+02,4.8712285834438800E+01
2.12280E+02,3.2000482754261000E+01,1.1999999999999900E+02,4.8782889911808100E+01
2.12290E+02,3.2000483392894400E+01,1.1999999999999900E+02,4.8853494549175900E+01
2.12300E+02,3.2000484031522700E+01,1.1999999999999900E+02,4.8924099743598200E+01
2.12310E+02,3.2000484670146000E+01,1.1999999999999900E+02,4.8994705492146400E+01
2.12320E+02,3.2000485308764300E+01,1.1999999999999900E+02,4.9065311791907500E+01
2.12330E+02,3.2000485947377700E+01,1.1999999999999900E+02,4.9135918639983800E+01
2.12340E+02,3.2000486585986200E+01,1.1999999999999900E+02,4.9206526033492900E+01
2.12350E+02,3.2000487224589800E+01,1.1999999999999900E+02,4.9277133969567300E+01
2.12360E+02,3.2000487863188600E+01,1.1999999999999900E+02,4.9347742445354900E+01
2.12370E+02,3.2000488501782500E+01,1.1999999999999900E+02,4.9418351458018600E+01
2.12380E+02,3.2000489140371600E+01,1.1999999999999900E+02,4.9488961004736000E+01
2.12390E+02,3.2000489778956000E+01,1.1999999999999900E+02,4.9559571082699800E+01
2.12400E+02,3.2000490417535500E+01,1.1999999999999900E+02,4.9630181689117300E+01
2.12410E+02,3.2000491056110300E+01,1.1999999999999900E+02,4.9700792821210700E+01
2.12420E+02,3.2000491694680500E+01,1.1999999999999900E+02,4.9771404476216600E+01
2.12430E+02,3.2000492333245900E+01,1.1999999999999900E+02,4.9842016651386200E+01
2.12440E+02,3.2000492971806700E+01,1.1999999999999900E+02,4.9912629343985400E+01
2.12450E+02,3.2000493610362800E+01,1.1999999999999900E+02,4.9983242551294300E+01
2.12460E+02,3.2000494248914300E+01,1.1999999999999900E+02,5.0053856270607100E+01
2.12470E+02,3.2000494887461300E+01,1.1999999999999900E+02,5.0124470499232700E+01
2.12480E+02,3.2000495526003700E+01,1.1999999999999900E+02,5.0195085234493900E+01
2.12490E+02,3.2000496164541500E+01,1.1999999999999900E+02,5.0265700473727500E+01
2.12500E+02,3.2000496803074800E+01,1.1999999999999900E+02,5.0336316214284600E+01
2.12510E+02,3.2000497441603600E+01,1.1999999999999900E+02,5.0406932453530000E+01
2.12520E+02,3.2000498080128000E+01,1.1999999999999900E+02,5.0477549188842500E+01
2.12530E+02,3.2000498718647900E+01,1.1999999999999900E+02,5.0548166417614600E+01
2.12540E+02,3.2000499357163400E+01,1.1999999999999900E+02,5.0618784137252600E+01
2.12550E+02,3.2000499995674500E+01,1.1999999999999900E+02,5.0689402345176500E+01
2.12560E+02,3.2000500634181200E+01,1.1999999999999900E+02,5.0760021038819700E+01
2.12570E+02,3.2000501272683600E+01,1.1999999999999900E+02,5.0830640215629200E+01
2.12580E+02,3.2000501911181600E+01,1.1999999999999900E+02,5.0901259873065600E+01
2.12590E+02,3.2000502549675400E+01,1.1999999999999900E+02,5.0971880008602600E+01
2.12600E+02,3.2000503188164800E+01,1.1999999999999900E+02,5.1042500619727300E+01
2.12610E+02,3.2000503826650000E+01,1.1999999999999900E+02,5.1113121703940100E+01
2.12620E+02,3.2000504465130900E+01,1.1999999999999900E+02,5.1183743258754400E+01
2.12630E+02,3.2000505103607600E+01,1.1999999999999900E+02,5.1254365281696900E+01
2.12640E+02,3.2000505742080200E+01,1.1999999999999900E+02,5.1324987770307100E+01
2.12650E+02,3.2000506380548500E+01,1.1999999999999900E+02,5.1395610722137500E+01
2.12660E+02,3.2000507019012700E+01,1.1999999999999900E+02,5.1466234134753500E+01
2.12670E+02,3.2000507657472800E+01,1.1999999999999900E+02,5.1536858005733500E+01
2.12680E+02,3.2000508295928700E+01,1.1999999999999900E+02,5.1607482332668400E+01
2.12690E+02,3.2000508934380600E+01,1.1999999999999900E+02,5.1678107113161700E+01
2.12700E+02,3.2000509572828400E+01,1.1999999999999900E+02,5.1748732344829800E+01
2.12710E+02,3.2000510211272100E+01,1.1999999999999900E+02,5.1819358025301500E+01
2.12720E+02,3.2000510849711900E+01,1.1999999999999900E+02,5.1889984152218000E+01
2.12730E+02,3.2000511488147600E+01,1.1999999999999900E+02,5.1960610723233100E+01
2.12740E+02,3.2000512126579400E+01,1.1999999999999900E+02,5.2031237736012700E+01
2.12750E+02,3.2000512765007200E+01,1.1999999999999900E+02,5.2101865188235200E+01
2.12760E+02,3.2000513403431000E+01,1.1999999999999900E+02,5.2172493077591100E+01
2.12770E+02,3.2000514041850900E+01,1.1999999999999900E+02,5.2243121401783100E+01
2.12780E+02,3.2000514680267000E+01,1.1999999999999900E+02,5.2313750158526000E+01
2.12790E+02,3.2000515318679100E+01,1.1999999999999900E+02,5.2384379345546500E+01
2.12800E+02,3.2000515957087400E+01,1.1999999999999900E+02,5.2455008960583500E+01
2.12810E+02,3.2000516595491900E+01,1.1999999999999900E+02,5.2525639001387500E+01
2.12820E+02,3.2000517233892500E+01,1.1999999999999900E+02,5.2596269465721000E+01
2.12830E+02,3.2000517872289400E+01,1.1999999999999900E+02,5.2666900351358300E+01
2.12840E+02,3.2000518510682400E+01,1.1999999999999900E+02,5.2737531656085400E+01
2.12850E+02,3.2000519149071700E+01,1.1999999999999900E+02,5.2808163377699800E+01
2.12860E+02,3.2000519787457300E+01,1.1999999999999900E+02,5.2878795514010800E+01
2.12870E+02,3.2000520425839100E+01,1.1999999999999900E+02,5.2949428062839200E+01
2.12880E+02,3.2000521064217300E+01,1.1999999999999900E+02,5.3020061022017000E+01
2.12890E+02,3.2000521702591700E+01,1.1999999999999900E+02,5.3090694389387900E+01
2.12900E+02,3.2000522340962600E+01,1.1999999999999900E+02,5.3161328162806800E+01
2.12910E+02,3.2000522979329700E+01,1.1999999999999900E+02,5.3231962340140000E+01
2.12920E+02,3.2000523617693300E+01,1.1999999999999900E+02,5.3302596919264900E+01
2.12930E+02,3.2000524256053200E+01,1.1999999999999900E+02,5.3373231898070000E+01
2.12940E+02,3.2000524894409600E+01,1.1999999999999900E+02,5.3443867274455300E+01
2.12950E+02,3.2000525532762300E+01,1.1999999999999900E+02,5.3514503046331300E+01
2.12960E+02,3.2000526171111600E+01,1.1999999999999900E+02,5.3585139211619900E+01
2.12970E+02,3.2000526809457300E+01,1.1999999999999900E+02,5.3655775768253800E+01
2.12980E+02,3.2000527447799500E+01,1.1999999999999900E+02,5.3726412714176400E+01
2.12990E+02,3.2000528086138200E+01,1.1999999999999900E+02,5.3797050047342300E+01
2.13000E+02,3.2000528724473400E+01,1.1999999999999900E+02,5.3867687765716600E+01
2.13010E+02,3.2000529362805200E+01,1.1999999999999900E+02,5.3938325867275000E+01
2.13020E+02,3.2000530001133500E+01,1.1999999999999900E+02,5.4008964350004200E+01
2.13030E+02,3.2000530639458500E+01,1.1999999999999900E+02,5.4079603211901100E+01
2.13040E+02,3.2000531277780000E+01,1.1999999999999900E+02,5.4150242450973400E+01
2.13050E+02,3.2000531916098100E+01,1.1999999999999900E+02,5.4220882065239300E+01
2.13060E+02,3.2000532554412900E+01,1.1999999999999900E+02,5.4291522052727100E+01
2.13070E+02,3.2000533192724300E+01,1.1999999999999900E+02,5.4362162411475900E+01
2.13080E+02,3.2000533831032400E+01,1.1999999999999900E+02,5.4432803139534900E+01
2.13090E+02,3.2000534469337200E+01,1.1999999999999900E+02,5.4503444234963400E+01
2.13100E+02,3.2000535107638700E+01,1.1999999999999900E+02,5.4574085695831300E+01
2.13110E+02,3.2000535745936900E+01,1.1999999999999900E+02,5.4644727520218200E+01
2.13120E+02,3.2000536384231800E+01,1.1999999999999900E+02,5.4715369706214200E+01
2.13130E+02,3.2000537022523500E+01,1.1999999999999900E+02,5.4786012251919200E+01
2.13140E+02,3.2000537660812000E+01,1.1999999999999900E+02,5.4856655155443100E+01
2.13150E+02,3.2000538299097200E+01,1.1999999999999900E+02,5.4927298414906000E+01
2.13160E+02,3.2000538937379300E+01,1.1999999999999900E+02,5.4997942028437600E+01
2.13170E+02,3.2000539575658200E+01,1.1999999999999900E+02,5.5068585994177400E+01
2.13180E+02,3.2000540213933900E+01,1.1999999999999900E+02,5.5139230310275000E+01
2.13190E+02,3.2000540852206500E+01,1.1999999999999900E+02,5.5209874974889500E+01
2.13200E+02,3.2000541490475900E+01,1.1999999999999900E+02,5.5280519986189700E+01
2.13210E+02,3.2000542128742300E+01,1.1999999999999900E+02,5.5351165342354100E+01
2.13220E+02,3.2000542767005500E+01,1.1999999999999900E+02,5.5421811041570600E+01
2.13230E+02,3.2000543405265700E+01,1.1999999999999900E+02,5.5492457082037000E+01
2.13240E+02,3.2000544043522800E+01,1.1999999999999900E+02,5.5563103461960100E+01
2.13250E+02,3.2000544681776800E+01,1.1999999999999900E+02,5.5633750179556600E+01
2.13260E+02,3.2000545320027800E+01,1.1999999999999900E+02,5.5704397233052200E+01
2.13270E+02,3.2000545958275900E+01,1.1999999999999900E+02,5.5775044620682100E+01
2.13280E+02,3.2000546596520900E+01,1.1999999999999900E+02,5.5845692340690900E+01
2.13290E+02,3.2000547234762900E+01,1.1999999999999900E+02,5.5916340391332100E+01
2.13300E+02,3.2000547873001900E+01,1.1999999999999900E+02,5.5986988770868700E+01
2.13310E+02,3.2000548511238100E+01,1.1999999999999900E+02,5.6057637477572700E+01
2.13320E+02,3.2000549149471200E+01,1.1999999999999900E+02,5.6128286509725100E+01
2.13330E+02,3.2000549787701500E+01,1.1999999999999900E+02,5.6198935865616200E+01
2.13340E+02,3.2000550425928800E+01,1.1999999999999900E+02,5.6269585543545100E+01
2.13350E+02,3.2000551064153300E+01,1.1999999999999900E+02,5.6340235541819800E+01
2.13360E+02,3.2000551702374800E+01,1.1999999999999900E+02,5.6410885858757300E+01
2.13370E+02,3.2000552340593600E+01,1.1999999999999900E+02,5.6481536492683400E+01
2.13380E+02,3.2000552978809400E+01,1.1999999999999900E+02,5.6552187441932800E+01
2.13390E+02,3.2000553617022500E+01,1.1999999999999900E+02,5.6622838704848700E+01
2.13400E+02,3.2000554255232700E+01,1.1999999999999900E+02,5.6693490279783400E+01
2.13410E+02,3.2000554893440100E+01,1.1999999999999900E+02,5.6764142165097600E+01
2.13420E+02,3.2000555531644700E+01,1.1999999999999900E+02,5.6834794359160600E+01
2.13430E+02,3.2000556169846600E+01,1.1999999999999900E+02,5.6905446860350500E+01
2.13440E+02,3.2000556808045700E+01,1.1999999999999900E+02,5.6976099667053600E+01
2.13450E+02,3.2000557446242000E+01,1.1999999999999900E+02,5.7046752777664900E+01
2.13460E+02,3.2000558084435700E+01,1.1999999999999900E+02,5.7117406190587900E+01
2.13470E+02,3.2000558722626600E+01,1.1999999999999900E+02,5.7188059904234200E+01
2.13480E+02,3.2000559360814800E+01,1.1999999999999900E+02,5.7258713917024200E+01
2.13490E+02,3.2000559999000300E+01,1.1999999999999900E+02,5.7329368227386200E+01
2.13500E+02,3.2000560637183200E+01,1.1999999999999900E+02,5.7400022833756900E+01
2.13510E+02,3.2000561275363400E+01,1.1999999999999900E+02,5.7470677734581400E+01
2.13520E+02,3.2000561913540900E+01,1.1999999999999900E+02,5.7541332928312500E+01
2.13530E+02,3.2000562551715900E+01,1.1999999999999900E+02,5.7611988413411800E+01
2.13540E+02,3.2000563189888200E+01,1.1999999999999900E+02,5.7682644188348300E+01
2.13550E+02,3.2000563828057900E+01,1.1999999999999900E+02,5.7753300251599700E+01
2.13560E+02,3.2000564466225000E+01,1.1999999999999900E+02,5.7823956601651100E+01
2.13570E+02,3.2000565104389500E+01,1.1999999999999900E+02,5.7894613236996000E+01
2.13580E+02,3.2000565742551500E+01,1.1999999999999900E+02,5.7965270156135600E+01
2.13590E+02,3.2000566380710900E+01,1.1999999999999900E+02,5.8035927357579100E+01
2.13600E+02,3.2000567018867800E+01,1.1999999999999900E+02,5.8106584839843500E+01
2.13610E+02,3.2000567657022200E+01,1.1999999999999900E+02,5.8177242601453500E+01
2.13620E+02,3.2000568295174000E+01,1.1999999999999900E+02,5.8247900640941800E+01
2.13630E+02,3.2000568933323400E+01,1.1999999999999900E+02,5.8318558956848400E+01
2.13640E+02,3.2000569571470300E+01,1.1999999999999900E+02,5.8389217547721400E+01
2.13650E+02,3.2000570209614700E+01,1.1999999999999900E+02,5.8459876412116400E+01
2.13660E+02,3.2000570847756600E+01,1.1999999999999900E+02,5.8530535548596400E+01
2.13670E+02,3.2000571485896100E+01,1.1999999999999900E+02,5.8601194955732200E+01
2.13680E+02,3.2000572124033200E+01,1.1999999999999900E+02,5.8671854632101900E+01
2.13690E+02,3.2000572762167800E+01,1.1999999999999900E+02,5.8742514576291400E+01
2.13700E+02,3.2000573400300100E+01,1.1999999999999900E+02,5.8813174786893700E+01
2.13710E+02,3.2000574038429900E+01,1.1999999999999900E+02,5.8883835262509400E+01
2.13720E+02,3.2000574676557400E+01,1.1999999999999900E+02,5.8954496001746200E+01
2.13730E+02,3.2000575314682500E+01,1.1999999999999900E+02,5.9025157003219500E+01
2.13740E+02,3.2000575952805300E+01,1.1999999999999900E+02,5.9095818265551700E+01
2.13750E+02,3.2000576590925700E+01,1.1999999999999900E+02,5.9166479787372600E+01
2.13760E+02,3.2000577229043700E+01,1.1999999999999900E+02,5.9237141567318900E+01
2.13770E+02,3.2000577867159500E+01,1.1999999999999900E+02,5.9307803604034900E+01
2.13780E+02,3.2000578505273000E+01,1.1999999999999900E+02,5.9378465896171800E+01
2.13790E+02,3.2000579143384100E+01,1.1999999999999900E+02,5.9449128442387800E+01
2.13800E+02,3.2000579781493000E+01,1.1999999999999900E+02,5.9519791241348300E+01
2.13810E+02,3.2000580419599600E+01,1.1999999999999900E+02,5.9590454291725600E+01
2.13820E+02,3.2000581057703900E+01,1.1999999999999900E+02,5.9661117592199300E+01
2.13830E+02,3.2000581695806000E+01,1.1999999999999900E+02,5.9731781141455400E+01
2.13840E+02,3.2000582333905800E+01,1.1999999999999900E+02,5.9802444938187200E+01
2.13850E+02,3.2000582972003500E+01,1.1999999999999900E+02,5.9873108981094900E+01
2.13860E+02,3.2000583610098900E+01,1.1999999999999900E+02,5.9943773268885200E+01
2.13870E+02,3.2000584248192100E+01,1.1999999999999900E+02,6.0014437800271900E+01
2.13880E+02,3.2000584886283100E+01,1.1999999999999900E+02,6.0085102573975500E+01
2.13890E+02,3.2000585524372000E+01,1.1999999999999900E+02,6.0155767588723100E+01
2.13900E+02,3.2000586162458600E+01,1.1999999999999900E+02,6.0226432843248500E+01
2.13910E+02,3.2000586800543200E+01,1.1999999999999900E+02,6.0297098336292400E+01
2.13920E+02,3.2000587438625600E+01,1.1999999999999900E+02,6.0367764066601900E+01
2.13930E+02,3.2000588076705800E+01,1.1999999999999900E+02,6.0438430032930600E+01
2.13940E+02,3.2000588714783900E+01,1.1999999999999900E+02,6.0509096234039000E+01
2.13950E+02,3.2000589352859900E+01,1.1999999999999900E+02,6.0579762668693700E+01
2.13960E+02,3.2000589990933900E+01,1.1999999999999900E+02,6.0650429335668100E+01
2.13970E+02,3.2000590629005700E+01,1.1999999999999900E+02,6.0721096233741900E+01
2.13980E+02,3.2000591267075400E+01,1.1999999999999900E+02,6.0791763361701200E+01
2.13990E+02,3.2000591905143100E+01,1.1999999999999900E+02,6.0862430718338600E+01
2.14000E+02,3.2000592543208700E+01,1.1999999999999900E+02,6.0933098302452900E+01
2.14010E+02,3.2000593181272300E+01,1.1999999999999900E+02,6.1003766112849300E+01
2.14020E+02,3.2000593819333900E+01,1.1999999999999900E+02,6.1074434148339200E+01
2.14030E+02,3.2000594457393400E+01,1.1999999999999900E+02,6.1145102407740400E+01
2.14040E+02,3.2000595095450900E+01,1.1999999999999900E+02,6.1215770889876800E+01
2.14050E+02,3.2000595733506400E+01,1.1999999999999900E+02,6.1286439593578500E+01
2.14060E+02,3.2000596371559900E+01,1.1999999999999900E+02,6.1357108517681700E+01
2.14070E+02,3.2000597009611500E+01,1.1999999999999900E+02,6.1427777661028700E+01
2.14080E+02,3.2000597647661000E+01,1.1999999999999900E+02,6.1498447022468200E+01
2.14090E+02,3.2000598285708600E+01,1.1999999999999900E+02,6.1569116600854400E+01
2.14100E+02,3.2000598923754300E+01,1.1999999999999900E+02,6.1639786395048100E+01
2.14110E+02,3.2000599561798000E+01,1.1999999999999900E+02,6.1710456403915600E+01
2.14120E+02,3.2000600199839700E+01,1.1999999999999900E+02,6.1781126626329400E+01
2.14130E+02,3.2000600837879600E+01,1.1999999999999900E+02,6.1851797061168000E+01
2.14140E+02,3.2000601475917500E+01,1.1999999999999900E+02,6.1922467707315600E+01
2.14150E+02,3.2000602113953600E+01,1.1999999999999900E+02,6.1993138563662400E+01
2.14160E+02,3.2000602751987700E+01,1.1999999999999900E+02,6.2063809629104300E+01
2.14170E+02,3.2000603390020000E+01,1.1999999999999900E+02,6.2134480902543100E+01
2.14180E+02,3.2000604028050400E+01,1.1999999999999900E+02,6.2205152382886400E+01
2.14190E+02,3.2000604666078900E+01,1.1999999999999900E+02,6.2275824069047500E+01
2.14200E+02,3.2000605304105600E+01,1.1999999999999900E+02,6.2346495959945400E+01
2.14210E+02,3.2000605942130500E+01,1.1999999999999900E+02,6.2417168054504800E+01
2.14220E+02,3.2000606580153500E+01,1.1999999999999900E+02,6.2487840351655900E+01
2.14230E+02,3.2000607218174700E+01,1.1999999999999900E+02,6.2558512850334900E+01
2.14240E+02,3.2000607856194100E+01,1.1999999999999900E+02,6.2629185549483100E+01
2.14250E+02,3.2000608494211600E+01,1.1999999999999900E+02,6.2699858448047800E+01
2.14260E+02,3.2000609132227400E+01,1.1999999999999900E+02,6.2770531544981600E+01
2.14270E+02,3.2000609770241400E+01,1.1999999999999900E+02,6.2841204839242600E+01
2.14280E+02,3.2000610408253600E+01,1.1999999999999900E+02,6.2911878329794400E+01
2.14290E+02,3.2000611046264100E+01,1.1999999999999900E+02,6.2982552015606100E+01
2.14300E+02,3.2000611684272800E+01,1.1999999999999900E+02,6.3053225895652300E+01
2.14310E+02,3.2000612322279700E+01,1.1999999999999900E+02,6.3123899968912700E+01
2.14320E+02,3.2000612960285000E+01,1.1999999999999900E+02,6.3194574234372700E+01
2.14330E+02,3.2000613598288400E+01,1.1999999999999900E+02,6.3265248691022700E+01
2.14340E+02,3.2000614236290200E+01,1.1999999999999900E+02,6.3335923337858700E+01
2.14350E+02,3.2000614874290200E+01,1.1999999999999900E+02,6.3406598173881900E+01
2.14360E+02,3.2000615512288600E+01,1.1999999999999900E+02,6.3477273198098500E+01
2.14370E+02,3.2000616150285300E+01,1.1999999999999900E+02,6.3547948409520200E+01
2.14380E+02,3.2000616788280200E+01,1.1999999999999900E+02,6.3618623807163900E+01
2.14390E+02,3.2000617426273500E+01,1.1999999999999900E+02,6.3689299390051500E+01
2.14400E+02,3.2000618064265100E+01,1.1999999999999900E+02,6.3759975157210100E+01
2.14410E+02,3.2000618702255100E+01,1.1999999999999900E+02,6.3830651107672000E+01
2.14420E+02,3.2000619340243400E+01,1.1999999999999900E+02,6.3901327240474400E+01
2.14430E+02,3.2000619978230100E+01,1.1999999999999900E+02,6.3972003554659800E+01
2.14440E+02,3.2000620616215100E+01,1.1999999999999900E+02,6.4042680049275600E+01
2.14450E+02,3.2000621254198600E+01,1.1999999999999900E+02,6.4113356723374100E+01
2.14460E+02,3.2000621892180400E+01,1.1999999999999900E+02,6.4184033576012800E+01
2.14470E+02,3.2000622530160600E+01,1.1999999999999900E+02,6.4254710606253900E+01
2.14480E+02,3.2000623168139200E+01,1.1999999999999900E+02,6.4325387813164900E+01
2.14490E+02,3.2000623806116200E+01,1.1999999999999900E+02,6.4396065195817700E+01
2.14500E+02,3.2000624444091600E+01,1.1999999999999900E+02,6.4466742753289500E+01
2.14510E+02,3.2000625082065400E+01,1.1999999999999900E+02,6.4537420484662200E+01
2.14520E+02,3.2000625720037700E+01,1.1999999999999900E+02,6.4608098389022500E+01
2.14530E+02,3.2000626358008400E+01,1.1999999999999900E+02,6.4678776465461900E+01
2.14540E+02,3.2000626995977600E+01,1.1999999999999900E+02,6.4749454713076700E+01
2.14550E+02,3.2000627633945300E+01,1.1999999999999900E+02,6.4820133130967900E+01
2.14560E+02,3.2000628271911400E+01,1.1999999999999900E+02,6.4890811718241300E+01
2.14570E+02,3.2000628909875900E+01,1.1999999999999900E+02,6.4961490474007300E+01
2.14580E+02,3.2000629547839000E+01,1.1999999999999900E+02,6.5032169397381100E+01
2.14590E+02,3.2000630185800600E+01,1.1999999999999900E+02,6.5102848487482500E+01
2.14600E+02,3.2000630823760600E+01,1.1999999999999900E+02,6.5173527743435900E+01
2.14610E+02,3.2000631461719200E+01,1.1999999999999900E+02,6.5244207164370200E+01
2.14620E+02,3.2000632099676200E+01,1.1999999999999900E+02,6.5314886749419100E+01
2.14630E+02,3.2000632737631800E+01,1.1999999999999900E+02,6.5385566497720700E+01
2.14640E+02,3.2000633375585900E+01,1.1999999999999900E+02,6.5456246408417600E+01
2.14650E+02,3.2000634013538600E+01,1.1999999999999900E+02,6.5526926480657100E+01
2.14660E+02,3.2000634651489800E+01,1.1999999999999900E+02,6.5597606713590700E+01
2.14670E+02,3.2000635289439600E+01,1.1999999999999900E+02,6.5668287106374600E+01
2.14680E+02,3.2000635927387900E+01,1.1999999999999900E+02,6.5738967658169400E+01
2.14690E+02,3.2000636565334800E+01,1.1999999999999900E+02,6.5809648368139900E+01
2.14700E+02,3.2000637203280200E+01,1.1999999999999900E+02,6.5880329235455500E+01
2.14710E+02,3.2000637841224300E+01,1.1999999999999900E+02,6.5951010259289900E+01
2.14720E+02,3.2000638479166900E+01,1.1999999999999900E+02,6.6021691438821200E+01
2.14730E+02,3.2000639117108100E+01,1.1999999999999900E+02,6.6092372773231600E+01
2.14740E+02,3.2000639755048000E+01,1.1999999999999900E+02,6.6163054261708000E+01
2.14750E+02,3.2000640392986400E+01,1.1999999999999900E+02,6.6233735903441100E+01
2.14760E+02,3.2000641030923500E+01,1.1999999999999900E+02,6.6304417697626200E+01
2.14770E+02,3.2000641668859200E+01,1.1999999999999900E+02,6.6375099643462600E+01
2.14780E+02,3.2000642306793500E+01,1.1999999999999900E+02,6.6445781740154100E+01
2.14790E+02,3.2000642944726400E+01,1.1999999999999900E+02,6.6516463986908300E+01
2.14800E+02,3.2000643582658100E+01,1.1999999999999900E+02,6.6587146382937300E+01
2.14810E+02,3.2000644220588300E+01,1.1999999999999900E+02,6.6657828927457200E+01
2.14820E+02,3.2000644858517200E+01,1.1999999999999900E+02,6.6728511619688000E+01
2.14830E+02,3.2000645496444800E+01,1.1999999999999900E+02,6.6799194458854300E+01
2.14840E+02,3.2000646134371100E+01,1.1999999999999900E+02,6.6869877444184300E+01
2.14850E+02,3.2000646772296100E+01,1.1999999999999900E+02,6.6940560574910600E+01
2.14860E+02,3.2000647410219700E+01,1.1999999999999900E+02,6.7011243850269500E+01
2.14870E+02,3.2000648048142100E+01,1.1999999999999900E+02,6.7081927269501600E+01
2.14880E+02,3.2000648686063100E+01,1.1999999999999900E+02,6.7152610831851300E+01
2.14890E+02,3.2000649323982900E+01,1.1999999999999900E+02,6.7223294536567200E+01
2.14900E+02,3.2000649961901300E+01,1.1999999999999900E+02,6.7293978382901500E+01
2.14910E+02,3.2000650599818500E+01,1.1999999999999900E+02,6.7364662370110600E+01
2.14920E+02,3.2000651237734500E+01,1.1999999999999900E+02,6.7435346497454700E+01
2.14930E+02,3.2000651875649100E+01,1.1999999999999900E+02,6.7506030764198000E+01
2.14940E+02,3.2000652513562500E+01,1.1999999999999900E+02,6.7576715169608400E+01
2.14950E+02,3.2000653151474700E+01,1.1999999999999900E+02,6.7647399712957700E+01
2.14960E+02,3.2000653789385600E+01,1.1999999999999900E+02,6.7718084393521600E+01
2.14970E+02,3.2000654427295300E+01,1.1999999999999900E+02,6.7788769210579600E+01
2.14980E+02,3.2000655065203700E+01,1.1999999999999900E+02,6.7859454163414900E+01
2.14990E+02,3.2000655703110900E+01,1.1999999999999900E+02,6.7930139251314500E+01
2.15000E+02,3.2000656341016900E+01,1.1999999999999900E+02,6.8000824473569100E+01
2.15010E+02,3.2000656978921700E+01,1.1999999999999900E+02,6.8071509829473200E+01
2.15020E+02,3.2000657616825300E+01,1.1999999999999900E+02,6.8142195318325000E+01
2.15030E+02,3.2000658254727700E+01,1.1999999999999900E+02,6.8212880939426400E+01
2.15040E+02,3.2000658892628900E+01,1.1999999999999900E+02,6.8283566692082900E+01
2.15050E+02,3.2000659530528900E+01,1.1999999999999900E+02,6.8354252575603800E+01
2.15060E+02,3.2000660168427700E+01,1.1999999999999900E+02,6.8424938589301700E+01
2.15070E+02,3.2000660806325400E+01,1.1999999999999900E+02,6.8495624732493100E+01
2.15080E+02,3.2000661444221900E+01,1.1999999999999900E+02,6.8566311004498100E+01
2.15090E+02,3.2000662082117200E+01,1.1999999999999900E+02,6.8636997404640200E+01
2.15100E+02,3.2000662720011300E+01,1.1999999999999900E+02,6.8707683932246600E+01
2.15110E+02,3.2000663357904400E+01,1.1999999999999900E+02,6.8778370586647900E+01
2.15120E+02,3.2000663995796200E+01,1.1999999999999900E+02,6.8849057367178400E+01
2.15130E+02,3.2000664633687000E+01,1.1999999999999900E+02,6.8919744273175600E+01
2.15140E+02,3.2000665271576600E+01,1.1999999999999900E+02,6.8990431303980900E+01
2.15150E+02,3.2000665909465000E+01,1.1999999999999900E+02,6.9061118458938800E+01
2.15160E+02,3.2000666547352400E+01,1.1999999999999900E+02,6.9131805737397300E+01
2.15170E+02,3.2000667185238600E+01,1.1999999999999900E+02,6.9202493138708000E+01
2.15180E+02,3.2000667823123800E+01,1.1999999999999900E+02,6.9273180662225800E+01
2.15190E+02,3.2000668461007800E+01,1.1999999999999900E+02,6.9343868307309000E+01
2.15200E+02,3.2000669098890700E+01,1.1999999999999900E+02,6.9414556073319200E+01
2.15210E+02,3.2000669736772600E+01,1.1999999999999900E+02,6.9485243959621300E+01
2.15220E+02,3.2000670374653300E+01,1.1999999999999900E+02,6.9555931965583900E+01
2.15230E+02,3.2000671012533000E+01,1.1999999999999900E+02,6.9626620090578500E+01
2.15240E+02,3.2000671650411600E+01,1.1999999999999900E+02,6.9697308333980200E+01
2.15250E+02,3.2000672288289200E+01,1.1999999999999900E+02,6.9767996695167100E+01
2.15260E+02,3.2000672926165600E+01,1.1999999999999900E+02,6.9838685173520700E+01
2.15270E+02,3.2000673564041000E+01,1.1999999999999900E+02,6.9909373768425900E+01
2.15280E+02,3.2000674201915400E+01,1.1999999999999900E+02,6.9980062479270700E+01
2.15290E+02,3.2000674839788700E+01,1.1999999999999900E+02,7.0050751305446100E+01
2.15300E+02,3.2000675477661000E+01,1.1999999999999900E+02,7.0121440246346800E+01
2.15310E+02,3.2000676115532200E+01,1.1999999999999900E+02,7.0192129301370100E+01
2.15320E+02,3.2000676753402400E+01,1.1999999999999900E+02,7.0262818469917000E+01
2.15330E+02,3.2000677391271600E+01,1.1999999999999900E+02,7.0333507751391200E+01
2.15340E+02,3.2000678029139800E+01,1.1999999999999900E+02,7.0404197145199900E+01
2.15350E+02,3.2000678667006900E+01,1.1999999999999900E+02,7.0474886650753100E+01
2.15360E+02,3.2000679304873100E+01,1.1999999999999900E+02,7.0545576267464200E+01
2.15370E+02,3.2000679942738200E+01,1.1999999999999900E+02,7.0616265994749300E+01
2.15380E+02,3.2000680580602300E+01,1.1999999999999900E+02,7.0686955832028000E+01
2.15390E+02,3.2000681218465500E+01,1.1999999999999900E+02,7.0757645778722700E+01
2.15400E+02,3.2000681856327600E+01,1.1999999999999900E+02,7.0828335834258800E+01
2.15410E+02,3.2000682494188800E+01,1.1999999999999900E+02,7.0899025998064800E+01
2.15420E+02,3.2000683132049000E+01,1.1999999999999900E+02,7.0969716269572300E+01
2.15430E+02,3.2000683769908200E+01,1.1999999999999900E+02,7.1040406648215600E+01
2.15440E+02,3.2000684407766500E+01,1.1999999999999900E+02,7.1111097133432400E+01
2.15450E+02,3.2000685045623800E+01,1.1999999999999900E+02,7.1181787724662900E+01
2.15460E+02,3.2000685683480100E+01,1.1999999999999900E+02,7.1252478421350500E+01
2.15470E+02,3.2000686321335500E+01,1.1999999999999900E+02,7.1323169222941400E+01
2.15480E+02,3.2000686959189900E+01,1.1999999999999900E+02,7.1393860128884900E+01
2.15490E+02,3.2000687597043400E+01,1.1999999999999900E+02,7.1464551138633000E+01
2.15500E+02,3.2000688234896000E+01,1.1999999999999900E+02,7.1535242251640700E+01
2.15510E+02,3.2000688872747600E+01,1.1999999999999900E+02,7.1605933467365800E+01
2.15520E+02,3.2000689510598300E+01,1.1999999999999900E+02,7.1676624785268900E+01
2.15530E+02,3.2000690148448100E+01,1.1999999999999900E+02,7.1747316204813500E+01
2.15540E+02,3.2000690786296900E+01,1.1999999999999900E+02,7.1818007725466000E+01
2.15550E+02,3.2000691424144900E+01,1.1999999999999900E+02,7.1888699346695400E+01
2.15560E+02,3.2000692061991900E+01,1.1999999999999900E+02,7.1959391067973600E+01
2.15570E+02,3.2000692699838000E+01,1.1999999999999900E+02,7.2030082888775300E+01
2.15580E+02,3.2000693337683200E+01,1.1999999999999900E+02,7.2100774808578000E+01
2.15590E+02,3.2000693975527600E+01,1.1999999999999900E+02,7.2171466826861800E+01
2.15600E+02,3.2000694613371000E+01,1.1999999999999900E+02,7.2242158943109600E+01
2.15610E+02,3.2000695251213600E+01,1.1999999999999900E+02,7.2312851156807000E+01
2.15620E+02,3.2000695889055200E+01,1.1999999999999900E+02,7.2383543467442500E+01
2.15630E+02,3.2000696526896000E+01,1.1999999999999900E+02,7.2454235874506900E+01
2.15640E+02,3.2000697164735900E+01,1.1999999999999900E+02,7.2524928377494000E+01
2.15650E+02,3.2000697802575000E+01,1.1999999999999900E+02,7.2595620975900100E+01
2.15660E+02,3.2000698440413200E+01,1.1999999999999900E+02,7.2666313669224200E+01
2.15670E+02,3.2000699078250500E+01,1.1999999999999900E+02,7.2737006456967900E+01
2.15680E+02,3.2000699716087000E+01,1.1999999999999900E+02,7.2807699338635500E+01
2.15690E+02,3.2000700353922700E+01,1.1999999999999900E+02,7.2878392313733800E+01
2.15700E+02,3.2000700991757400E+01,1.1999999999999900E+02,7.2949085381772200E+01
2.15710E+02,3.2000701629591400E+01,1.1999999999999900E+02,7.3019778542262700E+01
2.15720E+02,3.2000702267424500E+01,1.1999999999999900E+02,7.3090471794720000E+01
2.15730E+02,3.2000702905256800E+01,1.1999999999999900E+02,7.3161165138661100E+01
2.15740E+02,3.2000703543088200E+01,1.1999999999999900E+02,7.3231858573605700E+01
2.15750E+02,3.2000704180918900E+01,1.1999999999999900E+02,7.3302552099075900E+01
2.15760E+02,3.2000704818748700E+01,1.1999999999999900E+02,7.3373245714596500E+01
2.15770E+02,3.2000705456577700E+01,1.1999999999999900E+02,7.3443939419694600E+01
2.15780E+02,3.2000706094405900E+01,1.1999999999999900E+02,7.3514633213899900E+01
2.15790E+02,3.2000706732233200E+01,1.1999999999999900E+02,7.3585327096744600E+01
2.15800E+02,3.2000707370059800E+01,1.1999999999999900E+02,7.3656021067763200E+01
2.15810E+02,3.2000708007885600E+01,1.1999999999999900E+02,7.3726715126492800E+01
2.15820E+02,3.2000708645710600E+01,1.1999999999999900E+02,7.3797409272472800E+01
2.15830E+02,3.2000709283534800E+01,1.1999999999999900E+02,7.3868103505245100E+01
2.15840E+02,3.2000709921358200E+01,1.1999999999999900E+02,7.3938797824354100E+01
2.15850E+02,3.2000710559180800E+01,1.1999999999999900E+02,7.4009492229346400E+01
2.15860E+02,3.2000711197002700E+01,1.1999999999999900E+02,7.4080186719771100E+01
2.15870E+02,3.2000711834823800E+01,1.1999999999999900E+02,7.4150881295179600E+01
2.15880E+02,3.2000712472644100E+01,1.1999999999999900E+02,7.4221575955125800E+01
2.15890E+02,3.2000713110463600E+01,1.1999999999999900E+02,7.4292270699165600E+01
2.15900E+02,3.2000713748282400E+01,1.1999999999999900E+02,7.4362965526857700E+01
2.15910E+02,3.2000714386100400E+01,1.1999999999999900E+02,7.4433660437762800E+01
2.15920E+02,3.2000715023917700E+01,1.1999999999999900E+02,7.4504355431444000E+01
2.15930E+02,3.2000715661734200E+01,1.1999999999999900E+02,7.4575050507466700E+01
2.15940E+02,3.2000716299550000E+01,1.1999999999999900E+02,7.4645745665398600E+01
2.15950E+02,3.2000716937365000E+01,1.1999999999999900E+02,7.4716440904809500E+01
2.15960E+02,3.2000717575179300E+01,1.1999999999999900E+02,7.4787136225271700E+01
2.15970E+02,3.2000718212992900E+01,1.1999999999999900E+02,7.4857831626359700E+01
2.15980E+02,3.2000718850805700E+01,1.1999999999999900E+02,7.4928527107650100E+01
2.15990E+02,3.2000719488617900E+01,1.1999999999999900E+02,7.4999222668721800E+01
2.16000E+02,3.2000720126429200E+01,1.1999999999999900E+02,7.5069918309155900E+01
2.16010E+02,3.2000720764239900E+01,1.1999999999999900E+02,7.5140614028535800E+01
2.16020E+02,3.2000721402049900E+01,1.1999999999999900E+02,7.5211309826446900E+01
2.16030E+02,3.2000722039859100E+01,1.1999999999999900E+02,7.5282005702477000E+01
2.16040E+02,3.2000722677667600E+01,1.1999999999999900E+02,7.5352701656215800E+01
2.16050E+02,3.2000723315475500E+01,1.1999999999999900E+02,7.5423397687255400E+01
2.16060E+02,3.2000723953282600E+01,1.1999999999999900E+02,7.5494093795190000E+01
2.16070E+02,3.2000724591089000E+01,1.1999999999999900E+02,7.5564789979615700E+01
2.16080E+02,3.2000725228894800E+01,1.1999999999999900E+02,7.5635486240130900E+01
2.16090E+02,3.2000725866699800E+01,1.1999999999999900E+02,7.5706182576336300E+01
2.16100E+02,3.2000726504504200E+01,1.1999999999999900E+02,7.5776878987834300E+01
2.16110E+02,3.2000727142307900E+01,1.1999999999999900E+02,7.5847575474229700E+01
2.16120E+02,3.2000727780110900E+01,1.1999999999999900E+02,7.5918272035129300E+01
2.16130E+02,3.2000728417913200E+01,1.1999999999999900E+02,7.5988968670141700E+01
2.16140E+02,3.2000729055714900E+01,1.1999999999999900E+02,7.6059665378878000E+01
2.16150E+02,3.2000729693515900E+01,1.1999999999999900E+02,7.6130362160951100E+01
2.16160E+02,3.2000730331316200E+01,1.1999999999999900E+02,7.6201059015975900E+01
2.16170E+02,3.2000730969115800E+01,1.1999999999999900E+02,7.6271755943569400E+01
2.16180E+02,3.2000731606914800E+01,1.1999999999999900E+02,7.6342452943350600E+01
2.16190E+02,3.2000732244713200E+01,1.1999999999999900E+02,7.6413150014940400E+01
2.16200E+02,3.2000732882510900E+01,1.1999999999999900E+02,7.6483847157961900E+01
2.16210E+02,3.2000733520307900E+01,1.1999999999999900E+02,7.6554544372040100E+01
2.16220E+02,3.2000734158104300E+01,1.1999999999999900E+02,7.6625241656801800E+01
2.16230E+02,3.2000734795900100E+01,1.1999999999999900E+02,7.6695939011875900E+01
2.16240E+02,3.2000735433695200E+01,1.1999999999999900E+02,7.6766636436893300E+01
2.16250E+02,3.2000736071489700E+01,1.1999999999999900E+02,7.6837333931486800E+01
2.16260E+02,3.2000736709283600E+01,1.1999999999999900E+02,7.6908031495291000E+01
2.16270E+02,3.2000737347076800E+01,1.1999999999999900E+02,7.6978729127942700E+01
2.16280E+02,3.2000737984869400E+01,1.1999999999999900E+02,7.7049426829080200E+01
2.16290E+02,3.2000738622661400E+01,1.1999999999999900E+02,7.7120124598344200E+01
2.16300E+02,3.2000739260452800E+01,1.1999999999999900E+02,7.7190822435376800E+01
2.16310E+02,3.2000739898243600E+01,1.1999999999999900E+02,7.7261520339822200E+01
2.16320E+02,3.2000740536033700E+01,1.1999999999999900E+02,7.7332218311326600E+01
2.16330E+02,3.2000741173823200E+01,1.1999999999999900E+02,7.7402916349537900E+01
2.16340E+02,3.2000741811612200E+01,1.1999999999999900E+02,7.7473614454105800E+01
2.16350E+02,3.2000742449400500E+01,1.1999999999999900E+02,7.7544312624681900E+01
2.16360E+02,3.2000743087188200E+01,1.1999999999999900E+02,7.7615010860919700E+01
2.16370E+02,3.2000743724975400E+01,1.1999999999999900E+02,7.7685709162474500E+01
2.16380E+02,3.2000744362761900E+01,1.1999999999999900E+02,7.7756407529003300E+01
2.16390E+02,3.2000745000547800E+01,1.1999999999999900E+02,7.7827105960165000E+01
2.16400E+02,3.2000745638333200E+01,1.1999999999999900E+02,7.7897804455620200E+01
2.16410E+02,3.2000746276118000E+01,1.1999999999999900E+02,7.7968503015031500E+01
2.16420E+02,3.2000746913902200E+01,1.1999999999999900E+02,7.8039201638062900E+01
2.16430E+02,3.2000747551685800E+01,1.1999999999999900E+02,7.8109900324380600E+01
2.16440E+02,3.2000748189468900E+01,1.1999999999999900E+02,7.8180599073652200E+01
2.16450E+02,3.2000748827251300E+01,1.1999999999999900E+02,7.8251297885547200E+01
2.16460E+02,3.2000749465033200E+01,1.1999999999999900E+02,7.8321996759736900E+01
2.16470E+02,3.2000750102814600E+01,1.1999999999999900E+02,7.8392695695894100E+01
2.16480E+02,3.2000750740595400E+01,1.1999999999999900E+02,7.8463394693693500E+01
2.16490E+02,3.2000751378375600E+01,1.1999999999999900E+02,7.8534093752811600E+01
2.16500E+02,3.2000752016155200E+01,1.1999999999999900E+02,7.8604792872926300E+01
2.16510E+02,3.2000752653934300E+01,1.1999999999999900E+02,7.8675492053717500E+01
2.16520E+02,3.2000753291712900E+01,1.1999999999999900E+02,7.8746191294866500E+01
2.16530E+02,3.2000753929490900E+01,1.1999999999999900E+02,7.8816890596056500E+01
2.16540E+02,3.2000754567268400E+01,1.1999999999999900E+02,7.8887589956972200E+01
2.16550E+02,3.2000755205045300E+01,1.1999999999999900E+02,7.8958289377300100E+01
2.16560E+02,3.2000755842821700E+01,1.1999999999999900E+02,7.9028988856728300E+01
2.16570E+02,3.2000756480597500E+01,1.1999999999999900E+02,7.9099688394946500E+01
2.16580E+02,3.2000757118372800E+01,1.1999999999999900E+02,7.9170387991646000E+01
2.16590E+02,3.2000757756147600E+01,1.1999999999999900E+02,7.9241087646519800E+01
2.16600E+02,3.2000758393921800E+01,1.1999999999999900E+02,7.9311787359262400E+01
2.16610E+02,3.2000759031695500E+01,1.1999999999999900E+02,7.9382487129570100E+01
2.16620E+02,3.2000759669468700E+01,1.1999999999999900E+02,7.9453186957140600E+01
2.16630E+02,3.2000760307241400E+01,1.1999999999999900E+02,7.9523886841673300E+01
2.16640E+02,3.2000760945013600E+01,1.1999999999999900E+02,7.9594586782869100E+01
2.16650E+02,3.2000761582785200E+01,1.1999999999999900E+02,7.9665286780430600E+01
2.16660E+02,3.2000762220556300E+01,1.1999999999999900E+02,7.9735986834061800E+01
2.16670E+02,3.2000762858327000E+01,1.1999999999999900E+02,7.9806686943468300E+01
2.16680E+02,3.2000763496097100E+01,1.1999999999999900E+02,7.9877387108357400E+01
2.16690E+02,3.2000764133866700E+01,1.1999999999999900E+02,7.9948087328437700E+01
2.16700E+02,3.2000764771635800E+01,1.1999999999999900E+02,8.0018787603419500E+01
2.16710E+02,3.2000765409404400E+01,1.1999999999999900E+02,8.0089487933014500E+01
2.16720E+02,3.2000766047172500E+01,1.1999999999999900E+02,8.0160188316936000E+01
2.16730E+02,3.2000766684940100E+01,1.1999999999999900E+02,8.0230888754898800E+01
2.16740E+02,3.2000767322707200E+01,1.1999999999999900E+02,8.0301589246619300E+01
2.16750E+02,3.2000767960473900E+01,1.1999999999999900E+02,8.0372289791815000E+01
2.16760E+02,3.2000768598240000E+01,1.1999999999999900E+02,8.0442990390205400E+01
2.16770E+02,3.2000769236005700E+01,1.1999999999999900E+02,8.0513691041511100E+01
2.16780E+02,3.2000769873770900E+01,1.1999999999999900E+02,8.0584391745454300E+01
2.16790E+02,3.2000770511535600E+01,1.1999999999999900E+02,8.0655092501758600E+01
2.16800E+02,3.2000771149299800E+01,1.1999999999999900E+02,8.0725793310149300E+01
2.16810E+02,3.2000771787063500E+01,1.1999999999999900E+02,8.0796494170352700E+01
2.16820E+02,3.2000772424826800E+01,1.1999999999999900E+02,8.0867195082096900E+01
2.16830E+02,3.2000773062589600E+01,1.1999999999999900E+02,8.0937896045111400E+01
2.16840E+02,3.2000773700352000E+01,1.1999999999999900E+02,8.1008597059126900E+01
2.16850E+02,3.2000774338113900E+01,1.1999999999999900E+02,8.1079298123875600E+01
2.16860E+02,3.2000774975875300E+01,1.1999999999999900E+02,8.1149999239091300E+01
2.16870E+02,3.2000775613636200E+01,1.1999999999999900E+02,8.1220700404509000E+01
2.16880E+02,3.2000776251396700E+01,1.1999999999999900E+02,8.1291401619865100E+01
2.16890E+02,3.2000776889156800E+01,1.1999999999999900E+02,8.1362102884897400E+01
2.16900E+02,3.2000777526916400E+01,1.1999999999999900E+02,8.1432804199345100E+01
2.16910E+02,3.2000778164675500E+01,1.1999999999999900E+02,8.1503505562948900E+01
2.16920E+02,3.2000778802434200E+01,1.1999999999999900E+02,8.1574206975450600E+01
2.16930E+02,3.2000779440192400E+01,1.1999999999999900E+02,8.1644908436593500E+01
2.16940E+02,3.2000780077950300E+01,1.1999999999999900E+02,8.1715609946122300E+01
2.16950E+02,3.2000780715707600E+01,1.1999999999999900E+02,8.1786311503782900E+01
2.16960E+02,3.2000781353464500E+01,1.1999999999999900E+02,8.1857013109322600E+01
2.16970E+02,3.2000781991221000E+01,1.1999999999999900E+02,8.1927714762490200E+01
2.16980E+02,3.2000782628977100E+01,1.1999999999999900E+02,8.1998416463035400E+01
2.16990E+02,3.2000783266732700E+01,1.1999999999999900E+02,8.2069118210709700E+01
2.17000E+02,3.2000783904487900E+01,1.1999999999999900E+02,8.2139820005265500E+01
2.17010E+02,3.2000784542242600E+01,1.1999999999999900E+02,8.2210521846456800E+01
2.17020E+02,3.2000785179997000E+01,1.1999999999999900E+02,8.2281223734038700E+01
2.17030E+02,3.2000785817750900E+01,1.1999999999999900E+02,8.2351925667767700E+01
2.17040E+02,3.2000786455504400E+01,1.1999999999999900E+02,8.2422627647401500E+01
2.17050E+02,3.2000787093257500E+01,1.1999999999999900E+02,8.2493329672699000E+01
2.17060E+02,3.2000787731010100E+01,1.1999999999999900E+02,8.2564031743420600E+01
2.17070E+02,3.2000788368762400E+01,1.1999999999999900E+02,8.2634733859327900E+01
2.17080E+02,3.2000789006514200E+01,1.1999999999999900E+02,8.2705436020183500E+01
2.17090E+02,3.2000789644265600E+01,1.1999999999999900E+02,8.2776138225751400E+01
2.17100E+02,3.2000790282016600E+01,1.1999999999999900E+02,8.2846840475797100E+01
2.17110E+02,3.2000790919767200E+01,1.1999999999999900E+02,8.2917542770086900E+01
2.17120E+02,3.2000791557517400E+01,1.1999999999999900E+02,8.2988245108388600E+01
2.17130E+02,3.2000792195267200E+01,1.1999999999999900E+02,8.3058947490471000E+01
2.17140E+02,3.2000792833016700E+01,1.1999999999999900E+02,8.3129649916104500E+01
2.17150E+02,3.2000793470765700E+01,1.1999999999999900E+02,8.3200352385060300E+01
2.17160E+02,3.2000794108514300E+01,1.1999999999999900E+02,8.3271054897111000E+01
2.17170E+02,3.2000794746262500E+01,1.1999999999999900E+02,8.3341757452030300E+01
2.17180E+02,3.2000795384010300E+01,1.1999999999999900E+02,8.3412460049593200E+01
2.17190E+02,3.2000796021757700E+01,1.1999999999999900E+02,8.3483162689575800E+01
2.17200E+02,3.2000796659504800E+01,1.1999999999999900E+02,8.3553865371755500E+01
2.17210E+02,3.2000797297251400E+01,1.1999999999999900E+02,8.3624568095910600E+01
2.17220E+02,3.2000797934997700E+01,1.1999999999999900E+02,8.3695270861820900E+01
2.17230E+02,3.2000798572743600E+01,1.1999999999999900E+02,8.3765973669267000E+01
2.17240E+02,3.2000799210489100E+01,1.1999999999999900E+02,8.3836676518031100E+01
2.17250E+02,3.2000799848234300E+01,1.1999999999999900E+02,8.3907379407896000E+01
2.17260E+02,3.2000800485979000E+01,1.1999999999999900E+02,8.3978082338646200E+01
2.17270E+02,3.2000801123723400E+01,1.1999999999999900E+02,8.4048785310066800E+01
2.17280E+02,3.2000801761467400E+01,1.1999999999999900E+02,8.4119488321944500E+01
2.17290E+02,3.2000802399211100E+01,1.1999999999999900E+02,8.4190191374066700E+01
2.17300E+02,3.2000803036954300E+01,1.1999999999999900E+02,8.4260894466222300E+01
2.17310E+02,3.2000803674697300E+01,1.1999999999999900E+02,8.4331597598201100E+01
2.17320E+02,3.2000804312439800E+01,1.1999999999999900E+02,8.4402300769793900E+01
2.17330E+02,3.2000804950182000E+01,1.1999999999999900E+02,8.4473003980792900E+01
2.17340E+02,3.2000805587923800E+01,1.1999999999999900E+02,8.4543707230991100E+01
2.17350E+02,3.2000806225665300E+01,1.1999999999999900E+02,8.4614410520182800E+01
2.17360E+02,3.2000806863406400E+01,1.1999999999999900E+02,8.4685113848163200E+01
2.17370E+02,3.2000807501147100E+01,1.1999999999999900E+02,8.4755817214728800E+01
2.17380E+02,3.2000808138887500E+01,1.1999999999999900E+02,8.4826520619676900E+01
2.17390E+02,3.2000808776627600E+01,1.1999999999999900E+02,8.4897224062806100E+01
2.17400E+02,3.2000809414367300E+01,1.1999999999999900E+02,8.4967927543915800E+01
2.17410E+02,3.2000810052106600E+01,1.1999999999999900E+02,8.5038631062806800E+01
2.17420E+02,3.2000810689845600E+01,1.1999999999999900E+02,8.5109334619280600E+01
2.17430E+02,3.2000811327584300E+01,1.1999999999999900E+02,8.5180038213140000E+01
2.17440E+02,3.2000811965322600E+01,1.1999999999999900E+02,8.5250741844188700E+01
2.17450E+02,3.2000812603060600E+01,1.1999999999999900E+02,8.5321445512231400E+01
2.17460E+02,3.2000813240798600E+01,1.1999999999999900E+02,8.5392149180274200E+01
2.17470E+02,3.2000813878536500E+01,1.1999999999999900E+02,8.5462852848316900E+01
2.17480E+02,3.2000814516274500E+01,1.1999999999999900E+02,8.5533556516359700E+01
2.17490E+02,3.2000815154012400E+01,1.1999999999999900E+02,8.5604260184402500E+01
2.17500E+02,3.2000815791750400E+01,1.1999999999999900E+02,8.5674963852445200E+01
2.17510E+02,3.2000816429488300E+01,1.1999999999999900E+02,8.5745667520488000E+01
2.17520E+02,3.2000817067226200E+01,1.1999999999999900E+02,8.5816371188530700E+01
2.17530E+02,3.2000817704964100E+01,1.1999999999999900E+02,8.5887074856573500E+01
2.17540E+02,3.2000818342702100E+01,1.1999999999999900E+02,8.5957778524616200E+01
2.17550E+02,3.2000818980440000E+01,1.1999999999999900E+02,8.6028482192659000E+01
2.17560E+02,3.2000819618177900E+01,1.1999999999999900E+02,8.6099185860701700E+01
2.17570E+02,3.2000820255915800E+01,1.1999999999999900E+02,8.6169889528744500E+01
2.17580E+02,3.2000820893653600E+01,1.1999999999999900E+02,8.6240593196787200E+01
2.17590E+02,3.2000821531391500E+01,1.1999999999999900E+02,8.6311296864830000E+01
2.17600E+02,3.2000822169129400E+01,1.1999999999999900E+02,8.6382000532872700E+01
2.17610E+02,3.2000822806867200E+01,1.1999999999999900E+02,8.6452704200915500E+01
2.17620E+02,3.2000823444605100E+01,1.1999999999999900E+02,8.6523407868958300E+01
2.17630E+02,3.2000824082343000E+01,1.1999999999999900E+02,8.6594111537001000E+01
2.17640E+02,3.2000824720080800E+01,1.1999999999999900E+02,8.6664815205043800E+01
2.17650E+02,3.2000825357818600E+01,1.1999999999999900E+02,8.6735518873086500E+01
2.17660E+02,3.2000825995556500E+01,1.1999999999999900E+02,8.6806222541129300E+01
2.17670E+02,3.2000826633294300E+01,1.1999999999999900E+02,8.6876926209172000E+01
2.17680E+02,3.2000827271032100E+01,1.1999999999999900E+02,8.6947629877214800E+01
2.17690E+02,3.2000827908769900E+01,1.1999999999999900E+02,8.7018333545257500E+01
2.17700E+02,3.2000828546507700E+01,1.1999999999999900E+02,8.7089037213300300E+01
2.17710E+02,3.2000829184245500E+01,1.1999999999999900E+02,8.7159740881343000E+01
2.17720E+02,3.2000829821983300E+01,1.1999999999999900E+02,8.7230444549385800E+01
2.17730E+02,3.2000830459721000E+01,1.1999999999999900E+02,8.7301148217428500E+01
2.17740E+02,3.2000831097458800E+01,1.1999999999999900E+02,8.7371851885471300E+01
2.17750E+02,3.2000831735196600E+01,1.1999999999999900E+02,8.7442555553514000E+01
2.17760E+02,3.2000832372934300E+01,1.1999999999999900E+02,8.7513259221556800E+01
2.17770E+02,3.2000833010672100E+01,1.1999999999999900E+02,8.7583962889599600E+01
2.17780E+02,3.2000833648409800E+01,1.1999999999999900E+02,8.7654666557642300E+01
2.17790E+02,3.2000834286147600E+01,1.1999999999999900E+02,8.7725370225685100E+01
2.17800E+02,3.2000834923885300E+01,1.1999999999999900E+02,8.7796073893727800E+01
2.17810E+02,3.2000835561623000E+01,1.1999999999999900E+02,8.7866777561770600E+01
2.17820E+02,3.2000836199360700E+01,1.1999999999999900E+02,8.7937481229813300E+01
2.17830E+02,3.2000836837098400E+01,1.1999999999999900E+02,8.8008184897856100E+01
2.17840E+02,3.2000837474836100E+01,1.1999999999999900E+02,8.8078888565898800E+01
2.17850E+02,3.2000838112573800E+01,1.1999999999999900E+02,8.8149592233941600E+01
2.17860E+02,3.2000838750311500E+01,1.1999999999999900E+02,8.8220295901984300E+01
2.17870E+02,3.2000839388049200E+01,1.1999999999999900E+02,8.8290999570027100E+01
2.17880E+02,3.2000840025786800E+01,1.1999999999999900E+02,8.8361703238069800E+01
2.17890E+02,3.2000840663524500E+01,1.1999999999999900E+02,8.8432406906112600E+01
2.17900E+02,3.2000841301262100E+01,1.1999999999999900E+02,8.8503110574155400E+01
2.17910E+02,3.2000841938999800E+01,1.1999999999999900E+02,8.8573814242198100E+01
2.17920E+02,3.2000842576737400E+01,1.1999999999999900E+02,8.8644517910240900E+01
2.17930E+02,3.2000843214475100E+01,1.1999999999999900E+02,8.8715221578283600E+01
2.17940E+02,3.2000843852212700E+01,1.1999999999999900E+02,8.8785925246326400E+01
2.17950E+02,3.2000844489950300E+01,1.1999999999999900E+02,8.8856628914369100E+01
2.17960E+02,3.2000845127687900E+01,1.1999999999999900E+02,8.8927332582411900E+01
2.17970E+02,3.2000845765425500E+01,1.1999999999999900E+02,8.8998036250454600E+01
2.17980E+02,3.2000846403163100E+01,1.1999999999999900E+02,8.9068739918497400E+01
2.17990E+02,3.2000847040900700E+01,1.1999999999999900E+02,8.9139443586540100E+01
2.18000E+02,3.2000847678638300E+01,1.1999999999999900E+02,8.9210147254582900E+01
2.18010E+02,3.2000848316375900E+01,1.1999999999999900E+02,8.9280850922625600E+01
2.18020E+02,3.2000848954113500E+01,1.1999999999999900E+02,8.9351554590668400E+01
2.18030E+02,3.2000849591851000E+01,1.1999999999999900E+02,8.9422258258711100E+01
2.18040E+02,3.2000850229588600E+01,1.1999999999999900E+02,8.9492961926753900E+01
2.18050E+02,3.2000850867326100E+01,1.1999999999999900E+02,8.9563665594796700E+01
2.18060E+02,3.2000851505063700E+01,1.1999999999999900E+02,8.9634369262839400E+01
2.18070E+02,3.2000852142801200E+01,1.1999999999999900E+02,8.9705072930882200E+01
2.18080E+02,3.2000852780538700E+01,1.1999999999999900E+02,8.9775776598924900E+01
2.18090E+02,3.2000853418276200E+01,1.1999999999999900E+02,8.9846480266967700E+01
2.18100E+02,3.2000854056013800E+01,1.1999999999999900E+02,8.9917183935010400E+01
2.18110E+02,3.2000854693751300E+01,1.1999999999999900E+02,8.9987887603053200E+01
2.18120E+02,3.2000855331488800E+01,1.1999999999999900E+02,9.0058591271095900E+01
2.18130E+02,3.2000855969226200E+01,1.1999999999999900E+02,9.0129294939138700E+01
2.18140E+02,3.2000856606963700E+01,1.1999999999999900E+02,9.0199998607181400E+01
2.18150E+02,3.2000857244701200E+01,1.1999999999999900E+02,9.0270702275224200E+01
2.18160E+02,3.2000857882438700E+01,1.1999999999999900E+02,9.0341405943266900E+01
2.18170E+02,3.2000858520176100E+01,1.1999999999999900E+02,9.0412109611309700E+01
2.18180E+02,3.2000859157913600E+01,1.1999999999999900E+02,9.0482813279352400E+01
2.18190E+02,3.2000859795651000E+01,1.1999999999999900E+02,9.0553516947395200E+01
2.18200E+02,3.2000860433388500E+01,1.1999999999999900E+02,9.0624220615438000E+01
2.18210E+02,3.2000861071125900E+01,1.1999999999999900E+02,9.0694924283480700E+01
2.18220E+02,3.2000861708863300E+01,1.1999999999999900E+02,9.0765627951523500E+01
2.18230E+02,3.2000862346600700E+01,1.1999999999999900E+02,9.0836331619566200E+01
2.18240E+02,3.2000862984338200E+01,1.1999999999999900E+02,9.0907035287609000E+01
2.18250E+02,3.2000863622075600E+01,1.1999999999999900E+02,9.0977738955651700E+01
2.18260E+02,3.2000864259813000E+01,1.1999999999999900E+02,9.1048442623694500E+01
2.18270E+02,3.2000864897550400E+01,1.1999999999999900E+02,9.1119146291737200E+01
2.18280E+02,3.2000865535287700E+01,1.1999999999999900E+02,9.1189849959780000E+01
2.18290E+02,3.2000866173025100E+01,1.1999999999999900E+02,9.1260553627822700E+01
2.18300E+02,3.2000866810762500E+01,1.1999999999999900E+02,9.1331257295865500E+01
2.18310E+02,3.2000867448499800E+01,1.1999999999999900E+02,9.1401960963908200E+01
2.18320E+02,3.2000868086237200E+01,1.1999999999999900E+02,9.1472664631951000E+01
2.18330E+02,3.2000868723974500E+01,1.1999999999999900E+02,9.1543368299993800E+01
2.18340E+02,3.2000869361711900E+01,1.1999999999999900E+02,9.1614071968036500E+01
2.18350E+02,3.2000869999449200E+01,1.1999999999999900E+02,9.1684775636079300E+01
2.18360E+02,3.2000870637186500E+01,1.1999999999999900E+02,9.1755479304122000E+01
2.18370E+02,3.2000871274923900E+01,1.1999999999999900E+02,9.1826182972164800E+01
2.18380E+02,3.2000871912661200E+01,1.1999999999999900E+02,9.1896886640207500E+01
2.18390E+02,3.2000872550398500E+01,1.1999999999999900E+02,9.1967590308250300E+01
2.18400E+02,3.2000873188135800E+01,1.1999999999999900E+02,9.2038293976293000E+01
2.18410E+02,3.2000873825873100E+01,1.1999999999999900E+02,9.2108997644335800E+01
2.18420E+02,3.2000874463610300E+01,1.1999999999999900E+02,9.2179701312378500E+01
2.18430E+02,3.2000875101347600E+01,1.1999999999999900E+02,9.2250404980421300E+01
2.18440E+02,3.2000875739084900E+01,1.1999999999999900E+02,9.2321108648464000E+01
2.18450E+02,3.2000876376822100E+01,1.1999999999999900E+02,9.2391812316506800E+01
2.18460E+02,3.2000877014559400E+01,1.1999999999999900E+02,9.2462515984549500E+01
2.18470E+02,3.2000877652296700E+01,1.1999999999999900E+02,9.2533219652592300E+01
2.18480E+02,3.2000878290033900E+01,1.1999999999999900E+02,9.2603923320635100E+01
2.18490E+02,3.2000878927771100E+01,1.1999999999999900E+02,9.2674626988677800E+01
2.18500E+02,3.2000879565508300E+01,1.1999999999999900E+02,9.2745330656720600E+01
2.18510E+02,3.2000880203245600E+01,1.1999999999999900E+02,9.2816034324763300E+01
2.18520E+02,3.2000880840982800E+01,1.1999999999999900E+02,9.2886737992806100E+01
2.18530E+02,3.2000881478720000E+01,1.1999999999999900E+02,9.2957441660848800E+01
2.18540E+02,3.2000882116457200E+01,1.1999999999999900E+02,9.3028145328891600E+01
2.18550E+02,3.2000882754194400E+01,1.1999999999999900E+02,9.3098848996934300E+01
2.18560E+02,3.2000883391931500E+01,1.1999999999999900E+02,9.3169552664977100E+01
2.18570E+02,3.2000884029668700E+01,1.1999999999999900E+02,9.3240256333019800E+01
2.18580E+02,3.2000884667405900E+01,1.1999999999999900E+02,9.3310960001062600E+01
2.18590E+02,3.2000885305143100E+01,1.1999999999999900E+02,9.3381663669105300E+01
2.18600E+02,3.2000885942880200E+01,1.1999999999999900E+02,9.3452367337148100E+01
2.18610E+02,3.2000886580617400E+01,1.1999999999999900E+02,9.3523071005190900E+01
2.18620E+02,3.2000887218354500E+01,1.1999999999999900E+02,9.3593774673233600E+01
2.18630E+02,3.2000887856091600E+01,1.1999999999999900E+02,9.3664478341276400E+01
2.18640E+02,3.2000888493828800E+01,1.1999999999999900E+02,9.3735182009319100E+01
2.18650E+02,3.2000889131565900E+01,1.1999999999999900E+02,9.3805885677361900E+01
2.18660E+02,3.2000889769303000E+01,1.1999999999999900E+02,9.3876589345404600E+01
2.18670E+02,3.2000890407040100E+01,1.1999999999999900E+02,9.3947293013447400E+01
2.18680E+02,3.2000891044777200E+01,1.1999999999999900E+02,9.4017996681490100E+01
2.18690E+02,3.2000891682514300E+01,1.1999999999999900E+02,9.4088700349532900E+01
2.18700E+02,3.2000892320251400E+01,1.1999999999999900E+02,9.4159404017575600E+01
2.18710E+02,3.2000892957988400E+01,1.1999999999999900E+02,9.4230107685618400E+01
2.18720E+02,3.2000893595725500E+01,1.1999999999999900E+02,9.4300811353661100E+01
2.18730E+02,3.2000894233462600E+01,1.1999999999999900E+02,9.4371515021703900E+01
2.18740E+02,3.2000894871199600E+01,1.1999999999999900E+02,9.4442218689746600E+01
2.18750E+02,3.2000895508936700E+01,1.1999999999999900E+02,9.4512922357789400E+01
2.18760E+02,3.2000896146673700E+01,1.1999999999999900E+02,9.4583626025832200E+01
2.18770E+02,3.2000896784410700E+01,1.1999999999999900E+02,9.4654329693874900E+01
2.18780E+02,3.2000897422147800E+01,1.1999999999999900E+02,9.4725033361917700E+01
2.18790E+02,3.2000898059884800E+01,1.1999999999999900E+02,9.4795737029960400E+01
2.18800E+02,3.2000898697621800E+01,1.1999999999999900E+02,9.4866440698003200E+01
2.18810E+02,3.2000899335358800E+01,1.1999999999999900E+02,9.4937144366045900E+01
2.18820E+02,3.2000899973095800E+01,1.1999999999999900E+02,9.5007848034088700E+01
2.18830E+02,3.2000900610832800E+01,1.1999999999999900E+02,9.5078551702131400E+01
2.18840E+02,3.2000901248569800E+01,1.1999999999999900E+02,9.5149255370174200E+01
2.18850E+02,3.2000901886306700E+01,1.1999999999999900E+02,9.5219959038216900E+01
2.18860E+02,3.2000902524043700E+01,1.1999999999999900E+02,9.5290662706259700E+01
2.18870E+02,3.2000903161780700E+01,1.1999999999999900E+02,9.5361366374302400E+01
2.18880E+02,3.2000903799517600E+01,1.1999999999999900E+02,9.5432070042345200E+01
2.18890E+02,3.2000904437254600E+01,1.1999999999999900E+02,9.5502773710387900E+01
2.18900E+02,3.2000905074991500E+01,1.1999999999999900E+02,9.5573477378430700E+01
2.18910E+02,3.2000905712728400E+01,1.1999999999999900E+02,9.5644181046473500E+01
2.18920E+02,3.2000906350465300E+01,1.1999999999999900E+02,9.5714884714516200E+01
2.18930E+02,3.2000906988202300E+01,1.1999999999999900E+02,9.5785588382559000E+01
2.18940E+02,3.2000907625939200E+01,1.1999999999999900E+02,9.5856292050601700E+01
2.18950E+02,3.2000908263676100E+01,1.1999999999999900E+02,9.5926995718644500E+01
2.18960E+02,3.2000908901413000E+01,1.1999999999999900E+02,9.5997699386687200E+01
2.18970E+02,3.2000909539149900E+01,1.1999999999999900E+02,9.6068403054730000E+01
2.18980E+02,3.2000910176886700E+01,1.1999999999999900E+02,9.6139106722772700E+01
2.18990E+02,3.2000910814623600E+01,1.1999999999999900E+02,9.6209810390815500E+01
2.19000E+02,3.2000911452360500E+01,1.1999999999999900E+02,9.6280514058858200E+01
2.19010E+02,3.2000912090097400E+01,1.1999999999999900E+02,9.6351217726901000E+01
2.19020E+02,3.2000912727834200E+01,1.1999999999999900E+02,9.6421921394943700E+01
2.19030E+02,3.2000913365571000E+01,1.1999999999999900E+02,9.6492625062986500E+01
2.19040E+02,3.2000914003307900E+01,1.1999999999999900E+02,9.6563328731029300E+01
2.19050E+02,3.2000914641044700E+01,1.1999999999999900E+02,9.6634032399072000E+01
2.19060E+02,3.2000915278781500E+01,1.1999999999999900E+02,9.6704736067114800E+01
2.19070E+02,3.2000915916518400E+01,1.1999999999999900E+02,9.6775439735157500E+01
2.19080E+02,3.2000916554255200E+01,1.1999999999999900E+02,9.6846143403200300E+01
2.19090E+02,3.2000917191992000E+01,1.1999999999999900E+02,9.6916847071243000E+01
2.19100E+02,3.2000917829728800E+01,1.1999999999999900E+02,9.6987550739285800E+01
2.19110E+02,3.2000918467465600E+01,1.1999999999999900E+02,9.7058254407328500E+01
2.19120E+02,3.2000919105202300E+01,1.1999999999999900E+02,9.7128958075371300E+01
2.19130E+02,3.2000919742939100E+01,1.1999999999999900E+02,9.7199661743414000E+01
2.19140E+02,3.2000920380675900E+01,1.1999999999999900E+02,9.7270365411456800E+01
2.19150E+02,3.2000921018412600E+01,1.1999999999999900E+02,9.7341069079499500E+01
2.19160E+02,3.2000921656149400E+01,1.1999999999999900E+02,9.7411772747542300E+01
2.19170E+02,3.2000922293886100E+01,1.1999999999999900E+02,9.7482476415585000E+01
2.19180E+02,3.2000922931622900E+01,1.1999999999999900E+02,9.7553180083627800E+01
2.19190E+02,3.2000923569359600E+01,1.1999999999999900E+02,9.7623883751670600E+01
2.19200E+02,3.2000924207096300E+01,1.1999999999999900E+02,9.7694587419713300E+01
2.19210E+02,3.2000924844833000E+01,1.1999999999999900E+02,9.7765291087756100E+01
2.19220E+02,3.2000925482569800E+01,1.1999999999999900E+02,9.7835994755798800E+01
2.19230E+02,3.2000926120306500E+01,1.1999999999999900E+02,9.7906698423841600E+01
2.19240E+02,3.2000926758043200E+01,1.1999999999999900E+02,9.7977402091884300E+01
2.19250E+02,3.2000927395779800E+01,1.1999999999999900E+02,9.8048105759927100E+01
2.19260E+02,3.2000928033516500E+01,1.1999999999999900E+02,9.8118809427969800E+01
2.19270E+02,3.2000928671253200E+01,1.1999999999999900E+02,9.8189513096012600E+01
2.19280E+02,3.2000929308989900E+01,1.1999999999999900E+02,9.8260216764055300E+01
2.19290E+02,3.2000929946726500E+01,1.1999999999999900E+02,9.8330920432098100E+01
2.19300E+02,3.2000930584463200E+01,1.1999999999999900E+02,9.8401624100140800E+01
2.19310E+02,3.2000931222199800E+01,1.1999999999999900E+02,9.8472327768183600E+01
2.19320E+02,3.2000931859936500E+01,1.1999999999999900E+02,9.8543031436226300E+01
2.19330E+02,3.2000932497673100E+01,1.1999999999999900E+02,9.8613735104269100E+01
2.19340E+02,3.2000933135409700E+01,1.1999999999999900E+02,9.8684438772311900E+01
2.19350E+02,3.2000933773146300E+01,1.1999999999999900E+02,9.8755142440354600E+01
2.19360E+02,3.2000934410882900E+01,1.1999999999999900E+02,9.8825846108397400E+01
2.19370E+02,3.2000935048619500E+01,1.1999999999999900E+02,9.8896549776440100E+01
2.19380E+02,3.2000935686356100E+01,1.1999999999999900E+02,9.8967253444482900E+01
2.19390E+02,3.2000936324092700E+01,1.1999999999999900E+02,9.9037957112525600E+01
2.19400E+02,3.2000936961829300E+01,1.1999999999999900E+02,9.9108660780568400E+01
2.19410E+02,3.2000937599565900E+01,1.1999999999999900E+02,9.9179364448611100E+01
2.19420E+02,3.2000938237302400E+01,1.1999999999999900E+02,9.9250068116653900E+01
2.19430E+02,3.2000938875039000E+01,1.1999999999999900E+02,9.9320771784696600E+01
2.19440E+02,3.2000939512775600E+01,1.1999999999999900E+02,9.9391475452739400E+01
2.19450E+02,3.2000940150512100E+01,1.1999999999999900E+02,9.9462179120782100E+01
2.19460E+02,3.2000940788248600E+01,1.1999999999999900E+02,9.9532882788824900E+01
2.19470E+02,3.2000941425985200E+01,1.1999999999999900E+02,9.9603586456867700E+01
2.19480E+02,3.2000942063721700E+01,1.1999999999999900E+02,9.9674290124910400E+01
2.19490E+02,3.2000942701458200E+01,1.1999999999999900E+02,9.9744993792953200E+01
2.19500E+02,3.2000943339194700E+01,1.1999999999999900E+02,9.9815697460995900E+01
2.19510E+02,3.2000943976931200E+01,1.1999999999999900E+02,9.9886401129038700E+01
2.19520E+02,3.2000944614667700E+01,1.1999999999999900E+02,9.9957104797081400E+01
2.19530E+02,3.2000945252404200E+01,1.1999999999999900E+02,1.0002780846512400E+02
2.19540E+02,3.2000945890140700E+01,1.1999999999999900E+02,1.0009851213316600E+02
2.19550E+02,3.2000946527877200E+01,1.1999999999999900E+02,1.0016921580120900E+02
2.19560E+02,3.2000947165613600E+01,1.1999999999999900E+02,1.0023991946925200E+02
2.19570E+02,3.2000947803350100E+01,1.1999999999999900E+02,1.0031062313729500E+02
2.19580E+02,3.2000948441086500E+01,1.1999999999999900E+02,1.0038132680533700E+02
2.19590E+02,3.2000949078823000E+01,1.1999999999999900E+02,1.0045203047338000E+02
2.19600E+02,3.2000949716559400E+01,1.1999999999999900E+02,1.0052273414142300E+02
2.19610E+02,3.2000950354295900E+01,1.1999999999999900E+02,1.0059343780946600E+02
2.19620E+02,3.2000950992032300E+01,1.1999999999999900E+02,1.0066414147750900E+02
2.19630E+02,3.2000951629768700E+01,1.1999999999999900E+02,1.0073484514555100E+02
2.19640E+02,3.2000952267505100E+01,1.1999999999999900E+02,1.0080554881359400E+02
2.19650E+02,3.2000952905241500E+01,1.1999999999999900E+02,1.0087625248163700E+02
2.19660E+02,3.2000953542977900E+01,1.1999999999999900E+02,1.0094695614968000E+02
2.19670E+02,3.2000954180714300E+01,1.1999999999999900E+02,1.0101765981772200E+02
2.19680E+02,3.2000954818450700E+01,1.1999999999999900E+02,1.0108836348576500E+02
2.19690E+02,3.2000955456187000E+01,1.1999999999999900E+02,1.0115906715380800E+02
2.19700E+02,3.2000956093923400E+01,1.1999999999999900E+02,1.0122977082185100E+02
2.19710E+02,3.2000956731659800E+01,1.1999999999999900E+02,1.0130047448989300E+02
2.19720E+02,3.2000957369396100E+01,1.1999999999999900E+02,1.0137117815793600E+02
2.19730E+02,3.2000958007132500E+01,1.1999999999999900E+02,1.0144188182597900E+02
2.19740E+02,3.2000958644868800E+01,1.1999999999999900E+02,1.0151258549402200E+02
2.19750E+02,3.2000959282605100E+01,1.1999999999999900E+02,1.0158328916206400E+02
2.19760E+02,3.2000959920341500E+01,1.1999999999999900E+02,1.0165399283010700E+02
2.19770E+02,3.2000960558077800E+01,1.1999999999999900E+02,1.0172469649815000E+02
2.19780E+02,3.2000961195814100E+01,1.1999999999999900E+02,1.0179540016619300E+02
2.19790E+02,3.2000961833550400E+01,1.1999999999999900E+02,1.0186610383423500E+02
2.19800E+02,3.2000962471286700E+01,1.1999999999999900E+02,1.0193680750227800E+02
2.19810E+02,3.2000963109023000E+01,1.1999999999999900E+02,1.0200751117032100E+02
2.19820E+02,3.2000963746759200E+01,1.1999999999999900E+02,1.0207821483836400E+02
2.19830E+02,3.2000964384495500E+01,1.1999999999999900E+02,1.0214891850640600E+02
2.19840E+02,3.2000965022231800E+01,1.1999999999999900E+02,1.0221962217444900E+02
2.19850E+02,3.2000965659968000E+01,1.1999999999999900E+02,1.0229032584249200E+02
2.19860E+02,3.2000966297704300E+01,1.1999999999999900E+02,1.0236102951053500E+02
2.19870E+02,3.2000966935440500E+01,1.1999999999999900E+02,1.0243173317857700E+02
2.19880E+02,3.2000967573176800E+01,1.1999999999999900E+02,1.0250243684662000E+02
2.19890E+02,3.2000968210913000E+01,1.1999999999999900E+02,1.0257314051466300E+02
2.19900E+02,3.2000968848649200E+01,1.1999999999999900E+02,1.0264384418270600E+02
2.19910E+02,3.2000969486385400E+01,1.1999999999999900E+02,1.0271454785074800E+02
2.19920E+02,3.2000970124121600E+01,1.1999999999999900E+02,1.0278525151879100E+02
2.19930E+02,3.2000970761857800E+01,1.1999999999999900E+02,1.0285595518683400E+02
2.19940E+02,3.2000971399594000E+01,1.1999999999999900E+02,1.0292665885487700E+02
2.19950E+02,3.2000972037330200E+01,1.1999999999999900E+02,1.0299736252291900E+02
2.19960E+02,3.2000972675066400E+01,1.1999999999999900E+02,1.0306806619096200E+02
2.19970E+02,3.2000973312802600E+01,1.1999999999999900E+02,1.0313876985900500E+02
2.19980E+02,3.2000973950538700E+01,1.1999999999999900E+02,1.0320947352704800E+02
2.19990E+02,3.2000974588274900E+01,1.1999999999999900E+02,1.0328017719509000E+02
2.20000E+02,3.2000975226011100E+01,1.1999999999999900E+02,1.0335088086313300E+02
2.20010E+02,3.2000975863747200E+01,1.1999999999999900E+02,1.0342158453117600E+02
2.20020E+02,3.2000976501483300E+01,1.1999999999999900E+02,1.0349228819921900E+02
2.20030E+02,3.2000977139219500E+01,1.1999999999999900E+02,1.0356299186726100E+02
2.20040E+02,3.2000977776955600E+01,1.1999999999999900E+02,1.0363369553530400E+02
2.20050E+02,3.2000978414691700E+01,1.1999999999999900E+02,1.0370439920334700E+02
2.20060E+02,3.2000979052427800E+01,1.1999999999999900E+02,1.0377510287139000E+02
2.20070E+02,3.2000979690163900E+01,1.1999999999999900E+02,1.0384580653943200E+02
2.20080E+02,3.2000980327900000E+01,1.1999999999999900E+02,1.0391651020747500E+02
2.20090E+02,3.2000980965636100E+01,1.1999999999999900E+02,1.0398721387551800E+02
2.20100E+02,3.2000981603372200E+01,1.1999999999999900E+02,1.0405791754356100E+02
2.20110E+02,3.2000982241108200E+01,1.1999999999999900E+02,1.0412862121160300E+02
2.20120E+02,3.2000982878844300E+01,1.1999999999999900E+02,1.0419932487964600E+02
2.20130E+02,3.2000983516580400E+01,1.1999999999999900E+02,1.0427002854768900E+02
2.20140E+02,3.2000984154316400E+01,1.1999999999999900E+02,1.0434073221573200E+02
2.20150E+02,3.2000984792052500E+01,1.1999999999999900E+02,1.0441143588377400E+02
2.20160E+02,3.2000985429788500E+01,1.1999999999999900E+02,1.0448213955181700E+02
2.20170E+02,3.2000986067524500E+01,1.1999999999999900E+02,1.0455284321986000E+02
2.20180E+02,3.2000986705260500E+01,1.1999999999999900E+02,1.0462354688790300E+02
2.20190E+02,3.2000987342996600E+01,1.1999999999999900E+02,1.0469425055594500E+02
2.20200E+02,3.2000987980732600E+01,1.1999999999999900E+02,1.0476495422398800E+02
2.20210E+02,3.2000988618468600E+01,1.1999999999999900E+02,1.0483565789203100E+02
2.20220E+02,3.2000989256204600E+01,1.1999999999999900E+02,1.0490636156007400E+02
2.20230E+02,3.2000989893940600E+01,1.1999999999999900E+02,1.0497706522811600E+02
2.20240E+02,3.2000990531676500E+01,1.1999999999999900E+02,1.0504776889615900E+02
2.20250E+02,3.2000991169412500E+01,1.1999999999999900E+02,1.0511847256420200E+02
2.20260E+02,3.2000991807148500E+01,1.1999999999999900E+02,1.0518917623224500E+02
2.20270E+02,3.2000992444884400E+01,1.1999999999999900E+02,1.0525987990028700E+02
2.20280E+02,3.2000993082620400E+01,1.1999999999999900E+02,1.0533058356833000E+02
2.20290E+02,3.2000993720356300E+01,1.1999999999999900E+02,1.0540128723637300E+02
2.20300E+02,3.2000994358092300E+01,1.1999999999999900E+02,1.0547199090441600E+02
2.20310E+02,3.2000994995828200E+01,1.1999999999999900E+02,1.0554269457245800E+02
2.20320E+02,3.2000995633564100E+01,1.1999999999999900E+02,1.0561339824050100E+02
2.20330E+02,3.2000996271300000E+01,1.1999999999999900E+02,1.0568410190854400E+02
2.20340E+02,3.2000996909035900E+01,1.1999999999999900E+02,1.0575480557658700E+02
2.20350E+02,3.2000997546771800E+01,1.1999999999999900E+02,1.0582550924463000E+02
2.20360E+02,3.2000998184507700E+01,1.1999999999999900E+02,1.0589621291267200E+02
2.20370E+02,3.2000998822243600E+01,1.1999999999999900E+02,1.0596691658071500E+02
2.20380E+02,3.2000999459979500E+01,1.1999999999999900E+02,1.0603762024875800E+02
2.20390E+02,3.2001000097715400E+01,1.1999999999999900E+02,1.0610832391680100E+02
2.20400E+02,3.2001000735451200E+01,1.1999999999999900E+02,1.0617902758484300E+02
2.20410E+02,3.2001001373187100E+01,1.1999999999999900E+02,1.0624973125288600E+02
2.20420E+02,3.2001002010922900E+01,1.1999999999999900E+02,1.0632043492092900E+02
2.20430E+02,3.2001002648658800E+01,1.1999999999999900E+02,1.0639113858897200E+02
2.20440E+02,3.2001003286394600E+01,1.1999999999999900E+02,1.0646184225701400E+02
2.20450E+02,3.2001003924130400E+01,1.1999999999999900E+02,1.0653254592505700E+02
2.20460E+02,3.2001004561866300E+01,1.1999999999999900E+02,1.0660324959310000E+02
2.20470E+02,3.2001005199602100E+01,1.1999999999999900E+02,1.0667395326114300E+02
2.20480E+02,3.2001005837337900E+01,1.1999999999999900E+02,1.0674465692918500E+02
2.20490E+02,3.2001006475073700E+01,1.1999999999999900E+02,1.0681536059722800E+02
2.20500E+02,3.2001007112809500E+01,1.1999999999999900E+02,1.0688606426527100E+02
2.20510E+02,3.2001007750545300E+01,1.1999999999999900E+02,1.0695676793331400E+02
2.20520E+02,3.2001008388281000E+01,1.1999999999999900E+02,1.0702747160135600E+02
2.20530E+02,3.2001009026016800E+01,1.1999999999999900E+02,1.0709817526939900E+02
2.20540E+02,3.2001009663752600E+01,1.1999999999999900E+02,1.0716887893744200E+02
2.20550E+02,3.2001010301488300E+01,1.1999999999999900E+02,1.0723958260548500E+02
2.20560E+02,3.2001010939224100E+01,1.1999999999999900E+02,1.0731028627352700E+02
2.20570E+02,3.2001011576959800E+01,1.1999999999999900E+02,1.0738098994157000E+02
2.20580E+02,3.2001012214695600E+01,1.1999999999999900E+02,1.0745169360961300E+02
2.20590E+02,3.2001012852431300E+01,1.1999999999999900E+02,1.0752239727765600E+02
2.20600E+02,3.2001013490167000E+01,1.1999999999999900E+02,1.0759310094569800E+02
2.20610E+02,3.2001014127902700E+01,1.1999999999999900E+02,1.0766380461374100E+02
2.20620E+02,3.2001014765638400E+01,1.1999999999999900E+02,1.0773450828178400E+02
2.20630E+02,3.2001015403374100E+01,1.1999999999999900E+02,1.0780521194982700E+02
2.20640E+02,3.2001016041109800E+01,1.1999999999999900E+02,1.0787591561786900E+02
2.20650E+02,3.2001016678845500E+01,1.1999999999999900E+02,1.0794661928591200E+02
2.20660E+02,3.2001017316581200E+01,1.1999999999999900E+02,1.0801732295395500E+02
2.20670E+02,3.2001017954316900E+01,1.1999999999999900E+02,1.0808802662199800E+02
2.20680E+02,3.2001018592052500E+01,1.1999999999999900E+02,1.0815873029004000E+02
2.20690E+02,3.2001019229788200E+01,1.1999999999999900E+02,1.0822943395808300E+02
2.20700E+02,3.2001019867523800E+01,1.1999999999999900E+02,1.0830013762612600E+02
2.20710E+02,3.2001020505259500E+01,1.1999999999999900E+02,1.0837084129416900E+02
2.20720E+02,3.2001021142995100E+01,1.1999999999999900E+02,1.0844154496221100E+02
2.20730E+02,3.2001021780730700E+01,1.1999999999999900E+02,1.0851224863025400E+02
2.20740E+02,3.2001022418466400E+01,1.1999999999999900E+02,1.0858295229829700E+02
2.20750E+02,3.2001023056202000E+01,1.1999999999999900E+02,1.0865365596634000E+02
2.20760E+02,3.2001023693937600E+01,1.1999999999999900E+02,1.0872435963438200E+02
2.20770E+02,3.2001024331673200E+01,1.1999999999999900E+02,1.0879506330242500E+02
2.20780E+02,3.2001024969408800E+01,1.1999999999999900E+02,1.0886576697046800E+02
2.20790E+02,3.2001025607144400E+01,1.1999999999999900E+02,1.0893647063851100E+02
2.20800E+02,3.2001026244879900E+01,1.1999999999999900E+02,1.0900717430655300E+02
2.20810E+02,3.2001026882615500E+01,1.1999999999999900E+02,1.0907787797459600E+02
2.20820E+02,3.2001027520351100E+01,1.1999999999999900E+02,1.0914858164263900E+02
2.20830E+02,3.2001028158086600E+01,1.1999999999999900E+02,1.0921928531068200E+02
2.20840E+02,3.2001028795822200E+01,1.1999999999999900E+02,1.0928998897872400E+02
2.20850E+02,3.2001029433557700E+01,1.1999999999999900E+02,1.0936069264676700E+02
2.20860E+02,3.2001030071293300E+01,1.1999999999999900E+02,1.0943139631481000E+02
2.20870E+02,3.2001030709028800E+01,1.1999999999999900E+02,1.0950209998285300E+02
2.20880E+02,3.2001031346764300E+01,1.1999999999999900E+02,1.0957280365089500E+02
2.20890E+02,3.2001031984499800E+01,1.1999999999999900E+02,1.0964350731893800E+02
2.20900E+02,3.2001032622235300E+01,1.1999999999999900E+02,1.0971421098698100E+02
2.20910E+02,3.2001033259970800E+01,1.1999999999999900E+02,1.0978491465502400E+02
2.20920E+02,3.2001033897706300E+01,1.1999999999999900E+02,1.0985561832306600E+02
2.20930E+02,3.2001034535441800E+01,1.1999999999999900E+02,1.0992632199110900E+02
2.20940E+02,3.2001035173177300E+01,1.1999999999999900E+02,1.0999702565915200E+02
2.20950E+02,3.2001035810912800E+01,1.1999999999999900E+02,1.1006772932719500E+02
2.20960E+02,3.2001036448648200E+01,1.1999999999999900E+02,1.1013843299523700E+02
2.20970E+02,3.2001037086383700E+01,1.1999999999999900E+02,1.1020913666328000E+02
2.20980E+02,3.2001037724119100E+01,1.1999999999999900E+02,1.1027984033132300E+02
2.20990E+02,3.2001038361854600E+01,1.1999999999999900E+02,1.1035054399936600E+02
2.21000E+02,3.2001038999590000E+01,1.1999999999999900E+02,1.1042124766740800E+02
2.21010E+02,3.2001039637325400E+01,1.1999999999999900E+02,1.1049195133545100E+02
2.21020E+02,3.2001040275060900E+01,1.1999999999999900E+02,1.1056265500349400E+02
2.21030E+02,3.2001040912796300E+01,1.1999999999999900E+02,1.1063335867153700E+02
2.21040E+02,3.2001041550531700E+01,1.1999999999999900E+02,1.1070406233958000E+02
2.21050E+02,3.2001042188267100E+01,1.1999999999999900E+02,1.1077476600762200E+02
2.21060E+02,3.2001042826002500E+01,1.1999999999999900E+02,1.1084546967566500E+02
2.21070E+02,3.2001043463737900E+01,1.1999999999999900E+02,1.1091617334370800E+02
2.21080E+02,3.2001044101473200E+01,1.1999999999999900E+02,1.1098687701175100E+02
2.21090E+02,3.2001044739208600E+01,1.1999999999999900E+02,1.1105758067979300E+02
2.21100E+02,3.2001045376944000E+01,1.1999999999999900E+02,1.1112828434783600E+02
2.21110E+02,3.2001046014679300E+01,1.1999999999999900E+02,1.1119898801587900E+02
2.21120E+02,3.2001046652414700E+01,1.1999999999999900E+02,1.1126969168392200E+02
2.21130E+02,3.2001047290150000E+01,1.1999999999999900E+02,1.1134039535196400E+02
2.21140E+02,3.2001047927885300E+01,1.1999999999999900E+02,1.1141109902000700E+02
2.21150E+02,3.2001048565620700E+01,1.1999999999999900E+02,1.1148180268805000E+02
2.21160E+02,3.2001049203356000E+01,1.1999999999999900E+02,1.1155250635609300E+02
2.21170E+02,3.2001049841091300E+01,1.1999999999999900E+02,1.1162321002413500E+02
2.21180E+02,3.2001050478826600E+01,1.1999999999999900E+02,1.1169391369217800E+02
2.21190E+02,3.2001051116561900E+01,1.1999999999999900E+02,1.1176461736022100E+02
2.21200E+02,3.2001051754297200E+01,1.1999999999999900E+02,1.1183532102826400E+02
2.21210E+02,3.2001052392032500E+01,1.1999999999999900E+02,1.1190602469630600E+02
2.21220E+02,3.2001053029767800E+01,1.1999999999999900E+02,1.1197672836434900E+02
2.21230E+02,3.2001053667503000E+01,1.1999999999999900E+02,1.1204743203239200E+02
2.21240E+02,3.2001054305238300E+01,1.1999999999999900E+02,1.1211813570043500E+02
2.21250E+02,3.2001054942973600E+01,1.1999999999999900E+02,1.1218883936847700E+02
2.21260E+02,3.2001055580708800E+01,1.1999999999999900E+02,1.1225954303652000E+02
2.21270E+02,3.2001056218444000E+01,1.1999999999999900E+02,1.1233024670456300E+02
2.21280E+02,3.2001056856179300E+01,1.1999999999999900E+02,1.1240095037260600E+02
2.21290E+02,3.2001057493914500E+01,1.1999999999999900E+02,1.1247165404064800E+02
2.21300E+02,3.2001058131649700E+01,1.1999999999999900E+02,1.1254235770869100E+02
2.21310E+02,3.2001058769384900E+01,1.1999999999999900E+02,1.1261306137673400E+02
2.21320E+02,3.2001059407120200E+01,1.1999999999999900E+02,1.1268376504477700E+02
2.21330E+02,3.2001060044855300E+01,1.1999999999999900E+02,1.1275446871281900E+02
2.21340E+02,3.2001060682590500E+01,1.1999999999999900E+02,1.1282517238086200E+02
2.21350E+02,3.2001061320325700E+01,1.1999999999999900E+02,1.1289587604890500E+02
2.21360E+02,3.2001061958060900E+01,1.1999999999999900E+02,1.1296657971694800E+02
2.21370E+02,3.2001062595796100E+01,1.1999999999999900E+02,1.1303728338499000E+02
2.21380E+02,3.2001063233531200E+01,1.1999999999999900E+02,1.1310798705303300E+02
2.21390E+02,3.2001063871266400E+01,1.1999999999999900E+02,1.1317869072107600E+02
2.21400E+02,3.2001064509001500E+01,1.1999999999999900E+02,1.1324939438911900E+02
2.21410E+02,3.2001065146736700E+01,1.1999999999999900E+02,1.1332009805716100E+02
2.21420E+02,3.2001065784471800E+01,1.1999999999999900E+02,1.1339080172520400E+02
2.21430E+02,3.2001066422206900E+01,1.1999999999999900E+02,1.1346150539324700E+02
2.21440E+02,3.2001067059942100E+01,1.1999999999999900E+02,1.1353220906129000E+02
2.21450E+02,3.2001067697677200E+01,1.1999999999999900E+02,1.1360291272933200E+02
2.21460E+02,3.2001068335412300E+01,1.1999999999999900E+02,1.1367361639737500E+02
2.21470E+02,3.2001068973147400E+01,1.1999999999999900E+02,1.1374432006541800E+02
2.21480E+02,3.2001069610882500E+01,1.1999999999999900E+02,1.1381502373346100E+02
2.21490E+02,3.2001070248617600E+01,1.1999999999999900E+02,1.1388572740150300E+02
2.21500E+02,3.2001070886352600E+01,1.1999999999999900E+02,1.1395643106954600E+02
2.21510E+02,3.2001071524087700E+01,1.1999999999999900E+02,1.1402713473758900E+02
2.21520E+02,3.2001072161822800E+01,1.1999999999999900E+02,1.1409783840563200E+02
2.21530E+02,3.2001072799557800E+01,1.1999999999999900E+02,1.1416854207367400E+02
2.21540E+02,3.2001073437292900E+01,1.1999999999999900E+02,1.1423924574171700E+02
2.21550E+02,3.2001074075027900E+01,1.1999999999999900E+02,1.1430994940976000E+02
2.21560E+02,3.2001074712762900E+01,1.1999999999999900E+02,1.1438065307780300E+02
2.21570E+02,3.2001075350498000E+01,1.1999999999999900E+02,1.1445135674584500E+02
2.21580E+02,3.2001075988233000E+01,1.1999999999999900E+02,1.1452206041388800E+02
2.21590E+02,3.2001076625968000E+01,1.1999999999999900E+02,1.1459276408193100E+02
2.21600E+02,3.2001077263703000E+01,1.1999999999999900E+02,1.1466346774997400E+02
2.21610E+02,3.2001077901438000E+01,1.1999999999999900E+02,1.1473417141801600E+02
2.21620E+02,3.2001078539173000E+01,1.1999999999999900E+02,1.1480487508605900E+02
2.21630E+02,3.2001079176908000E+01,1.1999999999999900E+02,1.1487557875410200E+02
2.21640E+02,3.2001079814643000E+01,1.1999999999999900E+02,1.1494628242214500E+02
2.21650E+02,3.2001080452377900E+01,1.1999999999999900E+02,1.1501698609018700E+02
2.21660E+02,3.2001081090112900E+01,1.1999999999999900E+02,1.1508768975823000E+02
2.21670E+02,3.2001081727847800E+01,1.1999999999999900E+02,1.1515839342627300E+02
2.21680E+02,3.2001082365582800E+01,1.1999999999999900E+02,1.1522909709431600E+02
2.21690E+02,3.2001083003317700E+01,1.1999999999999900E+02,1.1529980076235800E+02
2.21700E+02,3.2001083641052700E+01,1.1999999999999900E+02,1.1537050443040100E+02
2.21710E+02,3.2001084278787600E+01,1.1999999999999900E+02,1.1544120809844400E+02
2.21720E+02,3.2001084916522500E+01,1.1999999999999900E+02,1.1551191176648700E+02
2.21730E+02,3.2001085554257400E+01,1.1999999999999900E+02,1.1558261543452900E+02
2.21740E+02,3.2001086191992300E+01,1.1999999999999900E+02,1.1565331910257200E+02
2.21750E+02,3.2001086829727200E+01,1.1999999999999900E+02,1.1572402277061500E+02
2.21760E+02,3.2001087467462100E+01,1.1999999999999900E+02,1.1579472643865800E+02
2.21770E+02,3.2001088105197000E+01,1.1999999999999900E+02,1.1586543010670100E+02
2.21780E+02,3.2001088742931900E+01,1.1999999999999900E+02,1.1593613377474300E+02
2.21790E+02,3.2001089380666700E+01,1.1999999999999900E+02,1.1600683744278600E+02
2.21800E+02,3.2001090018401600E+01,1.1999999999999900E+02,1.1607754111082900E+02
2.21810E+02,3.2001090656136500E+01,1.1999999999999900E+02,1.1614824477887200E+02
2.21820E+02,3.2001091293871300E+01,1.1999999999999900E+02,1.1621894844691400E+02
2.21830E+02,3.2001091931606200E+01,1.1999999999999900E+02,1.1628965211495700E+02
2.21840E+02,3.2001092569341000E+01,1.1999999999999900E+02,1.1636035578300000E+02
2.21850E+02,3.2001093207075800E+01,1.1999999999999900E+02,1.1643105945104300E+02
2.21860E+02,3.2001093844810600E+01,1.1999999999999900E+02,1.1650176311908500E+02
2.21870E+02,3.2001094482545400E+01,1.1999999999999900E+02,1.1657246678712800E+02
2.21880E+02,3.2001095120280200E+01,1.1999999999999900E+02,1.1664317045517100E+02
2.21890E+02,3.2001095758015000E+01,1.1999999999999900E+02,1.1671387412321400E+02
2.21900E+02,3.2001096395749800E+01,1.1999999999999900E+02,1.1678457779125600E+02
2.21910E+02,3.2001097033484600E+01,1.1999999999999900E+02,1.1685528145929900E+02
2.21920E+02,3.2001097671219400E+01,1.1999999999999900E+02,1.1692598512734200E+02
2.21930E+02,3.2001098308954200E+01,1.1999999999999900E+02,1.1699668879538500E+02
2.21940E+02,3.2001098946688900E+01,1.1999999999999900E+02,1.1706739246342700E+02
2.21950E+02,3.2001099584423700E+01,1.1999999999999900E+02,1.1713809613147000E+02
2.21960E+02,3.2001100222158400E+01,1.1999999999999900E+02,1.1720879979951300E+02
2.21970E+02,3.2001100859893200E+01,1.1999999999999900E+02,1.1727950346755600E+02
2.21980E+02,3.2001101497627900E+01,1.1999999999999900E+02,1.1735020713559800E+02
2.21990E+02,3.2001102135362600E+01,1.1999999999999900E+02,1.1742091080364100E+02
2.22000E+02,3.2001102773097300E+01,1.1999999999999900E+02,1.1749161447168400E+02
2.22010E+02,3.2001103410832100E+01,1.1999999999999900E+02,1.1756231813972700E+02
2.22020E+02,3.2001104048566800E+01,1.1999999999999900E+02,1.1763302180776900E+02
2.22030E+02,3.2001104686301500E+01,1.1999999999999900E+02,1.1770372547581200E+02
2.22040E+02,3.2001105324036200E+01,1.1999999999999900E+02,1.1777442914385500E+02
2.22050E+02,3.2001105961770800E+01,1.1999999999999900E+02,1.1784513281189800E+02
2.22060E+02,3.2001106599505500E+01,1.1999999999999900E+02,1.1791583647994000E+02
2.22070E+02,3.2001107237240200E+01,1.1999999999999900E+02,1.1798654014798300E+02
2.22080E+02,3.2001107874974800E+01,1.1999999999999900E+02,1.1805724381602600E+02
2.22090E+02,3.2001108512709500E+01,1.1999999999999900E+02,1.1812794748406900E+02
2.22100E+02,3.2001109150444100E+01,1.1999999999999900E+02,1.1819865115211100E+02
2.22110E+02,3.2001109788178800E+01,1.1999999999999900E+02,1.1826935482015400E+02
2.22120E+02,3.2001110425913400E+01,1.1999999999999900E+02,1.1834005848819700E+02
2.22130E+02,3.2001111063648000E+01,1.1999999999999900E+02,1.1841076215624000E+02
2.22140E+02,3.2001111701382700E+01,1.1999999999999900E+02,1.1848146582428200E+02
2.22150E+02,3.2001112339117300E+01,1.1999999999999900E+02,1.1855216949232500E+02
2.22160E+02,3.2001112976851900E+01,1.1999999999999900E+02,1.1862287316036800E+02
2.22170E+02,3.2001113614586500E+01,1.1999999999999900E+02,1.1869357682841100E+02
2.22180E+02,3.2001114252321100E+01,1.1999999999999900E+02,1.1876428049645300E+02
2.22190E+02,3.2001114890055700E+01,1.1999999999999900E+02,1.1883498416449600E+02
2.22200E+02,3.2001115527790200E+01,1.1999999999999900E+02,1.1890568783253900E+02
2.22210E+02,3.2001116165524800E+01,1.1999999999999900E+02,1.1897639150058200E+02
2.22220E+02,3.2001116803259400E+01,1.1999999999999900E+02,1.1904709516862400E+02
2.22230E+02,3.2001117440993900E+01,1.1999999999999900E+02,1.1911779883666700E+02
2.22240E+02,3.2001118078728500E+01,1.1999999999999900E+02,1.1918850250471000E+02
2.22250E+02,3.2001118716463000E+01,1.1999999999999900E+02,1.1925920617275300E+02
2.22260E+02,3.2001119354197500E+01,1.1999999999999900E+02,1.1932990984079500E+02
2.22270E+02,3.2001119991932100E+01,1.1999999999999900E+02,1.1940061350883800E+02
2.22280E+02,3.2001120629666600E+01,1.1999999999999900E+02,1.1947131717688100E+02
2.22290E+02,3.2001121267401100E+01,1.1999999999999900E+02,1.1954202084492400E+02
2.22300E+02,3.2001121905135600E+01,1.1999999999999900E+02,1.1961272451296600E+02
2.22310E+02,3.2001122542870100E+01,1.1999999999999900E+02,1.1968342818100900E+02
2.22320E+02,3.2001123180604600E+01,1.1999999999999900E+02,1.1975413184905200E+02
2.22330E+02,3.2001123818339100E+01,1.1999999999999900E+02,1.1982483551709500E+02
2.22340E+02,3.2001124456073500E+01,1.1999999999999900E+02,1.1989553918513700E+02
2.22350E+02,3.2001125093808000E+01,1.1999999999999900E+02,1.1996624285318000E+02
2.22360E+02,3.2001125731542500E+01,1.1999999999999900E+02,1.2003694652122300E+02
2.22370E+02,3.2001126369276900E+01,1.1999999999999900E+02,1.2010765018926600E+02
2.22380E+02,3.2001127007011400E+01,1.1999999999999900E+02,1.2017835385730800E+02
2.22390E+02,3.2001127644745800E+01,1.1999999999999900E+02,1.2024905752535100E+02
2.22400E+02,3.2001128282480200E+01,1.1999999999999900E+02,1.2031976119339400E+02
2.22410E+02,3.2001128920214700E+01,1.1999999999999900E+02,1.2039046486143700E+02
2.22420E+02,3.2001129557949100E+01,1.1999999999999900E+02,1.2046116852947900E+02
2.22430E+02,3.2001130195683500E+01,1.1999999999999900E+02,1.2053187219752200E+02
2.22440E+02,3.2001130833417900E+01,1.1999999999999900E+02,1.2060257586556500E+02
2.22450E+02,3.2001131471152300E+01,1.1999999999999900E+02,1.2067327953360800E+02
2.22460E+02,3.2001132108886700E+01,1.1999999999999900E+02,1.2074398320165100E+02
2.22470E+02,3.2001132746621100E+01,1.1999999999999900E+02,1.2081468686969300E+02
2.22480E+02,3.2001133384355400E+01,1.1999999999999900E+02,1.2088539053773600E+02
2.22490E+02,3.2001134022089800E+01,1.1999999999999900E+02,1.2095609420577900E+02
2.22500E+02,3.2001134659824200E+01,1.1999999999999900E+02,1.2102679787382200E+02
2.22510E+02,3.2001135297558500E+01,1.1999999999999900E+02,1.2109750154186400E+02
2.22520E+02,3.2001135935292900E+01,1.1999999999999900E+02,1.2116820520990700E+02
2.22530E+02,3.2001136573027200E+01,1.1999999999999900E+02,1.2123890887795000E+02
2.22540E+02,3.2001137210761500E+01,1.1999999999999900E+02,1.2130961254599300E+02
2.22550E+02,3.2001137848495900E+01,1.1999999999999900E+02,1.2138031621403500E+02
2.22560E+02,3.2001138486230200E+01,1.1999999999999900E+02,1.2145101988207800E+02
2.22570E+02,3.2001139123964500E+01,1.1999999999999900E+02,1.2152172355012100E+02
2.22580E+02,3.2001139761698800E+01,1.1999999999999900E+02,1.2159242721816400E+02
2.22590E+02,3.2001140399433100E+01,1.1999999999999900E+02,1.2166313088620600E+02
2.22600E+02,3.2001141037167400E+01,1.1999999999999900E+02,1.2173383455424900E+02
2.22610E+02,3.2001141674901700E+01,1.1999999999999900E+02,1.2180453822229200E+02
2.22620E+02,3.2001142312635900E+01,1.1999999999999900E+02,1.2187524189033500E+02
2.22630E+02,3.2001142950370200E+01,1.1999999999999900E+02,1.2194594555837700E+02
2.22640E+02,3.2001143588104500E+01,1.1999999999999900E+02,1.2201664922642000E+02
2.22650E+02,3.2001144225838700E+01,1.1999999999999900E+02,1.2208735289446300E+02
2.22660E+02,3.2001144863573000E+01,1.1999999999999900E+02,1.2215805656250600E+02
2.22670E+02,3.2001145501307200E+01,1.1999999999999900E+02,1.2222876023054800E+02
2.22680E+02,3.2001146139041400E+01,1.1999999999999900E+02,1.2229946389859100E+02
2.22690E+02,3.2001146776775700E+01,1.1999999999999900E+02,1.2237016756663400E+02
2.22700E+02,3.2001147414509900E+01,1.1999999999999900E+02,1.2244087123467700E+02
2.22710E+02,3.2001148052244100E+01,1.1999999999999900E+02,1.2251157490271900E+02
2.22720E+02,3.2001148689978300E+01,1.1999999999999900E+02,1.2258227857076200E+02
2.22730E+02,3.2001149327712500E+01,1.1999999999999900E+02,1.2265298223880500E+02
2.22740E+02,3.2001149965446700E+01,1.1999999999999900E+02,1.2272368590684800E+02
2.22750E+02,3.2001150603180900E+01,1.1999999999999900E+02,1.2279438957489000E+02
2.22760E+02,3.2001151240915000E+01,1.1999999999999900E+02,1.2286509324293300E+02
2.22770E+02,3.2001151878649200E+01,1.1999999999999900E+02,1.2293579691097600E+02
2.22780E+02,3.2001152516383400E+01,1.1999999999999900E+02,1.2300650057901900E+02
2.22790E+02,3.2001153154117500E+01,1.1999999999999900E+02,1.2307720424706100E+02
2.22800E+02,3.2001153791851700E+01,1.1999999999999900E+02,1.2314790791510400E+02
2.22810E+02,3.2001154429585800E+01,1.1999999999999900E+02,1.2321861158314700E+02
2.22820E+02,3.2001155067319900E+01,1.1999999999999900E+02,1.2328931525119000E+02
2.22830E+02,3.2001155705054100E+01,1.1999999999999900E+02,1.2336001891923200E+02
2.22840E+02,3.2001156342788200E+01,1.1999999999999900E+02,1.2343072258727500E+02
2.22850E+02,3.2001156980522300E+01,1.1999999999999900E+02,1.2350142625531800E+02
2.22860E+02,3.2001157618256400E+01,1.1999999999999900E+02,1.2357212992336100E+02
2.22870E+02,3.2001158255990500E+01,1.1999999999999900E+02,1.2364283359140300E+02
2.22880E+02,3.2001158893724600E+01,1.1999999999999900E+02,1.2371353725944600E+02
2.22890E+02,3.2001159531458700E+01,1.1999999999999900E+02,1.2378424092748900E+02
2.22900E+02,3.2001160169192700E+01,1.1999999999999900E+02,1.2385494459553200E+02
2.22910E+02,3.2001160806926800E+01,1.1999999999999900E+02,1.2392564826357400E+02
2.22920E+02,3.2001161444660900E+01,1.1999999999999900E+02,1.2399635193161700E+02
2.22930E+02,3.2001162082394900E+01,1.1999999999999900E+02,1.2406705559966000E+02
2.22940E+02,3.2001162720129000E+01,1.1999999999999900E+02,1.2413775926770300E+02
2.22950E+02,3.2001163357863000E+01,1.1999999999999900E+02,1.2420846293574500E+02
2.22960E+02,3.2001163995597000E+01,1.1999999999999900E+02,1.2427916660378800E+02
2.22970E+02,3.2001164633331100E+01,1.1999999999999900E+02,1.2434987027183100E+02
2.22980E+02,3.2001165271065100E+01,1.1999999999999900E+02,1.2442057393987400E+02
2.22990E+02,3.2001165908799100E+01,1.1999999999999900E+02,1.2449127760791600E+02
2.23000E+02,3.2001166546533100E+01,1.1999999999999900E+02,1.2456198127595900E+02
2.23010E+02,3.2001167184267100E+01,1.1999999999999900E+02,1.2463268494400200E+02
2.23020E+02,3.2001167822001100E+01,1.1999999999999900E+02,1.2470338861204500E+02
2.23030E+02,3.2001168459735000E+01,1.1999999999999900E+02,1.2477409228008700E+02
2.23040E+02,3.2001169097469000E+01,1.1999999999999900E+02,1.2484479594813000E+02
2.23050E+02,3.2001169735203000E+01,1.1999999999999900E+02,1.2491549961617300E+02
2.23060E+02,3.2001170372936900E+01,1.1999999999999900E+02,1.2498620328421600E+02
2.23070E+02,3.2001171010670900E+01,1.1999999999999900E+02,1.2505690695225800E+02
2.23080E+02,3.2001171648404800E+01,1.1999999999999900E+02,1.2512761062030100E+02
2.23090E+02,3.2001172286138800E+01,1.1999999999999900E+02,1.2519831428834400E+02
2.23100E+02,3.2001172923872700E+01,1.1999999999999900E+02,1.2526901795638700E+02
2.23110E+02,3.2001173561606600E+01,1.1999999999999900E+02,1.2533972162442900E+02
2.23120E+02,3.2001174199340600E+01,1.1999999999999900E+02,1.2541042529247200E+02
2.23130E+02,3.2001174837074500E+01,1.1999999999999900E+02,1.2548112896051500E+02
2.23140E+02,3.2001175474808400E+01,1.1999999999999900E+02,1.2555183262855800E+02
2.23150E+02,3.2001176112542300E+01,1.1999999999999900E+02,1.2562253629660000E+02
2.23160E+02,3.2001176750276200E+01,1.1999999999999900E+02,1.2569323996464300E+02
2.23170E+02,3.2001177388010000E+01,1.1999999999999900E+02,1.2576394363268600E+02
2.23180E+02,3.2001178025743900E+01,1.1999999999999900E+02,1.2583464730072900E+02
2.23190E+02,3.2001178663477800E+01,1.1999999999999900E+02,1.2590535096877200E+02
2.23200E+02,3.2001179301211600E+01,1.1999999999999900E+02,1.2597605463681400E+02
2.23210E+02,3.2001179938945500E+01,1.1999999999999900E+02,1.2604675830485700E+02
2.23220E+02,3.2001180576679300E+01,1.1999999999999900E+02,1.2611746197290000E+02
2.23230E+02,3.2001181214413200E+01,1.1999999999999900E+02,1.2618816564094300E+02
2.23240E+02,3.2001181852147000E+01,1.1999999999999900E+02,1.2625886930898500E+02
2.23250E+02,3.2001182489880800E+01,1.1999999999999900E+02,1.2632957297702800E+02
2.23260E+02,3.2001183127614600E+01,1.1999999999999900E+02,1.2640027664507100E+02
2.23270E+02,3.2001183765348500E+01,1.1999999999999900E+02,1.2647098031311400E+02
2.23280E+02,3.2001184403082200E+01,1.1999999999999900E+02,1.2654168398115600E+02
2.23290E+02,3.2001185040816000E+01,1.1999999999999900E+02,1.2661238764919900E+02
2.23300E+02,3.2001185678549800E+01,1.1999999999999900E+02,1.2668309131724200E+02
2.23310E+02,3.2001186316283600E+01,1.1999999999999900E+02,1.2675379498528500E+02
2.23320E+02,3.2001186954017400E+01,1.1999999999999900E+02,1.2682449865332700E+02
2.23330E+02,3.2001187591751200E+01,1.1999999999999900E+02,1.2689520232137000E+02
2.23340E+02,3.2001188229484900E+01,1.1999999999999900E+02,1.2696590598941300E+02
2.23350E+02,3.2001188867218700E+01,1.1999999999999900E+02,1.2703660965745600E+02
2.23360E+02,3.2001189504952400E+01,1.1999999999999900E+02,1.2710731332549800E+02
2.23370E+02,3.2001190142686100E+01,1.1999999999999900E+02,1.2717801699354100E+02
2.23380E+02,3.2001190780419900E+01,1.1999999999999900E+02,1.2724872066158400E+02
2.23390E+02,3.2001191418153600E+01,1.1999999999999900E+02,1.2731942432962700E+02
2.23400E+02,3.2001192055887300E+01,1.1999999999999900E+02,1.2739012799766900E+02
2.23410E+02,3.2001192693621000E+01,1.1999999999999900E+02,1.2746083166571200E+02
2.23420E+02,3.2001193331354700E+01,1.1999999999999900E+02,1.2753153533375500E+02
2.23430E+02,3.2001193969088400E+01,1.1999999999999900E+02,1.2760223900179800E+02
2.23440E+02,3.2001194606822100E+01,1.1999999999999900E+02,1.2767294266984000E+02
2.23450E+02,3.2001195244555800E+01,1.1999999999999900E+02,1.2774364633788300E+02
2.23460E+02,3.2001195882289500E+01,1.1999999999999900E+02,1.2781435000592600E+02
2.23470E+02,3.2001196520023100E+01,1.1999999999999900E+02,1.2788505367396900E+02
2.23480E+02,3.2001197157756800E+01,1.1999999999999900E+02,1.2795575734201100E+02
2.23490E+02,3.2001197795490400E+01,1.1999999999999900E+02,1.2802646101005400E+02
2.23500E+02,3.2001198433224100E+01,1.1999999999999900E+02,1.2809716467809700E+02
2.23510E+02,3.2001199070957700E+01,1.1999999999999900E+02,1.2816786834614000E+02
2.23520E+02,3.2001199708691400E+01,1.1999999999999900E+02,1.2823857201418200E+02
2.23530E+02,3.2001200346425000E+01,1.1999999999999900E+02,1.2830927568222500E+02
2.23540E+02,3.2001200984158600E+01,1.1999999999999900E+02,1.2837997935026800E+02
2.23550E+02,3.2001201621892200E+01,1.1999999999999900E+02,1.2845068301831100E+02
2.23560E+02,3.2001202259625800E+01,1.1999999999999900E+02,1.2852138668635300E+02
2.23570E+02,3.2001202897359400E+01,1.1999999999999900E+02,1.2859209035439600E+02
2.23580E+02,3.2001203535093000E+01,1.1999999999999900E+02,1.2866279402243900E+02
2.23590E+02,3.2001204172826600E+01,1.1999999999999900E+02,1.2873349769048200E+02
2.23600E+02,3.2001204810560100E+01,1.1999999999999900E+02,1.2880420135852400E+02
2.23610E+02,3.2001205448293700E+01,1.1999999999999900E+02,1.2887490502656700E+02
2.23620E+02,3.2001206086027300E+01,1.1999999999999900E+02,1.2894560869461000E+02
2.23630E+02,3.2001206723760800E+01,1.1999999999999900E+02,1.2901631236265200E+02
2.23640E+02,3.2001207361494400E+01,1.1999999999999900E+02,1.2908701603069500E+02
2.23650E+02,3.2001207999227900E+01,1.1999999999999900E+02,1.2915771969873800E+02
2.23660E+02,3.2001208636961400E+01,1.1999999999999900E+02,1.2922842336678100E+02
2.23670E+02,3.2001209274695000E+01,1.1999999999999900E+02,1.2929912703482300E+02
2.23680E+02,3.2001209912428500E+01,1.1999999999999900E+02,1.2936983070286600E+02
2.23690E+02,3.2001210550162000E+01,1.1999999999999900E+02,1.2944053437090900E+02
2.23700E+02,3.2001211187895500E+01,1.1999999999999900E+02,1.2951123803895200E+02
2.23710E+02,3.2001211825629000E+01,1.1999999999999900E+02,1.2958194170699400E+02
2.23720E+02,3.2001212463362500E+01,1.1999999999999900E+02,1.2965264537503700E+02
2.23730E+02,3.2001213101095900E+01,1.1999999999999900E+02,1.2972334904308000E+02
2.23740E+02,3.2001213738829400E+01,1.1999999999999900E+02,1.2979405271112300E+02
2.23750E+02,3.2001214376562900E+01,1.1999999999999900E+02,1.2986475637916500E+02
2.23760E+02,3.2001215014296300E+01,1.1999999999999900E+02,1.2993546004720800E+02
2.23770E+02,3.2001215652029800E+01,1.1999999999999900E+02,1.3000616371525100E+02
2.23780E+02,3.2001216289763200E+01,1.1999999999999900E+02,1.3007686738329400E+02
2.23790E+02,3.2001216927496700E+01,1.1999999999999900E+02,1.3014757105133600E+02
2.23800E+02,3.2001217565230100E+01,1.1999999999999900E+02,1.3021827471937900E+02
2.23810E+02,3.2001218202963500E+01,1.1999999999999900E+02,1.3028897838742200E+02
2.23820E+02,3.2001218840696900E+01,1.1999999999999900E+02,1.3035968205546500E+02
2.23830E+02,3.2001219478430400E+01,1.1999999999999900E+02,1.3043038572350700E+02
2.23840E+02,3.2001220116163800E+01,1.1999999999999900E+02,1.3050108939155000E+02
2.23850E+02,3.2001220753897100E+01,1.1999999999999900E+02,1.3057179305959300E+02
2.23860E+02,3.2001221391630500E+01,1.1999999999999900E+02,1.3064249672763500E+02
2.23870E+02,3.2001222029363900E+01,1.1999999999999900E+02,1.3071320039567800E+02
2.23880E+02,3.2001222667097300E+01,1.1999999999999900E+02,1.3078390406372100E+02
2.23890E+02,3.2001223304830700E+01,1.1999999999999900E+02,1.3085460773176400E+02
2.23900E+02,3.2001223942564000E+01,1.1999999999999900E+02,1.3092531139980600E+02
2.23910E+02,3.2001224580297400E+01,1.1999999999999900E+02,1.3099601506784900E+02
2.23920E+02,3.2001225218030700E+01,1.1999999999999900E+02,1.3106671873589200E+02
2.23930E+02,3.2001225855764000E+01,1.1999999999999900E+02,1.3113742240393500E+02
2.23940E+02,3.2001226493497400E+01,1.1999999999999900E+02,1.3120812607197700E+02
2.23950E+02,3.2001227131230700E+01,1.1999999999999900E+02,1.3127882974002000E+02
2.23960E+02,3.2001227768964000E+01,1.1999999999999900E+02,1.3134953340806300E+02
2.23970E+02,3.2001228406697300E+01,1.1999999999999900E+02,1.3142023707610600E+02
2.23980E+02,3.2001229044430600E+01,1.1999999999999900E+02,1.3149094074414800E+02
2.23990E+02,3.2001229682163900E+01,1.1999999999999900E+02,1.3156164441219100E+02
2.24000E+02,3.2001230319897200E+01,1.1999999999999900E+02,1.3163234808023400E+02
2.24010E+02,3.2001230957630500E+01,1.1999999999999900E+02,1.3170305174827700E+02
2.24020E+02,3.2001231595363800E+01,1.1999999999999900E+02,1.3177375541631900E+02
2.24030E+02,3.2001232233097000E+01,1.1999999999999900E+02,1.3184445908436200E+02
2.24040E+02,3.2001232870830300E+01,1.1999999999999900E+02,1.3191516275240500E+02
2.24050E+02,3.2001233508563500E+01,1.1999999999999900E+02,1.3198586642044800E+02
2.24060E+02,3.2001234146296800E+01,1.1999999999999900E+02,1.3205657008849000E+02
2.24070E+02,3.2001234784030000E+01,1.1999999999999900E+02,1.3212727375653300E+02
2.24080E+02,3.2001235421763200E+01,1.1999999999999900E+02,1.3219797742457600E+02
2.24090E+02,3.2001236059496500E+01,1.1999999999999900E+02,1.3226868109261800E+02
2.24100E+02,3.2001236697229700E+01,1.1999999999999900E+02,1.3233938476066100E+02
2.24110E+02,3.2001237334962900E+01,1.1999999999999900E+02,1.3241008842870400E+02
2.24120E+02,3.2001237972696100E+01,1.1999999999999900E+02,1.3248079209674700E+02
2.24130E+02,3.2001238610429300E+01,1.1999999999999900E+02,1.3255149576478900E+02
2.24140E+02,3.2001239248162500E+01,1.1999999999999900E+02,1.3262219943283200E+02
2.24150E+02,3.2001239885895600E+01,1.1999999999999900E+02,1.3269290310087500E+02
2.24160E+02,3.2001240523628800E+01,1.1999999999999900E+02,1.3276360676891800E+02
2.24170E+02,3.2001241161362000E+01,1.1999999999999900E+02,1.3283431043696000E+02
2.24180E+02,3.2001241799095100E+01,1.1999999999999900E+02,1.3290501410500300E+02
2.24190E+02,3.2001242436828300E+01,1.1999999999999900E+02,1.3297571777304600E+02
2.24200E+02,3.2001243074561400E+01,1.1999999999999900E+02,1.3304642144108900E+02
2.24210E+02,3.2001243712294600E+01,1.1999999999999900E+02,1.3311712510913100E+02
2.24220E+02,3.2001244350027700E+01,1.1999999999999900E+02,1.3318782877717400E+02
2.24230E+02,3.2001244987760800E+01,1.1999999999999900E+02,1.3325853244521700E+02
2.24240E+02,3.2001245625493900E+01,1.1999999999999900E+02,1.3332923611326000E+02
2.24250E+02,3.2001246263227000E+01,1.1999999999999900E+02,1.3339993978130200E+02
2.24260E+02,3.2001246900960100E+01,1.1999999999999900E+02,1.3347064344934500E+02
2.24270E+02,3.2001247538693200E+01,1.1999999999999900E+02,1.3354134711738800E+02
2.24280E+02,3.2001248176426300E+01,1.1999999999999900E+02,1.3361205078543100E+02
2.24290E+02,3.2001248814159400E+01,1.1999999999999900E+02,1.3368275445347300E+02
2.24300E+02,3.2001249451892500E+01,1.1999999999999900E+02,1.3375345812151600E+02
2.24310E+02,3.2001250089625500E+01,1.1999999999999900E+02,1.3382416178955900E+02
2.24320E+02,3.2001250727358600E+01,1.1999999999999900E+02,1.3389486545760100E+02
2.24330E+02,3.2001251365091600E+01,1.1999999999999900E+02,1.3396556912564400E+02
2.24340E+02,3.2001252002824700E+01,1.1999999999999900E+02,1.3403627279368700E+02
2.24350E+02,3.2001252640557700E+01,1.1999999999999900E+02,1.3410697646173000E+02
2.24360E+02,3.2001253278290800E+01,1.1999999999999900E+02,1.3417768012977200E+02
2.24370E+02,3.2001253916023800E+01,1.1999999999999900E+02,1.3424838379781500E+02
2.24380E+02,3.2001254553756800E+01,1.1999999999999900E+02,1.3431908746585800E+02
2.24390E+02,3.2001255191489800E+01,1.1999999999999900E+02,1.3438979113390100E+02
2.24400E+02,3.2001255829222800E+01,1.1999999999999900E+02,1.3446049480194300E+02
2.24410E+02,3.2001256466955800E+01,1.1999999999999900E+02,1.3453119846998600E+02
2.24420E+02,3.2001257104688800E+01,1.1999999999999900E+02,1.3460190213802900E+02
2.24430E+02,3.2001257742421800E+01,1.1999999999999900E+02,1.3467260580607200E+02
2.24440E+02,3.2001258380154700E+01,1.1999999999999900E+02,1.3474330947411400E+02
2.24450E+02,3.2001259017887700E+01,1.1999999999999900E+02,1.3481401314215700E+02
2.24460E+02,3.2001259655620700E+01,1.1999999999999900E+02,1.3488471681020000E+02
2.24470E+02,3.2001260293353600E+01,1.1999999999999900E+02,1.3495542047824300E+02
2.24480E+02,3.2001260931086500E+01,1.1999999999999900E+02,1.3502612414628500E+02
2.24490E+02,3.2001261568819500E+01,1.1999999999999900E+02,1.3509682781432800E+02
2.24500E+02,3.2001262206552400E+01,1.1999999999999900E+02,1.3516753148237100E+02
2.24510E+02,3.2001262844285300E+01,1.1999999999999900E+02,1.3523823515041400E+02
2.24520E+02,3.2001263482018200E+01,1.1999999999999900E+02,1.3530893881845600E+02
2.24530E+02,3.2001264119751100E+01,1.1999999999999900E+02,1.3537964248649900E+02
2.24540E+02,3.2001264757484100E+01,1.1999999999999900E+02,1.3545034615454200E+02
2.24550E+02,3.2001265395216900E+01,1.1999999999999900E+02,1.3552104982258400E+02
2.24560E+02,3.2001266032949800E+01,1.1999999999999900E+02,1.3559175349062700E+02
2.24570E+02,3.2001266670682700E+01,1.1999999999999900E+02,1.3566245715867000E+02
2.24580E+02,3.2001267308415600E+01,1.1999999999999900E+02,1.3573316082671300E+02
2.24590E+02,3.2001267946148400E+01,1.1999999999999900E+02,1.3580386449475500E+02
2.24600E+02,3.2001268583881300E+01,1.1999999999999900E+02,1.3587456816279800E+02
2.24610E+02,3.2001269221614200E+01,1.1999999999999900E+02,1.3594527183084100E+02
2.24620E+02,3.2001269859347000E+01,1.1999999999999900E+02,1.3601597549888400E+02
2.24630E+02,3.2001270497079800E+01,1.1999999999999900E+02,1.3608667916692600E+02
2.24640E+02,3.2001271134812700E+01,1.1999999999999900E+02,1.3615738283496900E+02
2.24650E+02,3.2001271772545500E+01,1.1999999999999900E+02,1.3622808650301200E+02
2.24660E+02,3.2001272410278300E+01,1.1999999999999900E+02,1.3629879017105500E+02
2.24670E+02,3.2001273048011100E+01,1.1999999999999900E+02,1.3636949383909700E+02
2.24680E+02,3.2001273685743900E+01,1.1999999999999900E+02,1.3644019750714000E+02
2.24690E+02,3.2001274323476700E+01,1.1999999999999900E+02,1.3651090117518300E+02
2.24700E+02,3.2001274961209500E+01,1.1999999999999900E+02,1.3658160484322600E+02
2.24710E+02,3.2001275598942300E+01,1.1999999999999900E+02,1.3665230851126800E+02
2.24720E+02,3.2001276236675000E+01,1.1999999999999900E+02,1.3672301217931100E+02
2.24730E+02,3.2001276874407800E+01,1.1999999999999900E+02,1.3679371584735400E+02
2.24740E+02,3.2001277512140500E+01,1.1999999999999900E+02,1.3686441951539700E+02
2.24750E+02,3.2001278149873300E+01,1.1999999999999900E+02,1.3693512318343900E+02
2.24760E+02,3.2001278787606000E+01,1.1999999999999900E+02,1.3700582685148200E+02
2.24770E+02,3.2001279425338800E+01,1.1999999999999900E+02,1.3707653051952500E+02
2.24780E+02,3.2001280063071500E+01,1.1999999999999900E+02,1.3714723418756700E+02
2.24790E+02,3.2001280700804200E+01,1.1999999999999900E+02,1.3721793785561000E+02
2.24800E+02,3.2001281338536900E+01,1.1999999999999900E+02,1.3728864152365300E+02
2.24810E+02,3.2001281976269600E+01,1.1999999999999900E+02,1.3735934519169600E+02
2.24820E+02,3.2001282614002300E+01,1.1999999999999900E+02,1.3743004885973800E+02
2.24830E+02,3.2001283251735000E+01,1.1999999999999900E+02,1.3750075252778100E+02
2.24840E+02,3.2001283889467700E+01,1.1999999999999900E+02,1.3757145619582400E+02
2.24850E+02,3.2001284527200400E+01,1.1999999999999900E+02,1.3764215986386700E+02
2.24860E+02,3.2001285164933100E+01,1.1999999999999900E+02,1.3771286353190900E+02
2.24870E+02,3.2001285802665700E+01,1.1999999999999900E+02,1.3778356719995200E+02
2.24880E+02,3.2001286440398400E+01,1.1999999999999900E+02,1.3785427086799500E+02
2.24890E+02,3.2001287078131000E+01,1.1999999999999900E+02,1.3792497453603800E+02
2.24900E+02,3.2001287715863700E+01,1.1999999999999900E+02,1.3799567820408000E+02
2.24910E+02,3.2001288353596300E+01,1.1999999999999900E+02,1.3806638187212300E+02
2.24920E+02,3.2001288991328900E+01,1.1999999999999900E+02,1.3813708554016600E+02
2.24930E+02,3.2001289629061600E+01,1.1999999999999900E+02,1.3820778920820900E+02
2.24940E+02,3.2001290266794200E+01,1.1999999999999900E+02,1.3827849287625100E+02
2.24950E+02,3.2001290904526800E+01,1.1999999999999900E+02,1.3834919654429400E+02
2.24960E+02,3.2001291542259400E+01,1.1999999999999900E+02,1.3841990021233700E+02
2.24970E+02,3.2001292179992000E+01,1.1999999999999900E+02,1.3849060388038000E+02
2.24980E+02,3.2001292817724600E+01,1.1999999999999900E+02,1.3856130754842200E+02
2.24990E+02,3.2001293455457100E+01,1.1999999999999900E+02,1.3863201121646500E+02
2.25000E+02,3.2001294093189700E+01,1.1999999999999900E+02,1.3870271488450800E+02
2.25010E+02,3.2001294730922300E+01,1.1999999999999900E+02,1.3877341855255000E+02
2.25020E+02,3.2001295368654800E+01,1.1999999999999900E+02,1.3884412222059300E+02
2.25030E+02,3.2001296006387400E+01,1.1999999999999900E+02,1.3891482588863600E+02
2.25040E+02,3.2001296644119900E+01,1.1999999999999900E+02,1.3898552955667900E+02
2.25050E+02,3.2001297281852500E+01,1.1999999999999900E+02,1.3905623322472100E+02
2.25060E+02,3.2001297919585000E+01,1.1999999999999900E+02,1.3912693689276400E+02
2.25070E+02,3.2001298557317500E+01,1.1999999999999900E+02,1.3919764056080700E+02
2.25080E+02,3.2001299195050000E+01,1.1999999999999900E+02,1.3926834422885000E+02
2.25090E+02,3.2001299832782500E+01,1.1999999999999900E+02,1.3933904789689200E+02
2.25100E+02,3.2001300470515000E+01,1.1999999999999900E+02,1.3940975156493500E+02
2.25110E+02,3.2001301108247500E+01,1.1999999999999900E+02,1.3948045523297800E+02
2.25120E+02,3.2001301745980000E+01,1.1999999999999900E+02,1.3955115890102100E+02
2.25130E+02,3.2001302383712500E+01,1.1999999999999900E+02,1.3962186256906300E+02
2.25140E+02,3.2001303021444900E+01,1.1999999999999900E+02,1.3969256623710600E+02
2.25150E+02,3.2001303659177400E+01,1.1999999999999900E+02,1.3976326990514900E+02
2.25160E+02,3.2001304296909900E+01,1.1999999999999900E+02,1.3983397357319200E+02
2.25170E+02,3.2001304934642300E+01,1.1999999999999900E+02,1.3990467724123400E+02
2.25180E+02,3.2001305572374800E+01,1.1999999999999900E+02,1.3997538090927700E+02
2.25190E+02,3.2001306210107200E+01,1.1999999999999900E+02,1.4004608457732000E+02
2.25200E+02,3.2001306847839600E+01,1.1999999999999900E+02,1.4011678824536300E+02
2.25210E+02,3.2001307485572000E+01,1.1999999999999900E+02,1.4018749191340500E+02
2.25220E+02,3.2001308123304500E+01,1.1999999999999900E+02,1.4025819558144800E+02
2.25230E+02,3.2001308761036900E+01,1.1999999999999900E+02,1.4032889924949100E+02
2.25240E+02,3.2001309398769300E+01,1.1999999999999900E+02,1.4039960291753300E+02
2.25250E+02,3.2001310036501600E+01,1.1999999999999900E+02,1.4047030658557600E+02
2.25260E+02,3.2001310674234000E+01,1.1999999999999900E+02,1.4054101025361900E+02
2.25270E+02,3.2001311311966400E+01,1.1999999999999900E+02,1.4061171392166200E+02
2.25280E+02,3.2001311949698800E+01,1.1999999999999900E+02,1.4068241758970400E+02
2.25290E+02,3.2001312587431100E+01,1.1999999999999900E+02,1.4075312125774700E+02
2.25300E+02,3.2001313225163500E+01,1.1999999999999900E+02,1.4082382492579000E+02
2.25310E+02,3.2001313862895800E+01,1.1999999999999900E+02,1.4089452859383300E+02
2.25320E+02,3.2001314500628200E+01,1.1999999999999900E+02,1.4096523226187500E+02
2.25330E+02,3.2001315138360500E+01,1.1999999999999900E+02,1.4103593592991800E+02
2.25340E+02,3.2001315776092900E+01,1.1999999999999900E+02,1.4110663959796100E+02
2.25350E+02,3.2001316413825200E+01,1.1999999999999900E+02,1.4117734326600400E+02
2.25360E+02,3.2001317051557500E+01,1.1999999999999900E+02,1.4124804693404600E+02
2.25370E+02,3.2001317689289800E+01,1.1999999999999900E+02,1.4131875060208900E+02
2.25380E+02,3.2001318327022100E+01,1.1999999999999900E+02,1.4138945427013200E+02
2.25390E+02,3.2001318964754400E+01,1.1999999999999900E+02,1.4146015793817500E+02
2.25400E+02,3.2001319602486700E+01,1.1999999999999900E+02,1.4153086160621700E+02
2.25410E+02,3.2001320240218900E+01,1.1999999999999900E+02,1.4160156527426000E+02
2.25420E+02,3.2001320877951200E+01,1.1999999999999900E+02,1.4167226894230300E+02
2.25430E+02,3.2001321515683500E+01,1.1999999999999900E+02,1.4174297261034600E+02
2.25440E+02,3.2001322153415700E+01,1.1999999999999900E+02,1.4181367627838800E+02
2.25450E+02,3.2001322791148000E+01,1.1999999999999900E+02,1.4188437994643100E+02
2.25460E+02,3.2001323428880200E+01,1.1999999999999900E+02,1.4195508361447400E+02
2.25470E+02,3.2001324066612500E+01,1.1999999999999900E+02,1.4202578728251700E+02
2.25480E+02,3.2001324704344700E+01,1.1999999999999900E+02,1.4209649095055900E+02
2.25490E+02,3.2001325342076900E+01,1.1999999999999900E+02,1.4216719461860200E+02
2.25500E+02,3.2001325979809100E+01,1.1999999999999900E+02,1.4223789828664500E+02
2.25510E+02,3.2001326617541300E+01,1.1999999999999900E+02,1.4230860195468700E+02
2.25520E+02,3.2001327255273500E+01,1.1999999999999900E+02,1.4237930562273000E+02
2.25530E+02,3.2001327893005700E+01,1.1999999999999900E+02,1.4245000929077300E+02
2.25540E+02,3.2001328530737900E+01,1.1999999999999900E+02,1.4252071295881600E+02
2.25550E+02,3.2001329168470100E+01,1.1999999999999900E+02,1.4259141662685800E+02
2.25560E+02,3.2001329806202200E+01,1.1999999999999900E+02,1.4266212029490100E+02
2.25570E+02,3.2001330443934400E+01,1.1999999999999900E+02,1.4273282396294400E+02
2.25580E+02,3.2001331081666500E+01,1.1999999999999900E+02,1.4280352763098700E+02
2.25590E+02,3.2001331719398700E+01,1.1999999999999900E+02,1.4287423129902900E+02
2.25600E+02,3.2001332357130800E+01,1.1999999999999900E+02,1.4294493496707200E+02
2.25610E+02,3.2001332994863000E+01,1.1999999999999900E+02,1.4301563863511500E+02
2.25620E+02,3.2001333632595100E+01,1.1999999999999900E+02,1.4308634230315800E+02
2.25630E+02,3.2001334270327200E+01,1.1999999999999900E+02,1.4315704597120000E+02
2.25640E+02,3.2001334908059300E+01,1.1999999999999900E+02,1.4322774963924300E+02
2.25650E+02,3.2001335545791400E+01,1.1999999999999900E+02,1.4329845330728600E+02
2.25660E+02,3.2001336183523500E+01,1.1999999999999900E+02,1.4336915697532900E+02
2.25670E+02,3.2001336821255600E+01,1.1999999999999900E+02,1.4343986064337100E+02
2.25680E+02,3.2001337458987700E+01,1.1999999999999900E+02,1.4351056431141400E+02
2.25690E+02,3.2001338096719800E+01,1.1999999999999900E+02,1.4358126797945700E+02
2.25700E+02,3.2001338734451900E+01,1.1999999999999900E+02,1.4365197164750000E+02
2.25710E+02,3.2001339372183900E+01,1.1999999999999900E+02,1.4372267531554200E+02
2.25720E+02,3.2001340009916000E+01,1.1999999999999900E+02,1.4379337898358500E+02
2.25730E+02,3.2001340647648000E+01,1.1999999999999900E+02,1.4386408265162800E+02
2.25740E+02,3.2001341285380100E+01,1.1999999999999900E+02,1.4393478631967000E+02
2.25750E+02,3.2001341923112100E+01,1.1999999999999900E+02,1.4400548998771300E+02
2.25760E+02,3.2001342560844100E+01,1.1999999999999900E+02,1.4407619365575600E+02
2.25770E+02,3.2001343198576100E+01,1.1999999999999900E+02,1.4414689732379900E+02
2.25780E+02,3.2001343836308200E+01,1.1999999999999900E+02,1.4421760099184100E+02
2.25790E+02,3.2001344474040200E+01,1.1999999999999900E+02,1.4428830465988400E+02
2.25800E+02,3.2001345111772200E+01,1.1999999999999900E+02,1.4435900832792700E+02
2.25810E+02,3.2001345749504200E+01,1.1999999999999900E+02,1.4442971199597000E+02
2.25820E+02,3.2001346387236100E+01,1.1999999999999900E+02,1.4450041566401200E+02
2.25830E+02,3.2001347024968100E+01,1.1999999999999900E+02,1.4457111933205500E+02
2.25840E+02,3.2001347662700100E+01,1.1999999999999900E+02,1.4464182300009800E+02
2.25850E+02,3.2001348300432000E+01,1.1999999999999900E+02,1.4471252666814100E+02
2.25860E+02,3.2001348938164000E+01,1.1999999999999900E+02,1.4478323033618300E+02
2.25870E+02,3.2001349575895900E+01,1.1999999999999900E+02,1.4485393400422600E+02
2.25880E+02,3.2001350213627900E+01,1.1999999999999900E+02,1.4492463767226900E+02
2.25890E+02,3.2001350851359800E+01,1.1999999999999900E+02,1.4499534134031200E+02
2.25900E+02,3.2001351489091700E+01,1.1999999999999900E+02,1.4506604500835400E+02
2.25910E+02,3.2001352126823700E+01,1.1999999999999900E+02,1.4513674867639700E+02
2.25920E+02,3.2001352764555600E+01,1.1999999999999900E+02,1.4520745234444000E+02
2.25930E+02,3.2001353402287500E+01,1.1999999999999900E+02,1.4527815601248300E+02
2.25940E+02,3.2001354040019400E+01,1.1999999999999900E+02,1.4534885968052500E+02
2.25950E+02,3.2001354677751300E+01,1.1999999999999900E+02,1.4541956334856800E+02
2.25960E+02,3.2001355315483100E+01,1.1999999999999900E+02,1.4549026701661100E+02
2.25970E+02,3.2001355953215000E+01,1.1999999999999900E+02,1.4556097068465300E+02
2.25980E+02,3.2001356590946900E+01,1.1999999999999900E+02,1.4563167435269600E+02
2.25990E+02,3.2001357228678700E+01,1.1999999999999900E+02,1.4570237802073900E+02
2.26000E+02,3.2001357866410600E+01,1.1999999999999900E+02,1.4577308168878200E+02
2.26010E+02,3.2001358504142500E+01,1.1999999999999900E+02,1.4584378535682400E+02
2.26020E+02,3.2001359141874300E+01,1.1999999999999900E+02,1.4591448902486700E+02
2.26030E+02,3.2001359779606100E+01,1.1999999999999900E+02,1.4598519269291000E+02
2.26040E+02,3.2001360417338000E+01,1.1999999999999900E+02,1.4605589636095300E+02
2.26050E+02,3.2001361055069800E+01,1.1999999999999900E+02,1.4612660002899500E+02
2.26060E+02,3.2001361692801600E+01,1.1999999999999900E+02,1.4619730369703800E+02
2.26070E+02,3.2001362330533400E+01,1.1999999999999900E+02,1.4626800736508100E+02
2.26080E+02,3.2001362968265200E+01,1.1999999999999900E+02,1.4633871103312400E+02
2.26090E+02,3.2001363605997000E+01,1.1999999999999900E+02,1.4640941470116600E+02
2.26100E+02,3.2001364243728800E+01,1.1999999999999900E+02,1.4648011836920900E+02
2.26110E+02,3.2001364881460500E+01,1.1999999999999900E+02,1.4655082203725200E+02
2.26120E+02,3.2001365519192300E+01,1.1999999999999900E+02,1.4662152570529500E+02
2.26130E+02,3.2001366156924100E+01,1.1999999999999900E+02,1.4669222937333700E+02
2.26140E+02,3.2001366794655800E+01,1.1999999999999900E+02,1.4676293304138000E+02
2.26150E+02,3.2001367432387600E+01,1.1999999999999900E+02,1.4683363670942300E+02
2.26160E+02,3.2001368070119300E+01,1.1999999999999900E+02,1.4690434037746600E+02
2.26170E+02,3.2001368707851000E+01,1.1999999999999900E+02,1.4697504404550800E+02
2.26180E+02,3.2001369345582800E+01,1.1999999999999900E+02,1.4704574771355100E+02
2.26190E+02,3.2001369983314500E+01,1.1999999999999900E+02,1.4711645138159400E+02
2.26200E+02,3.2001370621046200E+01,1.1999999999999900E+02,1.4718715504963600E+02
2.26210E+02,3.2001371258777900E+01,1.1999999999999900E+02,1.4725785871767900E+02
2.26220E+02,3.2001371896509600E+01,1.1999999999999900E+02,1.4732856238572200E+02
2.26230E+02,3.2001372534241300E+01,1.1999999999999900E+02,1.4739926605376500E+02
2.26240E+02,3.2001373171973000E+01,1.1999999999999900E+02,1.4746996972180700E+02
2.26250E+02,3.2001373809704600E+01,1.1999999999999900E+02,1.4754067338985000E+02
2.26260E+02,3.2001374447436300E+01,1.1999999999999900E+02,1.4761137705789300E+02
2.26270E+02,3.2001375085168000E+01,1.1999999999999900E+02,1.4768208072593600E+02
2.26280E+02,3.2001375722899600E+01,1.1999999999999900E+02,1.4775278439397800E+02
2.26290E+02,3.2001376360631300E+01,1.1999999999999900E+02,1.4782348806202100E+02
2.26300E+02,3.2001376998362900E+01,1.1999999999999900E+02,1.4789419173006400E+02
2.26310E+02,3.2001377636094500E+01,1.1999999999999900E+02,1.4796489539810700E+02
2.26320E+02,3.2001378273826200E+01,1.1999999999999900E+02,1.4803559906614900E+02
2.26330E+02,3.2001378911557800E+01,1.1999999999999900E+02,1.4810630273419200E+02
2.26340E+02,3.2001379549289400E+01,1.1999999999999900E+02,1.4817700640223500E+02
2.26350E+02,3.2001380187021000E+01,1.1999999999999900E+02,1.4824771007027800E+02
2.26360E+02,3.2001380824752600E+01,1.1999999999999900E+02,1.4831841373832000E+02
2.26370E+02,3.2001381462484200E+01,1.1999999999999900E+02,1.4838911740636300E+02
2.26380E+02,3.2001382100215800E+01,1.1999999999999900E+02,1.4845982107440600E+02
2.26390E+02,3.2001382737947400E+01,1.1999999999999900E+02,1.4853052474244900E+02
2.26400E+02,3.2001383375678900E+01,1.1999999999999900E+02,1.4860122841049100E+02
2.26410E+02,3.2001384013410500E+01,1.1999999999999900E+02,1.4867193207853400E+02
2.26420E+02,3.2001384651142000E+01,1.1999999999999900E+02,1.4874263574657700E+02
2.26430E+02,3.2001385288873600E+01,1.1999999999999900E+02,1.4881333941461900E+02
2.26440E+02,3.2001385926605100E+01,1.1999999999999900E+02,1.4888404308266200E+02
2.26450E+02,3.2001386564336600E+01,1.1999999999999900E+02,1.4895474675070500E+02
2.26460E+02,3.2001387202068200E+01,1.1999999999999900E+02,1.4902545041874800E+02
2.26470E+02,3.2001387839799700E+01,1.1999999999999900E+02,1.4909615408679000E+02
2.26480E+02,3.2001388477531200E+01,1.1999999999999900E+02,1.4916685775483300E+02
2.26490E+02,3.2001389115262700E+01,1.1999999999999900E+02,1.4923756142287600E+02
2.26500E+02,3.2001389752994200E+01,1.1999999999999900E+02,1.4930826509091900E+02
2.26510E+02,3.2001390390725700E+01,1.1999999999999900E+02,1.4937896875896100E+02
2.26520E+02,3.2001391028457200E+01,1.1999999999999900E+02,1.4944967242700400E+02
2.26530E+02,3.2001391666188700E+01,1.1999999999999900E+02,1.4952037609504700E+02
2.26540E+02,3.2001392303920100E+01,1.1999999999999900E+02,1.4959107976309000E+02
2.26550E+02,3.2001392941651600E+01,1.1999999999999900E+02,1.4966178343113200E+02
2.26560E+02,3.2001393579383000E+01,1.1999999999999900E+02,1.4973248709917500E+02
2.26570E+02,3.2001394217114500E+01,1.1999999999999900E+02,1.4980319076721800E+02
2.26580E+02,3.2001394854845900E+01,1.1999999999999900E+02,1.4987389443526100E+02
2.26590E+02,3.2001395492577300E+01,1.1999999999999900E+02,1.4994459810330300E+02
2.26600E+02,3.2001396130308800E+01,1.1999999999999900E+02,1.5001530177134600E+02
2.26610E+02,3.2001396768040200E+01,1.1999999999999900E+02,1.5008600543938900E+02
2.26620E+02,3.2001397405771600E+01,1.1999999999999900E+02,1.5015670910743200E+02
2.26630E+02,3.2001398043503000E+01,1.1999999999999900E+02,1.5022741277547400E+02
2.26640E+02,3.2001398681234400E+01,1.1999999999999900E+02,1.5029811644351700E+02
2.26650E+02,3.2001399318965800E+01,1.1999999999999900E+02,1.5036882011156000E+02
2.26660E+02,3.2001399956697200E+01,1.1999999999999900E+02,1.5043952377960200E+02
2.26670E+02,3.2001400594428500E+01,1.1999999999999900E+02,1.5051022744764500E+02
2.26680E+02,3.2001401232159900E+01,1.1999999999999900E+02,1.5058093111568800E+02
2.26690E+02,3.2001401869891300E+01,1.1999999999999900E+02,1.5065163478373100E+02
2.26700E+02,3.2001402507622600E+01,1.1999999999999900E+02,1.5072233845177300E+02
2.26710E+02,3.2001403145354000E+01,1.1999999999999900E+02,1.5079304211981600E+02
2.26720E+02,3.2001403783085300E+01,1.1999999999999900E+02,1.5086374578785900E+02
2.26730E+02,3.2001404420816600E+01,1.1999999999999900E+02,1.5093444945590200E+02
2.26740E+02,3.2001405058548000E+01,1.1999999999999900E+02,1.5100515312394400E+02
2.26750E+02,3.2001405696279300E+01,1.1999999999999900E+02,1.5107585679198700E+02
2.26760E+02,3.2001406334010600E+01,1.1999999999999900E+02,1.5114656046003000E+02
2.26770E+02,3.2001406971741900E+01,1.1999999999999900E+02,1.5121726412807300E+02
2.26780E+02,3.2001407609473200E+01,1.1999999999999900E+02,1.5128796779611500E+02
2.26790E+02,3.2001408247204500E+01,1.1999999999999900E+02,1.5135867146415800E+02
2.26800E+02,3.2001408884935800E+01,1.1999999999999900E+02,1.5142937513220100E+02
2.26810E+02,3.2001409522667000E+01,1.1999999999999900E+02,1.5150007880024400E+02
2.26820E+02,3.2001410160398300E+01,1.1999999999999900E+02,1.5157078246828600E+02
2.26830E+02,3.2001410798129600E+01,1.1999999999999900E+02,1.5164148613632900E+02
2.26840E+02,3.2001411435860800E+01,1.1999999999999900E+02,1.5171218980437200E+02
2.26850E+02,3.2001412073592100E+01,1.1999999999999900E+02,1.5178289347241500E+02
2.26860E+02,3.2001412711323300E+01,1.1999999999999900E+02,1.5185359714045700E+02
2.26870E+02,3.2001413349054500E+01,1.1999999999999900E+02,1.5192430080850000E+02
2.26880E+02,3.2001413986785800E+01,1.1999999999999900E+02,1.5199500447654300E+02
2.26890E+02,3.2001414624517000E+01,1.1999999999999900E+02,1.5206570814458500E+02
2.26900E+02,3.2001415262248200E+01,1.1999999999999900E+02,1.5213641181262800E+02
2.26910E+02,3.2001415899979400E+01,1.1999999999999900E+02,1.5220711548067100E+02
2.26920E+02,3.2001416537710600E+01,1.1999999999999900E+02,1.5227781914871400E+02
2.26930E+02,3.2001417175441800E+01,1.1999999999999900E+02,1.5234852281675600E+02
2.26940E+02,3.2001417813173000E+01,1.1999999999999900E+02,1.5241922648479900E+02
2.26950E+02,3.2001418450904100E+01,1.1999999999999900E+02,1.5248993015284200E+02
2.26960E+02,3.2001419088635300E+01,1.1999999999999900E+02,1.5256063382088500E+02
2.26970E+02,3.2001419726366500E+01,1.1999999999999900E+02,1.5263133748892700E+02
2.26980E+02,3.2001420364097600E+01,1.1999999999999900E+02,1.5270204115697000E+02
2.26990E+02,3.2001421001828800E+01,1.1999999999999900E+02,1.5277274482501300E+02
2.27000E+02,3.2001421639559900E+01,1.1999999999999900E+02,1.5284344849305600E+02
2.27010E+02,3.2001422277291000E+01,1.1999999999999900E+02,1.5291415216109800E+02
2.27020E+02,3.2001422915022100E+01,1.1999999999999900E+02,1.5298485582914100E+02
2.27030E+02,3.2001423552753300E+01,1.1999999999999900E+02,1.5305555949718400E+02
2.27040E+02,3.2001424190484400E+01,1.1999999999999900E+02,1.5312626316522700E+02
2.27050E+02,3.2001424828215500E+01,1.1999999999999900E+02,1.5319696683326900E+02
2.27060E+02,3.2001425465946600E+01,1.1999999999999900E+02,1.5326767050131200E+02
2.27070E+02,3.2001426103677700E+01,1.1999999999999900E+02,1.5333837416935500E+02
2.27080E+02,3.2001426741408700E+01,1.1999999999999900E+02,1.5340907783739800E+02
2.27090E+02,3.2001427379139800E+01,1.1999999999999900E+02,1.5347978150544000E+02
2.27100E+02,3.2001428016870900E+01,1.1999999999999900E+02,1.5355048517348300E+02
2.27110E+02,3.2001428654601900E+01,1.1999999999999900E+02,1.5362118884152600E+02
2.27120E+02,3.2001429292333000E+01,1.1999999999999900E+02,1.5369189250956800E+02
2.27130E+02,3.2001429930064000E+01,1.1999999999999900E+02,1.5376259617761100E+02
2.27140E+02,3.2001430567795100E+01,1.1999999999999900E+02,1.5383329984565400E+02
2.27150E+02,3.2001431205526100E+01,1.1999999999999900E+02,1.5390400351369700E+02
2.27160E+02,3.2001431843257100E+01,1.1999999999999900E+02,1.5397470718173900E+02
2.27170E+02,3.2001432480988200E+01,1.1999999999999900E+02,1.5404541084978200E+02
2.27180E+02,3.2001433118719200E+01,1.1999999999999900E+02,1.5411611451782500E+02
2.27190E+02,3.2001433756450200E+01,1.1999999999999900E+02,1.5418681818586800E+02
2.27200E+02,3.2001434394181200E+01,1.1999999999999900E+02,1.5425752185391000E+02
2.27210E+02,3.2001435031912100E+01,1.1999999999999900E+02,1.5432822552195300E+02
2.27220E+02,3.2001435669643100E+01,1.1999999999999900E+02,1.5439892918999600E+02
2.27230E+02,3.2001436307374100E+01,1.1999999999999900E+02,1.5446963285803900E+02
2.27240E+02,3.2001436945105100E+01,1.1999999999999900E+02,1.5454033652608100E+02
2.27250E+02,3.2001437582836000E+01,1.1999999999999900E+02,1.5461104019412400E+02
2.27260E+02,3.2001438220567000E+01,1.1999999999999900E+02,1.5468174386216700E+02
2.27270E+02,3.2001438858297900E+01,1.1999999999999900E+02,1.5475244753021000E+02
2.27280E+02,3.2001439496028900E+01,1.1999999999999900E+02,1.5482315119825200E+02
2.27290E+02,3.2001440133759800E+01,1.1999999999999900E+02,1.5489385486629500E+02
2.27300E+02,3.2001440771490700E+01,1.1999999999999900E+02,1.5496455853433800E+02
2.27310E+02,3.2001441409221600E+01,1.1999999999999900E+02,1.5503526220238100E+02
2.27320E+02,3.2001442046952500E+01,1.1999999999999900E+02,1.5510596587042300E+02
2.27330E+02,3.2001442684683400E+01,1.1999999999999900E+02,1.5517666953846600E+02
2.27340E+02,3.2001443322414300E+01,1.1999999999999900E+02,1.5524737320650900E+02
2.27350E+02,3.2001443960145200E+01,1.1999999999999900E+02,1.5531807687455100E+02
2.27360E+02,3.2001444597876100E+01,1.1999999999999900E+02,1.5538878054259400E+02
2.27370E+02,3.2001445235607000E+01,1.1999999999999900E+02,1.5545948421063700E+02
2.27380E+02,3.2001445873337900E+01,1.1999999999999900E+02,1.5553018787868000E+02
2.27390E+02,3.2001446511068700E+01,1.1999999999999900E+02,1.5560089154672200E+02
2.27400E+02,3.2001447148799600E+01,1.1999999999999900E+02,1.5567159521476500E+02
2.27410E+02,3.2001447786530400E+01,1.1999999999999900E+02,1.5574229888280800E+02
2.27420E+02,3.2001448424261200E+01,1.1999999999999900E+02,1.5581300255085100E+02
2.27430E+02,3.2001449061992100E+01,1.1999999999999900E+02,1.5588370621889300E+02
2.27440E+02,3.2001449699722900E+01,1.1999999999999900E+02,1.5595440988693600E+02
2.27450E+02,3.2001450337453700E+01,1.1999999999999900E+02,1.5602511355497900E+02
2.27460E+02,3.2001450975216400E+01,1.2000000000003700E+02,1.5609581368704900E+02
2.27470E+02,3.2001451613042800E+01,1.2000000000014900E+02,1.5616650674664300E+02
2.27480E+02,3.2001452250964800E+01,1.2000000000037400E+02,1.5623718919619800E+02
2.27490E+02,3.2001452889014300E+01,1.2000000000074800E+02,1.5630785749656100E+02
2.27500E+02,3.2001453527222900E+01,1.2000000000131000E+02,1.5637850810645700E+02
2.27510E+02,3.2001454165622500E+01,1.2000000000209600E+02,1.5644913748196700E+02
2.27520E+02,3.2001454804244600E+01,1.2000000000314600E+02,1.5651974207599000E+02
2.27530E+02,3.2001455443121000E+01,1.2000000000449500E+02,1.5659031833772400E+02
2.27540E+02,3.2001456082283100E+01,1.2000000000618300E+02,1.5666086271213500E+02
2.27550E+02,3.2001456721762500E+01,1.2000000000824700E+02,1.5673137163943400E+02
2.27560E+02,3.2001457361590300E+01,1.2000000001072400E+02,1.5680184155455100E+02
2.27570E+02,3.2001458001798000E+01,1.2000000001365400E+02,1.5687226888661100E+02
2.27580E+02,3.2001458642416600E+01,1.2000000001707500E+02,1.5694265005841600E+02
2.27590E+02,3.2001459283477100E+01,1.2000000002102500E+02,1.5701298148592200E+02
2.27600E+02,3.2001459925010300E+01,1.2000000002554200E+02,1.5708325957772300E+02
2.27610E+02,3.2001460567047100E+01,1.2000000003066500E+02,1.5715348073453400E+02
2.27620E+02,3.2001461209618000E+01,1.2000000003643400E+02,1.5722364134867700E+02
2.27630E+02,3.2001461852753300E+01,1.2000000004288700E+02,1.5729373780356600E+02
2.27640E+02,3.2001462496483300E+01,1.2000000005006400E+02,1.5736376647320400E+02
2.27650E+02,3.2001463140838000E+01,1.2000000005800400E+02,1.5743372372166800E+02
2.27660E+02,3.2001463785847300E+01,1.2000000006674600E+02,1.5750360590261000E+02
2.27670E+02,3.2001464431540700E+01,1.2000000007633200E+02,1.5757340935875100E+02
2.27680E+02,3.2001465077947800E+01,1.2000000008680100E+02,1.5764313042138500E+02
2.27690E+02,3.2001465725097600E+01,1.2000000009819300E+02,1.5771276540988000E+02
2.27700E+02,3.2001466373019100E+01,1.2000000011055000E+02,1.5778231063118700E+02
2.27710E+02,3.2001467021741000E+01,1.2000000012391200E+02,1.5785176237934900E+02
2.27720E+02,3.2001467671291700E+01,1.2000000013832000E+02,1.5792111693501600E+02
2.27730E+02,3.2001468321699300E+01,1.2000000015381700E+02,1.5799037056496100E+02
2.27740E+02,3.2001468972991800E+01,1.2000000017044300E+02,1.5805951952160000E+02
2.27750E+02,3.2001469625196700E+01,1.2000000018824100E+02,1.5812856004252100E+02
2.27760E+02,3.2001470278341200E+01,1.2000000020725300E+02,1.5819748835000600E+02
2.27770E+02,3.2001470932452400E+01,1.2000000022752300E+02,1.5826630065057300E+02
2.27780E+02,3.2001471587556800E+01,1.2000000024909200E+02,1.5833499313450400E+02
2.27790E+02,3.2001472243680600E+01,1.2000000027200600E+02,1.5840356197539500E+02
2.27800E+02,3.2001472900849800E+01,1.2000000029630600E+02,1.5847200332969700E+02
2.27810E+02,3.2001473559090000E+01,1.2000000032203800E+02,1.5854031333627000E+02
2.27820E+02,3.2001474218426300E+01,1.2000000034924600E+02,1.5860848811593800E+02
2.27830E+02,3.2001474878883400E+01,1.2000000037797500E+02,1.5867652377105200E+02
2.27840E+02,3.2001475540485800E+01,1.2000000040827000E+02,1.5874441638505500E+02
2.27850E+02,3.2001476203257400E+01,1.2000000044017700E+02,1.5881216202205500E+02
2.27860E+02,3.2001476867221700E+01,1.2000000047374000E+02,1.5887975672640400E+02
2.27870E+02,3.2001477532401800E+01,1.2000000050900800E+02,1.5894719652227900E+02
2.27880E+02,3.2001478198820300E+01,1.2000000054602700E+02,1.5901447741327300E+02
2.27890E+02,3.2001478866499400E+01,1.2000000058484300E+02,1.5908159538199100E+02
2.27900E+02,3.2001479535460600E+01,1.2000000062550500E+02,1.5914854638965000E+02
2.27910E+02,3.2001480205725300E+01,1.2000000066806000E+02,1.5921532637569100E+02
2.27920E+02,3.2001480877314000E+01,1.2000000071255700E+02,1.5928193125738900E+02
2.27930E+02,3.2001481550246900E+01,1.2000000075904500E+02,1.5934835692948100E+02
2.27940E+02,3.2001482224543500E+01,1.2000000080757200E+02,1.5941459926378800E+02
2.27950E+02,3.2001482900222900E+01,1.2000000085818900E+02,1.5948065410885700E+02
2.27960E+02,3.2001483577303600E+01,1.2000000091094600E+02,1.5954651728960100E+02
2.27970E+02,3.2001484255803400E+01,1.2000000096589300E+02,1.5961218460695000E+02
2.27980E+02,3.2001484935739600E+01,1.2000000102308100E+02,1.5967765183751100E+02
2.27990E+02,3.2001485617129000E+01,1.2000000108256200E+02,1.5974291473323400E+02
2.28000E+02,3.2001486299987500E+01,1.2000000114438700E+02,1.5980796902108700E+02
2.28010E+02,3.2001486984330500E+01,1.2000000120861000E+02,1.5987281040273700E+02
2.28020E+02,3.2001487670172700E+01,1.2000000127528200E+02,1.5993743455424400E+02
2.28030E+02,3.2001488357528400E+01,1.2000000134445700E+02,1.6000183712576100E+02
2.28040E+02,3.2001489046410700E+01,1.2000000141618900E+02,1.6006601374124100E+02
2.28050E+02,3.2001489736832500E+01,1.2000000149053100E+02,1.6012995999815500E+02
2.28060E+02,3.2001490428803800E+01,1.2000000156753900E+02,1.6019367170237800E+02
2.28070E+02,3.2001491122330600E+01,1.2000000164726600E+02,1.6025714511508300E+02
2.28080E+02,3.2001491817415000E+01,1.2000000172976700E+02,1.6032037691087300E+02
2.28090E+02,3.2001492514055500E+01,1.2000000181509600E+02,1.6038336413986900E+02
2.28100E+02,3.2001493212247400E+01,1.2000000190330800E+02,1.6044610419337400E+02
2.28110E+02,3.2001493911983200E+01,1.2000000199445800E+02,1.6050859477276600E+02
2.28120E+02,3.2001494613252500E+01,1.2000000208859900E+02,1.6057083386129000E+02
2.28130E+02,3.2001495316042500E+01,1.2000000218578600E+02,1.6063281969849000E+02
2.28140E+02,3.2001496020338400E+01,1.2000000228607300E+02,1.6069455075701200E+02
2.28150E+02,3.2001496726122900E+01,1.2000000238951600E+02,1.6075602572156000E+02
2.28160E+02,3.2001497433377300E+01,1.2000000249616700E+02,1.6081724346979500E+02
2.28170E+02,3.2001498142080700E+01,1.2000000260608200E+02,1.6087820305499700E+02
2.28180E+02,3.2001498852211000E+01,1.2000000271931400E+02,1.6093890369032000E+02
2.28190E+02,3.2001499563744400E+01,1.2000000283591900E+02,1.6099934473449800E+02
2.28200E+02,3.2001500276655600E+01,1.2000000295594900E+02,1.6105952567885600E+02
2.28210E+02,3.2001500990918300E+01,1.2000000307945900E+02,1.6111944613551200E+02
2.28220E+02,3.2001501706504800E+01,1.2000000320650400E+02,1.6117910582665000E+02
2.28230E+02,3.2001502423386400E+01,1.2000000333713600E+02,1.6123850457478200E+02
2.28240E+02,3.2001503141533300E+01,1.2000000347141000E+02,1.6129764229388500E+02
2.28250E+02,3.2001503860914700E+01,1.2000000360938000E+02,1.6135651898134800E+02
2.28260E+02,3.2001504581498900E+01,1.2000000375109900E+02,1.6141513471064800E+02
2.28270E+02,3.2001505303253300E+01,1.2000000389662100E+02,1.6147348962468900E+02
2.28280E+02,3.2001506026144400E+01,1.2000000404599800E+02,1.6153158392974300E+02
2.28290E+02,3.2001506750138000E+01,1.2000000419928600E+02,1.6158941788993300E+02
2.28300E+02,3.2001507475199100E+01,1.2000000435653600E+02,1.6164699182222400E+02
2.28310E+02,3.2001508201292000E+01,1.2000000451780300E+02,1.6170430609184500E+02
2.28320E+02,3.2001508928380200E+01,1.2000000468313800E+02,1.6176136110814200E+02
2.28330E+02,3.2001509656426400E+01,1.2000000485259400E+02,1.6181815732078400E+02
2.28340E+02,3.2001510385393000E+01,1.2000000502622500E+02,1.6187469521632000E+02
2.28350E+02,3.2001511115241500E+01,1.2000000520408300E+02,1.6193097531503100E+02
2.28360E+02,3.2001511845932600E+01,1.2000000538622000E+02,1.6198699816807600E+02
2.28370E+02,3.2001512577426700E+01,1.2000000557268700E+02,1.6204276435487000E+02
2.28380E+02,3.2001513309683500E+01,1.2000000576353800E+02,1.6209827448071500E+02
2.28390E+02,3.2001514042661900E+01,1.2000000595882300E+02,1.6215352917462200E+02
2.28400E+02,3.2001514776320400E+01,1.2000000615859500E+02,1.6220852908733000E+02
2.28410E+02,3.2001515510616900E+01,1.2000000636290400E+02,1.6226327488950200E+02
2.28420E+02,3.2001516245508600E+01,1.2000000657180200E+02,1.6231776727006700E+02
2.28430E+02,3.2001516980952300E+01,1.2000000678533900E+02,1.6237200693471800E+02
2.28440E+02,3.2001517716904000E+01,1.2000000700356600E+02,1.6242599460452400E+02
2.28450E+02,3.2001518453319200E+01,1.2000000722653200E+02,1.6247973101467600E+02
2.28460E+02,3.2001519190153000E+01,1.2000000745429000E+02,1.6253321691332800E+02
2.28470E+02,3.2001519927359700E+01,1.2000000768688700E+02,1.6258645306054100E+02
2.28480E+02,3.2001520664893200E+01,1.2000000792437300E+02,1.6263944022731700E+02
2.28490E+02,3.2001521402706600E+01,1.2000000816679800E+02,1.6269217919470700E+02
2.28500E+02,3.2001522140752600E+01,1.2000000841421000E+02,1.6274467075299800E+02
2.28510E+02,3.2001522878983400E+01,1.2000000866665700E+02,1.6279691570096900E+02
2.28520E+02,3.2001523617350300E+01,1.2000000892418900E+02,1.6284891484519900E+02
2.28530E+02,3.2001524355804500E+01,1.2000000918685200E+02,1.6290066899943600E+02
2.28540E+02,3.2001525094296100E+01,1.2000000945469400E+02,1.6295217898402000E+02
2.28550E+02,3.2001525832775100E+01,1.2000000972776200E+02,1.6300344562534100E+02
2.28560E+02,3.2001526571190500E+01,1.2000001000610200E+02,1.6305446975535000E+02
2.28570E+02,3.2001527309491000E+01,1.2000001028976200E+02,1.6310525221110100E+02
2.28580E+02,3.2001528047624600E+01,1.2000001057878600E+02,1.6315579383433200E+02
2.28590E+02,3.2001528785538700E+01,1.2000001087322000E+02,1.6320609547107100E+02
2.28600E+02,3.2001529523180100E+01,1.2000001117310900E+02,1.6325615797128000E+02
2.28610E+02,3.2001530260496700E+01,1.2000001147849200E+02,1.6330598218851600E+02
2.28620E+02,3.2001530997437800E+01,1.2000001178940100E+02,1.6335556897962700E+02
2.28630E+02,3.2001531733954100E+01,1.2000001210586200E+02,1.6340491920445500E+02
2.28640E+02,3.2001532469997400E+01,1.2000001242789600E+02,1.6345403372557500E+02
2.28650E+02,3.2001533205521000E+01,1.2000001275551900E+02,1.6350291340803800E+02
2.28660E+02,3.2001533940479400E+01,1.2000001308874000E+02,1.6355155911914300E+02
2.28670E+02,3.2001534674828100E+01,1.2000001342756700E+02,1.6359997172821500E+02
2.28680E+02,3.2001535408523800E+01,1.2000001377200300E+02,1.6364815210640300E+02
2.28690E+02,3.2001536141524500E+01,1.2000001412204800E+02,1.6369610112648700E+02
2.28700E+02,3.2001536873788900E+01,1.2000001447769600E+02,1.6374381966269800E+02
2.28710E+02,3.2001537605277000E+01,1.2000001483894300E+02,1.6379130859054900E+02
2.28720E+02,3.2001538335949600E+01,1.2000001520577800E+02,1.6383856878667800E+02
2.28730E+02,3.2001539065768600E+01,1.2000001557819100E+02,1.6388560112869600E+02
2.28740E+02,3.2001539794696700E+01,1.2000001595616800E+02,1.6393240649504500E+02
2.28750E+02,3.2001540522697600E+01,1.2000001633969200E+02,1.6397898576486700E+02
2.28760E+02,3.2001541249735900E+01,1.2000001672874800E+02,1.6402533981787200E+02
2.28770E+02,3.2001541975776800E+01,1.2000001712331500E+02,1.6407146953422400E+02
2.28780E+02,3.2001542700786700E+01,1.2000001752337400E+02,1.6411737579442200E+02
2.28790E+02,3.2001543424732400E+01,1.2000001792890200E+02,1.6416305947919300E+02
2.28800E+02,3.2001544147581700E+01,1.2000001833987800E+02,1.6420852146939000E+02
2.28810E+02,3.2001544869303100E+01,1.2000001875627700E+02,1.6425376264588900E+02
2.28820E+02,3.2001545589865900E+01,1.2000001917807300E+02,1.6429878388950200E+02
2.28830E+02,3.2001546309240000E+01,1.2000001960524200E+02,1.6434358608088000E+02
2.28840E+02,3.2001547027396000E+01,1.2000002003775600E+02,1.6438817010042900E+02
2.28850E+02,3.2001547744305300E+01,1.2000002047558800E+02,1.6443253682823000E+02
2.28860E+02,3.2001548459939700E+01,1.2000002091871000E+02,1.6447668714395700E+02
2.28870E+02,3.2001549174272000E+01,1.2000002136709400E+02,1.6452062192680100E+02
2.28880E+02,3.2001549887275300E+01,1.2000002182070900E+02,1.6456434205539900E+02
2.28890E+02,3.2001550598923600E+01,1.2000002227952700E+02,1.6460784840776100E+02
2.28900E+02,3.2001551309191200E+01,1.2000002274351800E+02,1.6465114186120300E+02
2.28910E+02,3.2001552018053100E+01,1.2000002321265100E+02,1.6469422329228400E+02
2.28920E+02,3.2001552725485000E+01,1.2000002368689400E+02,1.6473709357673800E+02
2.28930E+02,3.2001553431463100E+01,1.2000002416621700E+02,1.6477975358941800E+02
2.28940E+02,3.2001554135964000E+01,1.2000002465058900E+02,1.6482220420423400E+02
2.28950E+02,3.2001554838965000E+01,1.2000002513997800E+02,1.6486444629409900E+02
2.28960E+02,3.2001555540443900E+01,1.2000002563435100E+02,1.6490648073087000E+02
2.28970E+02,3.2001556240378900E+01,1.2000002613367800E+02,1.6494830838529800E+02
2.28980E+02,3.2001556938748800E+01,1.2000002663792400E+02,1.6498993012697500E+02
2.28990E+02,3.2001557635533000E+01,1.2000002714706000E+02,1.6503134682428400E+02
2.29000E+02,3.2001558330711200E+01,1.2000002766105000E+02,1.6507255934435100E+02
2.29010E+02,3.2001559024263700E+01,1.2000002817986400E+02,1.6511356855299700E+02
2.29020E+02,3.2001559716171200E+01,1.2000002870346800E+02,1.6515437531469300E+02
2.29030E+02,3.2001560406414900E+01,1.2000002923183000E+02,1.6519498049251500E+02
2.29040E+02,3.2001561094976400E+01,1.2000002976491600E+02,1.6523538494810400E+02
2.29050E+02,3.2001561781837800E+01,1.2000003030269500E+02,1.6527558954161800E+02
2.29060E+02,3.2001562466981700E+01,1.2000003084513200E+02,1.6531559513169600E+02
2.29070E+02,3.2001563150391000E+01,1.2000003139219600E+02,1.6535540257542000E+02
2.29080E+02,3.2001563832049100E+01,1.2000003194385300E+02,1.6539501272827000E+02
2.29090E+02,3.2001564511939800E+01,1.2000003250007100E+02,1.6543442644409400E+02
2.29100E+02,3.2001565190047400E+01,1.2000003306081600E+02,1.6547364457506500E+02
2.29110E+02,3.2001565866356400E+01,1.2000003362605600E+02,1.6551266797165400E+02
2.29120E+02,3.2001566540851800E+01,1.2000003419575800E+02,1.6555149748258600E+02
2.29130E+02,3.2001567213519100E+01,1.2000003476988900E+02,1.6559013395481400E+02
2.29140E+02,3.2001567884344100E+01,1.2000003534841600E+02,1.6562857823348300E+02
2.29150E+02,3.2001568553313000E+01,1.2000003593130800E+02,1.6566683116190000E+02
2.29160E+02,3.2001569220412200E+01,1.2000003651853100E+02,1.6570489358150200E+02
2.29170E+02,3.2001569885628700E+01,1.2000003711005200E+02,1.6574276633182800E+02
2.29180E+02,3.2001570548949900E+01,1.2000003770584100E+02,1.6578045025048700E+02
2.29190E+02,3.2001571210363300E+01,1.2000003830586300E+02,1.6581794617313300E+02
2.29200E+02,3.2001571869856900E+01,1.2000003891008700E+02,1.6585525493343500E+02
2.29210E+02,3.2001572527419100E+01,1.2000003951848100E+02,1.6589237736305200E+02
2.29220E+02,3.2001573183038500E+01,1.2000004013101300E+02,1.6592931429160700E+02
2.29230E+02,3.2001573836704200E+01,1.2000004074765100E+02,1.6596606654665800E+02
2.29240E+02,3.2001574488405600E+01,1.2000004136836200E+02,1.6600263495368200E+02
2.29250E+02,3.2001575138132200E+01,1.2000004199311600E+02,1.6603902033604100E+02
2.29260E+02,3.2001575785874200E+01,1.2000004262188100E+02,1.6607522351496500E+02
2.29270E+02,3.2001576431621700E+01,1.2000004325462400E+02,1.6611124530953000E+02
2.29280E+02,3.2001577075365600E+01,1.2000004389131600E+02,1.6614708653663200E+02
2.29290E+02,3.2001577717096600E+01,1.2000004453192400E+02,1.6618274801096900E+02
2.29300E+02,3.2001578356806000E+01,1.2000004517641700E+02,1.6621823054502000E+02
2.29310E+02,3.2001578994485400E+01,1.2000004582476500E+02,1.6625353494902400E+02
2.29320E+02,3.2001579630126700E+01,1.2000004647693700E+02,1.6628866203096200E+02
2.29330E+02,3.2001580263721800E+01,1.2000004713290100E+02,1.6632361259653600E+02
2.29340E+02,3.2001580895263300E+01,1.2000004779262800E+02,1.6635838744915200E+02
2.29350E+02,3.2001581524743800E+01,1.2000004845608700E+02,1.6639298738990600E+02
2.29360E+02,3.2001582152156300E+01,1.2000004912324700E+02,1.6642741321755900E+02
2.29370E+02,3.2001582777494100E+01,1.2000004979407900E+02,1.6646166572852800E+02
2.29380E+02,3.2001583400750600E+01,1.2000005046855200E+02,1.6649574571686500E+02
2.29390E+02,3.2001584021919600E+01,1.2000005114663700E+02,1.6652965397424500E+02
2.29400E+02,3.2001584640995200E+01,1.2000005182830400E+02,1.6656339128994800E+02
2.29410E+02,3.2001585257971600E+01,1.2000005251352400E+02,1.6659695845084700E+02
2.29420E+02,3.2001585872843400E+01,1.2000005320226600E+02,1.6663035624139200E+02
2.29430E+02,3.2001586485605500E+01,1.2000005389450300E+02,1.6666358544359700E+02
2.29440E+02,3.2001587096252700E+01,1.2000005459020400E+02,1.6669664683702900E+02
2.29450E+02,3.2001587704780400E+01,1.2000005528934000E+02,1.6672954119879300E+02
2.29460E+02,3.2001588311184200E+01,1.2000005599188400E+02,1.6676226930351900E+02
2.29470E+02,3.2001588915459700E+01,1.2000005669780600E+02,1.6679483192335500E+02
2.29480E+02,3.2001589517602900E+01,1.2000005740707800E+02,1.6682722982794900E+02
2.29490E+02,3.2001590117610100E+01,1.2000005811967200E+02,1.6685946378444400E+02
2.29500E+02,3.2001590715477600E+01,1.2000005883555900E+02,1.6689153455746700E+02
2.29510E+02,3.2001591311202200E+01,1.2000005955471200E+02,1.6692344290911300E+02
2.29520E+02,3.2001591904780700E+01,1.2000006027710300E+02,1.6695518959894400E+02
2.29530E+02,3.2001592496210100E+01,1.2000006100270400E+02,1.6698677538397400E+02
2.29540E+02,3.2001593085487700E+01,1.2000006173148700E+02,1.6701820101866200E+02
2.29550E+02,3.2001593672611100E+01,1.2000006246342600E+02,1.6704946725490300E+02
2.29560E+02,3.2001594257577900E+01,1.2000006319849400E+02,1.6708057484202200E+02
2.29570E+02,3.2001594840386000E+01,1.2000006393666200E+02,1.6711152452676400E+02
2.29580E+02,3.2001595421033400E+01,1.2000006467790600E+02,1.6714231705328600E+02
2.29590E+02,3.2001595999518500E+01,1.2000006542219700E+02,1.6717295316315500E+02
2.29600E+02,3.2001596575839700E+01,1.2000006616950900E+02,1.6720343359533400E+02
2.29610E+02,3.2001597149995600E+01,1.2000006691981700E+02,1.6723375908618300E+02
2.29620E+02,3.2001597721985200E+01,1.2000006767309400E+02,1.6726393036944900E+02
2.29630E+02,3.2001598291807300E+01,1.2000006842931400E+02,1.6729394817626000E+02
2.29640E+02,3.2001598859461200E+01,1.2000006918845100E+02,1.6732381323512100E+02
2.29650E+02,3.2001599424946300E+01,1.2000006995048000E+02,1.6735352627191200E+02
2.29660E+02,3.2001599988262000E+01,1.2000007071537600E+02,1.6738308800987700E+02
2.29670E+02,3.2001600549408100E+01,1.2000007148311200E+02,1.6741249916962500E+02
2.29680E+02,3.2001601108384400E+01,1.2000007225366400E+02,1.6744176046912400E+02
2.29690E+02,3.2001601665190900E+01,1.2000007302700800E+02,1.6747087262369500E+02
2.29700E+02,3.2001602219827800E+01,1.2000007380311700E+02,1.6749983634601500E+02
2.29710E+02,3.2001602772295500E+01,1.2000007458196800E+02,1.6752865234610500E+02
2.29720E+02,3.2001603322594400E+01,1.2000007536353700E+02,1.6755732133133700E+02
2.29730E+02,3.2001603870725100E+01,1.2000007614779800E+02,1.6758584400642200E+02
2.29740E+02,3.2001604416688500E+01,1.2000007693472900E+02,1.6761422107341400E+02
2.29750E+02,3.2001604960485500E+01,1.2000007772430500E+02,1.6764245323170600E+02
2.29760E+02,3.2001605502117100E+01,1.2000007851650100E+02,1.6767054117802500E+02
2.29770E+02,3.2001606041584600E+01,1.2000007931129600E+02,1.6769848560643800E+02
2.29780E+02,3.2001606578889300E+01,1.2000008010866500E+02,1.6772628720834200E+02
2.29790E+02,3.2001607114032600E+01,1.2000008090858500E+02,1.6775394667247000E+02
2.29800E+02,3.2001607647016300E+01,1.2000008171103300E+02,1.6778146468488600E+02
2.29810E+02,3.2001608177842000E+01,1.2000008251598700E+02,1.6780884192898300E+02
2.29820E+02,3.2001608706511500E+01,1.2000008332342300E+02,1.6783607908549000E+02
2.29830E+02,3.2001609233027000E+01,1.2000008413331900E+02,1.6786317683246400E+02
2.29840E+02,3.2001609757390400E+01,1.2000008494565200E+02,1.6789013584529100E+02
2.29850E+02,3.2001610279604100E+01,1.2000008576040100E+02,1.6791695679669300E+02
2.29860E+02,3.2001610799670300E+01,1.2000008657754300E+02,1.6794364035672000E+02
2.29870E+02,3.2001611317591600E+01,1.2000008739705600E+02,1.6797018719275600E+02
2.29880E+02,3.2001611833370500E+01,1.2000008821891900E+02,1.6799659796951800E+02
2.29890E+02,3.2001612347009700E+01,1.2000008904311000E+02,1.6802287334905600E+02
2.29900E+02,3.2001612858512000E+01,1.2000008986960800E+02,1.6804901399075700E+02
2.29910E+02,3.2001613367880300E+01,1.2000009069839200E+02,1.6807502055134500E+02
2.29920E+02,3.2001613875117600E+01,1.2000009152944000E+02,1.6810089368488300E+02
2.29930E+02,3.2001614380227100E+01,1.2000009236273100E+02,1.6812663404277200E+02
2.29940E+02,3.2001614883211800E+01,1.2000009319824600E+02,1.6815224227375800E+02
2.29950E+02,3.2001615384075200E+01,1.2000009403596200E+02,1.6817771902393200E+02
2.29960E+02,3.2001615882820500E+01,1.2000009487586100E+02,1.6820306493672800E+02
2.29970E+02,3.2001616379451400E+01,1.2000009571792100E+02,1.6822828065293500E+02
2.29980E+02,3.2001616873971400E+01,1.2000009656212200E+02,1.6825336681068900E+02
2.29990E+02,3.2001617366384100E+01,1.2000009740844500E+02,1.6827832404548500E+02
2.30000E+02,3.2001617856693400E+01,1.2000009825687000E+02,1.6830315299017300E+02
2.30010E+02,3.2001618344903000E+01,1.2000009910737700E+02,1.6832785427496500E+02
2.30020E+02,3.2001618831016900E+01,1.2000009995994700E+02,1.6835242852743900E+02
2.30030E+02,3.2001619315039200E+01,1.2000010081456000E+02,1.6837687637253700E+02
2.30040E+02,3.2001619796973800E+01,1.2000010167119800E+02,1.6840119843257600E+02
2.30050E+02,3.2001620276825000E+01,1.2000010252984100E+02,1.6842539532724600E+02
2.30060E+02,3.2001620754597000E+01,1.2000010339047000E+02,1.6844946767361500E+02
2.30070E+02,3.2001621230294200E+01,1.2000010425306700E+02,1.6847341608613800E+02
2.30080E+02,3.2001621703920900E+01,1.2000010511761300E+02,1.6849724117665100E+02
2.30090E+02,3.2001622175481600E+01,1.2000010598409000E+02,1.6852094355438600E+02
2.30100E+02,3.2001622644980900E+01,1.2000010685248000E+02,1.6854452382596800E+02
2.30110E+02,3.2001623112423200E+01,1.2000010772276500E+02,1.6856798259542200E+02
2.30120E+02,3.2001623577813400E+01,1.2000010859492500E+02,1.6859132046417900E+02
2.30130E+02,3.2001624041156200E+01,1.2000010946894500E+02,1.6861453803107800E+02
2.30140E+02,3.2001624502456200E+01,1.2000011034480600E+02,1.6863763589237200E+02
2.30150E+02,3.2001624961718500E+01,1.2000011122249100E+02,1.6866061464173300E+02
2.30160E+02,3.2001625418947900E+01,1.2000011210198200E+02,1.6868347487025900E+02
2.30170E+02,3.2001625874149400E+01,1.2000011298326300E+02,1.6870621716647500E+02
2.30180E+02,3.2001626327328100E+01,1.2000011386631600E+02,1.6872884211634000E+02
2.30190E+02,3.2001626778488900E+01,1.2000011475112400E+02,1.6875135030325500E+02
2.30200E+02,3.2001627227637200E+01,1.2000011563767000E+02,1.6877374230806400E+02
2.30210E+02,3.2001627674778000E+01,1.2000011652593800E+02,1.6879601870906400E+02
2.30220E+02,3.2001628119916600E+01,1.2000011741591200E+02,1.6881818008200500E+02
2.30230E+02,3.2001628563058300E+01,1.2000011830757500E+02,1.6884022700010300E+02
2.30240E+02,3.2001629004208600E+01,1.2000011920091100E+02,1.6886216003403900E+02
2.30250E+02,3.2001629443372700E+01,1.2000012009590400E+02,1.6888397975196900E+02
2.30260E+02,3.2001629880556100E+01,1.2000012099253800E+02,1.6890568671952800E+02
2.30270E+02,3.2001630315764300E+01,1.2000012189079700E+02,1.6892728149983800E+02
2.30280E+02,3.2001630749002800E+01,1.2000012279066500E+02,1.6894876465351200E+02
2.30290E+02,3.2001631180277300E+01,1.2000012369212800E+02,1.6897013673866100E+02
2.30300E+02,3.2001631609593300E+01,1.2000012459516900E+02,1.6899139831090100E+02
2.30310E+02,3.2001632036956400E+01,1.2000012549977400E+02,1.6901254992335800E+02
2.30320E+02,3.2001632462372400E+01,1.2000012640592700E+02,1.6903359212667700E+02
2.30330E+02,3.2001632885847000E+01,1.2000012731361300E+02,1.6905452546902300E+02
2.30340E+02,3.2001633307386000E+01,1.2000012822281800E+02,1.6907535049609600E+02
2.30350E+02,3.2001633726995200E+01,1.2000012913352700E+02,1.6909606775113000E+02
2.30360E+02,3.2001634144680300E+01,1.2000013004572500E+02,1.6911667777490200E+02
2.30370E+02,3.2001634560447300E+01,1.2000013095939800E+02,1.6913718110574200E+02
2.30380E+02,3.2001634974302200E+01,1.2000013187453200E+02,1.6915757827953500E+02
2.30390E+02,3.2001635386250700E+01,1.2000013279111100E+02,1.6917786982973000E+02
2.30400E+02,3.2001635796298900E+01,1.2000013370912300E+02,1.6919805628734800E+02
2.30410E+02,3.2001636204452800E+01,1.2000013462855400E+02,1.6921813818098700E+02
2.30420E+02,3.2001636610718300E+01,1.2000013554938800E+02,1.6923811603683200E+02
2.30430E+02,3.2001637015101600E+01,1.2000013647161400E+02,1.6925799037865700E+02
2.30440E+02,3.2001637417608700E+01,1.2000013739521700E+02,1.6927776172783700E+02
2.30450E+02,3.2001637818245700E+01,1.2000013832018300E+02,1.6929743060335400E+02
2.30460E+02,3.2001638217018700E+01,1.2000013924650000E+02,1.6931699752180100E+02
2.30470E+02,3.2001638613933800E+01,1.2000014017415400E+02,1.6933646299739400E+02
2.30480E+02,3.2001639008997300E+01,1.2000014110313300E+02,1.6935582754197800E+02
2.30490E+02,3.2001639402215400E+01,1.2000014203342200E+02,1.6937509166503000E+02
2.30500E+02,3.2001639793594100E+01,1.2000014296501000E+02,1.6939425587367300E+02
2.30510E+02,3.2001640183139800E+01,1.2000014389788300E+02,1.6941332067268000E+02
2.30520E+02,3.2001640570858700E+01,1.2000014483203000E+02,1.6943228656448100E+02
2.30530E+02,3.2001640956757000E+01,1.2000014576743700E+02,1.6945115404917100E+02
2.30540E+02,3.2001641340841100E+01,1.2000014670409200E+02,1.6946992362451900E+02
2.30550E+02,3.2001641723117300E+01,1.2000014764198300E+02,1.6948859578597300E+02
2.30560E+02,3.2001642103591700E+01,1.2000014858109700E+02,1.6950717102667200E+02
2.30570E+02,3.2001642482270900E+01,1.2000014952142300E+02,1.6952564983744700E+02
2.30580E+02,3.2001642859161100E+01,1.2000015046294900E+02,1.6954403270683400E+02
2.30590E+02,3.2001643234268600E+01,1.2000015140566200E+02,1.6956232012108200E+02
2.30600E+02,3.2001643607599900E+01,1.2000015234955100E+02,1.6958051256415500E+02
2.30610E+02,3.2001643979161300E+01,1.2000015329460500E+02,1.6959861051774700E+02
2.30620E+02,3.2001644348959100E+01,1.2000015424081200E+02,1.6961661446128400E+02
2.30630E+02,3.2001644716999900E+01,1.2000015518816100E+02,1.6963452487193600E+02
2.30640E+02,3.2001645083290000E+01,1.2000015613664000E+02,1.6965234222462000E+02
2.30650E+02,3.2001645447835800E+01,1.2000015708623700E+02,1.6967006699201500E+02
2.30660E+02,3.2001645810643700E+01,1.2000015803694300E+02,1.6968769964456300E+02
2.30670E+02,3.2001646171720200E+01,1.2000015898874600E+02,1.6970524065047900E+02
2.30680E+02,3.2001646531071700E+01,1.2000015994163500E+02,1.6972269047576000E+02
2.30690E+02,3.2001646888704700E+01,1.2000016089559900E+02,1.6974004958419500E+02
2.30700E+02,3.2001647244625600E+01,1.2000016185062800E+02,1.6975731843736600E+02
2.30710E+02,3.2001647598840800E+01,1.2000016280671100E+02,1.6977449749466400E+02
2.30720E+02,3.2001647951356900E+01,1.2000016376383800E+02,1.6979158721329000E+02
2.30730E+02,3.2001648302180200E+01,1.2000016472199700E+02,1.6980858804826900E+02
2.30740E+02,3.2001648651317300E+01,1.2000016568118000E+02,1.6982550045245400E+02
2.30750E+02,3.2001648998774600E+01,1.2000016664137600E+02,1.6984232487653400E+02
2.30760E+02,3.2001649344558600E+01,1.2000016760257400E+02,1.6985906176904500E+02
2.30770E+02,3.2001649688675800E+01,1.2000016856476500E+02,1.6987571157637500E+02
2.30780E+02,3.2001650031132600E+01,1.2000016952793800E+02,1.6989227474277500E+02
2.30790E+02,3.2001650371935500E+01,1.2000017049208500E+02,1.6990875171036300E+02
2.30800E+02,3.2001650711091000E+01,1.2000017145719400E+02,1.6992514291913600E+02
2.30810E+02,3.2001651048605500E+01,1.2000017242325700E+02,1.6994144880697500E+02
2.30820E+02,3.2001651384485600E+01,1.2000017339026500E+02,1.6995766980965700E+02
2.30830E+02,3.2001651718737600E+01,1.2000017435820700E+02,1.6997380636085800E+02
2.30840E+02,3.2001652051368200E+01,1.2000017532707400E+02,1.6998985889216300E+02
2.30850E+02,3.2001652382383600E+01,1.2000017629685700E+02,1.7000582783307800E+02
2.30860E+02,3.2001652711790500E+01,1.2000017726754700E+02,1.7002171361103200E+02
2.30870E+02,3.2001653039595200E+01,1.2000017823913500E+02,1.7003751665138900E+02
2.30880E+02,3.2001653365804300E+01,1.2000017921161200E+02,1.7005323737745400E+02
2.30890E+02,3.2001653690424100E+01,1.2000018018496800E+02,1.7006887621048200E+02
2.30900E+02,3.2001654013461100E+01,1.2000018115919600E+02,1.7008443356968800E+02
2.30910E+02,3.2001654334921700E+01,1.2000018213428500E+02,1.7009990987225000E+02
2.30920E+02,3.2001654654812500E+01,1.2000018311022900E+02,1.7011530553332300E+02
2.30930E+02,3.2001654973139800E+01,1.2000018408701700E+02,1.7013062096604300E+02
2.30940E+02,3.2001655289910000E+01,1.2000018506464200E+02,1.7014585658153500E+02
2.30950E+02,3.2001655605129600E+01,1.2000018604309500E+02,1.7016101278892600E+02
2.30960E+02,3.2001655918805000E+01,1.2000018702236800E+02,1.7017608999534600E+02
2.30970E+02,3.2001656230942500E+01,1.2000018800245200E+02,1.7019108860594100E+02
2.30980E+02,3.2001656541548700E+01,1.2000018898333900E+02,1.7020600902387900E+02
2.30990E+02,3.2001656850629800E+01,1.2000018996502200E+02,1.7022085165036000E+02
2.31000E+02,3.2001657158192200E+01,1.2000019094749200E+02,1.7023561688462200E+02
2.31010E+02,3.2001657464242400E+01,1.2000019193074200E+02,1.7025030512394800E+02
2.31020E+02,3.2001657768786600E+01,1.2000019291476300E+02,1.7026491676367900E+02
2.31030E+02,3.2001658071831300E+01,1.2000019389954700E+02,1.7027945219721600E+02
2.31040E+02,3.2001658373382800E+01,1.2000019488508800E+02,1.7029391181603300E+02
2.31050E+02,3.2001658673447300E+01,1.2000019587137600E+02,1.7030829600968000E+02
2.31060E+02,3.2001658972031300E+01,1.2000019685840600E+02,1.7032260516579700E+02
2.31070E+02,3.2001659269141100E+01,1.2000019784616900E+02,1.7033683967011600E+02
2.31080E+02,3.2001659564782800E+01,1.2000019883465700E+02,1.7035099990647300E+02
2.31090E+02,3.2001659858963000E+01,1.2000019982386400E+02,1.7036508625681600E+02
2.31100E+02,3.2001660151687700E+01,1.2000020081378300E+02,1.7037909910120900E+02
2.31110E+02,3.2001660442963300E+01,1.2000020180440500E+02,1.7039303881784500E+02
2.31120E+02,3.2001660732796100E+01,1.2000020279572400E+02,1.7040690578305100E+02
2.31130E+02,3.2001661021192200E+01,1.2000020378773400E+02,1.7042070037129500E+02
2.31140E+02,3.2001661308158000E+01,1.2000020478042600E+02,1.7043442295519700E+02
2.31150E+02,3.2001661593699600E+01,1.2000020577379300E+02,1.7044807390553400E+02
2.31160E+02,3.2001661877823200E+01,1.2000020676783100E+02,1.7046165359125200E+02
2.31170E+02,3.2001662160535000E+01,1.2000020776253000E+02,1.7047516237946700E+02
2.31180E+02,3.2001662441841300E+01,1.2000020875788500E+02,1.7048860063548000E+02
2.31190E+02,3.2001662721748100E+01,1.2000020975388900E+02,1.7050196872278000E+02
2.31200E+02,3.2001663000261700E+01,1.2000021075053500E+02,1.7051526700305500E+02
2.31210E+02,3.2001663277388100E+01,1.2000021174781700E+02,1.7052849583619700E+02
2.31220E+02,3.2001663553133500E+01,1.2000021274572800E+02,1.7054165558031200E+02
2.31230E+02,3.2001663827504000E+01,1.2000021374426200E+02,1.7055474659172800E+02
2.31240E+02,3.2001664100505700E+01,1.2000021474341300E+02,1.7056776922499800E+02
2.31250E+02,3.2001664372144600E+01,1.2000021574317400E+02,1.7058072383291600E+02
2.31260E+02,3.2001664642426900E+01,1.2000021674353900E+02,1.7059361076651800E+02
2.31270E+02,3.2001664911358600E+01,1.2000021774450300E+02,1.7060643037509100E+02
2.31280E+02,3.2001665178945700E+01,1.2000021874605800E+02,1.7061918300618300E+02
2.31290E+02,3.2001665445194200E+01,1.2000021974819900E+02,1.7063186900561000E+02
2.31300E+02,3.2001665710110200E+01,1.2000022075092000E+02,1.7064448871746200E+02
2.31310E+02,3.2001665973699600E+01,1.2000022175421500E+02,1.7065704248411000E+02
2.31320E+02,3.2001666235968400E+01,1.2000022275807800E+02,1.7066953064621800E+02
2.31330E+02,3.2001666496922500E+01,1.2000022376250300E+02,1.7068195354274700E+02
2.31340E+02,3.2001666756568000E+01,1.2000022476748500E+02,1.7069431151096300E+02
2.31350E+02,3.2001667014910600E+01,1.2000022577301800E+02,1.7070660488644400E+02
2.31360E+02,3.2001667271956400E+01,1.2000022677909600E+02,1.7071883400309100E+02
2.31370E+02,3.2001667527711200E+01,1.2000022778571400E+02,1.7073099919313200E+02
2.31380E+02,3.2001667782180900E+01,1.2000022879286600E+02,1.7074310078712900E+02
2.31390E+02,3.2001668035371300E+01,1.2000022980054700E+02,1.7075513911398900E+02
2.31400E+02,3.2001668287288300E+01,1.2000023080875200E+02,1.7076711450096900E+02
2.31410E+02,3.2001668537937700E+01,1.2000023181747400E+02,1.7077902727368500E+02
2.31420E+02,3.2001668787325300E+01,1.2000023282670900E+02,1.7079087775611700E+02
2.31430E+02,3.2001669035456900E+01,1.2000023383645200E+02,1.7080266627061800E+02
2.31440E+02,3.2001669282338200E+01,1.2000023484669700E+02,1.7081439313792200E+02
2.31450E+02,3.2001669527975100E+01,1.2000023585743900E+02,1.7082605867715100E+02
2.31460E+02,3.2001669772373200E+01,1.2000023686867300E+02,1.7083766320582000E+02
2.31470E+02,3.2001670015538300E+01,1.2000023788039400E+02,1.7084920703984900E+02
2.31480E+02,3.2001670257476000E+01,1.2000023889259700E+02,1.7086069049356500E+02
2.31490E+02,3.2001670498192100E+01,1.2000023990527700E+02,1.7087211387971400E+02
2.31500E+02,3.2001670737692200E+01,1.2000024091843000E+02,1.7088347750946500E+02
2.31510E+02,3.2001670975982000E+01,1.2000024193205000E+02,1.7089478169241900E+02
2.31520E+02,3.2001671213067000E+01,1.2000024294613300E+02,1.7090602673661500E+02
2.31530E+02,3.2001671448952900E+01,1.2000024396067300E+02,1.7091721294853800E+02
2.31540E+02,3.2001671683645300E+01,1.2000024497566700E+02,1.7092834063312700E+02
2.31550E+02,3.2001671917149700E+01,1.2000024599110900E+02,1.7093941009378000E+02
2.31560E+02,3.2001672149471700E+01,1.2000024700699500E+02,1.7095042163236300E+02
2.31570E+02,3.2001672380616900E+01,1.2000024802332000E+02,1.7096137554921600E+02
2.31580E+02,3.2001672610590700E+01,1.2000024904008000E+02,1.7097227214315900E+02
2.31590E+02,3.2001672839398600E+01,1.2000025005727100E+02,1.7098311171150500E+02
2.31600E+02,3.2001673067046200E+01,1.2000025107488800E+02,1.7099389455005700E+02
2.31610E+02,3.2001673293538800E+01,1.2000025209292600E+02,1.7100462095312500E+02
2.31620E+02,3.2001673518882000E+01,1.2000025311138200E+02,1.7101529121352700E+02
2.31630E+02,3.2001673743081100E+01,1.2000025413025000E+02,1.7102590562259700E+02
2.31640E+02,3.2001673966141500E+01,1.2000025514952700E+02,1.7103646447019200E+02
2.31650E+02,3.2001674188068700E+01,1.2000025616920900E+02,1.7104696804470300E+02
2.31660E+02,3.2001674408867900E+01,1.2000025718929100E+02,1.7105741663305300E+02
2.31670E+02,3.2001674628544600E+01,1.2000025820977000E+02,1.7106781052071400E+02
2.31680E+02,3.2001674847104000E+01,1.2000025923064100E+02,1.7107814999170700E+02
2.31690E+02,3.2001675064551600E+01,1.2000026025190000E+02,1.7108843532861000E+02
2.31700E+02,3.2001675280892400E+01,1.2000026127354300E+02,1.7109866681256800E+02
2.31710E+02,3.2001675496131900E+01,1.2000026229556600E+02,1.7110884472329600E+02
2.31720E+02,3.2001675710275300E+01,1.2000026331796500E+02,1.7111896933908600E+02
2.31730E+02,3.2001675923327700E+01,1.2000026434073700E+02,1.7112904093681900E+02
2.31740E+02,3.2001676135294500E+01,1.2000026536387800E+02,1.7113905979196400E+02
2.31750E+02,3.2001676346180700E+01,1.2000026638738400E+02,1.7114902617858900E+02
2.31760E+02,3.2001676555991700E+01,1.2000026741125000E+02,1.7115894036936800E+02
2.31770E+02,3.2001676764732400E+01,1.2000026843547400E+02,1.7116880263558800E+02
2.31780E+02,3.2001676972408100E+01,1.2000026946005100E+02,1.7117861324715000E+02
2.31790E+02,3.2001677179023900E+01,1.2000027048497900E+02,1.7118837247258500E+02
2.31800E+02,3.2001677384584900E+01,1.2000027151025300E+02,1.7119808057905200E+02
2.31810E+02,3.2001677589096100E+01,1.2000027253586900E+02,1.7120773783234900E+02
2.31820E+02,3.2001677792562500E+01,1.2000027356182600E+02,1.7121734449691800E+02
2.31830E+02,3.2001677994989300E+01,1.2000027458811700E+02,1.7122690083585400E+02
2.31840E+02,3.2001678196381500E+01,1.2000027561474200E+02,1.7123640711090700E+02
2.31850E+02,3.2001678396743900E+01,1.2000027664169500E+02,1.7124586358249200E+02
2.31860E+02,3.2001678596081700E+01,1.2000027766897300E+02,1.7125527050969600E+02
2.31870E+02,3.2001678794399800E+01,1.2000027869657400E+02,1.7126462815027800E+02
2.31880E+02,3.2001678991703100E+01,1.2000027972449400E+02,1.7127393676068600E+02
2.31890E+02,3.2001679187996500E+01,1.2000028075272900E+02,1.7128319659605400E+02
2.31900E+02,3.2001679383284900E+01,1.2000028178127600E+02,1.7129240791021200E+02
2.31910E+02,3.2001679577573300E+01,1.2000028281013300E+02,1.7130157095569200E+02
2.31920E+02,3.2001679770866400E+01,1.2000028383929500E+02,1.7131068598373600E+02
2.31930E+02,3.2001679963169100E+01,1.2000028486876000E+02,1.7131975324429900E+02
2.31940E+02,3.2001680154486200E+01,1.2000028589852500E+02,1.7132877298605800E+02
2.31950E+02,3.2001680344822600E+01,1.2000028692858600E+02,1.7133774545641500E+02
2.31960E+02,3.2001680534183000E+01,1.2000028795894100E+02,1.7134667090150800E+02
2.31970E+02,3.2001680722572200E+01,1.2000028898958600E+02,1.7135554956621200E+02
2.31980E+02,3.2001680909994800E+01,1.2000029002051800E+02,1.7136438169414800E+02
2.31990E+02,3.2001681096455800E+01,1.2000029105173500E+02,1.7137316752769100E+02
2.32000E+02,3.2001681281959600E+01,1.2000029208323400E+02,1.7138190730796900E+02
2.32010E+02,3.2001681466511100E+01,1.2000029311501100E+02,1.7139060127487900E+02
2.32020E+02,3.2001681650114900E+01,1.2000029414706300E+02,1.7139924966708300E+02
2.32030E+02,3.2001681832775700E+01,1.2000029517938900E+02,1.7140785272202100E+02
2.32040E+02,3.2001682014498000E+01,1.2000029621198400E+02,1.7141641067591600E+02
2.32050E+02,3.2001682195286500E+01,1.2000029724484700E+02,1.7142492376377600E+02
2.32060E+02,3.2001682375145700E+01,1.2000029827797400E+02,1.7143339221940500E+02
2.32070E+02,3.2001682554080300E+01,1.2000029931136300E+02,1.7144181627540400E+02
2.32080E+02,3.2001682732094800E+01,1.2000030034501100E+02,1.7145019616318100E+02
2.32090E+02,3.2001682909193700E+01,1.2000030137891600E+02,1.7145853211295600E+02
2.32100E+02,3.2001683085381600E+01,1.2000030241307400E+02,1.7146682435376400E+02
2.32110E+02,3.2001683260662800E+01,1.2000030344748300E+02,1.7147507311346500E+02
2.32120E+02,3.2001683435042000E+01,1.2000030448214000E+02,1.7148327861874600E+02
2.32130E+02,3.2001683608523500E+01,1.2000030551704400E+02,1.7149144109512900E+02
2.32140E+02,3.2001683781111800E+01,1.2000030655219100E+02,1.7149956076697700E+02
2.32150E+02,3.2001683952811300E+01,1.2000030758757800E+02,1.7150763785749800E+02
2.32160E+02,3.2001684123626400E+01,1.2000030862320400E+02,1.7151567258875100E+02
2.32170E+02,3.2001684293561500E+01,1.2000030965906600E+02,1.7152366518165400E+02
2.32180E+02,3.2001684462620900E+01,1.2000031069516100E+02,1.7153161585598700E+02
2.32190E+02,3.2001684630809000E+01,1.2000031173148800E+02,1.7153952483039800E+02
2.32200E+02,3.2001684798130100E+01,1.2000031276804300E+02,1.7154739232240900E+02
2.32210E+02,3.2001684964588500E+01,1.2000031380482400E+02,1.7155521854842300E+02
2.32220E+02,3.2001685130188500E+01,1.2000031484182900E+02,1.7156300372372700E+02
2.32230E+02,3.2001685294934400E+01,1.2000031587905500E+02,1.7157074806249900E+02
2.32240E+02,3.2001685458830400E+01,1.2000031691650100E+02,1.7157845177781400E+02
2.32250E+02,3.2001685621880700E+01,1.2000031795416400E+02,1.7158611508164700E+02
2.32260E+02,3.2001685784089600E+01,1.2000031899204200E+02,1.7159373818488200E+02
2.32270E+02,3.2001685945461200E+01,1.2000032003013200E+02,1.7160132129731500E+02
2.32280E+02,3.2001686105999700E+01,1.2000032106843300E+02,1.7160886462765900E+02
2.32290E+02,3.2001686265709200E+01,1.2000032210694100E+02,1.7161636838355100E+02
2.32300E+02,3.2001686424594000E+01,1.2000032314565600E+02,1.7162383277155800E+02
2.32310E+02,3.2001686582658100E+01,1.2000032418457400E+02,1.7163125799717800E+02
2.32320E+02,3.2001686739905600E+01,1.2000032522369400E+02,1.7163864426485100E+02
2.32330E+02,3.2001686896340600E+01,1.2000032626301400E+02,1.7164599177796200E+02
2.32340E+02,3.2001687051967200E+01,1.2000032730253200E+02,1.7165330073884300E+02
2.32350E+02,3.2001687206789400E+01,1.2000032834224500E+02,1.7166057134878300E+02
2.32360E+02,3.2001687360811200E+01,1.2000032938215100E+02,1.7166780380803200E+02
2.32370E+02,3.2001687514036600E+01,1.2000033042224900E+02,1.7167499831580500E+02
2.32380E+02,3.2001687666469700E+01,1.2000033146253600E+02,1.7168215507028600E+02
2.32390E+02,3.2001687818114400E+01,1.2000033250301100E+02,1.7168927426863700E+02
2.32400E+02,3.2001687968974700E+01,1.2000033354367200E+02,1.7169635610700000E+02
2.32410E+02,3.2001688119054400E+01,1.2000033458451600E+02,1.7170340078050400E+02
2.32420E+02,3.2001688268357600E+01,1.2000033562554200E+02,1.7171040848326800E+02
2.32430E+02,3.2001688416888100E+01,1.2000033666674700E+02,1.7171737940840800E+02
2.32440E+02,3.2001688564649800E+01,1.2000033770813100E+02,1.7172431374804100E+02
2.32450E+02,3.2001688711646600E+01,1.2000033874969100E+02,1.7173121169328900E+02
2.32460E+02,3.2001688857882200E+01,1.2000033979142500E+02,1.7173807343428700E+02
2.32470E+02,3.2001689003360700E+01,1.2000034083333200E+02,1.7174489916018700E+02
2.32480E+02,3.2001689148085600E+01,1.2000034187540900E+02,1.7175168905915900E+02
2.32490E+02,3.2001689292061000E+01,1.2000034291765500E+02,1.7175844331840100E+02
2.32500E+02,3.2001689435290400E+01,1.2000034396006900E+02,1.7176516212414200E+02
2.32510E+02,3.2001689577777800E+01,1.2000034500264700E+02,1.7177184566164700E+02
2.32520E+02,3.2001689719526800E+01,1.2000034604539000E+02,1.7177849411522000E+02
2.32530E+02,3.2001689860541200E+01,1.2000034708829500E+02,1.7178510766821300E+02
2.32540E+02,3.2001690000824600E+01,1.2000034813136000E+02,1.7179168650302700E+02
2.32550E+02,3.2001690140380800E+01,1.2000034917458300E+02,1.7179823080111700E+02
2.32560E+02,3.2001690279213400E+01,1.2000035021796400E+02,1.7180474074300000E+02
2.32570E+02,3.2001690417326200E+01,1.2000035126150000E+02,1.7181121650825700E+02
2.32580E+02,3.2001690554722600E+01,1.2000035230519000E+02,1.7181765827553600E+02
2.32590E+02,3.2001690691406400E+01,1.2000035334903200E+02,1.7182406622256300E+02
2.32600E+02,3.2001690827381200E+01,1.2000035439302400E+02,1.7183044052613900E+02
2.32610E+02,3.2001690962650600E+01,1.2000035543716600E+02,1.7183678136215200E+02
2.32620E+02,3.2001691097218000E+01,1.2000035648145500E+02,1.7184308890557400E+02
2.32630E+02,3.2001691231087200E+01,1.2000035752589000E+02,1.7184936333047200E+02
2.32640E+02,3.2001691364261600E+01,1.2000035857046900E+02,1.7185560481001100E+02
2.32650E+02,3.2001691496744700E+01,1.2000035961519100E+02,1.7186181351645400E+02
2.32660E+02,3.2001691628540100E+01,1.2000036066005500E+02,1.7186798962117600E+02
2.32670E+02,3.2001691759651200E+01,1.2000036170505900E+02,1.7187413329465700E+02
2.32680E+02,3.2001691890081500E+01,1.2000036275020100E+02,1.7188024470649600E+02
2.32690E+02,3.2001692019834500E+01,1.2000036379548000E+02,1.7188632402541100E+02
2.32700E+02,3.2001692148913600E+01,1.2000036484089500E+02,1.7189237141924300E+02
2.32710E+02,3.2001692277322300E+01,1.2000036588644400E+02,1.7189838705496400E+02
2.32720E+02,3.2001692405063900E+01,1.2000036693212600E+02,1.7190437109867700E+02
2.32730E+02,3.2001692532141900E+01,1.2000036797793900E+02,1.7191032371562300E+02
2.32740E+02,3.2001692658559500E+01,1.2000036902388200E+02,1.7191624507018700E+02
2.32750E+02,3.2001692784320300E+01,1.2000037006995400E+02,1.7192213532589700E+02
2.32760E+02,3.2001692909427400E+01,1.2000037111615400E+02,1.7192799464543400E+02
2.32770E+02,3.2001693033884400E+01,1.2000037216247900E+02,1.7193382319063300E+02
2.32780E+02,3.2001693157694300E+01,1.2000037320893000E+02,1.7193962112248800E+02
2.32790E+02,3.2001693280860600E+01,1.2000037425550300E+02,1.7194538860115700E+02
2.32800E+02,3.2001693403386600E+01,1.2000037530219900E+02,1.7195112578596700E+02
2.32810E+02,3.2001693525275500E+01,1.2000037634901600E+02,1.7195683283541300E+02
2.32820E+02,3.2001693646530500E+01,1.2000037739595200E+02,1.7196250990717100E+02
2.32830E+02,3.2001693767154900E+01,1.2000037844300700E+02,1.7196815715809400E+02
2.32840E+02,3.2001693887151900E+01,1.2000037949017900E+02,1.7197377474422200E+02
2.32850E+02,3.2001694006524700E+01,1.2000038053746700E+02,1.7197936282078100E+02
2.32860E+02,3.2001694125276500E+01,1.2000038158486900E+02,1.7198492154219200E+02
2.32870E+02,3.2001694243410400E+01,1.2000038263238500E+02,1.7199045106207400E+02
2.32880E+02,3.2001694360929700E+01,1.2000038368001400E+02,1.7199595153324300E+02
2.32890E+02,3.2001694477837500E+01,1.2000038472775300E+02,1.7200142310772400E+02
2.32900E+02,3.2001694594136800E+01,1.2000038577560300E+02,1.7200686593675000E+02
2.32910E+02,3.2001694709830800E+01,1.2000038682356100E+02,1.7201228017076700E+02
2.32920E+02,3.2001694824922700E+01,1.2000038787162800E+02,1.7201766595943700E+02
2.32930E+02,3.2001694939415400E+01,1.2000038891980000E+02,1.7202302345164700E+02
2.32940E+02,3.2001695053312100E+01,1.2000038996807900E+02,1.7202835279550600E+02
2.32950E+02,3.2001695166615700E+01,1.2000039101646100E+02,1.7203365413835200E+02
2.32960E+02,3.2001695279329400E+01,1.2000039206494700E+02,1.7203892762675900E+02
2.32970E+02,3.2001695391456100E+01,1.2000039311353500E+02,1.7204417340653600E+02
2.32980E+02,3.2001695502998900E+01,1.2000039416222500E+02,1.7204939162273300E+02
2.32990E+02,3.2001695613960800E+01,1.2000039521101400E+02,1.7205458241964500E+02
2.33000E+02,3.2001695724344700E+01,1.2000039625990300E+02,1.7205974594081600E+02
2.33010E+02,3.2001695834153600E+01,1.2000039730888900E+02,1.7206488232904300E+02
2.33020E+02,3.2001695943390400E+01,1.2000039835797300E+02,1.7206999172637900E+02
2.33030E+02,3.2001696052058100E+01,1.2000039940715200E+02,1.7207507427413700E+02
2.33040E+02,3.2001696160159600E+01,1.2000040045642700E+02,1.7208013011289300E+02
2.33050E+02,3.2001696267697900E+01,1.2000040150579500E+02,1.7208515938249400E+02
2.33060E+02,3.2001696374675700E+01,1.2000040255525700E+02,1.7209016222205600E+02
2.33070E+02,3.2001696481096000E+01,1.2000040360481100E+02,1.7209513876996900E+02
2.33080E+02,3.2001696586961600E+01,1.2000040465445500E+02,1.7210008916390600E+02
2.33090E+02,3.2001696692275400E+01,1.2000040570419000E+02,1.7210501354081900E+02
2.33100E+02,3.2001696797040300E+01,1.2000040675401400E+02,1.7210991203694800E+02
2.33110E+02,3.2001696901258900E+01,1.2000040780392700E+02,1.7211478478782300E+02
2.33120E+02,3.2001697004934300E+01,1.2000040885392700E+02,1.7211963192826800E+02
2.33130E+02,3.2001697108069100E+01,1.2000040990401300E+02,1.7212445359240300E+02
2.33140E+02,3.2001697210666100E+01,1.2000041095418400E+02,1.7212924991365000E+02
2.33150E+02,3.2001697312728100E+01,1.2000041200444100E+02,1.7213402102473600E+02
2.33160E+02,3.2001697414257800E+01,1.2000041305478100E+02,1.7213876705769400E+02
2.33170E+02,3.2001697515258100E+01,1.2000041410520400E+02,1.7214348814387000E+02
2.33180E+02,3.2001697615731500E+01,1.2000041515570900E+02,1.7214818441392600E+02
2.33190E+02,3.2001697715680900E+01,1.2000041620629500E+02,1.7215285599784200E+02
2.33200E+02,3.2001697815108900E+01,1.2000041725696200E+02,1.7215750302491900E+02
2.33210E+02,3.2001697914018200E+01,1.2000041830770800E+02,1.7216212562378500E+02
2.33220E+02,3.2001698012411500E+01,1.2000041935853300E+02,1.7216672392239800E+02
2.33230E+02,3.2001698110291400E+01,1.2000042040943500E+02,1.7217129804804500E+02
2.33240E+02,3.2001698207660600E+01,1.2000042146041500E+02,1.7217584812735400E+02
2.33250E+02,3.2001698304521700E+01,1.2000042251147000E+02,1.7218037428628900E+02
2.33260E+02,3.2001698400877400E+01,1.2000042356260200E+02,1.7218487665015800E+02
2.33270E+02,3.2001698496730200E+01,1.2000042461380700E+02,1.7218935534361500E+02
2.33280E+02,3.2001698592082700E+01,1.2000042566508700E+02,1.7219381049066400E+02
2.33290E+02,3.2001698686937600E+01,1.2000042671644000E+02,1.7219824221466200E+02
2.33300E+02,3.2001698781297300E+01,1.2000042776786500E+02,1.7220265063832100E+02
2.33310E+02,3.2001698875164500E+01,1.2000042881936200E+02,1.7220703588371400E+02
2.33320E+02,3.2001698968541600E+01,1.2000042987092900E+02,1.7221139807227800E+02
2.33330E+02,3.2001699061431300E+01,1.2000043092256700E+02,1.7221573732481300E+02
2.33340E+02,3.2001699153836000E+01,1.2000043197427400E+02,1.7222005376149100E+02
2.33350E+02,3.2001699245758200E+01,1.2000043302604900E+02,1.7222434750185600E+02
2.33360E+02,3.2001699337200500E+01,1.2000043407789300E+02,1.7222861866482800E+02
2.33370E+02,3.2001699428165300E+01,1.2000043512980300E+02,1.7223286736870700E+02
2.33380E+02,3.2001699518655000E+01,1.2000043618178100E+02,1.7223709373117300E+02
2.33390E+02,3.2001699608672200E+01,1.2000043723382400E+02,1.7224129786929500E+02
2.33400E+02,3.2001699698219200E+01,1.2000043828593200E+02,1.7224547989952800E+02
2.33410E+02,3.2001699787298600E+01,1.2000043933810400E+02,1.7224963993772000E+02
2.33420E+02,3.2001699875912600E+01,1.2000044039034100E+02,1.7225377809911400E+02
2.33430E+02,3.2001699964063800E+01,1.2000044144264000E+02,1.7225789449835200E+02
2.33440E+02,3.2001700051754500E+01,1.2000044249500200E+02,1.7226198924947500E+02
2.33450E+02,3.2001700138987100E+01,1.2000044354742500E+02,1.7226606246593100E+02
2.33460E+02,3.2001700225764000E+01,1.2000044459991000E+02,1.7227011426057300E+02
2.33470E+02,3.2001700312087500E+01,1.2000044565245500E+02,1.7227414474566700E+02
2.33480E+02,3.2001700397959900E+01,1.2000044670506100E+02,1.7227815403289200E+02
2.33490E+02,3.2001700483383700E+01,1.2000044775772500E+02,1.7228214223334200E+02
2.33500E+02,3.2001700568361100E+01,1.2000044881044800E+02,1.7228610945753100E+02
2.33510E+02,3.2001700652894500E+01,1.2000044986322900E+02,1.7229005581539900E+02
2.33520E+02,3.2001700736986100E+01,1.2000045091606800E+02,1.7229398141630600E+02
2.33530E+02,3.2001700820638200E+01,1.2000045196896300E+02,1.7229788636904500E+02
2.33540E+02,3.2001700903853200E+01,1.2000045302191400E+02,1.7230177078183900E+02
2.33550E+02,3.2001700986633200E+01,1.2000045407492100E+02,1.7230563476234500E+02
2.33560E+02,3.2001701068980500E+01,1.2000045512798400E+02,1.7230947841765900E+02
2.33570E+02,3.2001701150897400E+01,1.2000045618110000E+02,1.7231330185431700E+02
2.33580E+02,3.2001701232386100E+01,1.2000045723427100E+02,1.7231710517829500E+02
2.33590E+02,3.2001701313448800E+01,1.2000045828749500E+02,1.7232088849502000E+02
2.33600E+02,3.2001701394087800E+01,1.2000045934077100E+02,1.7232465190936500E+02
2.33610E+02,3.2001701474305200E+01,1.2000046039410000E+02,1.7232839552565500E+02
2.33620E+02,3.2001701554103100E+01,1.2000046144748100E+02,1.7233211944767100E+02
2.33630E+02,3.2001701633483900E+01,1.2000046250091300E+02,1.7233582377865100E+02
2.33640E+02,3.2001701712449600E+01,1.2000046355439500E+02,1.7233950862129200E+02
2.33650E+02,3.2001701791002400E+01,1.2000046460792700E+02,1.7234317407775700E+02
2.33660E+02,3.2001701869144500E+01,1.2000046566150900E+02,1.7234682024967100E+02
2.33670E+02,3.2001701946877900E+01,1.2000046671514000E+02,1.7235044723813100E+02
2.33680E+02,3.2001702024204800E+01,1.2000046776882000E+02,1.7235405514370400E+02
2.33690E+02,3.2001702101127300E+01,1.2000046882254800E+02,1.7235764406643100E+02
2.33700E+02,3.2001702177647600E+01,1.2000046987632300E+02,1.7236121410583100E+02
2.33710E+02,3.2001702253767600E+01,1.2000047093014500E+02,1.7236476536090100E+02
2.33720E+02,3.2001702329489500E+01,1.2000047198401300E+02,1.7236829793012200E+02
2.33730E+02,3.2001702404815300E+01,1.2000047303792800E+02,1.7237181191145900E+02
2.33740E+02,3.2001702479747100E+01,1.2000047409188800E+02,1.7237530740236400E+02
2.33750E+02,3.2001702554287000E+01,1.2000047514589400E+02,1.7237878449978200E+02
2.33760E+02,3.2001702628437000E+01,1.2000047619994400E+02,1.7238224330014800E+02
2.33770E+02,3.2001702702199000E+01,1.2000047725403800E+02,1.7238568389939400E+02
2.33780E+02,3.2001702775575100E+01,1.2000047830817600E+02,1.7238910639294900E+02
2.33790E+02,3.2001702848567400E+01,1.2000047936235700E+02,1.7239251087574600E+02
2.33800E+02,3.2001702921177800E+01,1.2000048041658100E+02,1.7239589744221800E+02
2.33810E+02,3.2001702993408300E+01,1.2000048147084700E+02,1.7239926618630500E+02
2.33820E+02,3.2001703065260900E+01,1.2000048252515500E+02,1.7240261720145600E+02
2.33830E+02,3.2001703136737500E+01,1.2000048357950400E+02,1.7240595058063200E+02
2.33840E+02,3.2001703207840100E+01,1.2000048463389500E+02,1.7240926641630500E+02
2.33850E+02,3.2001703278570700E+01,1.2000048568832600E+02,1.7241256480046700E+02
2.33860E+02,3.2001703348931100E+01,1.2000048674279700E+02,1.7241584582462400E+02
2.33870E+02,3.2001703418923300E+01,1.2000048779730800E+02,1.7241910957980800E+02
2.33880E+02,3.2001703488549300E+01,1.2000048885185900E+02,1.7242235615657100E+02
2.33890E+02,3.2001703557810800E+01,1.2000048990644800E+02,1.7242558564499300E+02
2.33900E+02,3.2001703626709900E+01,1.2000049096107600E+02,1.7242879813468300E+02
2.33910E+02,3.2001703695248400E+01,1.2000049201574200E+02,1.7243199371477900E+02
2.33920E+02,3.2001703763428100E+01,1.2000049307044500E+02,1.7243517247395500E+02
2.33930E+02,3.2001703831251000E+01,1.2000049412518600E+02,1.7243833450041900E+02
2.33940E+02,3.2001703898718900E+01,1.2000049517996400E+02,1.7244147988191900E+02
2.33950E+02,3.2001703965833600E+01,1.2000049623477900E+02,1.7244460870574200E+02
2.33960E+02,3.2001704032597000E+01,1.2000049728962900E+02,1.7244772105872000E+02
2.33970E+02,3.2001704099011000E+01,1.2000049834451600E+02,1.7245081702723000E+02
2.33980E+02,3.2001704165077200E+01,1.2000049939943700E+02,1.7245389669719500E+02
2.33990E+02,3.2001704230797600E+01,1.2000050045439400E+02,1.7245696015409100E+02
2.34000E+02,3.2001704296174000E+01,1.2000050150938600E+02,1.7246000748294500E+02
2.34010E+02,3.2001704361208100E+01,1.2000050256441100E+02,1.7246303876833900E+02
2.34020E+02,3.2001704425901700E+01,1.2000050361947100E+02,1.7246605409441400E+02
2.34030E+02,3.2001704490256600E+01,1.2000050467456500E+02,1.7246905354486700E+02
2.34040E+02,3.2001704554274500E+01,1.2000050572969100E+02,1.7247203720296000E+02
2.34050E+02,3.2001704617957300E+01,1.2000050678485100E+02,1.7247500515151800E+02
2.34060E+02,3.2001704681306600E+01,1.2000050784004300E+02,1.7247795747293200E+02
2.34070E+02,3.2001704744324200E+01,1.2000050889526700E+02,1.7248089424916300E+02
2.34080E+02,3.2001704807011900E+01,1.2000050995052300E+02,1.7248381556174100E+02
2.34090E+02,3.2001704869371200E+01,1.2000051100581100E+02,1.7248672149177000E+02
2.34100E+02,3.2001704931404100E+01,1.2000051206112900E+02,1.7248961211993100E+02
2.34110E+02,3.2001704993112000E+01,1.2000051311647900E+02,1.7249248752647900E+02
2.34120E+02,3.2001705054496900E+01,1.2000051417185900E+02,1.7249534779125100E+02
2.34130E+02,3.2001705115560200E+01,1.2000051522727000E+02,1.7249819299366700E+02
2.34140E+02,3.2001705176303800E+01,1.2000051628271000E+02,1.7250102321272900E+02
2.34150E+02,3.2001705236729200E+01,1.2000051733818000E+02,1.7250383852702600E+02
2.34160E+02,3.2001705296838100E+01,1.2000051839368000E+02,1.7250663901473600E+02
2.34170E+02,3.2001705356632300E+01,1.2000051944920800E+02,1.7250942475362600E+02
2.34180E+02,3.2001705416113300E+01,1.2000052050476500E+02,1.7251219582105900E+02
2.34190E+02,3.2001705475282700E+01,1.2000052156035100E+02,1.7251495229398900E+02
2.34200E+02,3.2001705534142200E+01,1.2000052261596400E+02,1.7251769424896900E+02
2.34210E+02,3.2001705592693400E+01,1.2000052367160600E+02,1.7252042176215100E+02
2.34220E+02,3.2001705650937900E+01,1.2000052472727500E+02,1.7252313490928800E+02
2.34230E+02,3.2001705708877300E+01,1.2000052578297100E+02,1.7252583376573600E+02
2.34240E+02,3.2001705766513200E+01,1.2000052683869400E+02,1.7252851840645700E+02
2.34250E+02,3.2001705823847200E+01,1.2000052789444300E+02,1.7253118890601900E+02
2.34260E+02,3.2001705880880800E+01,1.2000052895021900E+02,1.7253384533860100E+02
2.34270E+02,3.2001705937615600E+01,1.2000053000602200E+02,1.7253648777799200E+02
2.34280E+02,3.2001705994053300E+01,1.2000053106185000E+02,1.7253911629759500E+02
2.34290E+02,3.2001706050195200E+01,1.2000053211770300E+02,1.7254173097043000E+02
2.34300E+02,3.2001706106043100E+01,1.2000053317358200E+02,1.7254433186913200E+02
2.34310E+02,3.2001706161598300E+01,1.2000053422948600E+02,1.7254691906595700E+02
2.34320E+02,3.2001706216862500E+01,1.2000053528541400E+02,1.7254949263278200E+02
2.34330E+02,3.2001706271837100E+01,1.2000053634136800E+02,1.7255205264110700E+02
2.34340E+02,3.2001706326523700E+01,1.2000053739734500E+02,1.7255459916205900E+02
2.34350E+02,3.2001706380923800E+01,1.2000053845334600E+02,1.7255713226639100E+02
2.34360E+02,3.2001706435038800E+01,1.2000053950937100E+02,1.7255965202448600E+02
2.34370E+02,3.2001706488870300E+01,1.2000054056542000E+02,1.7256215850635700E+02
2.34380E+02,3.2001706542419700E+01,1.2000054162149200E+02,1.7256465178165200E+02
2.34390E+02,3.2001706595688500E+01,1.2000054267758700E+02,1.7256713191965200E+02
2.34400E+02,3.2001706648678200E+01,1.2000054373370400E+02,1.7256959898927800E+02
2.34410E+02,3.2001706701390200E+01,1.2000054478984500E+02,1.7257205305908700E+02
2.34420E+02,3.2001706753826000E+01,1.2000054584600700E+02,1.7257449419727700E+02
2.34430E+02,3.2001706805987000E+01,1.2000054690219200E+02,1.7257692247169100E+02
2.34440E+02,3.2001706857874700E+01,1.2000054795839800E+02,1.7257933794981400E+02
2.34450E+02,3.2001706909490500E+01,1.2000054901462600E+02,1.7258174069877900E+02
2.34460E+02,3.2001706960835700E+01,1.2000055007087500E+02,1.7258413078536700E+02
2.34470E+02,3.2001707011911900E+01,1.2000055112714600E+02,1.7258650827600700E+02
2.34480E+02,3.2001707062720400E+01,1.2000055218343700E+02,1.7258887323678300E+02
2.34490E+02,3.2001707113262600E+01,1.2000055323974900E+02,1.7259122573343000E+02
2.34500E+02,3.2001707163539900E+01,1.2000055429608200E+02,1.7259356583134200E+02
2.34510E+02,3.2001707213553700E+01,1.2000055535243500E+02,1.7259589359556500E+02
2.34520E+02,3.2001707263305400E+01,1.2000055640880800E+02,1.7259820909081000E+02
2.34530E+02,3.2001707312796400E+01,1.2000055746520000E+02,1.7260051238144400E+02
2.34540E+02,3.2001707362027900E+01,1.2000055852161300E+02,1.7260280353149900E+02
2.34550E+02,3.2001707411001400E+01,1.2000055957804500E+02,1.7260508260467200E+02
2.34560E+02,3.2001707459718200E+01,1.2000056063449600E+02,1.7260734966432400E+02
2.34570E+02,3.2001707508179600E+01,1.2000056169096600E+02,1.7260960477348700E+02
2.34580E+02,3.2001707556387100E+01,1.2000056274745500E+02,1.7261184799485900E+02
2.34590E+02,3.2001707604341800E+01,1.2000056380396300E+02,1.7261407939081200E+02
2.34600E+02,3.2001707652045200E+01,1.2000056486048900E+02,1.7261629902339000E+02
2.34610E+02,3.2001707699498500E+01,1.2000056591703300E+02,1.7261850695431200E+02
2.34620E+02,3.2001707746703100E+01,1.2000056697359600E+02,1.7262070324497400E+02
2.34630E+02,3.2001707793660200E+01,1.2000056803017600E+02,1.7262288795645000E+02
2.34640E+02,3.2001707840371200E+01,1.2000056908677400E+02,1.7262506114949200E+02
2.34650E+02,3.2001707886837300E+01,1.2000057014338900E+02,1.7262722288453700E+02
2.34660E+02,3.2001707933059800E+01,1.2000057120002200E+02,1.7262937322170200E+02
2.34670E+02,3.2001707979040000E+01,1.2000057225667200E+02,1.7263151222079100E+02
2.34680E+02,3.2001708024779200E+01,1.2000057331333900E+02,1.7263363994129400E+02
2.34690E+02,3.2001708070278600E+01,1.2000057437002300E+02,1.7263575644238800E+02
2.34700E+02,3.2001708115539400E+01,1.2000057542672300E+02,1.7263786178294100E+02
2.34710E+02,3.2001708160563000E+01,1.2000057648344000E+02,1.7263995602151300E+02
2.34720E+02,3.2001708205350500E+01,1.2000057754017300E+02,1.7264203921635400E+02
2.34730E+02,3.2001708249903200E+01,1.2000057859692200E+02,1.7264411142541300E+02
2.34740E+02,3.2001708294222300E+01,1.2000057965368700E+02,1.7264617270633100E+02
2.34750E+02,3.2001708338309100E+01,1.2000058071046700E+02,1.7264822311645000E+02
2.34760E+02,3.2001708382164700E+01,1.2000058176726400E+02,1.7265026271281000E+02
2.34770E+02,3.2001708425790400E+01,1.2000058282407500E+02,1.7265229155215100E+02
2.34780E+02,3.2001708469187300E+01,1.2000058388090200E+02,1.7265430969091800E+02
2.34790E+02,3.2001708512356800E+01,1.2000058493774500E+02,1.7265631718525700E+02
2.34800E+02,3.2001708555299800E+01,1.2000058599460200E+02,1.7265831409102300E+02
2.34810E+02,3.2001708598017700E+01,1.2000058705147300E+02,1.7266030046377500E+02
2.34820E+02,3.2001708640511600E+01,1.2000058810836000E+02,1.7266227635878300E+02
2.34830E+02,3.2001708682782800E+01,1.2000058916526100E+02,1.7266424183102600E+02
2.34840E+02,3.2001708724832200E+01,1.2000059022217600E+02,1.7266619693519500E+02
2.34850E+02,3.2001708766661200E+01,1.2000059127910600E+02,1.7266814172569500E+02
2.34860E+02,3.2001708808270800E+01,1.2000059233604900E+02,1.7267007625664500E+02
2.34870E+02,3.2001708849662300E+01,1.2000059339300600E+02,1.7267200058187900E+02
2.34880E+02,3.2001708890836700E+01,1.2000059444997800E+02,1.7267391475495100E+02
2.34890E+02,3.2001708931795200E+01,1.2000059550696200E+02,1.7267581882913400E+02
2.34900E+02,3.2001708972538900E+01,1.2000059656396000E+02,1.7267771285741900E+02
2.34910E+02,3.2001709013069000E+01,1.2000059762097200E+02,1.7267959689252300E+02
2.34920E+02,3.2001709053386500E+01,1.2000059867799700E+02,1.7268147098688300E+02
2.34930E+02,3.2001709093492600E+01,1.2000059973503400E+02,1.7268333519266300E+02
2.34940E+02,3.2001709133388400E+01,1.2000060079208500E+02,1.7268518956175400E+02
2.34950E+02,3.2001709173075000E+01,1.2000060184914800E+02,1.7268703414577300E+02
2.34960E+02,3.2001709212553400E+01,1.2000060290622400E+02,1.7268886899606800E+02
2.34970E+02,3.2001709251824800E+01,1.2000060396331300E+02,1.7269069416371600E+02
2.34980E+02,3.2001709290890300E+01,1.2000060502041300E+02,1.7269250969952800E+02
2.34990E+02,3.2001709329750900E+01,1.2000060607752700E+02,1.7269431565404800E+02
2.35000E+02,3.2001709368407700E+01,1.2000060713465200E+02,1.7269611207755400E+02
2.35010E+02,3.2001709406861700E+01,1.2000060819178900E+02,1.7269789902006100E+02
2.35020E+02,3.2001709445114100E+01,1.2000060924893800E+02,1.7269967653132200E+02
2.35030E+02,3.2001709483165900E+01,1.2000061030609900E+02,1.7270144466082900E+02
2.35040E+02,3.2001709521018100E+01,1.2000061136327100E+02,1.7270320345781400E+02
2.35050E+02,3.2001709558671800E+01,1.2000061242045500E+02,1.7270495297125200E+02
2.35060E+02,3.2001709596128000E+01,1.2000061347765000E+02,1.7270669324985800E+02
2.35070E+02,3.2001709633387700E+01,1.2000061453485700E+02,1.7270842434209600E+02
2.35080E+02,3.2001709670452100E+01,1.2000061559207400E+02,1.7271014629617200E+02
2.35090E+02,3.2001709707322000E+01,1.2000061664930300E+02,1.7271185916004100E+02
2.35100E+02,3.2001709743998600E+01,1.2000061770654200E+02,1.7271356298140700E+02
2.35110E+02,3.2001709780482800E+01,1.2000061876379300E+02,1.7271525780772200E+02
2.35120E+02,3.2001709816775600E+01,1.2000061982105400E+02,1.7271694368619200E+02
2.35130E+02,3.2001709852878100E+01,1.2000062087832500E+02,1.7271862066377100E+02
2.35140E+02,3.2001709888791200E+01,1.2000062193560700E+02,1.7272028878717100E+02
2.35150E+02,3.2001709924516000E+01,1.2000062299290000E+02,1.7272194810285800E+02
2.35160E+02,3.2001709960053400E+01,1.2000062405020200E+02,1.7272359865705100E+02
2.35170E+02,3.2001709995404300E+01,1.2000062510751500E+02,1.7272524049573200E+02
2.35180E+02,3.2001710030569900E+01,1.2000062616483800E+02,1.7272687366463700E+02
2.35190E+02,3.2001710065551000E+01,1.2000062722217000E+02,1.7272849820926500E+02
2.35200E+02,3.2001710100348600E+01,1.2000062827951300E+02,1.7273011417487500E+02
2.35210E+02,3.2001710134963700E+01,1.2000062933686500E+02,1.7273172160649000E+02
2.35220E+02,3.2001710169397200E+01,1.2000063039422600E+02,1.7273332054889500E+02
2.35230E+02,3.2001710203650100E+01,1.2000063145159800E+02,1.7273491104664100E+02
2.35240E+02,3.2001710237723300E+01,1.2000063250897800E+02,1.7273649314404600E+02
2.35250E+02,3.2001710271617800E+01,1.2000063356636800E+02,1.7273806688519500E+02
2.35260E+02,3.2001710305334500E+01,1.2000063462376700E+02,1.7273963231394100E+02
2.35270E+02,3.2001710338874400E+01,1.2000063568117600E+02,1.7274118947390800E+02
2.35280E+02,3.2001710372238300E+01,1.2000063673859300E+02,1.7274273840849000E+02
2.35290E+02,3.2001710405427200E+01,1.2000063779601900E+02,1.7274427916085500E+02
2.35300E+02,3.2001710438441900E+01,1.2000063885345400E+02,1.7274581177394400E+02
2.35310E+02,3.2001710471283500E+01,1.2000063991089800E+02,1.7274733629047200E+02
2.35320E+02,3.2001710503952800E+01,1.2000064096835100E+02,1.7274885275293000E+02
2.35330E+02,3.2001710536450800E+01,1.2000064202581200E+02,1.7275036120358600E+02
2.35340E+02,3.2001710568778200E+01,1.2000064308328100E+02,1.7275186168448900E+02
2.35350E+02,3.2001710600936100E+01,1.2000064414075900E+02,1.7275335423746300E+02
2.35360E+02,3.2001710632925300E+01,1.2000064519824500E+02,1.7275483890411600E+02
2.35370E+02,3.2001710664746700E+01,1.2000064625573900E+02,1.7275631572583700E+02
2.35380E+02,3.2001710696401100E+01,1.2000064731324200E+02,1.7275778474379600E+02
2.35390E+02,3.2001710727889500E+01,1.2000064837075200E+02,1.7275924599894900E+02
2.35400E+02,3.2001710759212600E+01,1.2000064942827100E+02,1.7276069953203600E+02
2.35410E+02,3.2001710790371500E+01,1.2000065048579700E+02,1.7276214538358600E+02
2.35420E+02,3.2001710821366900E+01,1.2000065154333100E+02,1.7276358359391100E+02
2.35430E+02,3.2001710852199600E+01,1.2000065260087300E+02,1.7276501420311500E+02
2.35440E+02,3.2001710882870700E+01,1.2000065365842200E+02,1.7276643725109000E+02
2.35450E+02,3.2001710913380800E+01,1.2000065471597900E+02,1.7276785277751900E+02
2.35460E+02,3.2001710943730800E+01,1.2000065577354400E+02,1.7276926082187700E+02
2.35470E+02,3.2001710973921700E+01,1.2000065683111500E+02,1.7277066142343300E+02
2.35480E+02,3.2001711003954100E+01,1.2000065788869500E+02,1.7277205462124700E+02
2.35490E+02,3.2001711033829000E+01,1.2000065894628100E+02,1.7277344045417700E+02
2.35500E+02,3.2001711063547100E+01,1.2000066000387400E+02,1.7277481896087500E+02
2.35510E+02,3.2001711093109400E+01,1.2000066106147500E+02,1.7277619017979300E+02
2.35520E+02,3.2001711122516500E+01,1.2000066211908200E+02,1.7277755414917900E+02
2.35530E+02,3.2001711151769300E+01,1.2000066317669700E+02,1.7277891090708000E+02
2.35540E+02,3.2001711180868700E+01,1.2000066423431800E+02,1.7278026049134500E+02
2.35550E+02,3.2001711209815400E+01,1.2000066529194600E+02,1.7278160293962300E+02
2.35560E+02,3.2001711238610200E+01,1.2000066634958100E+02,1.7278293828936700E+02
2.35570E+02,3.2001711267254000E+01,1.2000066740722300E+02,1.7278426657783300E+02
2.35580E+02,3.2001711295747500E+01,1.2000066846487100E+02,1.7278558784208000E+02
2.35590E+02,3.2001711324091400E+01,1.2000066952252500E+02,1.7278690211897500E+02
2.35600E+02,3.2001711352286700E+01,1.2000067058018600E+02,1.7278820944519000E+02
2.35610E+02,3.2001711380334000E+01,1.2000067163785400E+02,1.7278950985720500E+02
2.35620E+02,3.2001711408234200E+01,1.2000067269552700E+02,1.7279080339130800E+02
2.35630E+02,3.2001711435988000E+01,1.2000067375320700E+02,1.7279209008359700E+02
2.35640E+02,3.2001711463596200E+01,1.2000067481089300E+02,1.7279336996998300E+02
2.35650E+02,3.2001711491059500E+01,1.2000067586858600E+02,1.7279464308618300E+02
2.35660E+02,3.2001711518378700E+01,1.2000067692628400E+02,1.7279590946773300E+02
2.35670E+02,3.2001711545554600E+01,1.2000067798398800E+02,1.7279716914997800E+02
2.35680E+02,3.2001711572587900E+01,1.2000067904169800E+02,1.7279842216807900E+02
2.35690E+02,3.2001711599479300E+01,1.2000068009941400E+02,1.7279966855701400E+02
2.35700E+02,3.2001711626229700E+01,1.2000068115713600E+02,1.7280090835157400E+02
2.35710E+02,3.2001711652839700E+01,1.2000068221486400E+02,1.7280214158637100E+02
2.35720E+02,3.2001711679310000E+01,1.2000068327259700E+02,1.7280336829583400E+02
2.35730E+02,3.2001711705641500E+01,1.2000068433033600E+02,1.7280458851421100E+02
2.35740E+02,3.2001711731834800E+01,1.2000068538808000E+02,1.7280580227557000E+02
2.35750E+02,3.2001711757890700E+01,1.2000068644583000E+02,1.7280700961380100E+02
2.35760E+02,3.2001711783809900E+01,1.2000068750358500E+02,1.7280821056261600E+02
2.35770E+02,3.2001711809593000E+01,1.2000068856134600E+02,1.7280940515555100E+02
2.35780E+02,3.2001711835240900E+01,1.2000068961911200E+02,1.7281059342596500E+02
2.35790E+02,3.2001711860754200E+01,1.2000069067688300E+02,1.7281177540704100E+02
2.35800E+02,3.2001711886133600E+01,1.2000069173466000E+02,1.7281295113179100E+02
2.35810E+02,3.2001711911379900E+01,1.2000069279244200E+02,1.7281412063304900E+02
2.35820E+02,3.2001711936493600E+01,1.2000069385022800E+02,1.7281528394348200E+02
2.35830E+02,3.2001711961475600E+01,1.2000069490802000E+02,1.7281644109558200E+02
2.35840E+02,3.2001711986326600E+01,1.2000069596581700E+02,1.7281759212167200E+02
2.35850E+02,3.2001712011047100E+01,1.2000069702361900E+02,1.7281873705390400E+02
2.35860E+02,3.2001712035637900E+01,1.2000069808142600E+02,1.7281987592426400E+02
2.35870E+02,3.2001712060099600E+01,1.2000069913923700E+02,1.7282100876456700E+02
2.35880E+02,3.2001712084433000E+01,1.2000070019705300E+02,1.7282213560646300E+02
2.35890E+02,3.2001712108638700E+01,1.2000070125487500E+02,1.7282325648143600E+02
2.35900E+02,3.2001712132717400E+01,1.2000070231270000E+02,1.7282437142080400E+02
2.35910E+02,3.2001712156669800E+01,1.2000070337053100E+02,1.7282548045572000E+02
2.35920E+02,3.2001712180496400E+01,1.2000070442836600E+02,1.7282658361717600E+02
2.35930E+02,3.2001712204198100E+01,1.2000070548620500E+02,1.7282768093599800E+02
2.35940E+02,3.2001712227775300E+01,1.2000070654404900E+02,1.7282877244285400E+02
2.35950E+02,3.2001712251228900E+01,1.2000070760189800E+02,1.7282985816824700E+02
2.35960E+02,3.2001712274559300E+01,1.2000070865975100E+02,1.7283093814252400E+02
2.35970E+02,3.2001712297767400E+01,1.2000070971760800E+02,1.7283201239587000E+02
2.35980E+02,3.2001712320853600E+01,1.2000071077547000E+02,1.7283308095831200E+02
2.35990E+02,3.2001712343818700E+01,1.2000071183333600E+02,1.7283414385972100E+02
2.36000E+02,3.2001712366663300E+01,1.2000071289120600E+02,1.7283520112980800E+02
2.36010E+02,3.2001712389388000E+01,1.2000071394908000E+02,1.7283625279813300E+02
2.36020E+02,3.2001712411993500E+01,1.2000071500695800E+02,1.7283729889409600E+02
2.36030E+02,3.2001712434480300E+01,1.2000071606484100E+02,1.7283833944694600E+02
2.36040E+02,3.2001712456849100E+01,1.2000071712272700E+02,1.7283937448577700E+02
2.36050E+02,3.2001712479100600E+01,1.2000071818061800E+02,1.7284040403953000E+02
2.36060E+02,3.2001712501235300E+01,1.2000071923851300E+02,1.7284142813699500E+02
2.36070E+02,3.2001712523253800E+01,1.2000072029641100E+02,1.7284244680681100E+02
2.36080E+02,3.2001712545156800E+01,1.2000072135431300E+02,1.7284346007746700E+02
2.36090E+02,3.2001712566944800E+01,1.2000072241222000E+02,1.7284446797730100E+02
2.36100E+02,3.2001712588618500E+01,1.2000072347013000E+02,1.7284547053450300E+02
2.36110E+02,3.2001712610178400E+01,1.2000072452804300E+02,1.7284646777711600E+02
2.36120E+02,3.2001712631625300E+01,1.2000072558596100E+02,1.7284745973303500E+02
2.36130E+02,3.2001712652959500E+01,1.2000072664388200E+02,1.7284844643000900E+02
2.36140E+02,3.2001712674181800E+01,1.2000072770180700E+02,1.7284942789564000E+02
2.36150E+02,3.2001712695292800E+01,1.2000072875973500E+02,1.7285040415738700E+02
2.36160E+02,3.2001712716292900E+01,1.2000072981766700E+02,1.7285137524256400E+02
2.36170E+02,3.2001712737182900E+01,1.2000073087560300E+02,1.7285234117834200E+02
2.36180E+02,3.2001712757963200E+01,1.2000073193354200E+02,1.7285330199175000E+02
2.36190E+02,3.2001712778634400E+01,1.2000073299148400E+02,1.7285425770967200E+02
2.36200E+02,3.2001712799197200E+01,1.2000073404943000E+02,1.7285520835885600E+02
2.36210E+02,3.2001712819652100E+01,1.2000073510737900E+02,1.7285615396590500E+02
2.36220E+02,3.2001712839999600E+01,1.2000073616533200E+02,1.7285709455728600E+02
2.36230E+02,3.2001712860240400E+01,1.2000073722328800E+02,1.7285803015932300E+02
2.36240E+02,3.2001712880374900E+01,1.2000073828124700E+02,1.7285896079820700E+02
2.36250E+02,3.2001712900403700E+01,1.2000073933921000E+02,1.7285988649998700E+02
2.36260E+02,3.2001712920327500E+01,1.2000074039717500E+02,1.7286080729057800E+02
2.36270E+02,3.2001712940146600E+01,1.2000074145514400E+02,1.7286172319575800E+02
2.36280E+02,3.2001712959861800E+01,1.2000074251311600E+02,1.7286263424116900E+02
2.36290E+02,3.2001712979473500E+01,1.2000074357109100E+02,1.7286354045232100E+02
2.36300E+02,3.2001712998982300E+01,1.2000074462907000E+02,1.7286444185458600E+02
2.36310E+02,3.2001713018388700E+01,1.2000074568705100E+02,1.7286533847320800E+02
2.36320E+02,3.2001713037693200E+01,1.2000074674503500E+02,1.7286623033329400E+02
2.36330E+02,3.2001713056896500E+01,1.2000074780302200E+02,1.7286711745982100E+02
2.36340E+02,3.2001713075998900E+01,1.2000074886101300E+02,1.7286799987763500E+02
2.36350E+02,3.2001713095001100E+01,1.2000074991900600E+02,1.7286887761145300E+02
2.36360E+02,3.2001713113903600E+01,1.2000075097700200E+02,1.7286975068585900E+02
2.36370E+02,3.2001713132706900E+01,1.2000075203500100E+02,1.7287061912531100E+02
2.36380E+02,3.2001713151411500E+01,1.2000075309300200E+02,1.7287148295413600E+02
2.36390E+02,3.2001713170017900E+01,1.2000075415100700E+02,1.7287234219653600E+02
2.36400E+02,3.2001713188526700E+01,1.2000075520901400E+02,1.7287319687658500E+02
2.36410E+02,3.2001713206938300E+01,1.2000075626702400E+02,1.7287404701822900E+02
2.36420E+02,3.2001713225253400E+01,1.2000075732503700E+02,1.7287489264529100E+02
2.36430E+02,3.2001713243472300E+01,1.2000075838305200E+02,1.7287573378146700E+02
2.36440E+02,3.2001713261595500E+01,1.2000075944107100E+02,1.7287657045033000E+02
2.36450E+02,3.2001713279623700E+01,1.2000076049909100E+02,1.7287740267532800E+02
2.36460E+02,3.2001713297557200E+01,1.2000076155711500E+02,1.7287823047978700E+02
2.36470E+02,3.2001713315396700E+01,1.2000076261514100E+02,1.7287905388691000E+02
2.36480E+02,3.2001713333142500E+01,1.2000076367316900E+02,1.7287987291977900E+02
2.36490E+02,3.2001713350795100E+01,1.2000076473120000E+02,1.7288068760135300E+02
2.36500E+02,3.2001713368355100E+01,1.2000076578923300E+02,1.7288149795447200E+02
2.36510E+02,3.2001713385823000E+01,1.2000076684726900E+02,1.7288230400185700E+02
2.36520E+02,3.2001713403199200E+01,1.2000076790530800E+02,1.7288310576610700E+02
2.36530E+02,3.2001713420484200E+01,1.2000076896334900E+02,1.7288390326970600E+02
2.36540E+02,3.2001713437678400E+01,1.2000077002139200E+02,1.7288469653501600E+02
2.36550E+02,3.2001713454782500E+01,1.2000077107943700E+02,1.7288548558428500E+02
2.36560E+02,3.2001713471796700E+01,1.2000077213748500E+02,1.7288627043964300E+02
2.36570E+02,3.2001713488721700E+01,1.2000077319553600E+02,1.7288705112310200E+02
2.36580E+02,3.2001713505557800E+01,1.2000077425358800E+02,1.7288782765656200E+02
2.36590E+02,3.2001713522305600E+01,1.2000077531164300E+02,1.7288860006180600E+02
2.36600E+02,3.2001713538965500E+01,1.2000077636970000E+02,1.7288936836050300E+02
2.36610E+02,3.2001713555537900E+01,1.2000077742775900E+02,1.7289013257420700E+02
2.36620E+02,3.2001713572023300E+01,1.2000077848582100E+02,1.7289089272436200E+02
2.36630E+02,3.2001713588422300E+01,1.2000077954388400E+02,1.7289164883229600E+02
2.36640E+02,3.2001713604735100E+01,1.2000078060195000E+02,1.7289240091922700E+02
2.36650E+02,3.2001713620962400E+01,1.2000078166001800E+02,1.7289314900626200E+02
2.36660E+02,3.2001713637104500E+01,1.2000078271808800E+02,1.7289389311439600E+02
2.36670E+02,3.2001713653161800E+01,1.2000078377616000E+02,1.7289463326451400E+02
2.36680E+02,3.2001713669134900E+01,1.2000078483423400E+02,1.7289536947739200E+02
2.36690E+02,3.2001713685024100E+01,1.2000078589231100E+02,1.7289610177369700E+02
2.36700E+02,3.2001713700830000E+01,1.2000078695038900E+02,1.7289683017398600E+02
2.36710E+02,3.2001713716552900E+01,1.2000078800846900E+02,1.7289755469871100E+02
2.36720E+02,3.2001713732193300E+01,1.2000078906655100E+02,1.7289827536821400E+02
2.36730E+02,3.2001713747751600E+01,1.2000079012463500E+02,1.7289899220273000E+02
2.36740E+02,3.2001713763228200E+01,1.2000079118272200E+02,1.7289970522239100E+02
2.36750E+02,3.2001713778623600E+01,1.2000079224081000E+02,1.7290041444722100E+02
2.36760E+02,3.2001713793938200E+01,1.2000079329890000E+02,1.7290111989713800E+02
2.36770E+02,3.2001713809172400E+01,1.2000079435699100E+02,1.7290182159195700E+02
2.36780E+02,3.2001713824326600E+01,1.2000079541508500E+02,1.7290251955139000E+02
2.36790E+02,3.2001713839401400E+01,1.2000079647318000E+02,1.7290321379504300E+02
2.36800E+02,3.2001713854397000E+01,1.2000079753127800E+02,1.7290390434242000E+02
2.36810E+02,3.2001713869313900E+01,1.2000079858937700E+02,1.7290459121292400E+02
2.36820E+02,3.2001713884152500E+01,1.2000079964747800E+02,1.7290527442585500E+02
2.36830E+02,3.2001713898913200E+01,1.2000080070558100E+02,1.7290595400041000E+02
2.36840E+02,3.2001713913596400E+01,1.2000080176368500E+02,1.7290662995569000E+02
2.36850E+02,3.2001713928202600E+01,1.2000080282179100E+02,1.7290730231069100E+02
2.36860E+02,3.2001713942732100E+01,1.2000080387989900E+02,1.7290797108431100E+02
2.36870E+02,3.2001713957185400E+01,1.2000080493800800E+02,1.7290863629534900E+02
2.36880E+02,3.2001713971562800E+01,1.2000080599612000E+02,1.7290929796250600E+02
2.36890E+02,3.2001713985864700E+01,1.2000080705423300E+02,1.7290995610438400E+02
2.36900E+02,3.2001714000091600E+01,1.2000080811234700E+02,1.7291061073948600E+02
2.36910E+02,3.2001714014243800E+01,1.2000080917046300E+02,1.7291126188622100E+02
2.36920E+02,3.2001714028321700E+01,1.2000081022858100E+02,1.7291190956290000E+02
2.36930E+02,3.2001714042325700E+01,1.2000081128670000E+02,1.7291255378773600E+02
2.36940E+02,3.2001714056256300E+01,1.2000081234482100E+02,1.7291319457884900E+02
2.36950E+02,3.2001714070113700E+01,1.2000081340294400E+02,1.7291383195426200E+02
2.36960E+02,3.2001714083898300E+01,1.2000081446106800E+02,1.7291446593190600E+02
2.36970E+02,3.2001714097610700E+01,1.2000081551919300E+02,1.7291509652961400E+02
2.36980E+02,3.2001714111251000E+01,1.2000081657732000E+02,1.7291572376513000E+02
2.36990E+02,3.2001714124819800E+01,1.2000081763544900E+02,1.7291634765610100E+02
2.37000E+02,3.2001714138317300E+01,1.2000081869357800E+02,1.7291696822008200E+02
2.37010E+02,3.2001714151744000E+01,1.2000081975171000E+02,1.7291758547453900E+02
2.37020E+02,3.2001714165100200E+01,1.2000082080984300E+02,1.7291819943684300E+02
2.37030E+02,3.2001714178386400E+01,1.2000082186797700E+02,1.7291881012427400E+02
2.37040E+02,3.2001714191602700E+01,1.2000082292611300E+02,1.7291941755402300E+02
2.37050E+02,3.2001714204749800E+01,1.2000082398425000E+02,1.7292002174319000E+02
2.37060E+02,3.2001714217827800E+01,1.2000082504238800E+02,1.7292062270878500E+02
2.37070E+02,3.2001714230837100E+01,1.2000082610052800E+02,1.7292122046772900E+02
2.37080E+02,3.2001714243778200E+01,1.2000082715866900E+02,1.7292181503685400E+02
2.37090E+02,3.2001714256651400E+01,1.2000082821681200E+02,1.7292240643290300E+02
2.37100E+02,3.2001714269457000E+01,1.2000082927495600E+02,1.7292299467253300E+02
2.37110E+02,3.2001714282195300E+01,1.2000083033310100E+02,1.7292357977231200E+02
2.37120E+02,3.2001714294866900E+01,1.2000083139124700E+02,1.7292416174872200E+02
2.37130E+02,3.2001714307471900E+01,1.2000083244939500E+02,1.7292474061815700E+02
2.37140E+02,3.2001714320010700E+01,1.2000083350754400E+02,1.7292531639692600E+02
2.37150E+02,3.2001714332483700E+01,1.2000083456569500E+02,1.7292588910125300E+02
2.37160E+02,3.2001714344891300E+01,1.2000083562384600E+02,1.7292645874727500E+02
2.37170E+02,3.2001714357233700E+01,1.2000083668199900E+02,1.7292702535104700E+02
2.37180E+02,3.2001714369511400E+01,1.2000083774015300E+02,1.7292758892853700E+02
2.37190E+02,3.2001714381724600E+01,1.2000083879830800E+02,1.7292814949563100E+02
2.37200E+02,3.2001714393873700E+01,1.2000083985646500E+02,1.7292870706813000E+02
2.37210E+02,3.2001714405959000E+01,1.2000084091462200E+02,1.7292926166175400E+02
2.37220E+02,3.2001714417980900E+01,1.2000084197278100E+02,1.7292981329214000E+02
2.37230E+02,3.2001714429939700E+01,1.2000084303094100E+02,1.7293036197484200E+02
2.37240E+02,3.2001714441835800E+01,1.2000084408910200E+02,1.7293090772533200E+02
2.37250E+02,3.2001714453669400E+01,1.2000084514726400E+02,1.7293145055900200E+02
2.37260E+02,3.2001714465440900E+01,1.2000084620542700E+02,1.7293199049116300E+02
2.37270E+02,3.2001714477150500E+01,1.2000084726359200E+02,1.7293252753704600E+02
2.37280E+02,3.2001714488798800E+01,1.2000084832175700E+02,1.7293306171180100E+02
2.37290E+02,3.2001714500385900E+01,1.2000084937992400E+02,1.7293359303049800E+02
2.37300E+02,3.2001714511912100E+01,1.2000085043809100E+02,1.7293412150813100E+02
2.37310E+02,3.2001714523377900E+01,1.2000085149626000E+02,1.7293464715961200E+02
2.37320E+02,3.2001714534783500E+01,1.2000085255443000E+02,1.7293516999977500E+02
2.37330E+02,3.2001714546129200E+01,1.2000085361260100E+02,1.7293569004337900E+02
2.37340E+02,3.2001714557415400E+01,1.2000085467077300E+02,1.7293620730510200E+02
2.37350E+02,3.2001714568642300E+01,1.2000085572894500E+02,1.7293672179954800E+02
2.37360E+02,3.2001714579810300E+01,1.2000085678711900E+02,1.7293723354124100E+02
2.37370E+02,3.2001714590919700E+01,1.2000085784529400E+02,1.7293774254463300E+02
2.37380E+02,3.2001714601970800E+01,1.2000085890347000E+02,1.7293824882409600E+02
2.37390E+02,3.2001714612963800E+01,1.2000085996164700E+02,1.7293875239392800E+02
2.37400E+02,3.2001714623899200E+01,1.2000086101982500E+02,1.7293925326835400E+02
2.37410E+02,3.2001714634777200E+01,1.2000086207800300E+02,1.7293975146152200E+02
2.37420E+02,3.2001714645598000E+01,1.2000086313618300E+02,1.7294024698750600E+02
2.37430E+02,3.2001714656362100E+01,1.2000086419436400E+02,1.7294073986030700E+02
2.37440E+02,3.2001714667069700E+01,1.2000086525254500E+02,1.7294123009385200E+02
2.37450E+02,3.2001714677721000E+01,1.2000086631072800E+02,1.7294171770199400E+02
2.37460E+02,3.2001714688316500E+01,1.2000086736891100E+02,1.7294220269851500E+02
2.37470E+02,3.2001714698856300E+01,1.2000086842709600E+02,1.7294268509712400E+02
2.37480E+02,3.2001714709340800E+01,1.2000086948528100E+02,1.7294316491145800E+02
2.37490E+02,3.2001714719770300E+01,1.2000087054346700E+02,1.7294364215508200E+02
2.37500E+02,3.2001714730145100E+01,1.2000087160165400E+02,1.7294411684149000E+02
2.37510E+02,3.2001714740465400E+01,1.2000087265984200E+02,1.7294458898410500E+02
2.37520E+02,3.2001714750731500E+01,1.2000087371803000E+02,1.7294505859628100E+02
2.37530E+02,3.2001714760943700E+01,1.2000087477622000E+02,1.7294552569129900E+02
2.37540E+02,3.2001714771102300E+01,1.2000087583441000E+02,1.7294599028237400E+02
2.37550E+02,3.2001714781207600E+01,1.2000087689260100E+02,1.7294645238264800E+02
2.37560E+02,3.2001714791259900E+01,1.2000087795079300E+02,1.7294691200519700E+02
2.37570E+02,3.2001714801259400E+01,1.2000087900898600E+02,1.7294736916302700E+02
2.37580E+02,3.2001714811206400E+01,1.2000088006717900E+02,1.7294782386907500E+02
2.37590E+02,3.2001714821101200E+01,1.2000088112537400E+02,1.7294827613621100E+02
2.37600E+02,3.2001714830944000E+01,1.2000088218356900E+02,1.7294872597723700E+02
2.37610E+02,3.2001714840735200E+01,1.2000088324176500E+02,1.7294917340488900E+02
2.37620E+02,3.2001714850475000E+01,1.2000088429996200E+02,1.7294961843183500E+02
2.37630E+02,3.2001714860163700E+01,1.2000088535815900E+02,1.7295006107067700E+02
2.37640E+02,3.2001714869801500E+01,1.2000088641635700E+02,1.7295050133395000E+02
2.37650E+02,3.2001714879388800E+01,1.2000088747455600E+02,1.7295093923412400E+02
2.37660E+02,3.2001714888925700E+01,1.2000088853275600E+02,1.7295137478360400E+02
2.37670E+02,3.2001714898412500E+01,1.2000088959095600E+02,1.7295180799472800E+02
2.37680E+02,3.2001714907849600E+01,1.2000089064915700E+02,1.7295223887977200E+02
2.37690E+02,3.2001714917237100E+01,1.2000089170735900E+02,1.7295266745094500E+02
2.37700E+02,3.2001714926575300E+01,1.2000089276556200E+02,1.7295309372039400E+02
2.37710E+02,3.2001714935864500E+01,1.2000089382376500E+02,1.7295351770020000E+02
2.37720E+02,3.2001714945105000E+01,1.2000089488196900E+02,1.7295393940238300E+02
2.37730E+02,3.2001714954297000E+01,1.2000089594017300E+02,1.7295435883889800E+02
2.37740E+02,3.2001714963440700E+01,1.2000089699837900E+02,1.7295477602163800E+02
2.37750E+02,3.2001714972536400E+01,1.2000089805658500E+02,1.7295519096243400E+02
2.37760E+02,3.2001714981584400E+01,1.2000089911479100E+02,1.7295560367305400E+02
2.37770E+02,3.2001714990584900E+01,1.2000090017299800E+02,1.7295601416520400E+02
2.37780E+02,3.2001714999538100E+01,1.2000090123120600E+02,1.7295642245053100E+02
2.37790E+02,3.2001715008444300E+01,1.2000090228941500E+02,1.7295682854061800E+02
2.37800E+02,3.2001715017303800E+01,1.2000090334762400E+02,1.7295723244698800E+02
2.37810E+02,3.2001715026116800E+01,1.2000090440583400E+02,1.7295763418110500E+02
2.37820E+02,3.2001715034883500E+01,1.2000090546404400E+02,1.7295803375437000E+02
2.37830E+02,3.2001715043604200E+01,1.2000090652225500E+02,1.7295843117812700E+02
2.37840E+02,3.2001715052279200E+01,1.2000090758046700E+02,1.7295882646365900E+02
2.37850E+02,3.2001715060908600E+01,1.2000090863867900E+02,1.7295921962218900E+02
2.37860E+02,3.2001715069492700E+01,1.2000090969689200E+02,1.7295961066488400E+02
2.37870E+02,3.2001715078031700E+01,1.2000091075510600E+02,1.7295999960284900E+02
2.37880E+02,3.2001715086525900E+01,1.2000091181332000E+02,1.7296038644713300E+02
2.37890E+02,3.2001715094975600E+01,1.2000091287153400E+02,1.7296077120872600E+02
2.37900E+02,3.2001715103380900E+01,1.2000091392974900E+02,1.7296115389856000E+02
2.37910E+02,3.2001715111742000E+01,1.2000091498796500E+02,1.7296153452751000E+02
2.37920E+02,3.2001715120059300E+01,1.2000091604618100E+02,1.7296191310639600E+02
2.37930E+02,3.2001715128332900E+01,1.2000091710439800E+02,1.7296228964597700E+02
2.37940E+02,3.2001715136563100E+01,1.2000091816261600E+02,1.7296266415695800E+02
2.37950E+02,3.2001715144750100E+01,1.2000091922083400E+02,1.7296303664998900E+02
2.37960E+02,3.2001715152894100E+01,1.2000092027905200E+02,1.7296340713566200E+02
2.37970E+02,3.2001715160995400E+01,1.2000092133727100E+02,1.7296377562451400E+02
2.37980E+02,3.2001715169054100E+01,1.2000092239549100E+02,1.7296414212702700E+02
2.37990E+02,3.2001715177070500E+01,1.2000092345371100E+02,1.7296450665362700E+02
2.38000E+02,3.2001715185044900E+01,1.2000092451193100E+02,1.7296486921468600E+02
2.38010E+02,3.2001715192977400E+01,1.2000092557015200E+02,1.7296522982052300E+02
2.38020E+02,3.2001715200868300E+01,1.2000092662837400E+02,1.7296558848140000E+02
2.38030E+02,3.2001715208717700E+01,1.2000092768659600E+02,1.7296594520752800E+02
2.38040E+02,3.2001715216526000E+01,1.2000092874481900E+02,1.7296630000906100E+02
2.38050E+02,3.2001715224293200E+01,1.2000092980304200E+02,1.7296665289610400E+02
2.38060E+02,3.2001715232019700E+01,1.2000093086126500E+02,1.7296700387870400E+02
2.38070E+02,3.2001715239705600E+01,1.2000093191948900E+02,1.7296735296686000E+02
2.38080E+02,3.2001715247351200E+01,1.2000093297771400E+02,1.7296770017051500E+02
2.38090E+02,3.2001715254956600E+01,1.2000093403593900E+02,1.7296804549956300E+02
2.38100E+02,3.2001715262522200E+01,1.2000093509416400E+02,1.7296838896384200E+02
2.38110E+02,3.2001715270048000E+01,1.2000093615239000E+02,1.7296873057314200E+02
2.38120E+02,3.2001715277534300E+01,1.2000093721061600E+02,1.7296907033720000E+02
2.38130E+02,3.2001715284981300E+01,1.2000093826884300E+02,1.7296940826570200E+02
2.38140E+02,3.2001715292389200E+01,1.2000093932707000E+02,1.7296974436828300E+02
2.38150E+02,3.2001715299758300E+01,1.2000094038529800E+02,1.7297007865452800E+02
2.38160E+02,3.2001715307088600E+01,1.2000094144352600E+02,1.7297041113397200E+02
2.38170E+02,3.2001715314380500E+01,1.2000094250175400E+02,1.7297074181609900E+02
2.38180E+02,3.2001715321634100E+01,1.2000094355998300E+02,1.7297107071034200E+02
2.38190E+02,3.2001715328849600E+01,1.2000094461821300E+02,1.7297139782608900E+02
2.38200E+02,3.2001715336027300E+01,1.2000094567644200E+02,1.7297172317267300E+02
2.38210E+02,3.2001715343167300E+01,1.2000094673467300E+02,1.7297204675938200E+02
2.38220E+02,3.2001715350269800E+01,1.2000094779290300E+02,1.7297236859545500E+02
2.38230E+02,3.2001715357335000E+01,1.2000094885113400E+02,1.7297268869007900E+02
2.38240E+02,3.2001715364363100E+01,1.2000094990936500E+02,1.7297300705239800E+02
2.38250E+02,3.2001715371354300E+01,1.2000095096759700E+02,1.7297332369150300E+02
2.38260E+02,3.2001715378308900E+01,1.2000095202582900E+02,1.7297363861644200E+02
2.38270E+02,3.2001715385226900E+01,1.2000095308406200E+02,1.7297395183621100E+02
2.38280E+02,3.2001715392108600E+01,1.2000095414229500E+02,1.7297426335976100E+02
2.38290E+02,3.2001715398954200E+01,1.2000095520052800E+02,1.7297457319599700E+02
2.38300E+02,3.2001715405763900E+01,1.2000095625876200E+02,1.7297488135377600E+02
2.38310E+02,3.2001715412537800E+01,1.2000095731699600E+02,1.7297518784190800E+02
2.38320E+02,3.2001715419276200E+01,1.2000095837523000E+02,1.7297549266915800E+02
2.38330E+02,3.2001715425979200E+01,1.2000095943346500E+02,1.7297579584424400E+02
2.38340E+02,3.2001715432647000E+01,1.2000096049170000E+02,1.7297609737583800E+02
2.38350E+02,3.2001715439279800E+01,1.2000096154993600E+02,1.7297639727256800E+02
2.38360E+02,3.2001715445877800E+01,1.2000096260817200E+02,1.7297669554301600E+02
2.38370E+02,3.2001715452441100E+01,1.2000096366640800E+02,1.7297699219571900E+02
2.38380E+02,3.2001715458970000E+01,1.2000096472464500E+02,1.7297728723916800E+02
2.38390E+02,3.2001715465464600E+01,1.2000096578288100E+02,1.7297758068181000E+02
2.38400E+02,3.2001715471925200E+01,1.2000096684111900E+02,1.7297787253205000E+02
2.38410E+02,3.2001715478351800E+01,1.2000096789935600E+02,1.7297816279824500E+02
2.38420E+02,3.2001715484744700E+01,1.2000096895759400E+02,1.7297845148871100E+02
2.38430E+02,3.2001715491104000E+01,1.2000097001583200E+02,1.7297873861171900E+02
2.38440E+02,3.2001715497430000E+01,1.2000097107407100E+02,1.7297902417549700E+02
2.38450E+02,3.2001715503722700E+01,1.2000097213231000E+02,1.7297930818823100E+02
2.38460E+02,3.2001715509982500E+01,1.2000097319054900E+02,1.7297959065806100E+02
2.38470E+02,3.2001715516209300E+01,1.2000097424878800E+02,1.7297987159308700E+02
2.38480E+02,3.2001715522403500E+01,1.2000097530702800E+02,1.7298015100136600E+02
2.38490E+02,3.2001715528565100E+01,1.2000097636526800E+02,1.7298042889091200E+02
2.38500E+02,3.2001715534694500E+01,1.2000097742350900E+02,1.7298070526969700E+02
2.38510E+02,3.2001715540791600E+01,1.2000097848174900E+02,1.7298098014565100E+02
2.38520E+02,3.2001715546856700E+01,1.2000097953999000E+02,1.7298125352666300E+02
2.38530E+02,3.2001715552890000E+01,1.2000098059823200E+02,1.7298152542058200E+02
2.38540E+02,3.2001715558891700E+01,1.2000098165647300E+02,1.7298179583521100E+02
2.38550E+02,3.2001715564861800E+01,1.2000098271471500E+02,1.7298206477831800E+02
2.38560E+02,3.2001715570800600E+01,1.2000098377295700E+02,1.7298233225762600E+02
2.38570E+02,3.2001715576708200E+01,1.2000098483120000E+02,1.7298259828081900E+02
2.38580E+02,3.2001715582584800E+01,1.2000098588944200E+02,1.7298286285554100E+02
2.38590E+02,3.2001715588430500E+01,1.2000098694768500E+02,1.7298312598939500E+02
2.38600E+02,3.2001715594245600E+01,1.2000098800592900E+02,1.7298338768994500E+02
2.38610E+02,3.2001715600030200E+01,1.2000098906417200E+02,1.7298364796471400E+02
2.38620E+02,3.2001715605784300E+01,1.2000099012241600E+02,1.7298390682118700E+02
2.38630E+02,3.2001715611508300E+01,1.2000099118066000E+02,1.7298416426680900E+02
2.38640E+02,3.2001715617202200E+01,1.2000099223890400E+02,1.7298442030898500E+02
2.38650E+02,3.2001715622866300E+01,1.2000099329714900E+02,1.7298467495508300E+02
2.38660E+02,3.2001715628500600E+01,1.2000099435539400E+02,1.7298492821243200E+02
2.38670E+02,3.2001715634105300E+01,1.2000099541363900E+02,1.7298518008832000E+02
2.38680E+02,3.2001715639680600E+01,1.2000099647188400E+02,1.7298543059000000E+02
2.38690E+02,3.2001715645226700E+01,1.2000099753013000E+02,1.7298567972468600E+02
2.38700E+02,3.2001715650743600E+01,1.2000099858837600E+02,1.7298592749955200E+02
2.38710E+02,3.2001715656231600E+01,1.2000099964662200E+02,1.7298617392173800E+02
2.38720E+02,3.2001715661690800E+01,1.2000100070486800E+02,1.7298641899834300E+02
2.38730E+02,3.2001715667121300E+01,1.2000100176311500E+02,1.7298666273643200E+02
2.38740E+02,3.2001715672523300E+01,1.2000100282136200E+02,1.7298690514303000E+02
2.38750E+02,3.2001715677896900E+01,1.2000100387960900E+02,1.7298714622512600E+02
2.38760E+02,3.2001715683242400E+01,1.2000100493785600E+02,1.7298738598967300E+02
2.38770E+02,3.2001715688559700E+01,1.2000100599610300E+02,1.7298762444358800E+02
2.38780E+02,3.2001715693849200E+01,1.2000100705435100E+02,1.7298786159375100E+02
2.38790E+02,3.2001715699110900E+01,1.2000100811259900E+02,1.7298809744700400E+02
2.38800E+02,3.2001715704345000E+01,1.2000100917084700E+02,1.7298833201015700E+02
2.38810E+02,3.2001715709551600E+01,1.2000101022909500E+02,1.7298856528998000E+02
2.38820E+02,3.2001715714730900E+01,1.2000101128734400E+02,1.7298879729321100E+02
2.38830E+02,3.2001715719883000E+01,1.2000101234559300E+02,1.7298902802655100E+02
2.38840E+02,3.2001715725008000E+01,1.2000101340384200E+02,1.7298925749666600E+02
2.38850E+02,3.2001715730106200E+01,1.2000101446209100E+02,1.7298948571018600E+02
2.38860E+02,3.2001715735177600E+01,1.2000101552034100E+02,1.7298971267370800E+02
2.38870E+02,3.2001715740222300E+01,1.2000101657859000E+02,1.7298993839379400E+02
2.38880E+02,3.2001715745240600E+01,1.2000101763684000E+02,1.7299016287697100E+02
2.38890E+02,3.2001715750232500E+01,1.2000101869509000E+02,1.7299038612973100E+02
2.38900E+02,3.2001715755198300E+01,1.2000101975334000E+02,1.7299060815853400E+02
2.38910E+02,3.2001715760138000E+01,1.2000102081159100E+02,1.7299082896980400E+02
2.38920E+02,3.2001715765051700E+01,1.2000102186984100E+02,1.7299104856993300E+02
2.38930E+02,3.2001715769939600E+01,1.2000102292809200E+02,1.7299126696527700E+02
2.38940E+02,3.2001715774801900E+01,1.2000102398634300E+02,1.7299148416216200E+02
2.38950E+02,3.2001715779638700E+01,1.2000102504459400E+02,1.7299170016687800E+02
2.38960E+02,3.2001715784450100E+01,1.2000102610284600E+02,1.7299191498568400E+02
2.38970E+02,3.2001715789236200E+01,1.2000102716109700E+02,1.7299212862480400E+02
2.38980E+02,3.2001715793997200E+01,1.2000102821934900E+02,1.7299234109043200E+02
2.38990E+02,3.2001715798733200E+01,1.2000102927760100E+02,1.7299255238872600E+02
2.39000E+02,3.2001715803444300E+01,1.2000103033585300E+02,1.7299276252581600E+02
2.39010E+02,3.2001715808130800E+01,1.2000103139410500E+02,1.7299297150779500E+02
2.39020E+02,3.2001715812792600E+01,1.2000103245235800E+02,1.7299317934072800E+02
2.39030E+02,3.2001715817429900E+01,1.2000103351061100E+02,1.7299338603064700E+02
2.39040E+02,3.2001715822042900E+01,1.2000103456886300E+02,1.7299359158355100E+02
2.39050E+02,3.2001715826631700E+01,1.2000103562711600E+02,1.7299379600540900E+02
2.39060E+02,3.2001715831196400E+01,1.2000103668537000E+02,1.7299399930215800E+02
2.39070E+02,3.2001715835737100E+01,1.2000103774362300E+02,1.7299420147970400E+02
2.39080E+02,3.2001715840254000E+01,1.2000103880187600E+02,1.7299440254392200E+02
2.39090E+02,3.2001715844747200E+01,1.2000103986013000E+02,1.7299460250065700E+02
2.39100E+02,3.2001715849216800E+01,1.2000104091838400E+02,1.7299480135572100E+02
2.39110E+02,3.2001715853663000E+01,1.2000104197663800E+02,1.7299499911489900E+02
2.39120E+02,3.2001715858085800E+01,1.2000104303489200E+02,1.7299519578394100E+02
2.39130E+02,3.2001715862485400E+01,1.2000104409314600E+02,1.7299539136857200E+02
2.39140E+02,3.2001715866861900E+01,1.2000104515140100E+02,1.7299558587448200E+02
2.39150E+02,3.2001715871215400E+01,1.2000104620965500E+02,1.7299577930733600E+02
2.39160E+02,3.2001715875546100E+01,1.2000104726791000E+02,1.7299597167276400E+02
2.39170E+02,3.2001715879854000E+01,1.2000104832616500E+02,1.7299616297637200E+02
2.39180E+02,3.2001715884139300E+01,1.2000104938442000E+02,1.7299635322373200E+02
2.39190E+02,3.2001715888402100E+01,1.2000105044267500E+02,1.7299654242038900E+02
2.39200E+02,3.2001715892642600E+01,1.2000105150093000E+02,1.7299673057185900E+02
2.39210E+02,3.2001715896860800E+01,1.2000105255918600E+02,1.7299691768362700E+02
2.39220E+02,3.2001715901056800E+01,1.2000105361744100E+02,1.7299710376115300E+02
2.39230E+02,3.2001715905230900E+01,1.2000105467569700E+02,1.7299728880986400E+02
2.39240E+02,3.2001715909383000E+01,1.2000105573395300E+02,1.7299747283516100E+02
2.39250E+02,3.2001715913513300E+01,1.2000105679220900E+02,1.7299765584241700E+02
2.39260E+02,3.2001715917621900E+01,1.2000105785046500E+02,1.7299783783697500E+02
2.39270E+02,3.2001715921709000E+01,1.2000105890872100E+02,1.7299801882415200E+02
2.39280E+02,3.2001715925774600E+01,1.2000105996697800E+02,1.7299819880923500E+02
2.39290E+02,3.2001715929818900E+01,1.2000106102523400E+02,1.7299837779748500E+02
2.39300E+02,3.2001715933841900E+01,1.2000106208349100E+02,1.7299855579413400E+02
2.39310E+02,3.2001715937843900E+01,1.2000106314174800E+02,1.7299873280438800E+02
2.39320E+02,3.2001715941824800E+01,1.2000106420000500E+02,1.7299890883342400E+02
2.39330E+02,3.2001715945784800E+01,1.2000106525826200E+02,1.7299908388639300E+02
2.39340E+02,3.2001715949724000E+01,1.2000106631651900E+02,1.7299925796841900E+02
2.39350E+02,3.2001715953642600E+01,1.2000106737477600E+02,1.7299943108459900E+02
2.39360E+02,3.2001715957540600E+01,1.2000106843303400E+02,1.7299960324000200E+02
2.39370E+02,3.2001715961418100E+01,1.2000106949129100E+02,1.7299977443967200E+02
2.39380E+02,3.2001715965275300E+01,1.2000107054954900E+02,1.7299994468862600E+02
2.39390E+02,3.2001715969112200E+01,1.2000107160780700E+02,1.7300011399185400E+02
2.39400E+02,3.2001715972929000E+01,1.2000107266606500E+02,1.7300028235432200E+02
2.39410E+02,3.2001715976725700E+01,1.2000107372432300E+02,1.7300044978096600E+02
2.39420E+02,3.2001715980502600E+01,1.2000107478258100E+02,1.7300061627670000E+02
2.39430E+02,3.2001715984259500E+01,1.2000107584083900E+02,1.7300078184641000E+02
2.39440E+02,3.2001715987996800E+01,1.2000107689909800E+02,1.7300094649495800E+02
2.39450E+02,3.2001715991714500E+01,1.2000107795735600E+02,1.7300111022717800E+02
2.39460E+02,3.2001715995412600E+01,1.2000107901561500E+02,1.7300127304788100E+02
2.39470E+02,3.2001715999091300E+01,1.2000108007387300E+02,1.7300143496185100E+02
2.39480E+02,3.2001716002750800E+01,1.2000108113213200E+02,1.7300159597384800E+02
2.39490E+02,3.2001716006391000E+01,1.2000108219039100E+02,1.7300175608860800E+02
2.39500E+02,3.2001716010012100E+01,1.2000108324865000E+02,1.7300191531083900E+02
2.39510E+02,3.2001716013614100E+01,1.2000108430690900E+02,1.7300207364522700E+02
2.39520E+02,3.2001716017197300E+01,1.2000108536516900E+02,1.7300223109643200E+02
2.39530E+02,3.2001716020761700E+01,1.2000108642342800E+02,1.7300238766909100E+02
2.39540E+02,3.2001716024307400E+01,1.2000108748168700E+02,1.7300254336781600E+02
2.39550E+02,3.2001716027834400E+01,1.2000108853994700E+02,1.7300269819719300E+02
2.39560E+02,3.2001716031342900E+01,1.2000108959820600E+02,1.7300285216178700E+02
2.39570E+02,3.2001716034833100E+01,1.2000109065646600E+02,1.7300300526613600E+02
2.39580E+02,3.2001716038304900E+01,1.2000109171472600E+02,1.7300315751475700E+02
2.39590E+02,3.2001716041758400E+01,1.2000109277298600E+02,1.7300330891214100E+02
2.39600E+02,3.2001716045193900E+01,1.2000109383124600E+02,1.7300345946275700E+02
2.39610E+02,3.2001716048611300E+01,1.2000109488950600E+02,1.7300360917105000E+02
2.39620E+02,3.2001716052010800E+01,1.2000109594776600E+02,1.7300375804144100E+02
2.39630E+02,3.2001716055392400E+01,1.2000109700602700E+02,1.7300390607832900E+02
2.39640E+02,3.2001716058756300E+01,1.2000109806428700E+02,1.7300405328608900E+02
2.39650E+02,3.2001716062102500E+01,1.2000109912254700E+02,1.7300419966907400E+02
2.39660E+02,3.2001716065431100E+01,1.2000110018080800E+02,1.7300434523161200E+02
2.39670E+02,3.2001716068742300E+01,1.2000110123906900E+02,1.7300448997801100E+02
2.39680E+02,3.2001716072036100E+01,1.2000110229732900E+02,1.7300463391255500E+02
2.39690E+02,3.2001716075312600E+01,1.2000110335559000E+02,1.7300477703950500E+02
2.39700E+02,3.2001716078571900E+01,1.2000110441385100E+02,1.7300491936310100E+02
2.39710E+02,3.2001716081814100E+01,1.2000110547211200E+02,1.7300506088756000E+02
2.39720E+02,3.2001716085039300E+01,1.2000110653037300E+02,1.7300520161707700E+02
2.39730E+02,3.2001716088247600E+01,1.2000110758863400E+02,1.7300534155582400E+02
2.39740E+02,3.2001716091439000E+01,1.2000110864689600E+02,1.7300548070795300E+02
2.39750E+02,3.2001716094613600E+01,1.2000110970515700E+02,1.7300561907759200E+02
2.39760E+02,3.2001716097771600E+01,1.2000111076341800E+02,1.7300575666885000E+02
2.39770E+02,3.2001716100913000E+01,1.2000111182168000E+02,1.7300589348581200E+02
2.39780E+02,3.2001716104038000E+01,1.2000111287994100E+02,1.7300602953254300E+02
2.39790E+02,3.2001716107146500E+01,1.2000111393820300E+02,1.7300616481308600E+02
2.39800E+02,3.2001716110238700E+01,1.2000111499646500E+02,1.7300629933146300E+02
2.39810E+02,3.2001716113314700E+01,1.2000111605472600E+02,1.7300643309167400E+02
2.39820E+02,3.2001716116374500E+01,1.2000111711298800E+02,1.7300656609770000E+02
2.39830E+02,3.2001716119418300E+01,1.2000111817125000E+02,1.7300669835349900E+02
2.39840E+02,3.2001716122446000E+01,1.2000111922951200E+02,1.7300682986301000E+02
2.39850E+02,3.2001716125457900E+01,1.2000112028777400E+02,1.7300696063015100E+02
2.39860E+02,3.2001716128454000E+01,1.2000112134603700E+02,1.7300709065881700E+02
2.39870E+02,3.2001716131434400E+01,1.2000112240429900E+02,1.7300721995288600E+02
2.39880E+02,3.2001716134399100E+01,1.2000112346256100E+02,1.7300734851621300E+02
2.39890E+02,3.2001716137348200E+01,1.2000112452082300E+02,1.7300747635263500E+02
2.39900E+02,3.2001716140281900E+01,1.2000112557908600E+02,1.7300760346596700E+02
2.39910E+02,3.2001716143200200E+01,1.2000112663734800E+02,1.7300772986000600E+02
2.39920E+02,3.2001716146103100E+01,1.2000112769561100E+02,1.7300785553852600E+02
2.39930E+02,3.2001716148990800E+01,1.2000112875387400E+02,1.7300798050528300E+02
2.39940E+02,3.2001716151863400E+01,1.2000112981213600E+02,1.7300810476401500E+02
2.39950E+02,3.2001716154720900E+01,1.2000113087039900E+02,1.7300822831843700E+02
2.39960E+02,3.2001716157563300E+01,1.2000113192866200E+02,1.7300835117224800E+02
2.39970E+02,3.2001716160390900E+01,1.2000113298692500E+02,1.7300847332912300E+02
2.39980E+02,3.2001716163203600E+01,1.2000113404518800E+02,1.7300859479272300E+02
2.39990E+02,3.2001716166001500E+01,1.2000113510345100E+02,1.7300871556668500E+02
2.40000E+02,3.2001716168784800E+01,1.2000113616171400E+02,1.7300883565463100E+02
2.40010E+02,3.2001716171553400E+01,1.2000113721997700E+02,1.7300895506016100E+02
2.40020E+02,3.2001716174307600E+01,1.2000113827824000E+02,1.7300907378685800E+02
2.40030E+02,3.2001716177047200E+01,1.2000113933650400E+02,1.7300919183828400E+02
2.40040E+02,3.2001716179772500E+01,1.2000114039476700E+02,1.7300930921798600E+02
2.40050E+02,3.2001716182483500E+01,1.2000114145303000E+02,1.7300942592948700E+02
2.40060E+02,3.2001716185180200E+01,1.2000114251129400E+02,1.7300954197629800E+02
2.40070E+02,3.2001716187862800E+01,1.2000114356955700E+02,1.7300965736190500E+02
2.40080E+02,3.2001716190531300E+01,1.2000114462782100E+02,1.7300977208978100E+02
2.40090E+02,3.2001716193185800E+01,1.2000114568608400E+02,1.7300988616337800E+02
2.40100E+02,3.2001716195826300E+01,1.2000114674434800E+02,1.7300999958613000E+02
2.40110E+02,3.2001716198453000E+01,1.2000114780261200E+02,1.7301011236145400E+02
2.40120E+02,3.2001716201066000E+01,1.2000114886087600E+02,1.7301022449274900E+02
2.40130E+02,3.2001716203665200E+01,1.2000114991913900E+02,1.7301033598339500E+02
2.40140E+02,3.2001716206250700E+01,1.2000115097740300E+02,1.7301044683675500E+02
2.40150E+02,3.2001716208822700E+01,1.2000115203566700E+02,1.7301055705617400E+02
2.40160E+02,3.2001716211381200E+01,1.2000115309393100E+02,1.7301066664498100E+02
2.40170E+02,3.2001716213926200E+01,1.2000115415219500E+02,1.7301077560648400E+02
2.40180E+02,3.2001716216457900E+01,1.2000115521045900E+02,1.7301088394397900E+02
2.40190E+02,3.2001716218976300E+01,1.2000115626872400E+02,1.7301099166073900E+02
2.40200E+02,3.2001716221481500E+01,1.2000115732698800E+02,1.7301109876002300E+02
2.40210E+02,3.2001716223973500E+01,1.2000115838525200E+02,1.7301120524507400E+02
2.40220E+02,3.2001716226452400E+01,1.2000115944351600E+02,1.7301131111911400E+02
2.40230E+02,3.2001716228918400E+01,1.2000116050178100E+02,1.7301141638535100E+02
2.40240E+02,3.2001716231371400E+01,1.2000116156004500E+02,1.7301152104697700E+02
2.40250E+02,3.2001716233811500E+01,1.2000116261831000E+02,1.7301162510716400E+02
2.40260E+02,3.2001716236238800E+01,1.2000116367657400E+02,1.7301172856907000E+02
2.40270E+02,3.2001716238653400E+01,1.2000116473483900E+02,1.7301183143583500E+02
2.40280E+02,3.2001716241055200E+01,1.2000116579310300E+02,1.7301193371058400E+02
2.40290E+02,3.2001716243444500E+01,1.2000116685136800E+02,1.7301203539642400E+02
2.40300E+02,3.2001716245821300E+01,1.2000116790963300E+02,1.7301213649644600E+02
2.40310E+02,3.2001716248185500E+01,1.2000116896789700E+02,1.7301223701372600E+02
2.40320E+02,3.2001716250537400E+01,1.2000117002616200E+02,1.7301233695132200E+02
2.40330E+02,3.2001716252876900E+01,1.2000117108442700E+02,1.7301243631227800E+02
2.40340E+02,3.2001716255204100E+01,1.2000117214269200E+02,1.7301253509962100E+02
2.40350E+02,3.2001716257519100E+01,1.2000117320095700E+02,1.7301263331636100E+02
2.40360E+02,3.2001716259822000E+01,1.2000117425922200E+02,1.7301273096549400E+02
2.40370E+02,3.2001716262112700E+01,1.2000117531748700E+02,1.7301282804999900E+02
2.40380E+02,3.2001716264391500E+01,1.2000117637575200E+02,1.7301292457284100E+02
2.40390E+02,3.2001716266658300E+01,1.2000117743401700E+02,1.7301302053696700E+02
2.40400E+02,3.2001716268913100E+01,1.2000117849228200E+02,1.7301311594531000E+02
2.40410E+02,3.2001716271156200E+01,1.2000117955054700E+02,1.7301321080078900E+02
2.40420E+02,3.2001716273387500E+01,1.2000118060881200E+02,1.7301330510630400E+02
2.40430E+02,3.2001716275607000E+01,1.2000118166707700E+02,1.7301339886474400E+02
2.40440E+02,3.2001716277814900E+01,1.2000118272534300E+02,1.7301349207897900E+02
2.40450E+02,3.2001716280011200E+01,1.2000118378360800E+02,1.7301358475186700E+02
2.40460E+02,3.2001716282196000E+01,1.2000118484187300E+02,1.7301367688624900E+02
2.40470E+02,3.2001716284369400E+01,1.2000118590013900E+02,1.7301376848495200E+02
2.40480E+02,3.2001716286531300E+01,1.2000118695840400E+02,1.7301385955078800E+02
2.40490E+02,3.2001716288681800E+01,1.2000118801666900E+02,1.7301395008655400E+02
2.40500E+02,3.2001716290821100E+01,1.2000118907493500E+02,1.7301404009503200E+02
2.40510E+02,3.2001716292949100E+01,1.2000119013320000E+02,1.7301412957899100E+02
2.40520E+02,3.2001716295066000E+01,1.2000119119146600E+02,1.7301421854118400E+02
2.40530E+02,3.2001716297171800E+01,1.2000119224973200E+02,1.7301430698434900E+02
2.40540E+02,3.2001716299266500E+01,1.2000119330799700E+02,1.7301439491121200E+02
2.40550E+02,3.2001716301350200E+01,1.2000119436626300E+02,1.7301448232448200E+02
2.40560E+02,3.2001716303423000E+01,1.2000119542452900E+02,1.7301456922685500E+02
2.40570E+02,3.2001716305484900E+01,1.2000119648279400E+02,1.7301465562101400E+02
2.40580E+02,3.2001716307535900E+01,1.2000119754106000E+02,1.7301474150962600E+02
2.40590E+02,3.2001716309576200E+01,1.2000119859932600E+02,1.7301482689534500E+02
2.40600E+02,3.2001716311605800E+01,1.2000119965759200E+02,1.7301491178081100E+02
2.40610E+02,3.2001716313624800E+01,1.2000120071585800E+02,1.7301499616864900E+02
2.40620E+02,3.2001716315633100E+01,1.2000120177412300E+02,1.7301508006147200E+02
2.40630E+02,3.2001716317630900E+01,1.2000120283238900E+02,1.7301516346187900E+02
2.40640E+02,3.2001716319618200E+01,1.2000120389065500E+02,1.7301524637245300E+02
2.40650E+02,3.2001716321595100E+01,1.2000120494892100E+02,1.7301532879576800E+02
2.40660E+02,3.2001716323561600E+01,1.2000120600718700E+02,1.7301541073437900E+02
2.40670E+02,3.2001716325517800E+01,1.2000120706545300E+02,1.7301549219083200E+02
2.40680E+02,3.2001716327463700E+01,1.2000120812372000E+02,1.7301557316765800E+02
2.40690E+02,3.2001716329399400E+01,1.2000120918198600E+02,1.7301565366737400E+02
2.40700E+02,3.2001716331324900E+01,1.2000121024025200E+02,1.7301573369248400E+02
2.40710E+02,3.2001716333240400E+01,1.2000121129851800E+02,1.7301581324548100E+02
2.40720E+02,3.2001716335145700E+01,1.2000121235678400E+02,1.7301589232884300E+02
2.40730E+02,3.2001716337041100E+01,1.2000121341505000E+02,1.7301597094503400E+02
2.40740E+02,3.2001716338926500E+01,1.2000121447331700E+02,1.7301604909650700E+02
2.40750E+02,3.2001716340802100E+01,1.2000121553158300E+02,1.7301612678570100E+02
2.40760E+02,3.2001716342667700E+01,1.2000121658984900E+02,1.7301620401504400E+02
2.40770E+02,3.2001716344523600E+01,1.2000121764811600E+02,1.7301628078694800E+02
2.40780E+02,3.2001716346369800E+01,1.2000121870638200E+02,1.7301635710381600E+02
2.40790E+02,3.2001716348206200E+01,1.2000121976464800E+02,1.7301643296803600E+02
2.40800E+02,3.2001716350033000E+01,1.2000122082291500E+02,1.7301650838198300E+02
2.40810E+02,3.2001716351850300E+01,1.2000122188118100E+02,1.7301658334802200E+02
2.40820E+02,3.2001716353657900E+01,1.2000122293944800E+02,1.7301665786850400E+02
2.40830E+02,3.2001716355456100E+01,1.2000122399771400E+02,1.7301673194576700E+02
2.40840E+02,3.2001716357244900E+01,1.2000122505598100E+02,1.7301680558213900E+02
2.40850E+02,3.2001716359024300E+01,1.2000122611424700E+02,1.7301687877993300E+02
2.40860E+02,3.2001716360794300E+01,1.2000122717251400E+02,1.7301695154145200E+02
2.40870E+02,3.2001716362555000E+01,1.2000122823078000E+02,1.7301702386898600E+02
2.40880E+02,3.2001716364306500E+01,1.2000122928904700E+02,1.7301709576481300E+02
2.40890E+02,3.2001716366048800E+01,1.2000123034731400E+02,1.7301716723119900E+02
2.40900E+02,3.2001716367782000E+01,1.2000123140558000E+02,1.7301723827039900E+02
2.40910E+02,3.2001716369506000E+01,1.2000123246384700E+02,1.7301730888465500E+02
2.40920E+02,3.2001716371221000E+01,1.2000123352211400E+02,1.7301737907619700E+02
2.40930E+02,3.2001716372927000E+01,1.2000123458038100E+02,1.7301744884724400E+02
2.40940E+02,3.2001716374624100E+01,1.2000123563864700E+02,1.7301751820000500E+02
2.40950E+02,3.2001716376312200E+01,1.2000123669691400E+02,1.7301758713667400E+02
2.40960E+02,3.2001716377991500E+01,1.2000123775518100E+02,1.7301765565943600E+02
2.40970E+02,3.2001716379661900E+01,1.2000123881344800E+02,1.7301772377046300E+02
2.40980E+02,3.2001716381323600E+01,1.2000123987171500E+02,1.7301779147191700E+02
2.40990E+02,3.2001716382976600E+01,1.2000124092998200E+02,1.7301785876594800E+02
2.41000E+02,3.2001716384620900E+01,1.2000124198824800E+02,1.7301792565469400E+02
2.41010E+02,3.2001716386256600E+01,1.2000124304651500E+02,1.7301799214028300E+02
2.41020E+02,3.2001716387883600E+01,1.2000124410478200E+02,1.7301805822483200E+02
2.41030E+02,3.2001716389502200E+01,1.2000124516304900E+02,1.7301812391044400E+02
2.41040E+02,3.2001716391112200E+01,1.2000124622131600E+02,1.7301818919921600E+02
2.41050E+02,3.2001716392713800E+01,1.2000124727958300E+02,1.7301825409322900E+02
2.41060E+02,3.2001716394307000E+01,1.2000124833785000E+02,1.7301831859455500E+02
2.41070E+02,3.2001716395891800E+01,1.2000124939611700E+02,1.7301838270525700E+02
2.41080E+02,3.2001716397468300E+01,1.2000125045438400E+02,1.7301844642738500E+02
2.41090E+02,3.2001716399036500E+01,1.2000125151265100E+02,1.7301850976297800E+02
2.41100E+02,3.2001716400596500E+01,1.2000125257091900E+02,1.7301857271406500E+02
2.41110E+02,3.2001716402148300E+01,1.2000125362918600E+02,1.7301863528266600E+02
2.41120E+02,3.2001716403692000E+01,1.2000125468745300E+02,1.7301869747078700E+02
2.41130E+02,3.2001716405227500E+01,1.2000125574572000E+02,1.7301875928042600E+02
2.41140E+02,3.2001716406755000E+01,1.2000125680398700E+02,1.7301882071357000E+02
2.41150E+02,3.2001716408274500E+01,1.2000125786225400E+02,1.7301888177219400E+02
2.41160E+02,3.2001716409786000E+01,1.2000125892052200E+02,1.7301894245826600E+02
2.41170E+02,3.2001716411289500E+01,1.2000125997878900E+02,1.7301900277374000E+02
2.41180E+02,3.2001716412785200E+01,1.2000126103705600E+02,1.7301906272056200E+02
2.41190E+02,3.2001716414273000E+01,1.2000126209532300E+02,1.7301912230066800E+02
2.41200E+02,3.2001716415753000E+01,1.2000126315359100E+02,1.7301918151598100E+02
2.41210E+02,3.2001716417225300E+01,1.2000126421185800E+02,1.7301924036841800E+02
2.41220E+02,3.2001716418689800E+01,1.2000126527012500E+02,1.7301929885988300E+02
2.41230E+02,3.2001716420146600E+01,1.2000126632839300E+02,1.7301935699227000E+02
2.41240E+02,3.2001716421595800E+01,1.2000126738666000E+02,1.7301941476746500E+02
2.41250E+02,3.2001716423037400E+01,1.2000126844492700E+02,1.7301947218734300E+02
2.41260E+02,3.2001716424471400E+01,1.2000126950319500E+02,1.7301952925376900E+02
2.41270E+02,3.2001716425897800E+01,1.2000127056146200E+02,1.7301958596859700E+02
2.41280E+02,3.2001716427316800E+01,1.2000127161972900E+02,1.7301964233367500E+02
2.41290E+02,3.2001716428728400E+01,1.2000127267799700E+02,1.7301969835083800E+02
2.41300E+02,3.2001716430132500E+01,1.2000127373626400E+02,1.7301975402191100E+02
2.41310E+02,3.2001716431529200E+01,1.2000127479453200E+02,1.7301980934871300E+02
2.41320E+02,3.2001716432918700E+01,1.2000127585279900E+02,1.7301986433305000E+02
2.41330E+02,3.2001716434300800E+01,1.2000127691106700E+02,1.7301991897671900E+02
2.41340E+02,3.2001716435675700E+01,1.2000127796933400E+02,1.7301997328150900E+02
2.41350E+02,3.2001716437043300E+01,1.2000127902760200E+02,1.7302002724920000E+02
2.41360E+02,3.2001716438403800E+01,1.2000128008586900E+02,1.7302008088156000E+02
2.41370E+02,3.2001716439757200E+01,1.2000128114413700E+02,1.7302013418034900E+02
2.41380E+02,3.2001716441103400E+01,1.2000128220240400E+02,1.7302018714731900E+02
2.41390E+02,3.2001716442442600E+01,1.2000128326067200E+02,1.7302023978421200E+02
2.41400E+02,3.2001716443774700E+01,1.2000128431894000E+02,1.7302029209276000E+02
2.41410E+02,3.2001716445099900E+01,1.2000128537720700E+02,1.7302034407468600E+02
2.41420E+02,3.2001716446418000E+01,1.2000128643547500E+02,1.7302039573170600E+02
2.41430E+02,3.2001716447729300E+01,1.2000128749374300E+02,1.7302044706552500E+02
2.41440E+02,3.2001716449033700E+01,1.2000128855201000E+02,1.7302049807784000E+02
2.41450E+02,3.2001716450331200E+01,1.2000128961027800E+02,1.7302054877033700E+02
2.41460E+02,3.2001716451622000E+01,1.2000129066854600E+02,1.7302059914469600E+02
2.41470E+02,3.2001716452905900E+01,1.2000129172681300E+02,1.7302064920258800E+02
2.41480E+02,3.2001716454183100E+01,1.2000129278508100E+02,1.7302069894567200E+02
2.41490E+02,3.2001716455453600E+01,1.2000129384334900E+02,1.7302074837560200E+02
2.41500E+02,3.2001716456717500E+01,1.2000129490161600E+02,1.7302079749402200E+02
2.41510E+02,3.2001716457974700E+01,1.2000129595988400E+02,1.7302084630256600E+02
2.41520E+02,3.2001716459225300E+01,1.2000129701815200E+02,1.7302089480286200E+02
2.41530E+02,3.2001716460469300E+01,1.2000129807642000E+02,1.7302094299652700E+02
2.41540E+02,3.2001716461706800E+01,1.2000129913468700E+02,1.7302099088517100E+02
2.41550E+02,3.2001716462937900E+01,1.2000130019295500E+02,1.7302103847039600E+02
2.41560E+02,3.2001716464162400E+01,1.2000130125122300E+02,1.7302108575379300E+02
2.41570E+02,3.2001716465380500E+01,1.2000130230949100E+02,1.7302113273694800E+02
2.41580E+02,3.2001716466592300E+01,1.2000130336775900E+02,1.7302117942143600E+02
2.41590E+02,3.2001716467797600E+01,1.2000130442602600E+02,1.7302122580882500E+02
2.41600E+02,3.2001716468996700E+01,1.2000130548429400E+02,1.7302127190067500E+02
2.41610E+02,3.2001716470189400E+01,1.2000130654256200E+02,1.7302131769853800E+02
2.41620E+02,3.2001716471375900E+01,1.2000130760083000E+02,1.7302136320395500E+02
2.41630E+02,3.2001716472556200E+01,1.2000130865909800E+02,1.7302140841846300E+02
2.41640E+02,3.2001716473730200E+01,1.2000130971736600E+02,1.7302145334358900E+02
2.41650E+02,3.2001716474898100E+01,1.2000131077563400E+02,1.7302149798085100E+02
2.41660E+02,3.2001716476059900E+01,1.2000131183390200E+02,1.7302154233176100E+02
2.41670E+02,3.2001716477215600E+01,1.2000131289217000E+02,1.7302158639782200E+02
2.41680E+02,3.2001716478365200E+01,1.2000131395043800E+02,1.7302163018052800E+02
2.41690E+02,3.2001716479508800E+01,1.2000131500870500E+02,1.7302167368136900E+02
2.41700E+02,3.2001716480646300E+01,1.2000131606697300E+02,1.7302171690182200E+02
2.41710E+02,3.2001716481777900E+01,1.2000131712524100E+02,1.7302175984336100E+02
2.41720E+02,3.2001716482903600E+01,1.2000131818350900E+02,1.7302180250744800E+02
2.41730E+02,3.2001716484023300E+01,1.2000131924177700E+02,1.7302184489554100E+02
2.41740E+02,3.2001716485137200E+01,1.2000132030004500E+02,1.7302188700908900E+02
2.41750E+02,3.2001716486245200E+01,1.2000132135831300E+02,1.7302192884953100E+02
2.41760E+02,3.2001716487347400E+01,1.2000132241658100E+02,1.7302197041830300E+02
2.41770E+02,3.2001716488443800E+01,1.2000132347484900E+02,1.7302201171683000E+02
2.41780E+02,3.2001716489534500E+01,1.2000132453311700E+02,1.7302205274653100E+02
2.41790E+02,3.2001716490619400E+01,1.2000132559138500E+02,1.7302209350881600E+02
2.41800E+02,3.2001716491698700E+01,1.2000132664965400E+02,1.7302213400509000E+02
2.41810E+02,3.2001716492772300E+01,1.2000132770792200E+02,1.7302217423675000E+02
2.41820E+02,3.2001716493840200E+01,1.2000132876619000E+02,1.7302221420518300E+02
2.41830E+02,3.2001716494902500E+01,1.2000132982445800E+02,1.7302225391177200E+02
2.41840E+02,3.2001716495959300E+01,1.2000133088272600E+02,1.7302229335789100E+02
2.41850E+02,3.2001716497010500E+01,1.2000133194099400E+02,1.7302233254490800E+02
2.41860E+02,3.2001716498056200E+01,1.2000133299926200E+02,1.7302237147418300E+02
2.41870E+02,3.2001716499096400E+01,1.2000133405753000E+02,1.7302241014706800E+02
2.41880E+02,3.2001716500131200E+01,1.2000133511579800E+02,1.7302244856491000E+02
2.41890E+02,3.2001716501160500E+01,1.2000133617406600E+02,1.7302248672904700E+02
2.41900E+02,3.2001716502184400E+01,1.2000133723233500E+02,1.7302252464081100E+02
2.41910E+02,3.2001716503202900E+01,1.2000133829060300E+02,1.7302256230152700E+02
2.41920E+02,3.2001716504216100E+01,1.2000133934887100E+02,1.7302259971251300E+02
2.41930E+02,3.2001716505224000E+01,1.2000134040713900E+02,1.7302263687507900E+02
2.41940E+02,3.2001716506226600E+01,1.2000134146540700E+02,1.7302267379053100E+02
2.41950E+02,3.2001716507223900E+01,1.2000134252367500E+02,1.7302271046016300E+02
2.41960E+02,3.2001716508216000E+01,1.2000134358194400E+02,1.7302274688526900E+02
2.41970E+02,3.2001716509202800E+01,1.2000134464021200E+02,1.7302278306713000E+02
2.41980E+02,3.2001716510184500E+01,1.2000134569848000E+02,1.7302281900702300E+02
2.41990E+02,3.2001716511161100E+01,1.2000134675674800E+02,1.7302285470622000E+02
2.42000E+02,3.2001716512132500E+01,1.2000134781501600E+02,1.7302289016598200E+02
2.42010E+02,3.2001716513098800E+01,1.2000134887328500E+02,1.7302292538756800E+02
2.42020E+02,3.2001716514060000E+01,1.2000134993155300E+02,1.7302296037222800E+02
2.42030E+02,3.2001716515016200E+01,1.2000135098982100E+02,1.7302299512120400E+02
2.42040E+02,3.2001716515967400E+01,1.2000135204808900E+02,1.7302302963573500E+02
2.42050E+02,3.2001716516913600E+01,1.2000135310635800E+02,1.7302306391705100E+02
2.42060E+02,3.2001716517854800E+01,1.2000135416462600E+02,1.7302309796637600E+02
2.42070E+02,3.2001716518791100E+01,1.2000135522289400E+02,1.7302313178492800E+02
2.42080E+02,3.2001716519722500E+01,1.2000135628116200E+02,1.7302316537391900E+02
2.42090E+02,3.2001716520648900E+01,1.2000135733943100E+02,1.7302319873455300E+02
2.42100E+02,3.2001716521570500E+01,1.2000135839769900E+02,1.7302323186802900E+02
2.42110E+02,3.2001716522487300E+01,1.2000135945596700E+02,1.7302326477554000E+02
2.42120E+02,3.2001716523399300E+01,1.2000136051423500E+02,1.7302329745827100E+02
2.42130E+02,3.2001716524306400E+01,1.2000136157250400E+02,1.7302332991740300E+02
2.42140E+02,3.2001716525208800E+01,1.2000136263077200E+02,1.7302336215411000E+02
2.42150E+02,3.2001716526106500E+01,1.2000136368904000E+02,1.7302339416955800E+02
2.42160E+02,3.2001716526999500E+01,1.2000136474730900E+02,1.7302342596491000E+02
2.42170E+02,3.2001716527887800E+01,1.2000136580557700E+02,1.7302345754132100E+02
2.42180E+02,3.2001716528771400E+01,1.2000136686384500E+02,1.7302348889994000E+02
2.42190E+02,3.2001716529650300E+01,1.2000136792211400E+02,1.7302352004191000E+02
2.42200E+02,3.2001716530524700E+01,1.2000136898038200E+02,1.7302355096836800E+02
2.42210E+02,3.2001716531394500E+01,1.2000137003865000E+02,1.7302358168044700E+02
2.42220E+02,3.2001716532259700E+01,1.2000137109691900E+02,1.7302361217927100E+02
2.42230E+02,3.2001716533120300E+01,1.2000137215518700E+02,1.7302364246595900E+02
2.42240E+02,3.2001716533976500E+01,1.2000137321345600E+02,1.7302367254162600E+02
2.42250E+02,3.2001716534828100E+01,1.2000137427172400E+02,1.7302370240737900E+02
2.42260E+02,3.2001716535675300E+01,1.2000137532999200E+02,1.7302373206431900E+02
2.42270E+02,3.2001716536518000E+01,1.2000137638826100E+02,1.7302376151354400E+02
2.42280E+02,3.2001716537356300E+01,1.2000137744652900E+02,1.7302379075614300E+02
2.42290E+02,3.2001716538190300E+01,1.2000137850479700E+02,1.7302381979320100E+02
2.42300E+02,3.2001716539019800E+01,1.2000137956306600E+02,1.7302384862579600E+02
2.42310E+02,3.2001716539845000E+01,1.2000138062133400E+02,1.7302387725500300E+02
2.42320E+02,3.2001716540665800E+01,1.2000138167960300E+02,1.7302390568188900E+02
2.42330E+02,3.2001716541482300E+01,1.2000138273787100E+02,1.7302393390751600E+02
2.42340E+02,3.2001716542294600E+01,1.2000138379614000E+02,1.7302396193294000E+02
2.42350E+02,3.2001716543102600E+01,1.2000138485440800E+02,1.7302398975921200E+02
2.42360E+02,3.2001716543906300E+01,1.2000138591267600E+02,1.7302401738737800E+02
2.42370E+02,3.2001716544705800E+01,1.2000138697094500E+02,1.7302404481847800E+02
2.42380E+02,3.2001716545501200E+01,1.2000138802921300E+02,1.7302407205354600E+02
2.42390E+02,3.2001716546292300E+01,1.2000138908748200E+02,1.7302409909361100E+02
2.42400E+02,3.2001716547079300E+01,1.2000139014575000E+02,1.7302412593969600E+02
2.42410E+02,3.2001716547862200E+01,1.2000139120401900E+02,1.7302415259282100E+02
2.42420E+02,3.2001716548640900E+01,1.2000139226228700E+02,1.7302417905399800E+02
2.42430E+02,3.2001716549415600E+01,1.2000139332055600E+02,1.7302420532423400E+02
2.42440E+02,3.2001716550186200E+01,1.2000139437882400E+02,1.7302423140453200E+02
2.42450E+02,3.2001716550952800E+01,1.2000139543709300E+02,1.7302425729588900E+02
2.42460E+02,3.2001716551715300E+01,1.2000139649536100E+02,1.7302428299929600E+02
2.42470E+02,3.2001716552473900E+01,1.2000139755363000E+02,1.7302430851574100E+02
2.42480E+02,3.2001716553228400E+01,1.2000139861189800E+02,1.7302433384620400E+02
2.42490E+02,3.2001716553979000E+01,1.2000139967016700E+02,1.7302435899166200E+02
2.42500E+02,3.2001716554725600E+01,1.2000140072843500E+02,1.7302438395308700E+02
2.42510E+02,3.2001716555468400E+01,1.2000140178670400E+02,1.7302440873144400E+02
2.42520E+02,3.2001716556207200E+01,1.2000140284497200E+02,1.7302443332769300E+02
2.42530E+02,3.2001716556942200E+01,1.2000140390324100E+02,1.7302445774279200E+02
2.42540E+02,3.2001716557673300E+01,1.2000140496150900E+02,1.7302448197769100E+02
2.42550E+02,3.2001716558400500E+01,1.2000140601977800E+02,1.7302450603333600E+02
2.42560E+02,3.2001716559124000E+01,1.2000140707804600E+02,1.7302452991066800E+02
2.42570E+02,3.2001716559843600E+01,1.2000140813631500E+02,1.7302455361062200E+02
2.42580E+02,3.2001716560559500E+01,1.2000140919458300E+02,1.7302457713413100E+02
2.42590E+02,3.2001716561271600E+01,1.2000141025285200E+02,1.7302460048211900E+02
2.42600E+02,3.2001716561979900E+01,1.2000141131112000E+02,1.7302462365551000E+02
2.42610E+02,3.2001716562684600E+01,1.2000141236938900E+02,1.7302464665521800E+02
2.42620E+02,3.2001716563385500E+01,1.2000141342765700E+02,1.7302466948215700E+02
2.42630E+02,3.2001716564082800E+01,1.2000141448592600E+02,1.7302469213723200E+02
2.42640E+02,3.2001716564776400E+01,1.2000141554419400E+02,1.7302471462134500E+02
2.42650E+02,3.2001716565466400E+01,1.2000141660246300E+02,1.7302473693539600E+02
2.42660E+02,3.2001716566152800E+01,1.2000141766073200E+02,1.7302475908027500E+02
2.42670E+02,3.2001716566835500E+01,1.2000141871900000E+02,1.7302478105687100E+02
2.42680E+02,3.2001716567514700E+01,1.2000141977726900E+02,1.7302480286606800E+02
2.42690E+02,3.2001716568190300E+01,1.2000142083553700E+02,1.7302482450874400E+02
2.42700E+02,3.2001716568862300E+01,1.2000142189380600E+02,1.7302484598577300E+02
2.42710E+02,3.2001716569530800E+01,1.2000142295207400E+02,1.7302486729802500E+02
2.42720E+02,3.2001716570195800E+01,1.2000142401034300E+02,1.7302488844636500E+02
2.42730E+02,3.2001716570857400E+01,1.2000142506861200E+02,1.7302490943165300E+02
2.42740E+02,3.2001716571515400E+01,1.2000142612688000E+02,1.7302493025474600E+02
2.42750E+02,3.2001716572170000E+01,1.2000142718514900E+02,1.7302495091649300E+02
2.42760E+02,3.2001716572821200E+01,1.2000142824341700E+02,1.7302497141774400E+02
2.42770E+02,3.2001716573468900E+01,1.2000142930168600E+02,1.7302499175933900E+02
2.42780E+02,3.2001716574113300E+01,1.2000143035995500E+02,1.7302501194211700E+02
2.42790E+02,3.2001716574754200E+01,1.2000143141822300E+02,1.7302503196691200E+02
2.42800E+02,3.2001716575391800E+01,1.2000143247649200E+02,1.7302505183455300E+02
2.42810E+02,3.2001716576026100E+01,1.2000143353476000E+02,1.7302507154586500E+02
2.42820E+02,3.2001716576657000E+01,1.2000143459302900E+02,1.7302509110166900E+02
2.42830E+02,3.2001716577284600E+01,1.2000143565129800E+02,1.7302511050278000E+02
2.42840E+02,3.2001716577908900E+01,1.2000143670956600E+02,1.7302512975001200E+02
2.42850E+02,3.2001716578529900E+01,1.2000143776783500E+02,1.7302514884417100E+02
2.42860E+02,3.2001716579147700E+01,1.2000143882610400E+02,1.7302516778606100E+02
2.42870E+02,3.2001716579762200E+01,1.2000143988437200E+02,1.7302518657648200E+02
2.42880E+02,3.2001716580373500E+01,1.2000144094264100E+02,1.7302520521622900E+02
2.42890E+02,3.2001716580981600E+01,1.2000144200090900E+02,1.7302522370609200E+02
2.42900E+02,3.2001716581586500E+01,1.2000144305917800E+02,1.7302524204685900E+02
2.42910E+02,3.2001716582188300E+01,1.2000144411744700E+02,1.7302526023931100E+02
2.42920E+02,3.2001716582786800E+01,1.2000144517571500E+02,1.7302527828422800E+02
2.42930E+02,3.2001716583382300E+01,1.2000144623398400E+02,1.7302529618238400E+02
2.42940E+02,3.2001716583974600E+01,1.2000144729225300E+02,1.7302531393455000E+02
2.42950E+02,3.2001716584563800E+01,1.2000144835052100E+02,1.7302533154149100E+02
2.42960E+02,3.2001716585149900E+01,1.2000144940879000E+02,1.7302534900397100E+02
2.42970E+02,3.2001716585732900E+01,1.2000145046705900E+02,1.7302536632274700E+02
2.42980E+02,3.2001716586312900E+01,1.2000145152532700E+02,1.7302538349857300E+02
2.42990E+02,3.2001716586889800E+01,1.2000145258359600E+02,1.7302540053220100E+02
2.43000E+02,3.2001716587463700E+01,1.2000145364186500E+02,1.7302541742437600E+02
2.43010E+02,3.2001716588034600E+01,1.2000145470013300E+02,1.7302543417584200E+02
2.43020E+02,3.2001716588602400E+01,1.2000145575840200E+02,1.7302545078733600E+02
2.43030E+02,3.2001716589167300E+01,1.2000145681667100E+02,1.7302546725959400E+02
2.43040E+02,3.2001716589729300E+01,1.2000145787493900E+02,1.7302548359334600E+02
2.43050E+02,3.2001716590288300E+01,1.2000145893320800E+02,1.7302549978932000E+02
2.43060E+02,3.2001716590844300E+01,1.2000145999147700E+02,1.7302551584823800E+02
2.43070E+02,3.2001716591397400E+01,1.2000146104974500E+02,1.7302553177082000E+02
2.43080E+02,3.2001716591947700E+01,1.2000146210801400E+02,1.7302554755778200E+02
2.43090E+02,3.2001716592495000E+01,1.2000146316628300E+02,1.7302556320983600E+02
2.43100E+02,3.2001716593039500E+01,1.2000146422455100E+02,1.7302557872769000E+02
2.43110E+02,3.2001716593581100E+01,1.2000146528282000E+02,1.7302559411204800E+02
2.43120E+02,3.2001716594119900E+01,1.2000146634108900E+02,1.7302560936361100E+02
2.43130E+02,3.2001716594655800E+01,1.2000146739935800E+02,1.7302562448307700E+02
2.43140E+02,3.2001716595188900E+01,1.2000146845762600E+02,1.7302563947113800E+02
2.43150E+02,3.2001716595719300E+01,1.2000146951589500E+02,1.7302565432848400E+02
2.43160E+02,3.2001716596246800E+01,1.2000147057416400E+02,1.7302566905580200E+02
2.43170E+02,3.2001716596771600E+01,1.2000147163243200E+02,1.7302568365377500E+02
2.43180E+02,3.2001716597293600E+01,1.2000147269070100E+02,1.7302569812308000E+02
2.43190E+02,3.2001716597812900E+01,1.2000147374897000E+02,1.7302571246439400E+02
2.43200E+02,3.2001716598329400E+01,1.2000147480723900E+02,1.7302572667838800E+02
2.43210E+02,3.2001716598843300E+01,1.2000147586550700E+02,1.7302574076573000E+02
2.43220E+02,3.2001716599354400E+01,1.2000147692377600E+02,1.7302575472708700E+02
2.43230E+02,3.2001716599862900E+01,1.2000147798204500E+02,1.7302576856311800E+02
2.43240E+02,3.2001716600368700E+01,1.2000147904031300E+02,1.7302578227448200E+02
2.43250E+02,3.2001716600871800E+01,1.2000148009858200E+02,1.7302579586183300E+02
2.43260E+02,3.2001716601372300E+01,1.2000148115685100E+02,1.7302580932582200E+02
2.43270E+02,3.2001716601870200E+01,1.2000148221512000E+02,1.7302582266709700E+02
2.43280E+02,3.2001716602365400E+01,1.2000148327338800E+02,1.7302583588630200E+02
2.43290E+02,3.2001716602858100E+01,1.2000148433165700E+02,1.7302584898407800E+02
2.43300E+02,3.2001716603348100E+01,1.2000148538992600E+02,1.7302586196106100E+02
2.43310E+02,3.2001716603835600E+01,1.2000148644819400E+02,1.7302587481788700E+02
2.43320E+02,3.2001716604320600E+01,1.2000148750646300E+02,1.7302588755518600E+02
2.43330E+02,3.2001716604803000E+01,1.2000148856473200E+02,1.7302590017358500E+02
2.43340E+02,3.2001716605282800E+01,1.2000148962300100E+02,1.7302591267370800E+02
2.43350E+02,3.2001716605760200E+01,1.2000149068126900E+02,1.7302592505617700E+02
2.43360E+02,3.2001716606235000E+01,1.2000149173953800E+02,1.7302593732160900E+02
2.43370E+02,3.2001716606707300E+01,1.2000149279780700E+02,1.7302594947061800E+02
2.43380E+02,3.2001716607177200E+01,1.2000149385607600E+02,1.7302596150381600E+02
2.43390E+02,3.2001716607644600E+01,1.2000149491434400E+02,1.7302597342180900E+02
2.43400E+02,3.2001716608109500E+01,1.2000149597261300E+02,1.7302598522520400E+02
2.43410E+02,3.2001716608572000E+01,1.2000149703088200E+02,1.7302599691460200E+02
2.43420E+02,3.2001716609032100E+01,1.2000149808915100E+02,1.7302600849060100E+02
2.43430E+02,3.2001716609489800E+01,1.2000149914741900E+02,1.7302601995379600E+02
2.43440E+02,3.2001716609945000E+01,1.2000150020568800E+02,1.7302603130478000E+02
2.43450E+02,3.2001716610397900E+01,1.2000150126395700E+02,1.7302604254414100E+02
2.43460E+02,3.2001716610848400E+01,1.2000150232222600E+02,1.7302605367246500E+02
2.43470E+02,3.2001716611296500E+01,1.2000150338049400E+02,1.7302606469033600E+02
2.43480E+02,3.2001716611742300E+01,1.2000150443876300E+02,1.7302607559833300E+02
2.43490E+02,3.2001716612185700E+01,1.2000150549703200E+02,1.7302608639703300E+02
2.43500E+02,3.2001716612626800E+01,1.2000150655530100E+02,1.7302609708701000E+02
2.43510E+02,3.2001716613065600E+01,1.2000150761357000E+02,1.7302610766883400E+02
2.43520E+02,3.2001716613502100E+01,1.2000150867183800E+02,1.7302611814307300E+02
2.43530E+02,3.2001716613936300E+01,1.2000150973010700E+02,1.7302612851029200E+02
2.43540E+02,3.2001716614368200E+01,1.2000151078837600E+02,1.7302613877105200E+02
2.43550E+02,3.2001716614797900E+01,1.2000151184664500E+02,1.7302614892591300E+02
2.43560E+02,3.2001716615225300E+01,1.2000151290491300E+02,1.7302615897543000E+02
2.43570E+02,3.2001716615650400E+01,1.2000151396318200E+02,1.7302616892015700E+02
2.43580E+02,3.2001716616073300E+01,1.2000151502145100E+02,1.7302617876064300E+02
2.43590E+02,3.2001716616494000E+01,1.2000151607972000E+02,1.7302618849743500E+02
2.43600E+02,3.2001716616912500E+01,1.2000151713798800E+02,1.7302619813107900E+02
2.43610E+02,3.2001716617328800E+01,1.2000151819625700E+02,1.7302620766211500E+02
2.43620E+02,3.2001716617742900E+01,1.2000151925452600E+02,1.7302621709108200E+02
2.43630E+02,3.2001716618154900E+01,1.2000152031279500E+02,1.7302622641851500E+02
2.43640E+02,3.2001716618564600E+01,1.2000152137106400E+02,1.7302623564494800E+02
2.43650E+02,3.2001716618972200E+01,1.2000152242933200E+02,1.7302624477091200E+02
2.43660E+02,3.2001716619377700E+01,1.2000152348760100E+02,1.7302625379693200E+02
2.43670E+02,3.2001716619781100E+01,1.2000152454587000E+02,1.7302626272353500E+02
2.43680E+02,3.2001716620182300E+01,1.2000152560413900E+02,1.7302627155124100E+02
2.43690E+02,3.2001716620581400E+01,1.2000152666240800E+02,1.7302628028057100E+02
2.43700E+02,3.2001716620978500E+01,1.2000152772067600E+02,1.7302628891204000E+02
2.43710E+02,3.2001716621373400E+01,1.2000152877894500E+02,1.7302629744616100E+02
2.43720E+02,3.2001716621766300E+01,1.2000152983721400E+02,1.7302630588344700E+02
2.43730E+02,3.2001716622157100E+01,1.2000153089548300E+02,1.7302631422440600E+02
2.43740E+02,3.2001716622545900E+01,1.2000153195375100E+02,1.7302632246954200E+02
2.43750E+02,3.2001716622932600E+01,1.2000153301202000E+02,1.7302633061936000E+02
2.43760E+02,3.2001716623317300E+01,1.2000153407028900E+02,1.7302633867435900E+02
2.43770E+02,3.2001716623700000E+01,1.2000153512855800E+02,1.7302634663503700E+02
2.43780E+02,3.2001716624080600E+01,1.2000153618682700E+02,1.7302635450188900E+02
2.43790E+02,3.2001716624459300E+01,1.2000153724509500E+02,1.7302636227540800E+02
2.43800E+02,3.2001716624836000E+01,1.2000153830336400E+02,1.7302636995608400E+02
2.43810E+02,3.2001716625210700E+01,1.2000153936163300E+02,1.7302637754440400E+02
2.43820E+02,3.2001716625583400E+01,1.2000154041990200E+02,1.7302638504085300E+02
2.43830E+02,3.2001716625954200E+01,1.2000154147817100E+02,1.7302639244591300E+02
2.43840E+02,3.2001716626323000E+01,1.2000154253643900E+02,1.7302639976006400E+02
2.43850E+02,3.2001716626689900E+01,1.2000154359470800E+02,1.7302640698378300E+02
2.43860E+02,3.2001716627054900E+01,1.2000154465297700E+02,1.7302641411754500E+02
2.43870E+02,3.2001716627417900E+01,1.2000154571124600E+02,1.7302642116182200E+02
2.43880E+02,3.2001716627779100E+01,1.2000154676951500E+02,1.7302642811708300E+02
2.43890E+02,3.2001716628138300E+01,1.2000154782778400E+02,1.7302643498379700E+02
2.43900E+02,3.2001716628495700E+01,1.2000154888605200E+02,1.7302644176242700E+02
2.43910E+02,3.2001716628851200E+01,1.2000154994432100E+02,1.7302644845343700E+02
2.43920E+02,3.2001716629204800E+01,1.2000155100259000E+02,1.7302645505728500E+02
2.43930E+02,3.2001716629556600E+01,1.2000155206085900E+02,1.7302646157443100E+02
2.43940E+02,3.2001716629906500E+01,1.2000155311912800E+02,1.7302646800532800E+02
2.43950E+02,3.2001716630254600E+01,1.2000155417739600E+02,1.7302647435043000E+02
2.43960E+02,3.2001716630600800E+01,1.2000155523566500E+02,1.7302648061018700E+02
2.43970E+02,3.2001716630945300E+01,1.2000155629393400E+02,1.7302648678504600E+02
2.43980E+02,3.2001716631287900E+01,1.2000155735220300E+02,1.7302649287545500E+02
2.43990E+02,3.2001716631628700E+01,1.2000155841047200E+02,1.7302649888185500E+02
2.44000E+02,3.2001716631967800E+01,1.2000155946874100E+02,1.7302650480468800E+02
2.44010E+02,3.2001716632305000E+01,1.2000156052700900E+02,1.7302651064439200E+02
2.44020E+02,3.2001716632640500E+01,1.2000156158527800E+02,1.7302651640140500E+02
2.44030E+02,3.2001716632974300E+01,1.2000156264354700E+02,1.7302652207615900E+02
2.44040E+02,3.2001716633306200E+01,1.2000156370181600E+02,1.7302652766908800E+02
2.44050E+02,3.2001716633636500E+01,1.2000156476008500E+02,1.7302653318061900E+02
2.44060E+02,3.2001716633965000E+01,1.2000156581835300E+02,1.7302653861118100E+02
2.44070E+02,3.2001716634291800E+01,1.2000156687662200E+02,1.7302654396119900E+02
2.44080E+02,3.2001716634616800E+01,1.2000156793489100E+02,1.7302654923109500E+02
2.44090E+02,3.2001716634940200E+01,1.2000156899316000E+02,1.7302655442129000E+02
2.44100E+02,3.2001716635261900E+01,1.2000157005142900E+02,1.7302655953220300E+02
2.44110E+02,3.2001716635581800E+01,1.2000157110969800E+02,1.7302656456424900E+02
2.44120E+02,3.2001716635900100E+01,1.2000157216796600E+02,1.7302656951784300E+02
2.44130E+02,3.2001716636216700E+01,1.2000157322623500E+02,1.7302657439339600E+02
2.44140E+02,3.2001716636531700E+01,1.2000157428450400E+02,1.7302657919131800E+02
2.44150E+02,3.2001716636845000E+01,1.2000157534277300E+02,1.7302658391201700E+02
2.44160E+02,3.2001716637156700E+01,1.2000157640104200E+02,1.7302658855589800E+02
2.44170E+02,3.2001716637466700E+01,1.2000157745931100E+02,1.7302659312336300E+02
2.44180E+02,3.2001716637775100E+01,1.2000157851757900E+02,1.7302659761481500E+02
2.44190E+02,3.2001716638081900E+01,1.2000157957584800E+02,1.7302660203065300E+02
2.44200E+02,3.2001716638387000E+01,1.2000158063411700E+02,1.7302660637127200E+02
2.44210E+02,3.2001716638690600E+01,1.2000158169238600E+02,1.7302661063706900E+02
2.44220E+02,3.2001716638992600E+01,1.2000158275065500E+02,1.7302661482843500E+02
2.44230E+02,3.2001716639293000E+01,1.2000158380892400E+02,1.7302661894576200E+02
2.44240E+02,3.2001716639591800E+01,1.2000158486719200E+02,1.7302662298943900E+02
2.44250E+02,3.2001716639889000E+01,1.2000158592546100E+02,1.7302662695985100E+02
2.44260E+02,3.2001716640184700E+01,1.2000158698373000E+02,1.7302663085738300E+02
2.44270E+02,3.2001716640478800E+01,1.2000158804199900E+02,1.7302663468241800E+02
2.44280E+02,3.2001716640771400E+01,1.2000158910026800E+02,1.7302663843533700E+02
2.44290E+02,3.2001716641062500E+01,1.2000159015853700E+02,1.7302664211651800E+02
2.44300E+02,3.2001716641352000E+01,1.2000159121680500E+02,1.7302664572633800E+02
2.44310E+02,3.2001716641640000E+01,1.2000159227507400E+02,1.7302664926517100E+02
2.44320E+02,3.2001716641926500E+01,1.2000159333334300E+02,1.7302665273339000E+02
2.44330E+02,3.2001716642211500E+01,1.2000159439161200E+02,1.7302665613136500E+02
2.44340E+02,3.2001716642495000E+01,1.2000159544988100E+02,1.7302665945946600E+02
2.44350E+02,3.2001716642777000E+01,1.2000159650815000E+02,1.7302666271805900E+02
2.44360E+02,3.2001716643057500E+01,1.2000159756641900E+02,1.7302666590750800E+02
2.44370E+02,3.2001716643336500E+01,1.2000159862468700E+02,1.7302666902817800E+02
2.44380E+02,3.2001716643614100E+01,1.2000159968295600E+02,1.7302667208042900E+02
2.44390E+02,3.2001716643890200E+01,1.2000160074122500E+02,1.7302667506461900E+02
2.44400E+02,3.2001716644164900E+01,1.2000160179949400E+02,1.7302667798110700E+02
2.44410E+02,3.2001716644438200E+01,1.2000160285776300E+02,1.7302668083024800E+02
2.44420E+02,3.2001716644710000E+01,1.2000160391603200E+02,1.7302668361239500E+02
2.44430E+02,3.2001716644980300E+01,1.2000160497430000E+02,1.7302668632790100E+02
2.44440E+02,3.2001716645249300E+01,1.2000160603256900E+02,1.7302668897711300E+02
2.44450E+02,3.2001716645516800E+01,1.2000160709083800E+02,1.7302669156038200E+02
2.44460E+02,3.2001716645783000E+01,1.2000160814910700E+02,1.7302669407805300E+02
2.44470E+02,3.2001716646047700E+01,1.2000160920737600E+02,1.7302669653047000E+02
2.44480E+02,3.2001716646311100E+01,1.2000161026564500E+02,1.7302669891797500E+02
2.44490E+02,3.2001716646573000E+01,1.2000161132391400E+02,1.7302670124091100E+02
2.44500E+02,3.2001716646833600E+01,1.2000161238218200E+02,1.7302670349961400E+02
2.44510E+02,3.2001716647092900E+01,1.2000161344045100E+02,1.7302670569442400E+02
2.44520E+02,3.2001716647350700E+01,1.2000161449872000E+02,1.7302670782567400E+02
2.44530E+02,3.2001716647607200E+01,1.2000161555698900E+02,1.7302670989370000E+02
2.44540E+02,3.2001716647862400E+01,1.2000161661525800E+02,1.7302671189883100E+02
2.44550E+02,3.2001716648116200E+01,1.2000161767352700E+02,1.7302671384140000E+02
2.44560E+02,3.2001716648368700E+01,1.2000161873179600E+02,1.7302671572173400E+02
2.44570E+02,3.2001716648619900E+01,1.2000161979006400E+02,1.7302671754016000E+02
2.44580E+02,3.2001716648869800E+01,1.2000162084833300E+02,1.7302671929700200E+02
2.44590E+02,3.2001716649118300E+01,1.2000162190660200E+02,1.7302672099258500E+02
2.44600E+02,3.2001716649365500E+01,1.2000162296487100E+02,1.7302672262722900E+02
2.44610E+02,3.2001716649611500E+01,1.2000162402314000E+02,1.7302672420125500E+02
2.44620E+02,3.2001716649856100E+01,1.2000162508140900E+02,1.7302672571498000E+02
2.44630E+02,3.2001716650099500E+01,1.2000162613967800E+02,1.7302672716872200E+02
2.44640E+02,3.2001716650341600E+01,1.2000162719794600E+02,1.7302672856279500E+02
2.44650E+02,3.2001716650582400E+01,1.2000162825621500E+02,1.7302672989751300E+02
2.44660E+02,3.2001716650821900E+01,1.2000162931448400E+02,1.7302673117318600E+02
2.44670E+02,3.2001716651060200E+01,1.2000163037275300E+02,1.7302673239012500E+02
2.44680E+02,3.2001716651297300E+01,1.2000163143102200E+02,1.7302673354863900E+02
2.44690E+02,3.2001716651533100E+01,1.2000163248929100E+02,1.7302673464903300E+02
2.44700E+02,3.2001716651767600E+01,1.2000163354756000E+02,1.7302673569161400E+02
2.44710E+02,3.2001716652001000E+01,1.2000163460582800E+02,1.7302673667668400E+02
2.44720E+02,3.2001716652233000E+01,1.2000163566409700E+02,1.7302673760454500E+02
2.44730E+02,3.2001716652463900E+01,1.2000163672236600E+02,1.7302673847549800E+02
2.44740E+02,3.2001716652693600E+01,1.2000163778063500E+02,1.7302673928984100E+02
2.44750E+02,3.2001716652922100E+01,1.2000163883890400E+02,1.7302674004787200E+02
2.44760E+02,3.2001716653149300E+01,1.2000163989717300E+02,1.7302674074988700E+02
2.44770E+02,3.2001716653375400E+01,1.2000164095544200E+02,1.7302674139617800E+02
2.44780E+02,3.2001716653600300E+01,1.2000164201371000E+02,1.7302674198703900E+02
2.44790E+02,3.2001716653824000E+01,1.2000164307197900E+02,1.7302674252276100E+02
2.44800E+02,3.2001716654046500E+01,1.2000164413024800E+02,1.7302674300363300E+02
2.44810E+02,3.2001716654267900E+01,1.2000164518851700E+02,1.7302674342994300E+02
2.44820E+02,3.2001716654488100E+01,1.2000164624678600E+02,1.7302674380197700E+02
2.44830E+02,3.2001716654707200E+01,1.2000164730505500E+02,1.7302674412002100E+02
2.44840E+02,3.2001716654925100E+01,1.2000164836332400E+02,1.7302674438435700E+02
2.44850E+02,3.2001716655141800E+01,1.2000164942159300E+02,1.7302674459526900E+02
2.44860E+02,3.2001716655357400E+01,1.2000165047986100E+02,1.7302674475303500E+02
2.44870E+02,3.2001716655571900E+01,1.2000165153813000E+02,1.7302674485793600E+02
2.44880E+02,3.2001716655785300E+01,1.2000165259639900E+02,1.7302674491024800E+02
2.44890E+02,3.2001716655997500E+01,1.2000165365466800E+02,1.7302674491024800E+02
2.44900E+02,3.2001716656208600E+01,1.2000165471293700E+02,1.7302674485821000E+02
2.44910E+02,3.2001716656418700E+01,1.2000165577120600E+02,1.7302674475440800E+02
2.44920E+02,3.2001716656627600E+01,1.2000165682947500E+02,1.7302674459911300E+02
2.44930E+02,3.2001716656835400E+01,1.2000165788774300E+02,1.7302674439259600E+02
2.44940E+02,3.2001716657042100E+01,1.2000165894601200E+02,1.7302674413512500E+02
2.44950E+02,3.2001716657247700E+01,1.2000166000428100E+02,1.7302674382696700E+02
2.44960E+02,3.2001716657452300E+01,1.2000166106255000E+02,1.7302674346839000E+02
2.44970E+02,3.2001716657655800E+01,1.2000166212081900E+02,1.7302674305965700E+02
2.44980E+02,3.2001716657858200E+01,1.2000166317908800E+02,1.7302674260103200E+02
2.44990E+02,3.2001716658059600E+01,1.2000166423735700E+02,1.7302674209277700E+02
2.45000E+02,3.2001716658259900E+01,1.2000166529562600E+02,1.7302674153515200E+02
2.45010E+02,3.2001716658459100E+01,1.2000166635389400E+02,1.7302674092841700E+02
2.45020E+02,3.2001716658657300E+01,1.2000166741216300E+02,1.7302674027282800E+02
2.45030E+02,3.2001716658854500E+01,1.2000166847043200E+02,1.7302673956864400E+02
2.45040E+02,3.2001716659050600E+01,1.2000166952870100E+02,1.7302673881611800E+02
2.45050E+02,3.2001716659245700E+01,1.2000167058697000E+02,1.7302673801550500E+02
2.45060E+02,3.2001716659439800E+01,1.2000167164523900E+02,1.7302673716705700E+02
2.45070E+02,3.2001716659632800E+01,1.2000167270350800E+02,1.7302673627102500E+02
2.45080E+02,3.2001716659824900E+01,1.2000167376177700E+02,1.7302673532765900E+02
2.45090E+02,3.2001716660015900E+01,1.2000167482004500E+02,1.7302673433720700E+02
2.45100E+02,3.2001716660205900E+01,1.2000167587831400E+02,1.7302673329991600E+02
2.45110E+02,3.2001716660395000E+01,1.2000167693658300E+02,1.7302673221603300E+02
2.45120E+02,3.2001716660583000E+01,1.2000167799485200E+02,1.7302673108580200E+02
2.45130E+02,3.2001716660770100E+01,1.2000167905312100E+02,1.7302672990946600E+02
2.45140E+02,3.2001716660956100E+01,1.2000168011139000E+02,1.7302672868726700E+02
2.45150E+02,3.2001716661141200E+01,1.2000168116965900E+02,1.7302672741944700E+02
2.45160E+02,3.2001716661325300E+01,1.2000168222792800E+02,1.7302672610624300E+02
2.45170E+02,3.2001716661508500E+01,1.2000168328619600E+02,1.7302672474789600E+02
2.45180E+02,3.2001716661690700E+01,1.2000168434446500E+02,1.7302672334464100E+02
2.45190E+02,3.2001716661871900E+01,1.2000168540273400E+02,1.7302672189671500E+02
2.45200E+02,3.2001716662052200E+01,1.2000168646100300E+02,1.7302672040435100E+02
2.45210E+02,3.2001716662231600E+01,1.2000168751927200E+02,1.7302671886778400E+02
2.45220E+02,3.2001716662410000E+01,1.2000168857754100E+02,1.7302671728724500E+02
2.45230E+02,3.2001716662587400E+01,1.2000168963581000E+02,1.7302671566296500E+02
2.45240E+02,3.2001716662764000E+01,1.2000169069407900E+02,1.7302671399517400E+02
2.45250E+02,3.2001716662939600E+01,1.2000169175234700E+02,1.7302671228409900E+02
2.45260E+02,3.2001716663114300E+01,1.2000169281061600E+02,1.7302671052996900E+02
2.45270E+02,3.2001716663288000E+01,1.2000169386888500E+02,1.7302670873300900E+02
2.45280E+02,3.2001716663460900E+01,1.2000169492715400E+02,1.7302670689344500E+02
2.45290E+02,3.2001716663632800E+01,1.2000169598542300E+02,1.7302670501149900E+02
2.45300E+02,3.2001716663803900E+01,1.2000169704369200E+02,1.7302670308739400E+02
2.45310E+02,3.2001716663974000E+01,1.2000169810196100E+02,1.7302670112135200E+02
2.45320E+02,3.2001716664143300E+01,1.2000169916023000E+02,1.7302669911359200E+02
2.45330E+02,3.2001716664311600E+01,1.2000170021849800E+02,1.7302669706433400E+02
2.45340E+02,3.2001716664479100E+01,1.2000170127676700E+02,1.7302669497379600E+02
2.45350E+02,3.2001716664645700E+01,1.2000170233503600E+02,1.7302669284219400E+02
2.45360E+02,3.2001716664811400E+01,1.2000170339330500E+02,1.7302669066974300E+02
2.45370E+02,3.2001716664976300E+01,1.2000170445157400E+02,1.7302668845665900E+02
2.45380E+02,3.2001716665140300E+01,1.2000170550984300E+02,1.7302668620315400E+02
2.45390E+02,3.2001716665303400E+01,1.2000170656811200E+02,1.7302668390944100E+02
2.45400E+02,3.2001716665465700E+01,1.2000170762638100E+02,1.7302668157573000E+02
2.45410E+02,3.2001716665627100E+01,1.2000170868465000E+02,1.7302667920223200E+02
2.45420E+02,3.2001716665787700E+01,1.2000170974291800E+02,1.7302667678915600E+02
2.45430E+02,3.2001716665947400E+01,1.2000171080118700E+02,1.7302667433670900E+02
2.45440E+02,3.2001716666106300E+01,1.2000171185945600E+02,1.7302667184509800E+02
2.45450E+02,3.2001716666264400E+01,1.2000171291772500E+02,1.7302666931452800E+02
2.45460E+02,3.2001716666421600E+01,1.2000171397599400E+02,1.7302666674520500E+02
2.45470E+02,3.2001716666578000E+01,1.2000171503426300E+02,1.7302666413733000E+02
2.45480E+02,3.2001716666733600E+01,1.2000171609253200E+02,1.7302666149110800E+02
2.45490E+02,3.2001716666888400E+01,1.2000171715080100E+02,1.7302665880673900E+02
2.45500E+02,3.2001716667042300E+01,1.2000171820906900E+02,1.7302665608442300E+02
2.45510E+02,3.2001716667195500E+01,1.2000171926733800E+02,1.7302665332436000E+02
2.45520E+02,3.2001716667347800E+01,1.2000172032560700E+02,1.7302665052674800E+02
2.45530E+02,3.2001716667499300E+01,1.2000172138387600E+02,1.7302664769178300E+02
2.45540E+02,3.2001716667650100E+01,1.2000172244214500E+02,1.7302664481966200E+02
2.45550E+02,3.2001716667800000E+01,1.2000172350041400E+02,1.7302664191058100E+02
2.45560E+02,3.2001716667949200E+01,1.2000172455868300E+02,1.7302663896473200E+02
2.45570E+02,3.2001716668097600E+01,1.2000172561695200E+02,1.7302663598230900E+02
2.45580E+02,3.2001716668245200E+01,1.2000172667522000E+02,1.7302663296350400E+02
2.45590E+02,3.2001716668392000E+01,1.2000172773348900E+02,1.7302662990850800E+02
2.45600E+02,3.2001716668538100E+01,1.2000172879175800E+02,1.7302662681751100E+02
2.45610E+02,3.2001716668683400E+01,1.2000172985002700E+02,1.7302662369070200E+02
2.45620E+02,3.2001716668827900E+01,1.2000173090829600E+02,1.7302662052826900E+02
2.45630E+02,3.2001716668971700E+01,1.2000173196656500E+02,1.7302661733039800E+02
2.45640E+02,3.2001716669114700E+01,1.2000173302483400E+02,1.7302661409727700E+02
2.45650E+02,3.2001716669257000E+01,1.2000173408310300E+02,1.7302661082908900E+02
2.45660E+02,3.2001716669398500E+01,1.2000173514137200E+02,1.7302660752602000E+02
2.45670E+02,3.2001716669539300E+01,1.2000173619964000E+02,1.7302660418825200E+02
2.45680E+02,3.2001716669679300E+01,1.2000173725790900E+02,1.7302660081596600E+02
2.45690E+02,3.2001716669818600E+01,1.2000173831617800E+02,1.7302659740934600E+02
2.45700E+02,3.2001716669957200E+01,1.2000173937444700E+02,1.7302659396857000E+02
2.45710E+02,3.2001716670095000E+01,1.2000174043271600E+02,1.7302659049381800E+02
2.45720E+02,3.2001716670232200E+01,1.2000174149098500E+02,1.7302658698526800E+02
2.45730E+02,3.2001716670368600E+01,1.2000174254925400E+02,1.7302658344309800E+02
2.45740E+02,3.2001716670504300E+01,1.2000174360752300E+02,1.7302657986748500E+02
2.45750E+02,3.2001716670639200E+01,1.2000174466579200E+02,1.7302657625860300E+02
2.45760E+02,3.2001716670773500E+01,1.2000174572406000E+02,1.7302657261662800E+02
2.45770E+02,3.2001716670907100E+01,1.2000174678232900E+02,1.7302656894173200E+02
2.45780E+02,3.2001716671039900E+01,1.2000174784059800E+02,1.7302656523409000E+02
2.45790E+02,3.2001716671172100E+01,1.2000174889886700E+02,1.7302656149387300E+02
2.45800E+02,3.2001716671303500E+01,1.2000174995713600E+02,1.7302655772125100E+02
2.45810E+02,3.2001716671434300E+01,1.2000175101540500E+02,1.7302655391639500E+02
2.45820E+02,3.2001716671564400E+01,1.2000175207367400E+02,1.7302655007947500E+02
2.45830E+02,3.2001716671693800E+01,1.2000175313194300E+02,1.7302654621065800E+02
2.45840E+02,3.2001716671822500E+01,1.2000175419021100E+02,1.7302654231011200E+02
2.45850E+02,3.2001716671950600E+01,1.2000175524848000E+02,1.7302653837800300E+02
2.45860E+02,3.2001716672078000E+01,1.2000175630674900E+02,1.7302653441449800E+02
2.45870E+02,3.2001716672204700E+01,1.2000175736501800E+02,1.7302653041976000E+02
2.45880E+02,3.2001716672330700E+01,1.2000175842328700E+02,1.7302652639395400E+02
2.45890E+02,3.2001716672456100E+01,1.2000175948155600E+02,1.7302652233724400E+02
2.45900E+02,3.2001716672580900E+01,1.2000176053982500E+02,1.7302651824979000E+02
2.45910E+02,3.2001716672704900E+01,1.2000176159809400E+02,1.7302651413175500E+02
2.45920E+02,3.2001716672828400E+01,1.2000176265636300E+02,1.7302650998330000E+02
2.45930E+02,3.2001716672951100E+01,1.2000176371463100E+02,1.7302650580458300E+02
2.45940E+02,3.2001716673073300E+01,1.2000176477290000E+02,1.7302650159576400E+02
2.45950E+02,3.2001716673194700E+01,1.2000176583116900E+02,1.7302649735700000E+02
2.45960E+02,3.2001716673315600E+01,1.2000176688943800E+02,1.7302649308844900E+02
2.45970E+02,3.2001716673435800E+01,1.2000176794770700E+02,1.7302648879026800E+02
2.45980E+02,3.2001716673555400E+01,1.2000176900597600E+02,1.7302648446261100E+02
2.45990E+02,3.2001716673674400E+01,1.2000177006424500E+02,1.7302648010563400E+02
2.46000E+02,3.2001716673792700E+01,1.2000177112251400E+02,1.7302647571949000E+02
2.46010E+02,3.2001716673910400E+01,1.2000177218078300E+02,1.7302647130433300E+02
2.46020E+02,3.2001716674027500E+01,1.2000177323905100E+02,1.7302646686031500E+02
2.46030E+02,3.2001716674144000E+01,1.2000177429732000E+02,1.7302646238758700E+02
2.46040E+02,3.2001716674259800E+01,1.2000177535558900E+02,1.7302645788630000E+02
2.46050E+02,3.2001716674375100E+01,1.2000177641385800E+02,1.7302645335660300E+02
2.46060E+02,3.2001716674489700E+01,1.2000177747212700E+02,1.7302644879864700E+02
2.46070E+02,3.2001716674603800E+01,1.2000177853039600E+02,1.7302644421258000E+02
2.46080E+02,3.2001716674717300E+01,1.2000177958866500E+02,1.7302643959854800E+02
2.46090E+02,3.2001716674830100E+01,1.2000178064693400E+02,1.7302643495669900E+02
2.46100E+02,3.2001716674942400E+01,1.2000178170520300E+02,1.7302643028717900E+02
2.46110E+02,3.2001716675054100E+01,1.2000178276347100E+02,1.7302642559013300E+02
2.46120E+02,3.2001716675165100E+01,1.2000178382174000E+02,1.7302642086570500E+02
2.46130E+02,3.2001716675275700E+01,1.2000178488000900E+02,1.7302641611404000E+02
2.46140E+02,3.2001716675385600E+01,1.2000178593827800E+02,1.7302641133528000E+02
2.46150E+02,3.2001716675494900E+01,1.2000178699654700E+02,1.7302640652956700E+02
2.46160E+02,3.2001716675603700E+01,1.2000178805481600E+02,1.7302640169704400E+02
2.46170E+02,3.2001716675711900E+01,1.2000178911308500E+02,1.7302639683785000E+02
2.46180E+02,3.2001716675819600E+01,1.2000179017135400E+02,1.7302639195212600E+02
2.46190E+02,3.2001716675926600E+01,1.2000179122962300E+02,1.7302638704001000E+02
2.46200E+02,3.2001716676033100E+01,1.2000179228789100E+02,1.7302638210164300E+02
2.46210E+02,3.2001716676139100E+01,1.2000179334616000E+02,1.7302637713716000E+02
2.46220E+02,3.2001716676244500E+01,1.2000179440442900E+02,1.7302637214670000E+02
2.46230E+02,3.2001716676349300E+01,1.2000179546269800E+02,1.7302636713039900E+02
2.46240E+02,3.2001716676453600E+01,1.2000179652096700E+02,1.7302636208839200E+02
2.46250E+02,3.2001716676557400E+01,1.2000179757923600E+02,1.7302635702081400E+02
2.46260E+02,3.2001716676660500E+01,1.2000179863750500E+02,1.7302635192780000E+02
2.46270E+02,3.2001716676763200E+01,1.2000179969577400E+02,1.7302634680948300E+02
2.46280E+02,3.2001716676865300E+01,1.2000180075404300E+02,1.7302634166599700E+02
2.46290E+02,3.2001716676966900E+01,1.2000180181231100E+02,1.7302633649747200E+02
2.46300E+02,3.2001716677068000E+01,1.2000180287058000E+02,1.7302633130404000E+02
2.46310E+02,3.2001716677168500E+01,1.2000180392884900E+02,1.7302632608583300E+02
2.46320E+02,3.2001716677268500E+01,1.2000180498711800E+02,1.7302632084298000E+02
2.46330E+02,3.2001716677367900E+01,1.2000180604538700E+02,1.7302631557561100E+02
2.46340E+02,3.2001716677466900E+01,1.2000180710365600E+02,1.7302631028385400E+02
2.46350E+02,3.2001716677565300E+01,1.2000180816192500E+02,1.7302630496783700E+02
2.46360E+02,3.2001716677663200E+01,1.2000180922019400E+02,1.7302629962768800E+02
2.46370E+02,3.2001716677760600E+01,1.2000181027846300E+02,1.7302629426353300E+02
2.46380E+02,3.2001716677857500E+01,1.2000181133673100E+02,1.7302628887549900E+02
2.46390E+02,3.2001716677953900E+01,1.2000181239500000E+02,1.7302628346371100E+02
2.46400E+02,3.2001716678049700E+01,1.2000181345326900E+02,1.7302627802829300E+02
2.46410E+02,3.2001716678145100E+01,1.2000181451153800E+02,1.7302627256936900E+02
2.46420E+02,3.2001716678240000E+01,1.2000181556980700E+02,1.7302626708706400E+02
2.46430E+02,3.2001716678334300E+01,1.2000181662807600E+02,1.7302626158149900E+02
2.46440E+02,3.2001716678428200E+01,1.2000181768634500E+02,1.7302625605279600E+02
2.46450E+02,3.2001716678521600E+01,1.2000181874461400E+02,1.7302625050107800E+02
2.46460E+02,3.2001716678614500E+01,1.2000181980288300E+02,1.7302624492646500E+02
2.46470E+02,3.2001716678706900E+01,1.2000182086115100E+02,1.7302623932907700E+02
2.46480E+02,3.2001716678798800E+01,1.2000182191942000E+02,1.7302623370903300E+02
2.46490E+02,3.2001716678890200E+01,1.2000182297768900E+02,1.7302622806645400E+02
2.46500E+02,3.2001716678981200E+01,1.2000182403595800E+02,1.7302622240145600E+02
2.46510E+02,3.2001716679071600E+01,1.2000182509422700E+02,1.7302621671415800E+02
2.46520E+02,3.2001716679161600E+01,1.2000182615249600E+02,1.7302621100467600E+02
2.46530E+02,3.2001716679251200E+01,1.2000182721076500E+02,1.7302620527312800E+02
2.46540E+02,3.2001716679340200E+01,1.2000182826903400E+02,1.7302619951962800E+02
2.46550E+02,3.2001716679428800E+01,1.2000182932730300E+02,1.7302619374429300E+02
2.46560E+02,3.2001716679516900E+01,1.2000183038557100E+02,1.7302618794723700E+02
2.46570E+02,3.2001716679604600E+01,1.2000183144384000E+02,1.7302618212857300E+02
2.46580E+02,3.2001716679691800E+01,1.2000183250210900E+02,1.7302617628841600E+02
2.46590E+02,3.2001716679778600E+01,1.2000183356037800E+02,1.7302617042687700E+02
2.46600E+02,3.2001716679864800E+01,1.2000183461864700E+02,1.7302616454407000E+02
2.46610E+02,3.2001716679950700E+01,1.2000183567691600E+02,1.7302615864010600E+02
2.46620E+02,3.2001716680036100E+01,1.2000183673518500E+02,1.7302615271509600E+02
2.46630E+02,3.2001716680121000E+01,1.2000183779345400E+02,1.7302614676915100E+02
2.46640E+02,3.2001716680205500E+01,1.2000183885172300E+02,1.7302614080237900E+02
2.46650E+02,3.2001716680289600E+01,1.2000183990999200E+02,1.7302613481489200E+02
2.46660E+02,3.2001716680373200E+01,1.2000184096826000E+02,1.7302612880679700E+02
2.46670E+02,3.2001716680456300E+01,1.2000184202652900E+02,1.7302612277820300E+02
2.46680E+02,3.2001716680539100E+01,1.2000184308479800E+02,1.7302611672921700E+02
2.46690E+02,3.2001716680621400E+01,1.2000184414306700E+02,1.7302611065994600E+02
2.46700E+02,3.2001716680703700E+01,1.2000184520133600E+02,1.7302610459067500E+02
2.46710E+02,3.2001716680786000E+01,1.2000184625960500E+02,1.7302609852140400E+02
2.46720E+02,3.2001716680868300E+01,1.2000184731787400E+02,1.7302609245213300E+02
2.46730E+02,3.2001716680950600E+01,1.2000184837614300E+02,1.7302608638286200E+02
2.46740E+02,3.2001716681032800E+01,1.2000184943441200E+02,1.7302608031359200E+02
2.46750E+02,3.2001716681115100E+01,1.2000185049268000E+02,1.7302607424432100E+02
2.46760E+02,3.2001716681197400E+01,1.2000185155094900E+02,1.7302606817505000E+02
2.46770E+02,3.2001716681279700E+01,1.2000185260921800E+02,1.7302606210577900E+02
2.46780E+02,3.2001716681362000E+01,1.2000185366748700E+02,1.7302605603650800E+02
2.46790E+02,3.2001716681444300E+01,1.2000185472575600E+02,1.7302604996723800E+02
2.46800E+02,3.2001716681526600E+01,1.2000185578402500E+02,1.7302604389796700E+02
2.46810E+02,3.2001716681608900E+01,1.2000185684229400E+02,1.7302603782869600E+02
2.46820E+02,3.2001716681691200E+01,1.2000185790056300E+02,1.7302603175942500E+02
2.46830E+02,3.2001716681773500E+01,1.2000185895883200E+02,1.7302602569015400E+02
2.46840E+02,3.2001716681855800E+01,1.2000186001710000E+02,1.7302601962088300E+02
2.46850E+02,3.2001716681938100E+01,1.2000186107536900E+02,1.7302601355161300E+02
2.46860E+02,3.2001716682020400E+01,1.2000186213363800E+02,1.7302600748234200E+02
2.46870E+02,3.2001716682102700E+01,1.2000186319190700E+02,1.7302600141307100E+02
2.46880E+02,3.2001716682185000E+01,1.2000186425017600E+02,1.7302599534380000E+02
2.46890E+02,3.2001716682267300E+01,1.2000186530844500E+02,1.7302598927452900E+02
2.46900E+02,3.2001716682349600E+01,1.2000186636671400E+02,1.7302598320525800E+02
2.46910E+02,3.2001716682431900E+01,1.2000186742498300E+02,1.7302597713598800E+02
2.46920E+02,3.2001716682514200E+01,1.2000186848325200E+02,1.7302597106671700E+02
2.46930E+02,3.2001716682596500E+01,1.2000186954152000E+02,1.7302596499744600E+02
2.46940E+02,3.2001716682678800E+01,1.2000187059978900E+02,1.7302595892817500E+02
2.46950E+02,3.2001716682761100E+01,1.2000187165805800E+02,1.7302595285890400E+02
2.46960E+02,3.2001716682843400E+01,1.2000187271632700E+02,1.7302594678963400E+02
2.46970E+02,3.2001716682925700E+01,1.2000187377459600E+02,1.7302594072036300E+02
2.46980E+02,3.2001716683008000E+01,1.2000187483286500E+02,1.7302593465109200E+02
2.46990E+02,3.2001716683090300E+01,1.2000187589113400E+02,1.7302592858182100E+02
2.47000E+02,3.2001716683172600E+01,1.2000187694940300E+02,1.7302592251255000E+02
2.47010E+02,3.2001716683254900E+01,1.2000187800767200E+02,1.7302591644327900E+02
2.47020E+02,3.2001716683337200E+01,1.2000187906594000E+02,1.7302591037400900E+02
2.47030E+02,3.2001716683419500E+01,1.2000188012420900E+02,1.7302590430473800E+02
2.47040E+02,3.2001716683501800E+01,1.2000188118247800E+02,1.7302589823546700E+02
2.47050E+02,3.2001716683584100E+01,1.2000188224074700E+02,1.7302589216619600E+02
2.47060E+02,3.2001716683666400E+01,1.2000188329901600E+02,1.7302588609692500E+02
2.47070E+02,3.2001716683748700E+01,1.2000188435728500E+02,1.7302588002765400E+02
2.47080E+02,3.2001716683831000E+01,1.2000188541555400E+02,1.7302587395838400E+02
2.47090E+02,3.2001716683913300E+01,1.2000188647382300E+02,1.7302586788911300E+02
2.47100E+02,3.2001716683995600E+01,1.2000188753209200E+02,1.7302586181984200E+02
2.47110E+02,3.2001716684077900E+01,1.2000188859036100E+02,1.7302585575057100E+02
2.47120E+02,3.2001716684160200E+01,1.2000188964862900E+02,1.7302584968130000E+02
2.47130E+02,3.2001716684242500E+01,1.2000189070689800E+02,1.7302584361203000E+02
2.47140E+02,3.2001716684324800E+01,1.2000189176516700E+02,1.7302583754275900E+02
2.47150E+02,3.2001716684407100E+01,1.2000189282343600E+02,1.7302583147348800E+02
2.47160E+02,3.2001716684489400E+01,1.2000189388170500E+02,1.7302582540421700E+02
2.47170E+02,3.2001716684571700E+01,1.2000189493997400E+02,1.7302581933494600E+02
2.47180E+02,3.2001716684654000E+01,1.2000189599824300E+02,1.7302581326567500E+02
2.47190E+02,3.2001716684736200E+01,1.2000189705651200E+02,1.7302580719640500E+02
2.47200E+02,3.2001716684818500E+01,1.2000189811478100E+02,1.7302580112713400E+02
2.47210E+02,3.2001716684900800E+01,1.2000189917304900E+02,1.7302579505786300E+02
2.47220E+02,3.2001716684983100E+01,1.2000190023131800E+02,1.7302578898859200E+02
2.47230E+02,3.2001716685065400E+01,1.2000190128958700E+02,1.7302578291932100E+02
2.47240E+02,3.2001716685147700E+01,1.2000190234785600E+02,1.7302577685005000E+02
2.47250E+02,3.2001716685230000E+01,1.2000190340612500E+02,1.7302577078078000E+02
2.47260E+02,3.2001716685312300E+01,1.2000190446439400E+02,1.7302576471150900E+02
2.47270E+02,3.2001716685394600E+01,1.2000190552266300E+02,1.7302575864223800E+02
2.47280E+02,3.2001716685476900E+01,1.2000190658093200E+02,1.7302575257296700E+02
2.47290E+02,3.2001716685559200E+01,1.2000190763920100E+02,1.7302574650369600E+02
2.47300E+02,3.2001716685641500E+01,1.2000190869746900E+02,1.7302574043442500E+02
2.47310E+02,3.2001716685723800E+01,1.2000190975573800E+02,1.7302573436515500E+02
2.47320E+02,3.2001716685806100E+01,1.2000191081400700E+02,1.7302572829588400E+02
2.47330E+02,3.2001716685888400E+01,1.2000191187227600E+02,1.7302572222661300E+02
2.47340E+02,3.2001716685970700E+01,1.2000191293054500E+02,1.7302571615734200E+02
2.47350E+02,3.2001716686053000E+01,1.2000191398881400E+02,1.7302571008807100E+02
2.47360E+02,3.2001716686135300E+01,1.2000191504708300E+02,1.7302570401880100E+02
2.47370E+02,3.2001716686217600E+01,1.2000191610535200E+02,1.7302569794953000E+02
2.47380E+02,3.2001716686299900E+01,1.2000191716362100E+02,1.7302569188025900E+02
2.47390E+02,3.2001716686382200E+01,1.2000191822188900E+02,1.7302568581098800E+02
2.47400E+02,3.2001716686464500E+01,1.2000191928015800E+02,1.7302567974171700E+02
2.47410E+02,3.2001716686546800E+01,1.2000192033842700E+02,1.7302567367244600E+02
2.47420E+02,3.2001716686629100E+01,1.2000192139669600E+02,1.7302566760317600E+02
2.47430E+02,3.2001716686711400E+01,1.2000192245496500E+02,1.7302566153390500E+02
2.47440E+02,3.2001716686793700E+01,1.2000192351323400E+02,1.7302565546463400E+02
2.47450E+02,3.2001716686876000E+01,1.2000192457150300E+02,1.7302564939536300E+02
2.47460E+02,3.2001716686958300E+01,1.2000192562977200E+02,1.7302564332609200E+02
2.47470E+02,3.2001716687040600E+01,1.2000192668804100E+02,1.7302563725682100E+02
2.47480E+02,3.2001716687122900E+01,1.2000192774630900E+02,1.7302563118755100E+02
2.47490E+02,3.2001716687205200E+01,1.2000192880457800E+02,1.7302562511828000E+02
2.47500E+02,3.2001716687287500E+01,1.2000192986284700E+02,1.7302561904900900E+02
2.47510E+02,3.2001716687369800E+01,1.2000193092111600E+02,1.7302561297973800E+02
2.47520E+02,3.2001716687452100E+01,1.2000193197938500E+02,1.7302560691046700E+02
2.47530E+02,3.2001716687534400E+01,1.2000193303765400E+02,1.7302560084119700E+02
2.47540E+02,3.2001716687616700E+01,1.2000193409592300E+02,1.7302559477192600E+02
2.47550E+02,3.2001716687699000E+01,1.2000193515419200E+02,1.7302558870265500E+02
2.47560E+02,3.2001716687781300E+01,1.2000193621246100E+02,1.7302558263338400E+02
2.47570E+02,3.2001716687863600E+01,1.2000193727073000E+02,1.7302557656411300E+02
2.47580E+02,3.2001716687945900E+01,1.2000193832899800E+02,1.7302557049484200E+02
2.47590E+02,3.2001716688028200E+01,1.2000193938726700E+02,1.7302556442557200E+02
2.47600E+02,3.2001716688110500E+01,1.2000194044553600E+02,1.7302555835630100E+02
2.47610E+02,3.2001716688192800E+01,1.2000194150380500E+02,1.7302555228703000E+02
2.47620E+02,3.2001716688275100E+01,1.2000194256207400E+02,1.7302554621775900E+02
2.47630E+02,3.2001716688357400E+01,1.2000194362034300E+02,1.7302554014848800E+02
2.47640E+02,3.2001716688439700E+01,1.2000194467861200E+02,1.7302553407921700E+02
2.47650E+02,3.2001716688521900E+01,1.2000194573688100E+02,1.7302552800994700E+02
2.47660E+02,3.2001716688604200E+01,1.2000194679515000E+02,1.7302552194067600E+02
2.47670E+02,3.2001716688686500E+01,1.2000194785341800E+02,1.7302551587140500E+02
2.47680E+02,3.2001716688768800E+01,1.2000194891168700E+02,1.7302550980213400E+02
2.47690E+02,3.2001716688851100E+01,1.2000194996995600E+02,1.7302550373286300E+02
2.47700E+02,3.2001716688933400E+01,1.2000195102822500E+02,1.7302549766359300E+02
2.47710E+02,3.2001716689015700E+01,1.2000195208649400E+02,1.7302549159432200E+02
2.47720E+02,3.2001716689098000E+01,1.2000195314476300E+02,1.7302548552505100E+02
2.47730E+02,3.2001716689180300E+01,1.2000195420303200E+02,1.7302547945578000E+02
2.47740E+02,3.2001716689262600E+01,1.2000195526130100E+02,1.7302547338650900E+02
2.47750E+02,3.2001716689344900E+01,1.2000195631957000E+02,1.7302546731723800E+02
2.47760E+02,3.2001716689427200E+01,1.2000195737783800E+02,1.7302546124796800E+02
2.47770E+02,3.2001716689509500E+01,1.2000195843610700E+02,1.7302545517869700E+02
2.47780E+02,3.2001716689591800E+01,1.2000195949437600E+02,1.7302544910942600E+02
2.47790E+02,3.2001716689674100E+01,1.2000196055264500E+02,1.7302544304015500E+02
2.47800E+02,3.2001716689756400E+01,1.2000196161091400E+02,1.7302543697088400E+02
2.47810E+02,3.2001716689838700E+01,1.2000196266918300E+02,1.7302543090161300E+02
2.47820E+02,3.2001716689921000E+01,1.2000196372745200E+02,1.7302542483234300E+02
2.47830E+02,3.2001716690003300E+01,1.2000196478572100E+02,1.7302541876307200E+02
2.47840E+02,3.2001716690085600E+01,1.2000196584399000E+02,1.7302541269380100E+02
2.47850E+02,3.2001716690167900E+01,1.2000196690225800E+02,1.7302540662453000E+02
2.47860E+02,3.2001716690250200E+01,1.2000196796052700E+02,1.7302540055525900E+02
2.47870E+02,3.2001716690332500E+01,1.2000196901879600E+02,1.7302539448598800E+02
2.47880E+02,3.2001716690414800E+01,1.2000197007706500E+02,1.7302538841671800E+02
2.47890E+02,3.2001716690497100E+01,1.2000197113533400E+02,1.7302538234744700E+02
2.47900E+02,3.2001716690579400E+01,1.2000197219360300E+02,1.7302537627817600E+02
2.47910E+02,3.2001716690661700E+01,1.2000197325187200E+02,1.7302537020890500E+02
2.47920E+02,3.2001716690744000E+01,1.2000197431014100E+02,1.7302536413963400E+02
2.47930E+02,3.2001716690826300E+01,1.2000197536841000E+02,1.7302535807036400E+02
2.47940E+02,3.2001716690908600E+01,1.2000197642667900E+02,1.7302535200109300E+02
2.47950E+02,3.2001716690990900E+01,1.2000197748494700E+02,1.7302534593182200E+02
2.47960E+02,3.2001716691073200E+01,1.2000197854321600E+02,1.7302533986255100E+02
2.47970E+02,3.2001716691155500E+01,1.2000197960148500E+02,1.7302533379328000E+02
2.47980E+02,3.2001716691237800E+01,1.2000198065975400E+02,1.7302532772400900E+02
2.47990E+02,3.2001716691320100E+01,1.2000198171802300E+02,1.7302532165473900E+02
2.48000E+02,3.2001716691402400E+01,1.2000198277629200E+02,1.7302531558546800E+02
2.48010E+02,3.2001716691484700E+01,1.2000198383456100E+02,1.7302530951619700E+02
2.48020E+02,3.2001716691567000E+01,1.2000198489283000E+02,1.7302530344692600E+02
2.48030E+02,3.2001716691649300E+01,1.2000198595109900E+02,1.7302529737765500E+02
2.48040E+02,3.2001716691731600E+01,1.2000198700936700E+02,1.7302529130838400E+02
2.48050E+02,3.2001716691813900E+01,1.2000198806763600E+02,1.7302528523911400E+02
2.48060E+02,3.2001716691896200E+01,1.2000198912590500E+02,1.7302527916984300E+02
2.48070E+02,3.2001716691978500E+01,1.2000199018417400E+02,1.7302527310057200E+02
2.48080E+02,3.2001716692060800E+01,1.2000199124244300E+02,1.7302526703130100E+02
2.48090E+02,3.2001716692143100E+01,1.2000199230071200E+02,1.7302526096203000E+02
2.48100E+02,3.2001716692225400E+01,1.2000199335898100E+02,1.7302525489276000E+02
2.48110E+02,3.2001716692307700E+01,1.2000199441725000E+02,1.7302524882348900E+02
2.48120E+02,3.2001716692389900E+01,1.2000199547551900E+02,1.7302524275421800E+02
2.48130E+02,3.2001716692472300E+01,1.2000199653378700E+02,1.7302523668494700E+02
2.48140E+02,3.2001716692554500E+01,1.2000199759205600E+02,1.7302523061567600E+02
2.48150E+02,3.2001716692636800E+01,1.2000199865032500E+02,1.7302522454640500E+02
2.48160E+02,3.2001716692719100E+01,1.2000199970859400E+02,1.7302521847713500E+02
2.48170E+02,3.2001716692801400E+01,1.2000200076686300E+02,1.7302521240786400E+02
2.48180E+02,3.2001716692883700E+01,1.2000200182513200E+02,1.7302520633859300E+02
2.48190E+02,3.2001716692966000E+01,1.2000200288340100E+02,1.7302520026932200E+02
2.48200E+02,3.2001716693048300E+01,1.2000200394167000E+02,1.7302519420005100E+02
2.48210E+02,3.2001716693130600E+01,1.2000200499993900E+02,1.7302518813078000E+02
2.48220E+02,3.2001716693212900E+01,1.2000200605820700E+02,1.7302518206151000E+02
2.48230E+02,3.2001716693295200E+01,1.2000200711647600E+02,1.7302517599223900E+02
2.48240E+02,3.2001716693377500E+01,1.2000200817474500E+02,1.7302516992296800E+02
2.48250E+02,3.2001716693459800E+01,1.2000200923301400E+02,1.7302516385369700E+02
2.48260E+02,3.2001716693542100E+01,1.2000201029128300E+02,1.7302515778442600E+02
2.48270E+02,3.2001716693624400E+01,1.2000201134955200E+02,1.7302515171515500E+02
2.48280E+02,3.2001716693706700E+01,1.2000201240782100E+02,1.7302514564588500E+02
2.48290E+02,3.2001716693789000E+01,1.2000201346609000E+02,1.7302513957661400E+02
2.48300E+02,3.2001716693871300E+01,1.2000201452435900E+02,1.7302513350734300E+02
2.48310E+02,3.2001716693953600E+01,1.2000201558262700E+02,1.7302512743807200E+02
2.48320E+02,3.2001716694035900E+01,1.2000201664089600E+02,1.7302512136880100E+02
2.48330E+02,3.2001716694118200E+01,1.2000201769916500E+02,1.7302511529953100E+02
2.48340E+02,3.2001716694200500E+01,1.2000201875743400E+02,1.7302510923026000E+02
2.48350E+02,3.2001716694282800E+01,1.2000201981570300E+02,1.7302510316098900E+02
2.48360E+02,3.2001716694365100E+01,1.2000202087397200E+02,1.7302509709171800E+02
2.48370E+02,3.2001716694447400E+01,1.2000202193224100E+02,1.7302509102244700E+02
2.48380E+02,3.2001716694529700E+01,1.2000202299051000E+02,1.7302508495317600E+02
2.48390E+02,3.2001716694612000E+01,1.2000202404877900E+02,1.7302507888390600E+02
2.48400E+02,3.2001716694694300E+01,1.2000202510704800E+02,1.7302507281463500E+02
2.48410E+02,3.2001716694776600E+01,1.2000202616531600E+02,1.7302506674536400E+02
2.48420E+02,3.2001716694858900E+01,1.2000202722358500E+02,1.7302506067609300E+02
2.48430E+02,3.2001716694941200E+01,1.2000202828185400E+02,1.7302505460682200E+02
2.48440E+02,3.2001716695023500E+01,1.2000202934012300E+02,1.7302504853755100E+02
2.48450E+02,3.2001716695105800E+01,1.2000203039839200E+02,1.7302504246828100E+02
2.48460E+02,3.2001716695188100E+01,1.2000203145666100E+02,1.7302503639901000E+02
2.48470E+02,3.2001716695270400E+01,1.2000203251493000E+02,1.7302503032973900E+02
2.48480E+02,3.2001716695352700E+01,1.2000203357319900E+02,1.7302502426046800E+02
2.48490E+02,3.2001716695435000E+01,1.2000203463146800E+02,1.7302501819119700E+02
2.48500E+02,3.2001716695517300E+01,1.2000203568973600E+02,1.7302501212192700E+02
2.48510E+02,3.2001716695599600E+01,1.2000203674800500E+02,1.7302500605265600E+02
2.48520E+02,3.2001716695681900E+01,1.2000203780627400E+02,1.7302499998338500E+02
2.48530E+02,3.2001716695764200E+01,1.2000203886454300E+02,1.7302499391411400E+02
2.48540E+02,3.2001716695846500E+01,1.2000203992281200E+02,1.7302498784484300E+02
2.48550E+02,3.2001716695928800E+01,1.2000204098108100E+02,1.7302498177557200E+02
2.48560E+02,3.2001716696011100E+01,1.2000204203935000E+02,1.7302497570630200E+02
2.48570E+02,3.2001716696093400E+01,1.2000204309761900E+02,1.7302496963703100E+02
2.48580E+02,3.2001716696175600E+01,1.2000204415588800E+02,1.7302496356776000E+02
2.48590E+02,3.2001716696258000E+01,1.2000204521415600E+02,1.7302495749848900E+02
2.48600E+02,3.2001716696340200E+01,1.2000204627242500E+02,1.7302495142921800E+02
2.48610E+02,3.2001716696422500E+01,1.2000204733069400E+02,1.7302494535994700E+02
2.48620E+02,3.2001716696504800E+01,1.2000204838896300E+02,1.7302493929067700E+02
2.48630E+02,3.2001716696587100E+01,1.2000204944723200E+02,1.7302493322140600E+02
2.48640E+02,3.2001716696669400E+01,1.2000205050550100E+02,1.7302492715213500E+02
2.48650E+02,3.2001716696751700E+01,1.2000205156377000E+02,1.7302492108286400E+02
2.48660E+02,3.2001716696834000E+01,1.2000205262203900E+02,1.7302491501359300E+02
2.48670E+02,3.2001716696916300E+01,1.2000205368030800E+02,1.7302490894432300E+02
2.48680E+02,3.2001716696998600E+01,1.2000205473857600E+02,1.7302490287505200E+02
2.48690E+02,3.2001716697080900E+01,1.2000205579684500E+02,1.7302489680578100E+02
2.48700E+02,3.2001716697163200E+01,1.2000205685511400E+02,1.7302489073651000E+02
2.48710E+02,3.2001716697245500E+01,1.2000205791338300E+02,1.7302488466723900E+02
2.48720E+02,3.2001716697327800E+01,1.2000205897165200E+02,1.7302487859796800E+02
2.48730E+02,3.2001716697410100E+01,1.2000206002992100E+02,1.7302487252869800E+02
2.48740E+02,3.2001716697492400E+01,1.2000206108819000E+02,1.7302486645942700E+02
2.48750E+02,3.2001716697574700E+01,1.2000206214645900E+02,1.7302486039015600E+02
2.48760E+02,3.2001716697657000E+01,1.2000206320472800E+02,1.7302485432088500E+02
2.48770E+02,3.2001716697739300E+01,1.2000206426299700E+02,1.7302484825161400E+02
2.48780E+02,3.2001716697821600E+01,1.2000206532126500E+02,1.7302484218234300E+02
2.48790E+02,3.2001716697903900E+01,1.2000206637953400E+02,1.7302483611307300E+02
2.48800E+02,3.2001716697986200E+01,1.2000206743780300E+02,1.7302483004380200E+02
2.48810E+02,3.2001716698068500E+01,1.2000206849607200E+02,1.7302482397453100E+02
2.48820E+02,3.2001716698150800E+01,1.2000206955434100E+02,1.7302481790526000E+02
2.48830E+02,3.2001716698233100E+01,1.2000207061261000E+02,1.7302481183598900E+02
2.48840E+02,3.2001716698315400E+01,1.2000207167087900E+02,1.7302480576671800E+02
2.48850E+02,3.2001716698397700E+01,1.2000207272914800E+02,1.7302479969744800E+02
2.48860E+02,3.2001716698480000E+01,1.2000207378741700E+02,1.7302479362817700E+02
2.48870E+02,3.2001716698562300E+01,1.2000207484568500E+02,1.7302478755890600E+02
2.48880E+02,3.2001716698644600E+01,1.2000207590395400E+02,1.7302478148963500E+02
2.48890E+02,3.2001716698726900E+01,1.2000207696222300E+02,1.7302477542036400E+02
2.48900E+02,3.2001716698809200E+01,1.2000207802049200E+02,1.7302476935109400E+02
2.48910E+02,3.2001716698891500E+01,1.2000207907876100E+02,1.7302476328182300E+02
2.48920E+02,3.2001716698973800E+01,1.2000208013703000E+02,1.7302475721255200E+02
2.48930E+02,3.2001716699056100E+01,1.2000208119529900E+02,1.7302475114328100E+02
2.48940E+02,3.2001716699138400E+01,1.2000208225356800E+02,1.7302474507401000E+02
2.48950E+02,3.2001716699220700E+01,1.2000208331183700E+02,1.7302473900473900E+02
2.48960E+02,3.2001716699303000E+01,1.2000208437010500E+02,1.7302473293546900E+02
2.48970E+02,3.2001716699385300E+01,1.2000208542837400E+02,1.7302472686619800E+02
2.48980E+02,3.2001716699467600E+01,1.2000208648664300E+02,1.7302472079692700E+02
2.48990E+02,3.2001716699549900E+01,1.2000208754491200E+02,1.7302471472765600E+02
2.49000E+02,3.2001716699632200E+01,1.2000208860318100E+02,1.7302470865838500E+02
2.49010E+02,3.2001716699714400E+01,1.2000208966145000E+02,1.7302470258911400E+02
2.49020E+02,3.2001716699796800E+01,1.2000209071971900E+02,1.7302469651984400E+02
2.49030E+02,3.2001716699879100E+01,1.2000209177798800E+02,1.7302469045057300E+02
2.49040E+02,3.2001716699961300E+01,1.2000209283625700E+02,1.7302468438130200E+02
2.49050E+02,3.2001716700043600E+01,1.2000209389452500E+02,1.7302467831203100E+02
2.49060E+02,3.2001716700125900E+01,1.2000209495279400E+02,1.7302467224276000E+02
2.49070E+02,3.2001716700208200E+01,1.2000209601106300E+02,1.7302466617349000E+02
2.49080E+02,3.2001716700290500E+01,1.2000209706933200E+02,1.7302466010421900E+02
2.49090E+02,3.2001716700372800E+01,1.2000209812760100E+02,1.7302465403494800E+02
2.49100E+02,3.2001716700455100E+01,1.2000209918587000E+02,1.7302464796567700E+02
2.49110E+02,3.2001716700537400E+01,1.2000210024413900E+02,1.7302464189640600E+02
2.49120E+02,3.2001716700619700E+01,1.2000210130240800E+02,1.7302463582713500E+02
2.49130E+02,3.2001716700702000E+01,1.2000210236067700E+02,1.7302462975786500E+02
2.49140E+02,3.2001716700784300E+01,1.2000210341894600E+02,1.7302462368859400E+02
2.49150E+02,3.2001716700866600E+01,1.2000210447721400E+02,1.7302461761932300E+02
2.49160E+02,3.2001716700948900E+01,1.2000210553548300E+02,1.7302461155005200E+02
2.49170E+02,3.2001716701031200E+01,1.2000210659375200E+02,1.7302460548078100E+02
2.49180E+02,3.2001716701113500E+01,1.2000210765202100E+02,1.7302459941151000E+02
2.49190E+02,3.2001716701195800E+01,1.2000210871029000E+02,1.7302459334224000E+02
2.49200E+02,3.2001716701278100E+01,1.2000210976855900E+02,1.7302458727296900E+02
2.49210E+02,3.2001716701360400E+01,1.2000211082682800E+02,1.7302458120369800E+02
2.49220E+02,3.2001716701442700E+01,1.2000211188509700E+02,1.7302457513442700E+02
2.49230E+02,3.2001716701525000E+01,1.2000211294336600E+02,1.7302456906515600E+02
2.49240E+02,3.2001716701607300E+01,1.2000211400163400E+02,1.7302456299588600E+02
2.49250E+02,3.2001716701689600E+01,1.2000211505990300E+02,1.7302455692661500E+02
2.49260E+02,3.2001716701771900E+01,1.2000211611817200E+02,1.7302455085734400E+02
2.49270E+02,3.2001716701854200E+01,1.2000211717644100E+02,1.7302454478807300E+02
2.49280E+02,3.2001716701936500E+01,1.2000211823471000E+02,1.7302453871880200E+02
2.49290E+02,3.2001716702018800E+01,1.2000211929297900E+02,1.7302453264953100E+02
2.49300E+02,3.2001716702101100E+01,1.2000212035124800E+02,1.7302452658026100E+02
2.49310E+02,3.2001716702183400E+01,1.2000212140951700E+02,1.7302452051099000E+02
2.49320E+02,3.2001716702265700E+01,1.2000212246778600E+02,1.7302451444171900E+02
2.49330E+02,3.2001716702348000E+01,1.2000212352605400E+02,1.7302450837244800E+02
2.49340E+02,3.2001716702430300E+01,1.2000212458432300E+02,1.7302450230317700E+02
2.49350E+02,3.2001716702512600E+01,1.2000212564259200E+02,1.7302449623390600E+02
2.49360E+02,3.2001716702594900E+01,1.2000212670086100E+02,1.7302449016463600E+02
2.49370E+02,3.2001716702677200E+01,1.2000212775913000E+02,1.7302448409536500E+02
2.49380E+02,3.2001716702759500E+01,1.2000212881739900E+02,1.7302447802609400E+02
2.49390E+02,3.2001716702841800E+01,1.2000212987566800E+02,1.7302447195682300E+02
2.49400E+02,3.2001716702924100E+01,1.2000213093393700E+02,1.7302446588755200E+02
2.49410E+02,3.2001716703006400E+01,1.2000213199220600E+02,1.7302445981828100E+02
2.49420E+02,3.2001716703088700E+01,1.2000213305047400E+02,1.7302445374901100E+02
2.49430E+02,3.2001716703171000E+01,1.2000213410874300E+02,1.7302444767974000E+02
2.49440E+02,3.2001716703253300E+01,1.2000213516701200E+02,1.7302444161046900E+02
2.49450E+02,3.2001716703335600E+01,1.2000213622528100E+02,1.7302443554119800E+02
2.49460E+02,3.2001716703417900E+01,1.2000213728355000E+02,1.7302442947192700E+02
2.49470E+02,3.2001716703500200E+01,1.2000213834181900E+02,1.7302442340265700E+02
2.49480E+02,3.2001716703582500E+01,1.2000213940008800E+02,1.7302441733338600E+02
2.49490E+02,3.2001716703664800E+01,1.2000214045835700E+02,1.7302441126411500E+02
2.49500E+02,3.2001716703747000E+01,1.2000214151662600E+02,1.7302440519484400E+02
2.49510E+02,3.2001716703829300E+01,1.2000214257489500E+02,1.7302439912557300E+02
2.49520E+02,3.2001716703911600E+01,1.2000214363316300E+02,1.7302439305630200E+02
2.49530E+02,3.2001716703993900E+01,1.2000214469143200E+02,1.7302438698703200E+02
2.49540E+02,3.2001716704076200E+01,1.2000214574970100E+02,1.7302438091776100E+02
2.49550E+02,3.2001716704158500E+01,1.2000214680797000E+02,1.7302437484849000E+02
2.49560E+02,3.2001716704240800E+01,1.2000214786623900E+02,1.7302436877921900E+02
2.49570E+02,3.2001716704323100E+01,1.2000214892450800E+02,1.7302436270994800E+02
2.49580E+02,3.2001716704405400E+01,1.2000214998277700E+02,1.7302435664067700E+02
2.49590E+02,3.2001716704487700E+01,1.2000215104104600E+02,1.7302435057140700E+02
2.49600E+02,3.2001716704570000E+01,1.2000215209931500E+02,1.7302434450213600E+02
2.49610E+02,3.2001716704652300E+01,1.2000215315758300E+02,1.7302433843286500E+02
2.49620E+02,3.2001716704734600E+01,1.2000215421585200E+02,1.7302433236359400E+02
2.49630E+02,3.2001716704816900E+01,1.2000215527412100E+02,1.7302432629432300E+02
2.49640E+02,3.2001716704899200E+01,1.2000215633239000E+02,1.7302432022505300E+02
2.49650E+02,3.2001716704981500E+01,1.2000215739065900E+02,1.7302431415578200E+02
2.49660E+02,3.2001716705063800E+01,1.2000215844892800E+02,1.7302430808651100E+02
2.49670E+02,3.2001716705146100E+01,1.2000215950719700E+02,1.7302430201724000E+02
2.49680E+02,3.2001716705228400E+01,1.2000216056546600E+02,1.7302429594796900E+02
2.49690E+02,3.2001716705310700E+01,1.2000216162373500E+02,1.7302428987869800E+02
2.49700E+02,3.2001716705393000E+01,1.2000216268200300E+02,1.7302428380942800E+02
2.49710E+02,3.2001716705475300E+01,1.2000216374027200E+02,1.7302427774015700E+02
2.49720E+02,3.2001716705557600E+01,1.2000216479854100E+02,1.7302427167088600E+02
2.49730E+02,3.2001716705639900E+01,1.2000216585681000E+02,1.7302426560161500E+02
2.49740E+02,3.2001716705722200E+01,1.2000216691507900E+02,1.7302425953234400E+02
2.49750E+02,3.2001716705804500E+01,1.2000216797334800E+02,1.7302425346307300E+02
2.49760E+02,3.2001716705886800E+01,1.2000216903161700E+02,1.7302424739380300E+02
2.49770E+02,3.2001716705969100E+01,1.2000217008988600E+02,1.7302424132453200E+02
2.49780E+02,3.2001716706051400E+01,1.2000217114815500E+02,1.7302423525526100E+02
2.49790E+02,3.2001716706133700E+01,1.2000217220642300E+02,1.7302422918599000E+02
2.49800E+02,3.2001716706216000E+01,1.2000217326469200E+02,1.7302422311671900E+02
2.49810E+02,3.2001716706298300E+01,1.2000217432296100E+02,1.7302421704744900E+02
2.49820E+02,3.2001716706380600E+01,1.2000217538123000E+02,1.7302421097817800E+02
2.49830E+02,3.2001716706462900E+01,1.2000217643949900E+02,1.7302420490890700E+02
2.49840E+02,3.2001716706545200E+01,1.2000217749776800E+02,1.7302419883963600E+02
2.49850E+02,3.2001716706627500E+01,1.2000217855603700E+02,1.7302419277036500E+02
2.49860E+02,3.2001716706709800E+01,1.2000217961430600E+02,1.7302418670109400E+02
2.49870E+02,3.2001716706792100E+01,1.2000218067257500E+02,1.7302418063182400E+02
2.49880E+02,3.2001716706874400E+01,1.2000218173084400E+02,1.7302417456255300E+02
2.49890E+02,3.2001716706956700E+01,1.2000218278911200E+02,1.7302416849328200E+02
2.49900E+02,3.2001716707039000E+01,1.2000218384738100E+02,1.7302416242401100E+02
2.49910E+02,3.2001716707121300E+01,1.2000218490565000E+02,1.7302415635474000E+02
2.49920E+02,3.2001716707203600E+01,1.2000218596391900E+02,1.7302415028546900E+02
2.49930E+02,3.2001716707285900E+01,1.2000218702218800E+02,1.7302414421619900E+02
2.49940E+02,3.2001716707368200E+01,1.2000218808045700E+02,1.7302413814692800E+02
2.49950E+02,3.2001716707450500E+01,1.2000218913872600E+02,1.7302413207765700E+02
2.49960E+02,3.2001716707532800E+01,1.2000219019699500E+02,1.7302412600838600E+02